case_id,tp,fp,fn,tn,n_pixels,gt_area,pred_area,gt_area_frac,dice,iou,precision,recall,fpr,hd95,assd,pred_empty,gt_empty,model,cohort
case_00001,38670,610,253,651667,691200,38923,39280,0.05631221064814815,0.9889646177256627,0.9781701363417904,0.9844704684317719,0.9934999871541248,0.0009351855116767876,2.8284271247461903,1.1130304798824509,False,False,nnUNet,train
case_00002,33538,554,436,656672,691200,33974,34092,0.049152199074074074,0.985455293391708,0.9713276181649676,0.9837498533380266,0.9871666568552423,0.0008429368284273599,4.0,1.224640863780314,False,False,nnUNet,train
case_00003,9080,209,273,542088,551650,9353,9289,0.01695459077313514,0.9741444051067482,0.9495921355364987,0.9775002691355367,0.9708115043301615,0.0003853976695427045,3.605551275463989,1.2798580475565302,False,False,nnUNet,train
case_00004,62969,1258,932,1440281,1505440,63901,64227,0.04244672653842066,0.9829077172827173,0.9663899077640847,0.9804132218537375,0.9854149387333532,0.0008726784360326013,5.0,1.874618453890892,False,False,nnUNet,train
case_00005,27647,436,372,662745,691200,28019,28083,0.040536747685185184,0.9855976614024455,0.9716042874714461,0.9844745931702453,0.9867232949070274,0.0006574374115060595,2.9313708498984603,0.950468787336551,False,False,nnUNet,train
case_00006,25471,562,492,664675,691200,25963,26033,0.037562210648148145,0.9797292099392261,0.9602639019792648,0.9784120155187647,0.9810499557061972,0.0008448116986878361,4.123105625617661,1.537117886449314,False,False,nnUNet,train
case_00007,26349,404,594,663853,691200,26943,26753,0.03898003472222222,0.9814138855780691,0.9635060518521227,0.9848988898441297,0.9779534572987418,0.0006081983328741737,3.605551275463989,1.3638803256106755,False,False,nnUNet,train
case_00008,121034,2041,1047,1381318,1505440,122081,123075,0.0810932352003401,0.9874039387165723,0.9751212516717424,0.9834166158846231,0.9914237268698651,0.001475394311960959,5.385164807134504,1.943323328140182,False,False,nnUNet,train
case_00009,4774,177,139,546560,551650,4913,4951,0.008906009244992295,0.9679643146796432,0.9379174852652259,0.9642496465360533,0.9717077142275595,0.0003237388360399973,3.0,1.1656789939323753,False,False,nnUNet,train
case_00010,36538,419,557,653686,691200,37095,36957,0.05366753472222222,0.9868200723815697,0.9739830463293704,0.9886624996617691,0.9849844992586602,0.0006405699390770595,3.605551275463989,1.238489065770776,False,False,nnUNet,train
case_00011,11654,371,230,678945,691200,11884,12025,0.017193287037037038,0.9748630222928605,0.9509587923296614,0.9691476091476091,0.9806462470548637,0.0005461375854536034,3.605551275463989,1.3174219179984328,False,False,nnUNet,train
case_00012,61031,621,618,1190970,1253240,61649,61652,0.0491916951262328,0.989951419696515,0.9801027782238638,0.9899273340686433,0.9899755064964557,0.0005211519724469218,3.605551275463989,1.2204579773865958,False,False,nnUNet,train
case_00013,40268,824,409,1463939,1505440,40677,41092,0.02702000743968541,0.9849209358069684,0.970289872533192,0.979947435023849,0.989945177864641,0.0005625483439983123,4.123105625617661,1.311472088921043,False,False,nnUNet,train
case_00014,9584,176,204,1243276,1253240,9788,9760,0.007810156075452428,0.980560671168406,0.9618627057406663,0.9819672131147541,0.9791581528402125,0.000141541450735533,2.0,0.8373231183980218,False,False,nnUNet,train
case_00015,23086,380,431,527753,551650,23517,23466,0.04263029094534578,0.9827384373071111,0.9660626856927648,0.9838063581351743,0.9816728324191011,0.0007195157280457763,2.8284271247461903,1.1815435535736014,False,False,nnUNet,train
case_00016,35514,722,348,654616,691200,35862,36236,0.051883680555555554,0.9851590890177259,0.9707522414170129,0.9800750634727895,0.9902961351848754,0.0011017215543734683,3.1622776601683795,1.1149551267322173,False,False,nnUNet,train
case_00017,19563,558,219,531310,551650,19782,20121,0.03585969364633373,0.9805277798661755,0.9617994100294985,0.9722677799314149,0.9889293296936609,0.0010491324915204525,4.2008034155937,1.2070908793847084,False,False,nnUNet,train
case_00018,38113,400,397,652290,691200,38510,38513,0.05571469907407407,0.9896524414785194,0.9795168337188384,0.9896138966063407,0.9896909893534147,0.0006128483659930442,2.8284271247461903,1.0090766334776982,False,False,nnUNet,train
case_00019,117032,1271,925,1134012,1253240,117957,118303,0.09412163671762791,0.9907051553373403,0.9815815076995337,0.9892564009365781,0.9921581593292471,0.0011195446421729208,4.123105625617661,1.6164509935703424,False,False,nnUNet,train
case_00020,31010,752,532,658906,691200,31542,31762,0.045633680555555556,0.9797169215215468,0.9602402923143618,0.9763239090737359,0.9831335996449179,0.0011399846587170927,4.123105625617661,1.5316900508571776,False,False,nnUNet,train
case_00021,14533,296,437,675934,691200,14970,14829,0.02165798611111111,0.9754018591227893,0.9519848028298179,0.9800391125497336,0.970808283233133,0.00043772089377874394,4.104639781775,1.4087625335816825,False,False,nnUNet,train
case_00022,19611,598,483,670508,691200,20094,20209,0.029071180555555555,0.9731781753219363,0.9477575874734196,0.9704092236132417,0.9759629740220962,0.000891066388916207,4.0,1.6904841923716227,False,False,nnUNet,train
case_00023,7100,219,204,544127,551650,7304,7319,0.013240279162512462,0.9710729672433837,0.9437724312109531,0.9700778794917339,0.9720700985761227,0.0004023176435575902,3.0,1.136643521929245,False,False,nnUNet,train
case_00024,42487,239,378,1462336,1505440,42865,42726,0.02847340312466787,0.9927912981505065,0.9856857832219748,0.9944062163553808,0.9911816167036044,0.00016341042339709075,2.0,0.810527230425366,False,False,nnUNet,train
case_00025,11469,226,398,539557,551650,11867,11695,0.021511828151907914,0.9735166793990323,0.9483999007690399,0.9806755023514322,0.9664616162467347,0.00041868676857181495,3.0,1.0231914965595068,False,False,nnUNet,train
case_00026,35058,443,897,1469042,1505440,35955,35501,0.02388338293123605,0.9812472010747872,0.9631847903730975,0.9875214782682178,0.975052148518982,0.00030146615991316687,4.47213595499958,1.3182115679530482,False,False,nnUNet,train
case_00027,21049,582,394,1483415,1505440,21443,21631,0.01424367626740355,0.9773413195895436,0.9556867196367764,0.9730941704035875,0.981625705358392,0.00039218408123466554,3.0,1.1440536078421368,False,False,nnUNet,train
case_00028,100454,2307,1172,912239,1016172,101626,102761,0.10000865995126809,0.9829783694657683,0.9665265122723293,0.9775498486780004,0.9884675181548029,0.002522563107815244,6.082762530298219,1.998364510127936,False,False,nnUNet,train
case_00029,35456,777,816,979123,1016172,36272,36233,0.03569474459048271,0.9780291014412799,0.9570028880671543,0.9785554604918169,0.9775033083370093,0.0007929380549035616,5.830951894845301,1.8086138646156193,False,False,nnUNet,train
case_00030,25236,320,263,1227421,1253240,25499,25556,0.020346461970572275,0.9885809421212418,0.9774197296564545,0.9874784786351541,0.989685870034119,0.0002606412916079206,2.23606797749979,0.827256884586495,False,False,nnUNet,train
case_00031,15526,197,106,1237411,1253240,15632,15723,0.01247326928601066,0.9903364694626057,0.9808579190094131,0.9874705844940533,0.9932190378710338,0.0001591780272913556,2.0,0.6334255184637206,False,False,nnUNet,train
case_00032,30891,469,910,1473170,1505440,31801,31360,0.021124056754171536,0.9781669067937493,0.9572668112798265,0.9850446428571429,0.9713845476557341,0.0003182597637548952,7.0166382299605266,1.9874664900170314,False,False,nnUNet,train
case_00033,30638,622,608,984304,1016172,31246,31260,0.0307487315139563,0.9803218890986465,0.961403288565332,0.9801023672424825,0.9805415093131921,0.0006315195253247452,4.0,1.5061874635007422,False,False,nnUNet,train
case_00034,30408,576,764,1473692,1505440,31172,30984,0.020706238707620363,0.9784413411416436,0.9577926168577549,0.981409759876065,0.9754908250994482,0.0003907023689044326,5.0,1.829854991229912,False,False,nnUNet,train
case_00035,22630,226,215,668129,691200,22845,22856,0.033051215277777775,0.9903503205619133,0.9808850938407525,0.99011200560028,0.9905887502735828,0.0003381436512033276,2.23606797749979,0.7590916095042408,False,False,nnUNet,train
case_00036,8712,231,166,1244131,1253240,8878,8943,0.007084038173055441,0.9777229111722125,0.9564167307058953,0.974169741697417,0.9813020950664564,0.0001856372984710237,2.8284271247461903,1.0153706209387356,False,False,nnUNet,train
case_00037,82092,1232,1209,1420907,1505440,83301,83324,0.05533332447656499,0.985350337584396,0.9711237031691765,0.9852143440065287,0.9854863687110599,0.0008663006921264377,5.0,1.8449389240100729,False,False,nnUNet,train
case_00038,197208,2403,1226,1304603,1505440,198434,199611,0.1318112976936975,0.9908829403710636,0.9819306203538193,0.9879615852833762,0.9938216233105214,0.0018385531512479668,5.830951894845301,1.9684748356292106,False,False,nnUNet,train
case_00039,90440,1206,1305,1412489,1505440,91745,91646,0.06094231586778616,0.9863079431378857,0.9729857666942798,0.9868406695327674,0.9857757915962723,0.0008530835859219988,6.179479646313657,2.028058292493067,False,False,nnUNet,train
case_00040,85235,752,1155,1418298,1505440,86390,85987,0.05738521628228292,0.9889370391641576,0.9781161781919167,0.9912544919580867,0.9866303970366941,0.0005299319967583947,4.123105625617661,1.562005307656036,False,False,nnUNet,train
case_00041,77030,824,732,1174654,1253240,77762,77854,0.06204876958922473,0.9900010281719104,0.9802000356297559,0.9894160865209238,0.9905866618656928,0.0007009914264665098,4.0,1.3365818856283673,False,False,nnUNet,train
case_00042,61839,1834,1582,1440185,1505440,63421,63673,0.04212788287809544,0.9731222559680237,0.9476515209562486,0.9711965825389097,0.9750555809589884,0.001271827902406279,8.54400374531753,2.8787735356713817,False,False,nnUNet,train
case_00043,40417,555,526,1463942,1505440,40943,40972,0.027196699968115634,0.9868033937618262,0.9739505518338233,0.9864541638191936,0.9871528710646509,0.00037896970768803214,3.605551275463989,1.2327251575780196,False,False,nnUNet,train
case_00044,161296,1781,941,1341422,1505440,162237,163077,0.1077671644170475,0.9916326994841906,0.983404260507993,0.9890787787364251,0.9941998434389197,0.0013259350969287592,5.0,1.7289367628032555,False,False,nnUNet,train
case_00045,83474,1935,548,1210401,1296358,84022,85409,0.06481388628758414,0.9853450667233269,0.9711134637085985,0.9773443079769111,0.9934778986455928,0.0015960921724670388,6.4031242374328485,2.070678412418695,False,False,nnUNet,train
case_00046,46319,1294,698,1457129,1505440,47017,47613,0.03123140078648103,0.9789495931522773,0.9587671544782762,0.9728225484636549,0.9851543058893591,0.0008872597319159119,6.1673900068116865,1.9385665201169897,False,False,nnUNet,train
case_00047,13694,344,636,1490766,1505440,14330,14038,0.009518811775959188,0.965454032712916,0.9332152105765299,0.9754950847699102,0.9556175854849965,0.00023070061900195155,4.242640687119285,1.8420881396055473,False,False,nnUNet,train
case_00048,81099,1228,1073,1422040,1505440,82172,82327,0.05458337761717504,0.9860120730217204,0.972410071942446,0.9850838728485187,0.9869420240471207,0.0008628030701175042,4.47213595499958,1.8407497385036575,False,False,nnUNet,train
case_00049,65118,948,771,1438603,1505440,65889,66066,0.043767270698267614,0.9869728316471524,0.9742807127788501,0.9856507129234402,0.9882985020261349,0.0006585386693489845,3.605551275463989,1.282223160534449,False,False,nnUNet,train
case_00050,25876,488,224,1478852,1505440,26100,26364,0.017337124030183868,0.9864287892650199,0.9732210019557695,0.9814899104839934,0.9914176245210728,0.000329876836967837,3.1622776601683795,1.0770868394379096,False,False,nnUNet,train
case_00051,67899,1435,977,1435129,1505440,68876,69334,0.04575140822616643,0.982548296071196,0.9656952681657208,0.9793030836241959,0.9858150879842035,0.0009989112911085061,5.0,1.9156778440248852,False,False,nnUNet,train
case_00052,10430,262,272,1494476,1505440,10702,10692,0.007108885110001063,0.9750397307656352,0.9512951477562933,0.9754956977179199,0.9745841898710521,0.0001752815543593593,3.605551275463989,1.156841034198342,False,False,nnUNet,train
case_00053,75819,1076,3278,1425267,1505440,79097,76895,0.0525407854182166,0.9720883122211396,0.9456924400982875,0.9860068925157682,0.9585572145593385,0.0007543767522959064,19.97745765355137,3.7616499315089102,False,False,nnUNet,train
case_00054,71322,996,1690,1431432,1505440,73012,72318,0.048498777765968754,0.9815179247230441,0.9637066263106692,0.9862274952294035,0.9768531200350627,0.0006953229062822006,6.324555320336759,2.208250752644018,False,False,nnUNet,train
case_00055,77838,1190,749,1425663,1505440,78587,79028,0.05220201402912106,0.987697871395489,0.9756947491131529,0.9849420458571645,0.9904691615661624,0.0008340032224763167,4.242640687119285,1.5697455944631908,False,False,nnUNet,train
case_00056,90825,876,790,1160749,1253240,91615,91701,0.07310251827263732,0.9909118680311593,0.9819874366154545,0.9904472143160925,0.9913769579217377,0.0007541160012912945,3.1622776601683795,1.2775836450087201,False,False,nnUNet,train
case_00057,94034,849,943,1409614,1505440,94977,94883,0.06308919651397599,0.9905614663436216,0.9812994385657338,0.9910521378961458,0.9900712804152584,0.000601930004544607,4.0,1.4680645187625847,False,False,nnUNet,train
case_00058,171915,809,797,1079719,1253240,172712,172724,0.13781239028438289,0.9953508030431107,0.9907446360959192,0.9953162270443019,0.995385381444254,0.0007487080390327692,2.23606797749979,0.9330090733847664,False,False,nnUNet,train
case_00059,14140,197,149,1490954,1505440,14289,14337,0.009491577213306408,0.987913086005729,0.9761148695292006,0.9862593290088582,0.9895723983483798,0.00013211271024866027,2.0,0.7483594178326552,False,False,nnUNet,train
case_00060,67078,453,1423,1436486,1505440,68501,67531,0.04550231161653736,0.9862091272641731,0.9727934565072367,0.993291969613955,0.9792265806338594,0.00031525346587433427,5.385164807134504,1.5775101358130763,False,False,nnUNet,train
case_00061,23118,774,599,1480949,1505440,23717,23892,0.01575419810819428,0.9711609149530551,0.9439385896860071,0.9676042189854345,0.9747438546190497,0.0005223648414717191,5.830951894845301,1.9165070003778315,False,False,nnUNet,train
case_00062,137848,1992,1988,1363612,1505440,139836,139840,0.09288712934424487,0.9857692472718431,0.9719378402008066,0.9857551487414188,0.9857833462055551,0.001458695200072642,6.0,2.0930388022526856,False,False,nnUNet,train
case_00063,69358,1099,732,1434251,1505440,70090,70457,0.046557816983738974,0.9869723295410077,0.9742797342286027,0.9844018337425664,0.9895562847767156,0.0007656669105096318,3.605551275463989,1.388523215144167,False,False,nnUNet,train
case_00064,9680,358,313,1242889,1253240,9993,10038,0.007973732086431968,0.9665019220208677,0.9351753453772582,0.9643355250049811,0.9686780746522565,0.0002879556516122701,4.0,1.1896817145895955,False,False,nnUNet,train
case_00065,35582,897,677,1468284,1505440,36259,36479,0.024085317249442025,0.9783606917979598,0.9576380665303047,0.9754105101565285,0.9813287735458782,0.0006105442419960509,3.1622776601683795,1.3426236980030692,False,False,nnUNet,train
case_00066,53852,883,612,1450093,1505440,54464,54735,0.03617812732490169,0.9863093984377146,0.972988599201402,0.9838677263177126,0.9887632197414806,0.0006085558961691992,4.0,1.4820004010958296,False,False,nnUNet,train
case_00067,81092,1457,2885,1420006,1505440,83977,82549,0.05578236263152301,0.9739259935385466,0.9491771425896013,0.9823498770427261,0.9656453552758494,0.001025000298987733,8.246211251235321,2.6994711053798888,False,False,nnUNet,train
case_00068,23472,548,428,1480992,1505440,23900,24020,0.015875757253693272,0.9796327212020033,0.9600785340314136,0.9771856786011657,0.982092050209205,0.00036988538952711366,3.605551275463989,1.4600326983626273,False,False,nnUNet,train
case_00069,103954,1006,3405,1397075,1505440,107359,104960,0.07131403443511532,0.9792246572374588,0.9592949753149079,0.9904153963414634,0.9682839817807543,0.0007195577366404379,8.94427190999916,2.8744853243572392,False,False,nnUNet,train
case_00070,14500,341,489,1490110,1505440,14989,14841,0.009956557551280689,0.9721756620851492,0.9458577951728636,0.9770231116501583,0.9673760757889118,0.0002287898092590766,3.605551275463989,1.5260113686065238,False,False,nnUNet,train
case_00071,17200,477,520,1487243,1505440,17720,17677,0.011770645127006058,0.97183377122355,0.9452107490245645,0.9730157832211348,0.9706546275395034,0.0003206248487618638,5.0,1.7052258317136952,False,False,nnUNet,train
case_00072,14094,347,577,1490422,1505440,14671,14441,0.00974532362631523,0.9682605111294311,0.9384738314023172,0.9759711931306696,0.9606707109263172,0.00023276577390595057,4.0,1.9038516870109725,False,False,nnUNet,train
case_00073,15009,280,263,1489888,1505440,15272,15289,0.010144542459347433,0.9822322567978796,0.9650848765432098,0.9816861796062528,0.982778941854374,0.0001878982772412238,4.0,1.176225722571869,False,False,nnUNet,train
case_00074,45742,624,603,1458471,1505440,46345,46366,0.03078501966202572,0.9867653245030256,0.9738763865528327,0.9865418625717121,0.9869888876901499,0.0004276623523485448,3.605551275463989,1.2252034450629885,False,False,nnUNet,train
case_00075,35359,375,480,1469226,1505440,35839,35734,0.023806329046657457,0.9880541544996018,0.9763903462749213,0.989505792802373,0.986606769162086,0.0002551713015981889,3.0,1.127148582298001,False,False,nnUNet,train
case_00076,75222,1188,1102,1427928,1505440,76324,76410,0.050698799022212776,0.9850066128039598,0.9704561874290433,0.984452296819788,0.9855615533777056,0.000831283114876609,4.123105625617661,1.5438200587511068,False,False,nnUNet,train
case_00077,44265,449,489,1208037,1253240,44754,44714,0.035710638026235995,0.9895158045334644,0.9792491648784373,0.9899584022901105,0.9890736023595657,0.000371539264832195,2.8284271247461903,0.8943821228261437,False,False,nnUNet,train
case_00078,98995,1134,755,1404556,1505440,99750,100129,0.0662596981613349,0.9905492823158011,0.9812755243646167,0.9886746097534181,0.9924310776942356,0.0008067212543306135,4.47213595499958,1.410236274016453,False,False,nnUNet,train
case_00079,90825,876,790,1160749,1253240,91615,91701,0.07310251827263732,0.9909118680311593,0.9819874366154545,0.9904472143160925,0.9913769579217377,0.0007541160012912945,3.1622776601683795,1.2775836450087201,False,False,nnUNet,train
case_00080,171915,809,797,1079719,1253240,172712,172724,0.13781239028438289,0.9953508030431107,0.9907446360959192,0.9953162270443019,0.995385381444254,0.0007487080390327692,2.23606797749979,0.9330090733847664,False,False,nnUNet,train
case_00081,29852,825,1232,1473531,1505440,31084,30677,0.02064778403656074,0.9666941921277181,0.9355354288758657,0.9731068878964697,0.9603654613305881,0.0005595663462555855,6.4031242374328485,2.488612253871612,False,False,nnUNet,train
case_00082,25250,408,755,1479027,1505440,26005,25658,0.0172740195557445,0.9774887250062908,0.9559686518002499,0.9840985267752748,0.970967121707364,0.0002757809569193645,4.47213595499958,1.6433209153116548,False,False,nnUNet,train
case_00083,30691,659,928,1220962,1253240,31619,31350,0.025229804347132234,0.9747971223935588,0.9508333849680897,0.9789792663476874,0.970650558208672,0.0005394471771523247,10.737327303733117,3.0845200510232424,False,False,nnUNet,train
case_00084,74173,862,1320,1429085,1505440,75493,75035,0.05014680093527474,0.9855043579931972,0.9714229585488835,0.9885120277203971,0.9825149351595512,0.0006028195450600616,6.0,1.7876357097758335,False,False,nnUNet,train
case_00085,23472,548,428,1480992,1505440,23900,24020,0.015875757253693272,0.9796327212020033,0.9600785340314136,0.9771856786011657,0.982092050209205,0.00036988538952711366,3.605551275463989,1.4600326983626273,False,False,nnUNet,train
case_00086,14296,675,209,1490260,1505440,14505,14971,0.009635056860452757,0.9700094992536301,0.9417654808959157,0.9549128314741834,0.985591175456739,0.00045273603477012745,5.0,1.402596881980155,False,False,nnUNet,train
case_00087,35089,463,306,1217382,1253240,35395,35552,0.028242794676199293,0.9891609229424781,0.9785542975068325,0.9869768226822683,0.9913547111173895,0.00038017974372765007,3.0,1.9949905636897236,False,False,nnUNet,train
case_00088,14500,341,489,1490110,1505440,14989,14841,0.009956557551280689,0.9721756620851492,0.9458577951728636,0.9770231116501583,0.9673760757889118,0.0002287898092590766,3.605551275463989,1.5260113686065238,False,False,nnUNet,train
case_00089,29010,608,502,1475320,1505440,29512,29618,0.01960357104899564,0.9812278031456113,0.9631474103585658,0.9794719427375245,0.982989970181621,0.0004119442140809037,4.242640687119285,1.5384620641519897,False,False,nnUNet,train
case_00090,60978,517,732,1443213,1505440,61710,61495,0.040991338080561164,0.9898624244145936,0.9799283269320391,0.9915928124237743,0.9881380651434127,0.0003581001987906326,4.0,1.248262378078213,False,False,nnUNet,train
case_00091,45742,624,603,1458471,1505440,46345,46366,0.03078501966202572,0.9867653245030256,0.9738763865528327,0.9865418625717121,0.9869888876901499,0.0004276623523485448,3.605551275463989,1.2252034450629885,False,False,nnUNet,train
case_00092,90783,799,958,1412900,1505440,91741,91582,0.06093965883728345,0.990415823437321,0.9810136157337368,0.9912755781703828,0.9895575587796078,0.0005651839606592351,3.1622776601683795,1.2690856832608206,False,False,nnUNet,train
case_00093,75222,1188,1102,1427928,1505440,76324,76410,0.050698799022212776,0.9850066128039598,0.9704561874290433,0.984452296819788,0.9855615533777056,0.000831283114876609,4.123105625617661,1.5438200587511068,False,False,nnUNet,train
case_00094,38916,516,1037,1464971,1505440,39953,39432,0.026539084918694868,0.9804371102853184,0.9616249474906718,0.9869141813755326,0.974044502290191,0.0003521013833626637,5.656854249492381,1.649913855446335,False,False,nnUNet,train
case_00095,98995,1134,755,1404556,1505440,99750,100129,0.0662596981613349,0.9905492823158011,0.9812755243646167,0.9886746097534181,0.9924310776942356,0.0008067212543306135,4.47213595499958,1.410236274016453,False,False,nnUNet,train
case_00096,21391,448,1121,1482480,1505440,22512,21839,0.014953767669252844,0.9646231201100314,0.9316637630662021,0.9794862402124639,0.9502043354655295,0.00030210502465392793,7.249056587021872,2.6364485230457633,False,False,nnUNet,train
case_00097,74173,862,1320,1429085,1505440,75493,75035,0.05014680093527474,0.9855043579931972,0.9714229585488835,0.9885120277203971,0.9825149351595512,0.0006028195450600616,6.0,1.7876357097758335,False,False,nnUNet,train
case_00098,14296,675,209,1490260,1505440,14505,14971,0.009635056860452757,0.9700094992536301,0.9417654808959157,0.9549128314741834,0.985591175456739,0.00045273603477012745,5.0,1.402596881980155,False,False,nnUNet,train
case_00099,9535,464,278,1495163,1505440,9813,9999,0.006518360080773727,0.9625479507369271,0.9277999416172035,0.9535953595359536,0.971670233363905,0.0003102377798742601,6.60142603922608,1.71381564036373,False,False,nnUNet,train
case_00100,63045,461,407,1441527,1505440,63452,63506,0.04214847486449144,0.9931630933064478,0.9864190383802982,0.992740843384877,0.9935857025783269,0.0003196975286895591,2.8284271247461903,2.0733914908114923,False,False,nnUNet,train
case_00101,54857,522,589,1449472,1505440,55446,55379,0.03683042831331704,0.9899751861042183,0.9801493710691824,0.9905740443128261,0.989377051545648,0.00036000148966133653,3.0,1.0936526438168754,False,False,nnUNet,train
case_00102,60978,517,732,1443213,1505440,61710,61495,0.040991338080561164,0.9898624244145936,0.9799283269320391,0.9915928124237743,0.9881380651434127,0.0003581001987906326,4.0,1.248262378078213,False,False,nnUNet,train
case_00103,17934,354,188,1486964,1505440,18122,18288,0.012037676692528431,0.9851139796759132,0.9706646460272786,0.9806430446194225,0.9896258691093698,0.00023801231478406097,2.0,0.9470854538682247,False,False,nnUNet,train
case_00104,33610,564,513,1470753,1505440,34123,34174,0.022666462960994792,0.98423063970599,0.9689509037968115,0.9834962252004448,0.9849661518623802,0.0003833300369668807,3.605551275463989,1.3378557016296762,False,False,nnUNet,train
case_00105,71879,1267,1404,1430890,1505440,73283,73146,0.048678791582527366,0.981759077778309,0.9641716968477532,0.9826784786591202,0.9808413956852203,0.0008846795428154874,5.385164807134504,1.9420152179999604,False,False,nnUNet,train
case_00106,65390,720,720,1438610,1505440,66110,66110,0.043914071633542356,0.9891090606564816,0.9784527906628759,0.9891090606564816,0.9891090606564816,0.00050023274718098,3.605551275463989,1.1541834626622633,False,False,nnUNet,train
case_00107,37053,803,582,1467002,1505440,37635,37856,0.024999335742374323,0.9816534421321746,0.9639679483844112,0.9787880388841927,0.9845356715823037,0.0005470753948923733,4.47213595499958,1.8573948946383472,False,False,nnUNet,train
case_00108,10225,94,302,1494819,1505440,10527,10319,0.0069926400255074924,0.9810035498416962,0.9627153752000753,0.9908905901734664,0.9713118647287926,6.287991341302136e-05,3.0,0.8810993096299836,False,False,nnUNet,train
case_00109,17152,571,427,1487290,1505440,17579,17723,0.011676984801785525,0.9717296470454931,0.9450137741046832,0.9677819782203916,0.9757096535639115,0.00038377240884733186,3.605551275463989,1.4882806060623104,False,False,nnUNet,train
case_00110,47191,597,1583,1456069,1505440,48774,47788,0.03239850143479647,0.9774238313208095,0.9558445241133459,0.9875073240143969,0.967544183376389,0.00040984000450343454,390.8470288367436,25.942875461043844,False,False,nnUNet,train
case_00111,11164,931,330,1493015,1505440,11494,12095,0.007634977149537677,0.946542880156005,0.8985110663983903,0.9230260438197603,0.971289368366104,0.0006231818285266,6.0,2.5899685562093815,False,False,nnUNet,train
case_00112,57141,1574,1124,1445601,1505440,58265,58715,0.03870297056010203,0.9769362284151137,0.95491234813416,0.9731925402367367,0.9807088303441174,0.001087636256845233,4.0,1.558193508241158,False,False,nnUNet,train
case_00113,53159,1089,1093,1450099,1505440,54252,54248,0.03603730470825805,0.979889400921659,0.9605717280135885,0.9799255272083763,0.9798532772985328,0.0007504196561713575,4.123105625617661,1.5300028347415409,False,False,nnUNet,train
case_00114,36221,708,418,1468093,1505440,36639,36929,0.02433773514719949,0.9846944323618965,0.9698503226497442,0.9808280754962225,0.9885913916864544,0.0004820258156142323,5.0,1.170043757503133,False,False,nnUNet,train
case_00115,16296,642,368,1488134,1505440,16664,16938,0.011069189074290572,0.9699422653413488,0.9416387380099388,0.9620970598653914,0.9779164666346616,0.0004312267258472732,3.1622776601683795,1.368284744324784,False,False,nnUNet,train
case_00116,33940,579,508,1470413,1505440,34448,34519,0.022882346689339993,0.9842388388649644,0.9689667970422816,0.9832266288131174,0.9852531351602415,0.0003936119299085243,3.1622776601683795,1.0724555240472922,False,False,nnUNet,train
case_00117,55217,587,431,1449205,1505440,55648,55804,0.0369646083537039,0.9908660230413092,0.9818973948608518,0.9894810407856067,0.99225488786659,0.00040488566635765684,2.8284271247461903,1.1264034102959528,False,False,nnUNet,train
case_00118,32291,310,723,1472116,1505440,33014,32601,0.0219298012541184,0.9842566486321725,0.9690013203697035,0.9904910892303918,0.9781001999151875,0.00021053689625149245,6.708203932499369,1.43312852530857,False,False,nnUNet,train
case_00119,23089,640,266,1481445,1505440,23355,23729,0.015513736847699012,0.9807577945798998,0.9622421337778704,0.9730287833452738,0.9886105758938128,0.000431824085663103,4.242640687119285,1.3954313602929211,False,False,nnUNet,train
case_00120,68791,754,825,1435070,1505440,69616,69545,0.046242958869167815,0.988653430199553,0.9775614608497939,0.9891580990725429,0.9881492760284992,0.000525133999710271,3.0,1.2496720245653195,False,False,nnUNet,train
case_00121,4422,116,264,1500638,1505440,4686,4538,0.0031127112339249655,0.9588031222896791,0.9208663057059558,0.9744380784486558,0.9436619718309859,7.72944799747327e-05,3.1622776601683795,1.348311655397795,False,False,nnUNet,train
case_00122,18144,305,231,1486760,1505440,18375,18449,0.012205733871824848,0.9854442754725179,0.9713062098501071,0.9834679386416608,0.9874285714285714,0.0002051019962140189,2.23606797749979,0.8978857541164577,False,False,nnUNet,train
case_00123,115783,1756,2003,1385898,1505440,117786,117539,0.07824024869805506,0.9840263465420164,0.968554984858878,0.9850602778652192,0.9829945833970082,0.0012654451325762762,5.0,2.0217533308787536,False,False,nnUNet,train
case_00124,50647,1661,987,1452145,1505440,51634,52308,0.034298278244234245,0.9745242539108349,0.9503142883947837,0.9682457750248528,0.9808846883836232,0.0011425183277548724,5.830951894845301,2.2481998693690173,False,False,nnUNet,train
case_00125,15768,276,358,1489038,1505440,16126,16044,0.010711818471676056,0.9802921976997202,0.9613461772954518,0.9827973074046372,0.9777998263673571,0.00018532022125622937,4.141035884842902,1.268495232661015,False,False,nnUNet,train
case_00126,34745,642,452,1217401,1253240,35197,35387,0.02808480418754588,0.9845007367108694,0.9694745947152543,0.9818577443694012,0.9871579964201495,0.0005270749883214303,3.073024947075741,1.1944308153752778,False,False,nnUNet,train
case_00127,7980,209,104,1244947,1253240,8084,8189,0.006450480354920047,0.9807656854913046,0.9622573254552031,0.974477958236659,0.9871350816427511,0.00016785045407964947,2.0,0.8442516747920564,False,False,nnUNet,train
case_00128,32014,450,190,1220586,1253240,32204,32464,0.025696594427244583,0.9901032968392405,0.9804005634837999,0.9861384918679152,0.9941001117873556,0.0003685395025208102,2.0,0.7208306698858323,False,False,nnUNet,train
case_00129,2637,61,101,1250441,1253240,2738,2698,0.0021847371612779675,0.9701986754966887,0.9421221864951769,0.9773906597479615,0.9631117604090577,4.878040978742937e-05,2.0,0.772132141949692,False,False,nnUNet,train
case_00130,2422,151,231,1250436,1253240,2653,2573,0.0021169129616035237,0.926903941829315,0.8637660485021398,0.9413136416634279,0.9129287598944591,0.00012074329894681457,5.0,1.6991484031356876,False,False,nnUNet,train
case_00131,11699,145,104,1241292,1253240,11803,11844,0.009417988573617184,0.9894701230600076,0.9791596919986608,0.987757514353259,0.9911886808438533,0.00011680012759407042,2.0,0.5977288885629848,False,False,nnUNet,train
case_00132,3151,134,180,1249775,1253240,3331,3285,0.0026579106954773227,0.9525392986698912,0.9093795093795094,0.9592085235920852,0.945962173521465,0.00010720780472818421,3.1622776601683795,1.4101170877698395,False,False,nnUNet,train
case_00133,33232,205,329,1219474,1253240,33561,33437,0.026779387826753057,0.9920296128242634,0.9841852751288278,0.9938690672010049,0.9901969547987247,0.00016807701042651386,2.23606797749979,0.7529368377834287,False,False,nnUNet,train
case_00134,14697,253,332,1237958,1253240,15029,14950,0.011992116434202548,0.9804863404383068,0.9617196702002355,0.9830769230769231,0.9779093752079313,0.0002043270492670474,3.0,1.0146398224984845,False,False,nnUNet,train
case_00135,41783,700,397,1462560,1505440,42180,42483,0.028018386651078753,0.9870427459456905,0.9744169776119403,0.9835228208930631,0.99058795637743,0.00047838388256359087,2.8284271247461903,0.9465437090614011,False,False,nnUNet,train
case_00136,8166,90,118,1244866,1253240,8284,8256,0.006610066707095209,0.9874244256348247,0.9751612132791975,0.9890988372093024,0.9857556735876388,7.229171151430252e-05,2.0,0.6190505554054158,False,False,nnUNet,train
case_00137,75098,433,768,1176941,1253240,75866,75531,0.060535890970604196,0.9920672140134877,0.9842592956657361,0.9942672545047728,0.9898768881976115,0.00036776759126666634,2.23606797749979,1.315126392581004,False,False,nnUNet,train
case_00138,31250,214,278,1221498,1253240,31528,31464,0.025157192556892534,0.9921894843789688,0.984500031504001,0.9931985761505212,0.9911824410048211,0.00017516403211231452,1.4142135623730951,0.7261561972594889,False,False,nnUNet,train
case_00139,54488,693,606,1197453,1253240,55094,55181,0.04396125243369187,0.9882203581954205,0.9767150052879703,0.9874413294431054,0.9890006171270919,0.0005783936181400263,2.23606797749979,0.9190283910299573,False,False,nnUNet,train
case_00140,20258,379,395,1232208,1253240,20653,20637,0.016479684657368102,0.981254541051102,0.9631989349562571,0.9816349275573,0.9808744492325571,0.0003074833662857064,2.8284271247461903,0.9604726542928181,False,False,nnUNet,train
case_00141,223617,1739,1237,1026647,1253240,224854,225356,0.17941814815996937,0.9933897514493236,0.9868663197892256,0.9922833206127194,0.9944986524589289,0.0016909992940393978,4.123105625617661,1.4420380195021416,False,False,nnUNet,train
case_00142,15976,457,418,1236389,1253240,16394,16433,0.013081293287798028,0.9733451122551559,0.9480742982612308,0.972190105275969,0.9745028669025253,0.00036948819820737587,4.0,1.8880329722810048,False,False,nnUNet,train
case_00143,35769,390,451,1216630,1253240,36220,36159,0.028901088378921833,0.9883806076348112,0.9770281343895111,0.9892143034929063,0.9875483158475981,0.00032045488159602965,2.0,0.8711851605953419,False,False,nnUNet,train
case_00144,21572,307,244,1231117,1253240,21816,21879,0.017407679295266668,0.987389861540222,0.9750937937892691,0.9859682800859272,0.9888155482214888,0.00024930486980926145,2.23606797749979,0.7809704006593761,False,False,nnUNet,train
case_00145,30381,293,404,1222162,1253240,30785,30674,0.024564329258561807,0.9886591060707138,0.9775725593667546,0.9904479363630436,0.9868767256780899,0.0002396816242724681,2.0,0.8258619758878435,False,False,nnUNet,train
case_00146,57796,686,669,1446289,1505440,58465,58482,0.03883582208523754,0.9884135548581836,0.9770925259082687,0.9882698950104306,0.9885572564782349,0.000474092503325904,3.0,1.219921946180202,False,False,nnUNet,train
case_00147,9782,216,177,1243065,1253240,9959,9998,0.00794660240656219,0.9803076614721652,0.9613759213759214,0.9783956791358271,0.9822271312380761,0.00017373385421316662,2.23606797749979,0.8392092140133348,False,False,nnUNet,train
case_00148,5239,152,144,1247705,1253240,5383,5391,0.004295266668794485,0.9725264525710042,0.9465221318879855,0.9718048599517715,0.9732491175924206,0.00012180882905653452,3.0,0.9697279803685441,False,False,nnUNet,train
case_00149,19166,223,278,1233573,1253240,19444,19389,0.015514985158469248,0.9870986017047356,0.9745258554939746,0.9884986332456548,0.9857025303435507,0.0001807430077581707,2.0,0.872111516924717,False,False,nnUNet,train
case_00150,24894,207,336,1227803,1253240,25230,25101,0.020131818326896683,0.9892114203969721,0.978653143059323,0.9917533166009322,0.9866825208085612,0.00016856540256186838,2.0,0.7329747535182869,False,False,nnUNet,train
case_00151,12744,228,192,1240076,1253240,12936,12972,0.010322045258689476,0.983788791106994,0.968094804010939,0.9824236817761333,0.9851576994434137,0.00018382590074691367,3.0,1.1036552540823052,False,False,nnUNet,train
case_00152,31169,385,247,1221439,1253240,31416,31554,0.025067824199674443,0.989963474670478,0.9801264111191472,0.9877986943018318,0.9921377641965877,0.0003151026661777801,2.23606797749979,0.7915432732784509,False,False,nnUNet,train
case_00153,183705,1339,1797,1066399,1253240,185502,185044,0.1480179375059845,0.9915368132431601,0.9832156753603332,0.9927638831845399,0.9903127729081088,0.0012540529605577398,4.242640687119285,1.551584479504298,False,False,nnUNet,train
case_00154,3620,148,102,1249370,1253240,3722,3768,0.0029699020139797644,0.9666221628838452,0.9354005167958657,0.9607218683651805,0.9725953788285868,0.00011844567265137437,3.0,0.9315511788407013,False,False,nnUNet,train
case_00155,38619,374,418,1213829,1253240,39037,38993,0.03114886214930899,0.9898500576701269,0.9799040876912537,0.9904085348652322,0.9892922099546584,0.00030802098166451573,2.23606797749979,1.0165505630078138,False,False,nnUNet,train
case_00156,76693,771,681,1175095,1253240,77374,77464,0.06173917206600492,0.9906224570195947,0.9814191566958859,0.9900469895693483,0.991198593842893,0.0006556869575274734,3.0,1.039122310575479,False,False,nnUNet,train
case_00157,65915,1909,606,1437010,1505440,66521,67824,0.04418708151769582,0.9812795414790279,0.9632471138389596,0.9718536211370606,0.9908900948572631,0.0013266903835448694,6.0,1.9571230101308454,False,False,nnUNet,train
case_00158,26342,290,267,1226341,1253240,26609,26632,0.021232166225144424,0.9895381379012416,0.9792929105171196,0.9891108440973265,0.9899658010447593,0.00023641991764434455,2.0,0.8007662750889546,False,False,nnUNet,train
case_00159,17988,445,340,1234467,1253240,18328,18433,0.014624493313331844,0.9786458475014281,0.9581846268577212,0.9758585146205175,0.9814491488432999,0.0003603495633696976,2.23606797749979,0.8892602792520089,False,False,nnUNet,train
case_00160,4729,189,141,1248181,1253240,4870,4918,0.003885927675465194,0.9662852472415202,0.9347697173354418,0.961569743798292,0.971047227926078,0.00015139742223859912,3.339587106286613,1.475581567844238,False,False,nnUNet,train
case_00161,28847,413,457,1223523,1253240,29304,29260,0.023382592320704734,0.9851444573458097,0.9707238281118552,0.9858851674641148,0.9844048594048594,0.00033743594436310396,3.1622776601683795,1.0586691061219886,False,False,nnUNet,train
case_00162,135228,1082,625,1116305,1253240,135853,136310,0.1084014235102614,0.9937280232801666,0.9875342315697229,0.9920622111363803,0.995399439099615,0.0009683305783940568,3.0,1.1925449357599318,False,False,nnUNet,train
case_00163,99865,1074,1377,1150924,1253240,101242,100939,0.08078420733458874,0.9878771991433418,0.9760448023769498,0.9893599104409594,0.9863989253471879,0.000932293285231398,3.605551275463989,1.5100198821306863,False,False,nnUNet,train
case_00164,63091,793,555,1188801,1253240,63646,63884,0.0507851648527018,0.9894299380537913,0.9790809913251292,0.9875868762131363,0.9912798919020834,0.0006666139876293929,4.0,1.3375379711376445,False,False,nnUNet,train
case_00165,132307,1186,954,1118793,1253240,133261,133493,0.1063331843860713,0.9919776273270504,0.9840829471836485,0.9911156390222708,0.9928411163055958,0.0010589484267115722,3.1622776601683795,1.9693633414725826,False,False,nnUNet,train
case_00166,37551,837,537,1214315,1253240,38088,38388,0.03039162490823785,0.9820335791620901,0.9647013487475915,0.978196311347296,0.9859010712035287,0.0006888027176847011,2.8284271247461903,0.9185420119405309,False,False,nnUNet,train
case_00167,47536,683,853,1456368,1505440,48389,48219,0.03214276224891062,0.9841006955945677,0.9686990544506032,0.9858354590514112,0.9823720267002831,0.0004687550401461582,5.0,1.4903769716986803,False,False,nnUNet,train
case_00168,29839,543,990,1474068,1505440,30829,30382,0.020478398342012965,0.974955481857836,0.9511347698584726,0.9821275755381476,0.9678873787667456,0.0003682327067952158,4.0,1.5415169716196555,False,False,nnUNet,train
case_00169,42141,434,604,1462261,1505440,42745,42575,0.028393692209586565,0.9878340365682138,0.9759605363718474,0.9898062243100411,0.9858696923616798,0.00029671257507546005,3.605551275463989,1.2826820781935002,False,False,nnUNet,train
case_00170,130922,754,1394,1372370,1505440,132316,131676,0.08789191199914975,0.9918633897996909,0.9838581197865784,0.9942738236276922,0.9894646150125457,0.0005491128259356038,4.123105625617661,2.671325590674234,False,False,nnUNet,train
case_00171,19225,467,313,1485435,1505440,19538,19692,0.01297826549048783,0.9801172572011216,0.9610097475631092,0.9762847856997766,0.9839799365339339,0.000314287214096219,2.23606797749979,0.938215818619024,False,False,nnUNet,train
case_00172,35159,1011,1765,1467505,1505440,36924,36170,0.02452704857051759,0.9620215065532055,0.9268221958613417,0.9720486591097595,0.9521991116888745,0.0006884501088173367,8.619422599190438,3.0757174472850486,False,False,nnUNet,train
case_00173,40234,456,1006,1463744,1505440,41240,40690,0.027393984482941863,0.9821554985963628,0.9649366845740599,0.9887933153108872,0.9756062075654705,0.00031143286436279195,6.082762530298219,1.6783547809632606,False,False,nnUNet,train
case_00174,57300,1073,756,1446311,1505440,58056,58373,0.038564140716335425,0.9842908553710845,0.9690676317881243,0.9816182139002622,0.9869780901198842,0.0007413374750584503,3.0,1.2678757410163595,False,False,nnUNet,train
case_00175,66490,778,947,1437225,1505440,67437,67268,0.04479554150281645,0.987194239263576,0.974712306677417,0.9884343224118451,0.9859572638165992,0.0005410280785227848,3.0,1.2027967730867102,False,False,nnUNet,train
case_00176,53218,554,531,1451137,1505440,53749,53772,0.03570318312254225,0.9899089480194566,0.9800195201001787,0.9896972401993602,0.9901207464324918,0.0003816239130779209,2.0,0.9012986017030212,False,False,nnUNet,train
case_00177,77163,1021,1005,1426251,1505440,78168,78184,0.051923690083962165,0.9870420589439214,0.9744156385356552,0.9869410621098946,0.9871430764507215,0.0007153506829812397,3.1622776601683795,1.334782639318068,False,False,nnUNet,train
case_00178,78399,1203,875,1424963,1505440,79274,79602,0.05265835901796152,0.9869206173367909,0.9741789579631448,0.9848873143890857,0.98896233317355,0.0008435203195139977,5.656854249492381,1.8804933546679972,False,False,nnUNet,train
case_00179,43422,402,889,1460727,1505440,44311,43824,0.0294339196513976,0.9853520167924207,0.9711269653121016,0.9908269441401971,0.9799372616280382,0.00027512971133965584,5.0,1.4800420454606669,False,False,nnUNet,train
case_00180,55308,672,461,1448999,1505440,55769,55980,0.037044983526410884,0.9898612068116941,0.9799259403625025,0.9879957127545552,0.9917337588983127,0.00046355345454244444,2.23606797749979,1.1106549074378491,False,False,nnUNet,train
case_00181,117673,944,1190,1385633,1505440,118863,118617,0.07895565416090977,0.991013980124642,0.9821880190639946,0.9920416129222625,0.9899884741256741,0.0006808132545109287,4.0,1.4079297595324325,False,False,nnUNet,train
case_00182,68004,849,795,1435792,1505440,68799,68853,0.045700260388989264,0.9880568389852672,0.9763955892487939,0.9876693825977082,0.9884445994854576,0.0005909618338889117,3.605551275463989,1.4085477820811687,False,False,nnUNet,train
case_00183,64639,1345,979,1438477,1505440,65618,65984,0.043587256881709,0.9823406939104269,0.9652942669832594,0.9796162706110573,0.9850803133286599,0.0009341432482626325,4.47213595499958,1.6626905922453845,False,False,nnUNet,train
case_00184,103552,965,1411,1399512,1505440,104963,104517,0.06972247316399192,0.9886576284132137,0.9775696699645042,0.9907670522498733,0.9865571677638787,0.000689050944785241,5.0,1.5764136333953602,False,False,nnUNet,train
case_00185,66206,1099,1149,1436986,1505440,67355,67305,0.04474107237751089,0.9833061042625872,0.9671604289011599,0.9836713468538741,0.9829411328038008,0.000764210738586384,5.0,1.7510583528743133,False,False,nnUNet,train
case_00186,99224,1784,1264,1403168,1505440,100488,101008,0.06674992028908491,0.9848731488466272,0.9701971214017522,0.9823380326310788,0.9874213836477987,0.0012697942705515919,6.0,2.1480727912747217,False,False,nnUNet,train
case_00187,38436,745,646,1465613,1505440,39082,39181,0.025960516526729725,0.9822265949426933,0.9650739448113089,0.9809856818355835,0.9834706514507957,0.00050806146930013,3.605551275463989,1.3218956890423903,False,False,nnUNet,train
case_00188,44366,861,1035,1459178,1505440,45401,45227,0.03015796046338612,0.9790793132365273,0.9590160390817518,0.9809626992725584,0.9772031453051695,0.0005897102748625208,4.0,1.6514276375411905,False,False,nnUNet,train
case_00189,36962,586,658,1467234,1505440,37620,37548,0.02498937187798916,0.9834504044274159,0.9674396691619117,0.9843933098966656,0.9825093035619351,0.0003992315134008257,3.605551275463989,1.3624518645533794,False,False,nnUNet,train
case_00190,61533,915,586,1442406,1505440,62119,62448,0.04126301944946328,0.9879502596995994,0.9761874543896945,0.985347809377402,0.9905664933434215,0.0006339546088500064,4.123105625617661,1.4278333528510618,False,False,nnUNet,train
case_00191,45546,758,619,1458517,1505440,46165,46304,0.030665453289403764,0.9851085228563086,0.9706540502525414,0.9836299239806496,0.9865915737030218,0.0005194360213119528,3.0649110640673665,1.1437169973678272,False,False,nnUNet,train
case_00192,30279,732,659,1473770,1505440,30938,31011,0.02055080242321182,0.977546045941016,0.9560783075465741,0.9763954725742479,0.9786993341521754,0.0004964387976415088,5.0,1.558210260487466,False,False,nnUNet,train
case_00193,26212,494,513,1478221,1505440,26725,26706,0.01775228504623233,0.9811532630869719,0.9630037841213858,0.9815022841309069,0.9808044901777362,0.0003340738411390971,3.605551275463989,1.2088196612483837,False,False,nnUNet,train
case_00194,49794,981,580,1454085,1505440,50374,50775,0.03346131363588054,0.984567321476238,0.9696037386817252,0.9806794682422452,0.9884861237940207,0.0006741962220270421,3.1622776601683795,1.4135776550692214,False,False,nnUNet,train
case_00195,27572,601,505,1476762,1505440,28077,28173,0.01865036135614837,0.9803377777777778,0.9614338517330357,0.9786675185461258,0.9820137479075399,0.00040680591026037607,3.605551275463989,1.1333044357838593,False,False,nnUNet,train
case_00196,66251,595,965,1437629,1505440,67216,66846,0.044648740567541714,0.9883635929644493,0.976994882836118,0.9910989438410676,0.9856432992144727,0.0004137046802167117,4.47213595499958,1.4167086028016158,False,False,nnUNet,train
case_00197,77543,619,1493,1425785,1505440,79036,78162,0.05250026570305027,0.9865647145637986,0.9734856568953613,0.9920805506512116,0.9811098739814768,0.00043395840168703956,4.47213595499958,1.7401233632882385,False,False,nnUNet,train
case_00198,52248,517,1032,1451643,1505440,53280,52765,0.03539164629609948,0.985392993540478,0.9712065728572226,0.9902018383398086,0.9806306306306306,0.0003560213750550903,3.0,1.3391820778577748,False,False,nnUNet,train
case_00199,56207,990,742,1447501,1505440,56949,57197,0.037828807524710385,0.9848264503355352,0.9701064913098258,0.9826913998985961,0.9869707984336863,0.0006834699007449822,3.605551275463989,1.551645609598826,False,False,nnUNet,train
case_00200,62715,629,694,1441402,1505440,63409,63344,0.04211991178658731,0.9895623772218409,0.9793403916424623,0.990070093457944,0.9890551814411204,0.0004361903454225325,2.8284271247461903,1.1969770838914229,False,False,nnUNet,train
case_00201,37763,426,644,1466607,1505440,38407,38189,0.025512142629397386,0.9860306021202152,0.9724461154172998,0.9888449553536358,0.9832322232926289,0.00029038201594647157,3.1622776601683795,1.3874599461382837,False,False,nnUNet,train
case_00202,24938,1117,220,1479165,1505440,25158,26055,0.01671139334679562,0.9738933473922636,0.9491151284490961,0.9571291498752639,0.9912552667143653,0.0007545859505148344,7.771354361898096,2.2579256241836196,False,False,nnUNet,train
case_00203,58286,788,916,1445450,1505440,59202,59074,0.03932537995536189,0.9855930197165951,0.9715952658776462,0.9866607983207503,0.984527549744941,0.0005448619106951968,3.1622776601683795,1.2304407746024095,False,False,nnUNet,train
case_00204,79538,1402,1265,1423235,1505440,80803,80940,0.05367400892762249,0.9835108783687702,0.9675567179611946,0.9826785273041759,0.9843446406692821,0.0009841103382826643,3.605551275463989,1.4653819773047276,False,False,nnUNet,train
case_00205,103608,2396,1138,1398298,1505440,104746,106004,0.06957832925921989,0.9832313167259786,0.967015736125889,0.977397079355496,0.9891356233173582,0.001710580612182247,7.0,2.215694481286217,False,False,nnUNet,train
case_00206,112884,853,1093,1390610,1505440,113977,113737,0.0757100914018493,0.9914541925397647,0.9830532090917008,0.9925002417858745,0.9904103459469893,0.0006130238461245466,4.123105625617661,1.4795784505746237,False,False,nnUNet,train
case_00207,41323,1375,1602,1461140,1505440,42925,42698,0.028513258582208524,0.9652313046728099,0.9327990970654627,0.9677970865145908,0.9626790914385556,0.0009401612974909659,6.324555320336759,2.3508314035446696,False,False,nnUNet,train
case_00208,9965,128,219,1495128,1505440,10184,10093,0.006764799659900096,0.982887014844405,0.9663498836307215,0.9873179431289012,0.9784956794972506,8.560407047355102e-05,2.0,0.8969086641911023,False,False,nnUNet,train
case_00209,34171,300,901,1470068,1505440,35072,34471,0.02329684344776278,0.9827301094286988,0.966046590523578,0.9912970322880102,0.9743099908759124,0.00020403055561600905,4.0,1.4300433994003974,False,False,nnUNet,train
case_00210,3020,88,122,1250010,1253240,3142,3108,0.0025071015926717947,0.9664,0.934984520123839,0.9716859716859717,0.9611712285168682,7.03944810726839e-05,2.23606797749979,0.8274852963846262,False,False,nnUNet,train
case_00211,18373,585,396,1233886,1253240,18769,18958,0.014976381219878076,0.9739974023908606,0.9493128035548207,0.9691423145901467,0.9789013799349991,0.00047388719540596743,4.47213595499958,2.166154714580835,False,False,nnUNet,train
case_00212,19186,547,172,1233335,1253240,19358,19733,0.015446363027033928,0.9816070195185592,0.9638784225069078,0.9722799371611007,0.9911147845851844,0.00044331629766865873,3.0,1.5555686005529796,False,False,nnUNet,train
case_00213,58094,1098,876,1193172,1253240,58970,59192,0.04705403593884651,0.9832941216296271,0.9671372444562829,0.9814501959724287,0.9851449889774462,0.0009193900876686177,4.242640687119285,1.6356360634987883,False,False,nnUNet,train
case_00214,13860,103,131,1239146,1253240,13991,13963,0.011163863266413457,0.9916291049581455,0.9833971902937421,0.992623361741746,0.9906368379672646,8.311485423833306e-05,1.4142135623730951,0.5493601117637448,False,False,nnUNet,train
case_00215,14954,288,183,1237815,1253240,15137,15242,0.012078293064377134,0.9844958688567761,0.9694651539708266,0.9811048418842672,0.987910418180617,0.00023261392630500048,2.23606797749979,0.8732599083091591,False,False,nnUNet,train
case_00216,46032,1216,1191,1457001,1505440,47223,47248,0.031368237857370605,0.9745212816631559,0.9503086356035426,0.9742634608872334,0.9747792389301824,0.0008338950924313734,5.0,2.090785950823689,False,False,nnUNet,train
case_00217,56055,937,680,1195568,1253240,56735,56992,0.04527065845328907,0.9857817404837901,0.9719621306699958,0.9835590960134756,0.9880144531594254,0.0007831141533048337,4.123105625617661,1.4740666291419182,False,False,nnUNet,train
case_00218,54379,489,581,1197791,1253240,54960,54868,0.04385432957773451,0.9902574935353462,0.9807029883316201,0.9910877013924327,0.9894286754002911,0.0004080849217211336,2.8284271247461903,1.1793141271160994,False,False,nnUNet,train
case_00219,33435,346,416,1219043,1253240,33851,33781,0.02701078803740704,0.9887331440738112,0.9777173436266339,0.9897575560226163,0.9877108504918614,0.0002837486642900666,2.23606797749979,0.8785410649467963,False,False,nnUNet,train
case_00220,4120,123,232,1248765,1253240,4352,4243,0.003472599023331525,0.9586969168121,0.9206703910614525,0.9710110770681122,0.9466911764705882,9.848761458193209e-05,108.0032406712834,14.08121805662733,False,False,nnUNet,train
case_00221,30349,452,513,1221926,1253240,30862,30801,0.024625770004149245,0.9843504208358335,0.9691831129846076,0.9853251517807864,0.9833776164862938,0.0003697710528167228,3.605551275463989,1.1434837737551031,False,False,nnUNet,train
case_00222,97407,1547,1290,1152996,1253240,98697,98954,0.07875347100315981,0.9856464171696576,0.9716990543074897,0.9843664733108313,0.9869296939116691,0.0013399241085000732,5.0990195135927845,1.7633990390446126,False,False,nnUNet,train
case_00223,21580,579,616,1230465,1253240,22196,22159,0.017710893364399478,0.9730582797880735,0.9475301866081229,0.9738706620334853,0.9722472517570734,0.0004703324982697613,3.605551275463989,1.5969879568766392,False,False,nnUNet,train
case_00224,47117,476,597,1205050,1253240,47714,47593,0.03807251603842839,0.988741645419539,0.977733969703258,0.9899985291954699,0.9874879490296349,0.00039484838983149266,3.0,2.1050533683520953,False,False,nnUNet,train
case_00225,76418,838,985,1174999,1253240,77403,77256,0.061762312087070316,0.9882127777885542,0.9767001955496479,0.9891529460494978,0.9872743950492875,0.0007126838158690363,4.123105625617661,1.695702714982908,False,False,nnUNet,train
case_00226,24412,435,568,1227825,1253240,24980,24847,0.01993233538667773,0.9798703514158991,0.9605351170568562,0.9824928562804363,0.977261809447558,0.0003541595427678179,6.401285042769299,1.9792389615363843,False,False,nnUNet,train
case_00227,37163,952,966,1466359,1505440,38129,38115,0.025327479009459027,0.9748439221446934,0.9509224431309332,0.9750229568411387,0.9746649531852396,0.0006488058768727284,3.605551275463989,1.7128253591859075,False,False,nnUNet,train
case_00228,73605,729,916,1177990,1253240,74521,74334,0.05946267275222623,0.9889489771925699,0.978139534883721,0.9901929130680442,0.9877081627997477,0.0006184680148534129,4.0,4.8501445226641495,False,False,nnUNet,train
case_00229,36716,459,435,1215630,1253240,37151,37175,0.029643962848297213,0.9879719075424481,0.9762297261366658,0.9876529926025555,0.9882910285052893,0.0003774394801696257,3.0,0.9533610797134497,False,False,nnUNet,train
case_00230,64839,815,929,1186657,1253240,65768,65654,0.05247837604928027,0.9867297712711722,0.9738071279455717,0.9875864379931154,0.9858745894660017,0.0006863319724591401,3.605551275463989,1.398175633954429,False,False,nnUNet,train
case_00231,22883,645,394,1229318,1253240,23277,23528,0.018573457597906226,0.9778015169319517,0.9565671766574702,0.9725858551513091,0.9830734201142759,0.0005244060187176362,2.8284271247461903,1.101439059901979,False,False,nnUNet,train
case_00232,14070,368,318,1238484,1253240,14388,14438,0.011480642175481153,0.9762020398251579,0.9535104364326376,0.97451170522233,0.9778982485404504,0.0002970492036175427,3.605551275463989,1.1900056344727319,False,False,nnUNet,train
case_00233,23667,334,305,1228934,1253240,23972,24001,0.019128020171714916,0.9866800075042211,0.9737101950135769,0.9860839131702845,0.9872768229601201,0.0002717064138983525,2.23606797749979,0.9783834028955081,False,False,nnUNet,train
case_00234,31290,575,538,1220837,1253240,31828,31865,0.025396572085155278,0.9825255522584899,0.9656513285806869,0.9819551231758983,0.9830966444639939,0.00047076662092725467,11.213682040370403,3.652707524517806,False,False,nnUNet,train
case_00235,33663,580,700,1218297,1253240,34363,34243,0.027419329098975456,0.9813427397020669,0.9633689150902899,0.9830622316969891,0.9796292523935628,0.0004758478501112089,7.0,1.6042905444529305,False,False,nnUNet,train
case_00236,17551,324,198,1235167,1253240,17749,17875,0.01416249082378475,0.9853469571075679,0.971117136059315,0.9818741258741259,0.988844441940391,0.000262243917600371,2.8284271247461903,0.7935832917582424,False,False,nnUNet,train
case_00237,29301,1436,1014,1221489,1253240,30315,30737,0.024189301330950177,0.9598702745200812,0.9228370759976063,0.9532810619123532,0.9665512122711529,0.0011742339064129035,17.72004514666935,3.4040819841494714,False,False,nnUNet,train
case_00238,25262,848,701,1478629,1505440,25963,26110,0.017246120735466042,0.9702532982543737,0.9422252060721346,0.9675220222137112,0.9730000385163502,0.0005731755208090427,3.605551275463989,1.5618119841419724,False,False,nnUNet,train
case_00239,55797,1207,872,1195364,1253240,56669,57004,0.045217994957071274,0.9817106964714576,0.964078374455733,0.9788260472949267,0.9846123983130106,0.001008715738556258,11.180339887498949,2.3664912200612442,False,False,nnUNet,train
case_00240,1842,47,76,1251275,1253240,1918,1889,0.0015304331173598034,0.9676910953506698,0.9374045801526718,0.9751191106405506,0.9603753910323254,3.7560276251836056e-05,2.0,0.5226561589954912,False,False,nnUNet,train
case_00241,19263,434,383,1233160,1253240,19646,19697,0.01567616737416616,0.9792339170881732,0.9593127490039841,0.9779661877443265,0.9805049373918355,0.0003518175347804869,5.0,1.4998355767283553,False,False,nnUNet,train
case_00242,66042,681,905,1437812,1505440,66947,66723,0.04447005526623446,0.9881349592279495,0.976548175312001,0.9897936243873926,0.986481843846625,0.0004734121055854982,3.605551275463989,1.3387445953726793,False,False,nnUNet,train
case_00243,85815,1514,997,1417114,1505440,86812,87329,0.05766553300031885,0.9855806501627992,0.9715712247809252,0.982663261917576,0.9885154126157674,0.0010672283361106646,4.0,1.5551216102694856,False,False,nnUNet,train
case_00244,43582,818,558,1460482,1505440,44140,44400,0.029320331597406737,0.9844590015812063,0.9693936563014369,0.9815765765765766,0.9873584050747621,0.0005597755423253268,3.605551275463989,1.3687747365525933,False,False,nnUNet,train
case_00245,4457,255,269,1500459,1505440,4726,4712,0.0031392815389520673,0.9444797626615808,0.8948002409154788,0.9458828522920204,0.9430808294540838,0.00016991911849959418,172.72232050317064,18.778156288407477,False,False,nnUNet,train
case_00246,100827,1354,763,1402496,1505440,101590,102181,0.06748193219258157,0.9896108867306928,0.9794354211998757,0.9867490042180053,0.9924894182498277,0.0009644905082451828,4.47213595499958,1.5036379640325195,False,False,nnUNet,train
case_00247,22060,591,439,1482350,1505440,22499,22651,0.014945132320119035,0.9771871539313399,0.9553919445647466,0.9739084367136108,0.9804880216898528,0.00039853237586660563,3.0,1.1040349397389053,False,False,nnUNet,train
case_00248,93773,1353,1580,1408734,1505440,95353,95126,0.06333895738123074,0.9846019771208374,0.9696709614708497,0.9857767592456321,0.9834299917149959,0.0009595152639517988,4.123105625617661,1.6361283387696497,False,False,nnUNet,train
case_00249,36383,422,622,653773,691200,37005,36805,0.05353732638888889,0.9858555751253217,0.9721056990942368,0.9885341665534574,0.9831914606134307,0.0006450676021675495,3.0,1.330208985172443,False,False,nnUNet,train
case_00250,26956,550,468,663226,691200,27424,27506,0.03967592592592593,0.9814673220462407,0.963609065560878,0.9800043626845052,0.9829346557759626,0.0008285927782866509,3.2509323832275214,1.3746455141671476,False,False,nnUNet,train
case_00251,5064,289,154,685693,691200,5218,5353,0.007549189814814815,0.9580928956579321,0.9195569275467587,0.9460115822903045,0.9704867765427366,0.00042129385319148317,4.123105625617661,1.4732982859073018,False,False,nnUNet,train
case_00252,16737,406,442,673615,691200,17179,17143,0.024853877314814816,0.9752928151040149,0.9517770827409724,0.9763168640261332,0.9742709121601956,0.0006023551194992441,4.0,1.5722697169218718,False,False,nnUNet,train
case_00253,21418,665,695,668422,691200,22113,22083,0.0319921875,0.9692279844329803,0.9402932654315568,0.9698863379069873,0.9685705241260797,0.0009938916762693042,8.395107498276426,2.4289553620593476,False,False,nnUNet,train
case_00254,37536,389,668,1257765,1296358,38204,37925,0.029470254358749667,0.986115672082912,0.9726116135050398,0.9897429136453527,0.982514919903675,0.00030918313656356854,3.605551275463989,1.1704316966855373,False,False,nnUNet,train
case_00255,61165,1120,1194,1441961,1505440,62359,62285,0.04142244127962589,0.9814351272423864,0.9635469997952079,0.98201814240989,0.9808528039256563,0.0007761172103298428,8.602325267042627,2.304075112051645,False,False,nnUNet,train
case_00256,99840,1099,1407,1403094,1505440,101247,100939,0.06725409182697417,0.9876054721889745,0.9755144314384538,0.9891122361029929,0.9861032919493911,0.000782655945443397,5.0,1.9194893767482275,False,False,nnUNet,train
case_00257,18617,451,374,1485998,1505440,18991,19068,0.012614916569242214,0.9783231298772957,0.9575660940232487,0.9763478078456052,0.9803064609551893,0.00030340765138931776,4.0,2.3522092267711545,False,False,nnUNet,train
case_00258,35687,401,529,808691,845308,36216,36088,0.042843555248501135,0.9871376410710334,0.9746019608378622,0.9888882731101751,0.9853931963772918,0.0004956173092800324,4.0,1.1091360514290478,False,False,nnUNet,train
case_00259,66012,675,1086,948399,1016172,67098,66687,0.06603016024846188,0.9868370893597938,0.9740162011420477,0.9898780871834091,0.983814718769561,0.0007112195677049419,4.47213595499958,1.311243007523721,False,False,nnUNet,train
case_00260,51656,788,927,962801,1016172,52583,52444,0.05174616108296627,0.9836708655869443,0.9678664443236964,0.9849744489360079,0.9823707281821121,0.0008177760435206297,5.830951894845301,1.6494501070300085,False,False,nnUNet,train
case_00261,45455,304,2156,1457525,1505440,47611,45759,0.03162596981613349,0.973653207668416,0.9486590837942189,0.9933564981752223,0.9547163470626536,0.0002085292582326185,10.5352261608226,2.8402383334838643,False,False,nnUNet,train
case_00262,25355,552,417,989848,1016172,25772,25907,0.02536184819105427,0.981249637183382,0.9631894848807172,0.9786930173312233,0.9838196492317244,0.0005573505654281099,4.47213595499958,1.462966065667839,False,False,nnUNet,train
case_00263,94145,1179,1119,1408997,1505440,95264,95324,0.06327983845254544,0.9879425777068861,0.9761724541957426,0.9876316562460661,0.9882536949949614,0.0008360658527729872,5.0,1.8143296493999088,False,False,nnUNet,train
case_00264,29827,629,745,1474239,1505440,30572,30456,0.020307684132213837,0.9774857442485416,0.9559629499054517,0.9793472550564749,0.9756312966112783,0.00042647884420843085,5.830951894845301,1.8355012099714896,False,False,nnUNet,train
case_00265,8454,269,350,1496367,1505440,8804,8723,0.005848124136465086,0.9646830604210647,0.931775597927918,0.9691619855554282,0.9602453430258974,0.00017973642221622357,4.123105625617661,1.4594549408282178,False,False,nnUNet,train
case_00266,40747,833,1067,1462793,1505440,41814,41580,0.027775268360080773,0.9772165863251553,0.9554482144113302,0.9799663299663299,0.9744822308317789,0.0005691344646788182,6.0,2.0137160314708673,False,False,nnUNet,train
case_00267,54976,776,888,959532,1016172,55864,55752,0.054974945186444815,0.9850917431192661,0.9706214689265537,0.986081216817334,0.9841042531863096,0.000808074076233875,4.0,1.4689061139039419,False,False,nnUNet,train
case_00268,15980,355,314,1236591,1253240,16294,16335,0.013001500111710447,0.9794967666799473,0.9598174064508379,0.9782675237220692,0.9807291027372039,0.0002869971688335627,3.0,1.179441636912037,False,False,nnUNet,train
case_00269,38295,492,594,1213859,1253240,38889,38787,0.03103076824869937,0.9860188475204696,0.9724232497905081,0.9873153376131178,0.9847257579264059,0.0004051546875656215,4.0,1.4057959636475357,False,False,nnUNet,train
case_00270,43261,417,941,1208621,1253240,44202,43678,0.03527017969423255,0.9845471096950387,0.9695645352876577,0.9904528595631669,0.9787113705262205,0.0003449023107627717,3.605551275463989,1.4528468316094856,False,False,nnUNet,train
case_00271,20530,505,259,1231946,1253240,20789,21035,0.016588203376847212,0.9817329762815609,0.9641213487367334,0.9759923936296648,0.9875414882870749,0.00040975259868343653,3.605551275463989,1.2465825919758362,False,False,nnUNet,train
case_00272,35963,1058,455,978696,1016172,36418,37021,0.035838421054703334,0.9793978676180232,0.9596274949300886,0.9714216255638691,0.9875061782634961,0.001079862904361707,5.0,1.7370118961717547,False,False,nnUNet,train
case_00273,98271,928,1278,1152763,1253240,99549,99199,0.079433308863426,0.9889005172379093,0.9780447266538611,0.9906450669865624,0.9871621010758521,0.0008043748282685746,4.0,1.453656322164236,False,False,nnUNet,train
case_00274,19884,456,460,1484640,1505440,20344,20340,0.01351365713678393,0.9774850063907187,0.9559615384615384,0.9775811209439528,0.977388910735352,0.00030705085731831477,4.7888543819997835,1.3790638728376965,False,False,nnUNet,train
case_00275,59427,623,777,1235531,1296358,60204,60050,0.04644087512862959,0.9883579756182747,0.9769839051736893,0.9896253122398002,0.9870938808052621,0.0005039825135055989,3.605551275463989,1.4182203115905496,False,False,nnUNet,train
case_00276,55749,952,1089,1447650,1505440,56838,56701,0.03775507492826018,0.982023797990118,0.9646824710157467,0.9832101726600941,0.9808402829093212,0.0006571853414533461,5.0,1.7073980952034187,False,False,nnUNet,train
case_00277,106213,1475,1488,1144064,1253240,107701,107688,0.0859380485780856,0.9862434943288655,0.9728603356048948,0.9863030235495134,0.9861839722936648,0.001287603477489636,6.082762530298219,2.033420784335586,False,False,nnUNet,train
case_00278,45205,1114,748,1458373,1505440,45953,46319,0.030524630672760122,0.9798205306051674,0.9604393736588268,0.9759493944169779,0.983722499075142,0.0007632818928842806,5.385164807134504,1.9291035288679927,False,False,nnUNet,train
case_00279,188779,1964,2490,1060007,1253240,191269,190743,0.15261960997095528,0.9883406803974745,0.9769501068658045,0.9897034229303303,0.9869816854796125,0.0018493913675608844,8.389653325037248,4.2231539045817845,False,False,nnUNet,train
case_00280,69447,897,714,1182182,1253240,70161,70344,0.0559836902748077,0.9885342158642041,0.9773283796335388,0.9872483793926987,0.9898234061658187,0.0007581911267125864,3.1622776601683795,1.320756204038132,False,False,nnUNet,train
case_00281,53899,740,851,1449950,1505440,54750,54639,0.03636810500584547,0.9854555759719899,0.9713281672373401,0.9864565603323633,0.9844566210045662,0.0005101020893505849,5.0,1.602667172171737,False,False,nnUNet,train
case_00282,27960,831,516,1476133,1505440,28476,28791,0.01891540014879371,0.9764786002409764,0.9540382843689221,0.9711368135875794,0.9818794774546987,0.0005626406601650412,5.0990195135927845,1.8923541830981396,False,False,nnUNet,train
case_00283,33793,681,1050,1469916,1505440,34843,34474,0.023144728451482622,0.9750277709652755,0.9512723792365725,0.9802459824795499,0.969864822202451,0.00046307724005964924,5.548178472549205,2.0186382910111567,False,False,nnUNet,train
case_00284,38803,609,491,1256455,1296358,39294,39412,0.0303110714787119,0.9860239371839504,0.972433150389695,0.9845478534456511,0.9875044536061485,0.0004844622071748137,4.0,1.4412030600400962,False,False,nnUNet,train
case_00285,95055,1695,1524,1407166,1505440,96579,96750,0.0641533372303114,0.98334962680198,0.967244642530069,0.9824806201550388,0.9842201720870997,0.0012030995250773497,5.830951894845301,2.047119355246085,False,False,nnUNet,train
case_00286,74702,1124,883,1219649,1296358,75585,75826,0.05830565322233519,0.9867446882987365,0.9738361861059328,0.985176588505262,0.9883177879208838,0.0009207280960506171,5.0,1.7660575953637734,False,False,nnUNet,train
case_00287,40692,409,767,1463572,1505440,41459,41101,0.027539456902965245,0.9857558139534883,0.9719117225566065,0.9900489039196126,0.9814997949781712,0.0002793752104706277,4.242640687119285,1.2993441105527637,False,False,nnUNet,train
case_00288,34496,573,355,1260934,1296358,34851,35069,0.02688377747504933,0.9867276887871853,0.973803071364047,0.9836607830277453,0.9898137786577142,0.00045421864484303297,4.242640687119285,1.3087647087269634,False,False,nnUNet,train
case_00289,131353,927,871,1120089,1253240,132224,132280,0.10550572915004308,0.9932023712306808,0.986496534010259,0.9929921378893257,0.9934126936108422,0.0008269284292106447,3.605551275463989,1.2303739856562181,False,False,nnUNet,train
case_00290,99030,1105,1197,1195026,1296358,100227,100135,0.07731429126830705,0.988510795460217,0.9772825958236293,0.9889648973885254,0.988057110359484,0.0009238118567280674,5.385164807134504,1.7860827428123458,False,False,nnUNet,train
case_00291,110806,1610,1436,1391588,1505440,112242,112416,0.07455760442129876,0.9864416134747038,0.9732459684502688,0.985678195274694,0.9872062151422819,0.0011556146362541432,5.0990195135927845,2.0963738212860346,False,False,nnUNet,train
case_00292,41666,1014,691,1462069,1505440,42357,42680,0.02813596025082368,0.9799499041593659,0.9606880173387747,0.9762417994376758,0.9836862856198503,0.0006930570582803573,8.06225774829855,1.9113761945026158,False,False,nnUNet,train
case_00293,75220,1464,952,1218722,1296358,76172,76684,0.05875846024014971,0.9841942743497147,0.9688804163017157,0.9809086641281102,0.9875019692275376,0.001199817077068578,7.280109889280518,2.1423273706214663,False,False,nnUNet,train
case_00294,29793,558,721,1474368,1505440,30514,30351,0.02026915718992454,0.9789862811139407,0.9588375386199794,0.9816151032914896,0.9763715016058203,0.0003783240650717392,6.708203932499369,1.8314850958247175,False,False,nnUNet,train
case_00295,6550,160,264,1246266,1253240,6814,6710,0.005437107018607769,0.9686483288967761,0.9392027530828793,0.9761549925484352,0.9612562371587907,0.0001283670270036087,3.1622776601683795,0.926266077051709,False,False,nnUNet,train
case_00296,35141,426,257,1217416,1253240,35398,35567,0.02824518847148192,0.9903755372366659,0.9809345690040197,0.9880226052239436,0.9927397028080682,0.000349799070815426,2.8284271247461903,0.9923220870334939,False,False,nnUNet,train
case_00297,68086,1433,1288,1434633,1505440,69374,69519,0.04608220852375385,0.9804093798823554,0.9615715960286413,0.9793869301917462,0.981433966615735,0.0009978650006336755,7.0710678118654755,1.98159699137626,False,False,nnUNet,train
case_00298,84827,874,895,1166644,1253240,85722,85701,0.06840030640579618,0.9896804979495167,0.9795718047022958,0.9898017526049872,0.9895592729987635,0.0007485965955128743,4.0,1.5007482982573574,False,False,nnUNet,train
case_00299,83954,928,773,1167585,1253240,84727,84882,0.06760636430372474,0.9899710510645072,0.9801412643745258,0.9890671756084918,0.9908765800748286,0.0007941717379267496,5.0,1.455455090210048,False,False,nnUNet,train
case_00300,29811,511,608,1474510,1505440,30419,30322,0.020206052715485173,0.9815775176569368,0.9638215324927255,0.9831475496339291,0.9800124921923797,0.00034643574566057026,4.123105625617661,1.4598387849225483,False,False,nnUNet,train
case_00301,143562,1534,1658,1358686,1505440,145220,145096,0.09646349240089276,0.9890050841152399,0.9782493151805062,0.9894276892540111,0.9885828398292247,0.0011277587449089119,5.830951894845301,2.052274151649053,False,False,nnUNet,train
case_00302,78606,1483,973,1424378,1505440,79579,80089,0.052860957593793174,0.9846180825212315,0.969702203251832,0.9814831000511931,0.987773156234685,0.0010400733311311551,5.0,1.8090501942880235,False,False,nnUNet,train
case_00303,103268,1550,971,1147451,1253240,104239,104818,0.08317560882193355,0.9879410878372884,0.9761695450377639,0.985212463508176,0.990684868427364,0.0013489979556153564,6.082762530298219,1.9724278176139833,False,False,nnUNet,train
case_00304,11053,541,645,1493201,1505440,11698,11594,0.007770485705175896,0.9490812296067319,0.9030966582237111,0.9533379334138348,0.9448623696358351,0.0003621776719138914,9.145672763672918,2.725872013792896,False,False,nnUNet,train
case_00305,9126,1252,159,1494903,1505440,9285,10378,0.006167632054415985,0.9282408584651376,0.8660909177185157,0.8793601850067451,0.982875605815832,0.0008368116939755574,12.111913654045228,3.3954561198398774,False,False,nnUNet,train
case_00306,31838,1071,622,1219709,1253240,32460,32909,0.02590086495802879,0.9741008735027307,0.9495094092034237,0.9674557112036221,0.9808379544054221,0.0008773079506544996,4.47213595499958,1.5056334586002036,False,False,nnUNet,train
case_00307,73002,1157,1356,1177725,1253240,74358,74159,0.059332609875203474,0.9830793781183299,0.9667218433423823,0.984398387249019,0.981763898975228,0.0009814383458225675,6.0,2.3985903979844356,False,False,nnUNet,train
case_00308,49713,1022,2022,1452683,1505440,51735,50735,0.034365368264427675,0.9702937445105885,0.9423014955361374,0.9798561151079137,0.9609162075964047,0.0007030312202269374,7.211102550927978,3.0570588371206258,False,False,nnUNet,train
case_00309,44173,1068,598,1459601,1505440,44771,45241,0.029739478159209267,0.9814913567079945,0.9636554026047689,0.9763930947591786,0.9866431395322866,0.0007311718123681683,4.47213595499958,1.8822254487491015,False,False,nnUNet,train
case_00310,173913,2778,1633,1074916,1253240,175546,176691,0.14007372889470493,0.9874771815567359,0.9752641259729481,0.9842776372310984,0.9906975949323824,0.0025777261448982737,7.0,2.473547170180405,False,False,nnUNet,train
case_00311,28043,416,659,1476322,1505440,28702,28459,0.019065522372196834,0.9811934710729343,0.9630812555807404,0.9853824800590323,0.9770399275311825,0.00028170196744446203,3.1622776601683795,1.4485930969520409,False,False,nnUNet,train
case_00312,35601,458,625,1216556,1253240,36226,36059,0.02890587596948709,0.9850176385142145,0.9704775924108603,0.987298593970992,0.9827471981449788,0.00037633092141914554,3.605551275463989,1.112494818979654,False,False,nnUNet,train
case_00313,42583,1622,1594,1459641,1505440,44177,44205,0.02934490912955681,0.963612500282863,0.9297801262036289,0.9633073181766768,0.9639178758177332,0.001109998679224753,9.0,3.2785201704304323,False,False,nnUNet,train
case_00314,59090,1102,1361,1443887,1505440,60451,60192,0.040155037729833136,0.9795843936241638,0.959985703377577,0.9816919191919192,0.9774858976691866,0.0007626355633157069,6.0,2.289517395339574,False,False,nnUNet,train
case_00315,9135,906,863,1494536,1505440,9998,10041,0.0066412477415240725,0.9117221418234442,0.8377659574468085,0.9097699432327457,0.9136827365473095,0.0006058409486961046,8.756201256373043,4.125888662115928,False,False,nnUNet,train
case_00316,10143,222,643,1494432,1505440,10786,10365,0.007164682750557976,0.9591035884828141,0.9214207848837209,0.9785817655571636,0.9403856851474133,0.0001485293586341722,6.479394161199479,2.0519882801562304,False,False,nnUNet,train
case_00317,42441,3567,694,1458738,1505440,43135,46008,0.028652752683600808,0.9522003971147482,0.9087619373902617,0.922470005216484,0.9839109771647154,0.002439299598920882,14.973213749463696,4.82326157816461,False,False,nnUNet,train
case_00318,20585,985,317,1483553,1505440,20902,21570,0.013884312891911998,0.9693445093237898,0.9405126330698588,0.9543347241539175,0.9848339871782604,0.0006635060874157482,4.242640687119285,1.6991135953769614,False,False,nnUNet,train
case_00319,43532,2201,379,1459328,1505440,43911,45733,0.02916821660112658,0.9712194904288073,0.9440492713393477,0.9518728270614217,0.9913689052856915,0.001505957117511866,8.246211251235321,3.006183858264385,False,False,nnUNet,train
case_00320,10770,802,416,1493452,1505440,11186,11572,0.007430385800828994,0.9464803585552333,0.8983983983983984,0.9306947805046665,0.9628106561773646,0.0005367226723167547,7.615773105863909,2.944149958737881,False,False,nnUNet,train
case_00321,15324,434,624,1489058,1505440,15948,15758,0.010593580614305452,0.9666309215921277,0.9354169210108656,0.9724584338113974,0.9608728367193379,0.00029137450889296483,6.0,2.059696201784355,False,False,nnUNet,train
case_00322,48253,2475,1473,1453239,1505440,49726,50728,0.03303087469444149,0.9606984291317419,0.92436926495661,0.9512103769121589,0.9703776696295701,0.0017001966045528175,10.04987562112089,3.6997300581054833,False,False,nnUNet,train
case_00323,159397,1371,2043,1342629,1505440,161440,160768,0.10723775108938251,0.9894043599165756,0.9790309008605069,0.9914721835191083,0.9873451437066403,0.0010200892857142856,5.830951894845301,1.968242626828707,False,False,nnUNet,train
case_00324,42336,1860,1737,1459507,1505440,44073,44196,0.029275826336486344,0.9592495666655337,0.921690288028215,0.9579147434156937,0.9605881151725546,0.0012727808962430382,10.0,3.5614570252186564,False,False,nnUNet,train
case_00325,71496,10887,1975,1421082,1505440,73471,82383,0.048803672016154744,0.917474046222747,0.8475307617534792,0.8678489494191763,0.973118645451947,0.007602818217433478,38.680484137470586,9.314837956352621,False,False,nnUNet,train
case_00326,9158,871,579,1494832,1505440,9737,10029,0.006467876501222234,0.9266417079834058,0.8633107088989442,0.9131518596071393,0.940536099414604,0.0005823348619344883,9.959797974644657,3.431150013396499,False,False,nnUNet,train
case_00327,167662,2772,1332,1333674,1505440,168994,170434,0.11225555319375066,0.9879090705539908,0.9761070293306009,0.9837356396024267,0.9921180633631963,0.002074157878432799,6.4031242374328485,2.219980290230379,False,False,nnUNet,train
case_00328,169136,1419,3043,1331842,1505440,172179,170555,0.11437121373153364,0.9869811573990325,0.974296938904826,0.9916801031925185,0.9823265322716476,0.0010643077386948243,7.0710678118654755,2.680965287377393,False,False,nnUNet,train
case_00329,28192,1052,1223,1474973,1505440,29415,29244,0.01953913805930492,0.9612165226137507,0.9253290445399941,0.9640268089180687,0.9584225735169132,0.0007127250554699277,7.0,2.835797765045836,False,False,nnUNet,train
case_00330,50248,870,408,1453914,1505440,50656,51118,0.03364863428632161,0.9874427653428184,0.9751969879284245,0.9829805547947885,0.9919456727732154,0.0005980269235845322,3.605551275463989,1.2981569460644597,False,False,nnUNet,train
case_00331,14994,752,624,1489070,1505440,15618,15746,0.010374375597831864,0.9561280448922331,0.9159437996334758,0.9522418391972565,0.9600461006530926,0.0005047582865604079,6.324555320336759,2.615332377214306,False,False,nnUNet,train
case_00332,80675,1906,8592,1414267,1505440,89267,82581,0.059296285471357214,0.9389111307667241,0.8848562622706284,0.976919630423463,0.9037494258796643,0.0013458807645676059,27.08495163120241,8.364092408112025,False,False,nnUNet,train
case_00333,38385,918,729,1465408,1505440,39114,39303,0.025981772770751407,0.9789969011821417,0.9588579136690647,0.9766430043508129,0.9813621721122872,0.0006260545062966898,4.0,7.914463453063215,False,False,nnUNet,train
case_00334,131117,1064,1350,1371909,1505440,132467,132181,0.08799221490062706,0.9908784498654817,0.981921800930121,0.9919504316051475,0.9898087825647143,0.0007749606146661296,4.123105625617661,1.8616819887585043,False,False,nnUNet,train
case_00335,28325,902,1126,1475087,1505440,29451,29227,0.019563051333829313,0.9654384948362248,0.9331861759957829,0.9691381257056831,0.9617670028182405,0.0006111156654961521,7.280109889280518,2.576451031861555,False,False,nnUNet,train
case_00336,69204,1207,1707,1433322,1505440,70911,70411,0.04710317249442023,0.9793804220149729,0.959593998724313,0.982857792106347,0.9759275711807759,0.0008413911465017438,5.830951894845301,2.3635214327928833,False,False,nnUNet,train
case_00337,46646,702,601,1457491,1505440,47247,47348,0.031384180040386865,0.9862254876050531,0.9728252935410541,0.9851736081777478,0.9872796156369716,0.0004814177547142251,3.1622776601683795,1.3834234826231717,False,False,nnUNet,train
case_00338,25668,1005,490,1478277,1505440,26158,26673,0.017375650972473164,0.9717022202873313,0.9449618966977138,0.9623214486559443,0.9812676810153681,0.0006793836469314167,5.385164807134504,1.9626298660464698,False,False,nnUNet,train
case_00339,88041,1272,978,1415149,1505440,89019,89313,0.05913154958018918,0.9873830832380055,0.9750805728145663,0.9857579523697558,0.9890135813702693,0.0008980380833099763,4.123105625617661,1.6008540472580695,False,False,nnUNet,train
case_00340,79546,1204,2907,1421783,1505440,82453,80750,0.054770034009990434,0.9748105120616656,0.9508588641715576,0.9850897832817338,0.9647435508714055,0.0008461075189021404,10.63014581273465,2.868355175530413,False,False,nnUNet,train
case_00341,20604,655,275,1483906,1505440,20879,21259,0.013869034966521416,0.9779296596895913,0.9568124825856784,0.9691895197328191,0.986828871114517,0.0004412078722262002,3.0,1.4126728685317071,False,False,nnUNet,train
case_00342,19682,356,805,1484597,1505440,20487,20038,0.013608645977255819,0.9713510178901913,0.944297845799549,0.9822337558638586,0.960706789671499,0.00023973822740517713,4.242640687119285,1.5518607271772966,False,False,nnUNet,train
case_00343,54324,1108,1228,1448780,1505440,55552,55432,0.036900839621638856,0.9789519209976213,0.9587716201906107,0.980011545677587,0.9778945852534562,0.0007641969586616345,9.219544457292887,2.354814139141614,False,False,nnUNet,train
case_00344,19798,591,381,1484670,1505440,20179,20389,0.013404054628547137,0.9760402287517255,0.9532017332691382,0.9710137819412429,0.9811189850835027,0.00039790986230702884,4.0,1.4663445550304839,False,False,nnUNet,train
case_00345,9025,219,321,1495875,1505440,9346,9244,0.006208151769582315,0.9709521247982786,0.9435441714584423,0.976308957161402,0.9656537556173764,0.00014638117658382428,4.123105625617661,1.208122517868016,False,False,nnUNet,train
case_00346,32943,291,271,1219735,1253240,33214,33234,0.02650250550572915,0.991542258608235,0.9832263841217729,0.9912439068423903,0.9918407900283013,0.00023851950696132706,2.0,0.7634601458203789,False,False,nnUNet,train
case_00347,46402,855,972,1457211,1505440,47374,47257,0.03146854075884791,0.9806934302712642,0.9621182276223849,0.9819074422836829,0.9794824165153881,0.0005863932085378851,5.0,2.021958193063831,False,False,nnUNet,train
case_00348,63157,832,447,1441004,1505440,63604,63989,0.04224944202359443,0.9899759391189172,0.9801508473524116,0.9869977652409008,0.9929721401169738,0.0005770420491650923,3.0,1.2690486657954856,False,False,nnUNet,train
case_00349,98692,780,1149,1404819,1505440,99841,99472,0.06632014560527155,0.9903217552292124,0.9808290515896284,0.9921585973942416,0.9884917018058713,0.0005549235592797093,3.1622776601683795,1.3390874692516215,False,False,nnUNet,train
case_00350,7498,182,310,1497450,1505440,7808,7680,0.005186523541290254,0.9682334710743802,0.9384230287859825,0.9763020833333333,0.960297131147541,0.00012152518108587423,4.0,1.4259752227964162,False,False,nnUNet,train
case_00351,18120,502,371,1486447,1505440,18491,18622,0.012282787756403443,0.976477245170156,0.9540356973621861,0.9730426377403072,0.9799361851711643,0.000337604046944448,4.123105625617661,1.4457952257654438,False,False,nnUNet,train
case_00352,55610,616,840,1196174,1253240,56450,56226,0.045043247901439466,0.9870779935389967,0.9744856832439631,0.9890442144203749,0.9851195748449956,0.0005147101830730537,5.0,1.7770927274536412,False,False,nnUNet,train
case_00353,103249,746,1161,1400284,1505440,104410,103995,0.06935513869699224,0.9908495477555721,0.9818650386093043,0.992826578200875,0.9888803754429653,0.0005324654004553792,4.0,1.4254743401864485,False,False,nnUNet,train
case_00354,87246,1438,1125,1415631,1505440,88371,88684,0.05870111063875013,0.9855242721188331,0.9714616575176207,0.9837851247124623,0.987269579386903,0.0010147706286708692,7.615773105863909,2.31038835999994,False,False,nnUNet,train
case_00355,31109,982,619,1472730,1505440,31728,32091,0.02107556594749708,0.9749134270358357,0.9510547233261999,0.9693995201146739,0.9804904185577408,0.0006663445775022529,6.348125995465582,2.1055910498168093,False,False,nnUNet,train
case_00356,43591,974,551,1460324,1505440,44142,44565,0.029321660112658094,0.982808572040538,0.9661982445252238,0.9781442836306519,0.9875175569752164,0.0006665307144743919,4.0,1.8017156741825098,False,False,nnUNet,train
case_00357,10707,448,339,1493946,1505440,11046,11155,0.007337389733234137,0.9645511463447592,0.9315294936488603,0.9598386373823398,0.9693101575230852,0.0002997870708795672,3.605551275463989,1.4268532968567325,False,False,nnUNet,train
case_00358,93683,1372,928,1409457,1505440,94611,95055,0.062846078222978,0.987873419590227,0.9760374232937082,0.985566251117774,0.9901914153745336,0.0009724778835705815,4.0,1.731109503506684,False,False,nnUNet,train
case_00359,31755,690,681,1472314,1505440,32436,32445,0.021545860346476778,0.9788690063346742,0.9586125701865604,0.9787332408691632,0.9790048094709582,0.0004684304998492876,7.0,1.746670977484716,False,False,nnUNet,train
case_00360,14294,406,380,1490360,1505440,14674,14700,0.009747316399192263,0.9732416422686729,0.9478779840848807,0.9723809523809523,0.974103857162328,0.0002723432114765161,4.0,1.5889557244810695,False,False,nnUNet,train
case_00361,15677,411,368,1488984,1505440,16045,16088,0.010658013603996173,0.9757570099274889,0.9526616431696645,0.9744530084535057,0.9770645060766594,0.0002759509733818094,4.47213595499958,1.467107449240913,False,False,nnUNet,train
case_00362,25958,1036,371,1478075,1505440,26329,26994,0.017489239026464022,0.9736136376422931,0.9485839576100858,0.9616211009854042,0.9859090736450302,0.0007004207256926626,5.0,1.8607265201392091,False,False,nnUNet,train
case_00363,101017,2099,1387,1400937,1505440,102404,103116,0.0680226378998831,0.9830381471389645,0.9666421059682497,0.979644284107219,0.9864556072028436,0.0014960414415595893,7.0710678118654755,2.2827362715460695,False,False,nnUNet,train
case_00364,55317,624,1041,1448458,1505440,56358,55941,0.03743623126793496,0.9851735100045415,0.970780246393598,0.9888453906794659,0.9815287980410944,0.00043061745298057666,4.04308696896617,1.6405705599328058,False,False,nnUNet,train
case_00365,30719,427,438,1473856,1505440,31157,31146,0.0206962748432352,0.9861162383833845,0.9726127152988855,0.9862903743658897,0.985942163879706,0.0002896323161835279,3.0,1.009821892007413,False,False,nnUNet,train
case_00366,29274,481,480,1475205,1505440,29754,29755,0.019764321394409607,0.9838511821741249,0.9682156441210518,0.9838346496387161,0.9838677152651745,0.0003259501004956339,3.1622776601683795,1.3107538313130924,False,False,nnUNet,train
case_00367,74528,751,1201,1428960,1505440,75729,75279,0.050303565734934635,0.987073532528078,0.9744769874476987,0.990023778211719,0.9841408179165181,0.000525280983359574,4.242640687119285,1.5600133503529445,False,False,nnUNet,train
case_00368,24232,856,392,1479960,1505440,24624,25088,0.016356679774683813,0.9748953974895398,0.9510204081632653,0.9658801020408163,0.9840805717998701,0.0005780596644012491,5.385164807134504,1.987646194459816,False,False,nnUNet,train
case_00369,37811,962,753,1256832,1296358,38564,38773,0.029747955425893157,0.9778243272948265,0.9566108384354602,0.9751889201248292,0.9804740172181309,0.0007648311249695896,11.704699910719626,6.443047907270069,False,False,nnUNet,train
case_00370,104081,777,1651,1398931,1505440,105732,104858,0.07023328727813795,0.9884704876774776,0.9772038043733393,0.992589978828511,0.9843850489917906,0.0005551157812915265,5.385164807134504,1.5984019745944975,False,False,nnUNet,train
case_00371,6794,288,320,1498038,1505440,7114,7082,0.004725528749070039,0.957171034094111,0.9178600378276142,0.9593335216040666,0.955018273826258,0.0001922145113947165,5.0,1.5874669702619766,False,False,nnUNet,train
case_00372,47879,511,325,1456725,1505440,48204,48390,0.032019874588160274,0.9913452181294904,0.9828389613055527,0.9894399669353172,0.9932578209277239,0.0003506638595258421,2.8284271247461903,0.941375953895925,False,False,nnUNet,train
case_00373,26847,334,551,1477708,1505440,27398,27181,0.01819933042831332,0.9837849722420712,0.9680874080484638,0.9877120047091719,0.9798890429958391,0.0002259746340090471,3.605551275463989,1.3362505258594108,False,False,nnUNet,train
case_00374,58323,934,1436,1444747,1505440,59759,59257,0.03969537145286428,0.9800867110304496,0.960951015767881,0.9842381490794336,0.9759701467561371,0.0006460623055847037,4.0,1.4276843081781303,False,False,nnUNet,train
case_00375,22756,375,801,1481508,1505440,23557,23131,0.015647916888085873,0.9748115147361206,0.9508607721878656,0.983787990143098,0.9659973680859193,0.00025305641538502026,5.0,1.6676176480391023,False,False,nnUNet,train
case_00376,14578,238,334,1238090,1253240,14912,14816,0.011898758418180078,0.9807588805166846,0.9622442244224423,0.9839362850971922,0.9776019313304721,0.00019219463663908108,2.8284271247461903,0.9333265782997624,False,False,nnUNet,train
case_00377,134381,899,978,1116982,1253240,135359,135280,0.10800724522038875,0.9930645620180388,0.9862246620381923,0.9933545239503252,0.9927747693171493,0.0008042000892760499,3.1622776601683795,1.1425566493973618,False,False,nnUNet,train
case_00378,9120,348,149,1243623,1253240,9269,9468,0.007396029491557882,0.9734749426268879,0.9483206821254029,0.9632446134347274,0.9839249109936347,0.00027974928675990037,2.8284271247461903,1.0466983640209702,False,False,nnUNet,train
case_00379,38586,442,597,1213615,1253240,39183,39028,0.03126536018639686,0.9867154236616332,0.9737791798107256,0.9886747975812238,0.9847638006278233,0.0003640685733865873,4.123105625617661,1.2822603319318753,False,False,nnUNet,train
case_00380,130474,2285,1576,1371105,1505440,132050,132759,0.08771521947071953,0.9854196798447182,0.9712584211114006,0.9827883608644234,0.9880651268458918,0.0016637663009050597,19.799930062302746,4.1992286080426435,False,False,nnUNet,train
case_00381,70986,862,1146,1432446,1505440,72132,71848,0.047914231055372514,0.9860536185581331,0.972490889662164,0.9880024496158557,0.9841124604891033,0.0006014059783382218,7.615773105863909,2.037244607745566,False,False,nnUNet,train
case_00382,45853,194,3486,1455907,1505440,49339,46047,0.03277380699330428,0.9614199148722035,0.9257060949266146,0.9957869133711208,0.9293459535053405,0.00013323251615100876,12.033275663033836,3.877905411703878,False,False,nnUNet,train
case_00383,18205,334,197,1486704,1505440,18402,18539,0.012223668827718142,0.9856257275114372,0.9716588385994877,0.9819839257780895,0.9892946418867514,0.00022460757559658866,3.0,0.9902749080186832,False,False,nnUNet,train
case_00384,218176,1809,1360,1284095,1505440,219536,219985,0.14582846211074504,0.99278987807181,0.9856829835776728,0.9917767120485488,0.9938051162451716,0.001406792419962921,4.0,1.5083593313120232,False,False,nnUNet,train
case_00385,76101,710,610,1428019,1505440,76711,76811,0.050955866723349987,0.9914018837691015,0.982950362304801,0.9907565322675138,0.9920480765470402,0.0004969451869458798,2.8284271247461903,1.980305713460472,False,False,nnUNet,train
case_00386,45566,407,457,1459010,1505440,46023,45973,0.03057112870655755,0.9906082873168398,0.9813913418048675,0.9911469775737933,0.9900701823001543,0.00027887848366847857,2.0,0.9081001843509603,False,False,nnUNet,train
case_00387,24193,346,351,1480550,1505440,24544,24539,0.01630353916462961,0.9857995640038303,0.9719967858577742,0.9858999959248543,0.9856991525423728,0.00023364233545097022,3.0,1.0456038314300469,False,False,nnUNet,train
case_00388,106452,1155,983,1396850,1505440,107435,107607,0.07136451801466681,0.990057756159262,0.9803112625471959,0.9892664975326884,0.9908502815655978,0.0008261773026562852,4.47213595499958,1.5259769751737067,False,False,nnUNet,train
case_00389,63775,574,537,1440554,1505440,64312,64349,0.04271973642257413,0.9913649046719675,0.9828776623616805,0.9910798924614214,0.9916500808558278,0.00039829911014150027,3.0,1.1264142388922171,False,False,nnUNet,train
case_00390,24270,211,211,1480748,1505440,24481,24481,0.016261690934211925,0.99138107103468,0.9829094443544468,0.99138107103468,0.99138107103468,0.00014247524745789723,2.0,0.6914571120195027,False,False,nnUNet,train
case_00391,102924,1260,1511,1399745,1505440,104435,104184,0.06937174513763418,0.9867174130831804,0.9737830550167936,0.98790601243953,0.9855316704170058,0.0008993543920257244,5.0990195135927845,1.7989950590121007,False,False,nnUNet,train
case_00392,130335,994,1051,1373060,1505440,131386,131329,0.08727415240726964,0.9922158993586205,0.9845520471370298,0.992431222349976,0.9920006697821686,0.0007234067947839022,3.605551275463989,1.764911007894598,False,False,nnUNet,train
case_00393,134381,899,978,1116982,1253240,135359,135280,0.10800724522038875,0.9930645620180388,0.9862246620381923,0.9933545239503252,0.9927747693171493,0.0008042000892760499,3.1622776601683795,1.1425566493973618,False,False,nnUNet,train
case_00394,82417,872,991,1168960,1253240,83408,83289,0.06655389231112956,0.9888240340258073,0.9778951115329853,0.9895304301888604,0.9881186456934586,0.0007454061779811118,4.0,1.5303617240248215,False,False,nnUNet,train
case_00395,127953,916,1057,1123314,1253240,129010,128869,0.10294117647058823,0.992349124977218,0.9848144328309961,0.992892006611365,0.9918068366793272,0.0008147798937939746,3.0,1.3466018594768998,False,False,nnUNet,train
case_00396,128482,1063,1248,1122447,1253240,129730,129545,0.10351568733841882,0.9910866840227558,0.9823308586850978,0.9917943571731831,0.990380020041625,0.000946142001406307,5.0,1.5414944013137541,False,False,nnUNet,train
case_00397,55225,796,361,1196858,1253240,55586,56021,0.04435383486004277,0.9896332667305814,0.9794792664325493,0.9857910426447225,0.9935055589536934,0.0006646326902427579,2.23606797749979,1.0427875155513902,False,False,nnUNet,train
case_00398,138809,696,1565,1112170,1253240,140374,139505,0.11200887300118094,0.991921508937791,0.9839724959240094,0.9950109315078313,0.9888512117628621,0.0006254122239335194,4.0,1.485859347489812,False,False,nnUNet,train
case_00399,120187,426,704,1131923,1253240,120891,120613,0.09646276850403754,0.9953209884722406,0.9906855593197985,0.9964680424166549,0.9941765722841237,0.0003762091016108991,2.23606797749979,0.8615752519864635,False,False,nnUNet,train
case_00400,72445,391,664,1179740,1253240,73109,72836,0.05833599310586959,0.9927712494432834,0.9856462585034014,0.994631775495634,0.9909176708749948,0.00033131915016214303,2.23606797749979,0.9876336884905594,False,False,nnUNet,train
case_00401,69366,284,542,1183048,1253240,69908,69650,0.05578181353930612,0.9940813138623368,0.9882322771825849,0.9959224694903087,0.9922469531384105,0.00024000027042283992,2.0,0.8413943095145392,False,False,nnUNet,train
case_00402,121515,631,1307,1129787,1253240,122822,122146,0.09800357473428872,0.9920887626138924,0.9843017180627446,0.9948340510536571,0.9893585839670417,0.0005582005948242155,3.605551275463989,1.4333131195654947,False,False,nnUNet,train
case_00403,186438,1391,1460,1063951,1253240,187898,187829,0.14992978200504292,0.9924120438509876,0.9849383746546286,0.9925943278194528,0.9922298268209347,0.001305683996312921,4.0,1.645293536283282,False,False,nnUNet,train
case_00404,32299,745,627,1219569,1253240,32926,33044,0.026272701158596916,0.9792026678793391,0.959252769445517,0.9774543033531049,0.9809572981838061,0.0006104986093743086,5.0,1.8241248947858024,False,False,nnUNet,train
case_00405,74561,591,606,1177482,1253240,75167,75152,0.059978136669752005,0.9920369347853565,0.9841996884817446,0.9921359378326592,0.9919379514946719,0.0005016667048646391,3.0,1.1212291260743483,False,False,nnUNet,train
case_00406,57613,723,1598,1193306,1253240,59211,58336,0.04724633749321758,0.9802547066279871,0.9612740681416224,0.9876062808557323,0.9730117714613838,0.0006055129314279636,9.041538853603063,2.0456342617762404,False,False,nnUNet,train
case_00407,90576,930,484,1161250,1253240,91060,91506,0.07265966614535124,0.9922548557781843,0.9846287639960866,0.9898367320175726,0.9946848231934988,0.0008002202756887917,3.0,1.236144691126977,False,False,nnUNet,train
case_00408,32463,326,390,1220061,1253240,32853,32789,0.026214452140052982,0.9890923494104384,0.97842008499352,0.9900576412821374,0.98812893799653,0.0002671283781292328,3.0,1.0437589108742868,False,False,nnUNet,train
case_00409,35126,242,568,1217304,1253240,35694,35368,0.02848137627270116,0.9886015029129492,0.977459928762244,0.9931576566387695,0.9840869613940718,0.00019876045751043492,3.1622776601683795,1.0750068424896153,False,False,nnUNet,train
case_00410,4511,81,149,1248499,1253240,4660,4592,0.0037183620056812743,0.9751405101599654,0.9514870280531533,0.9823606271777003,0.9680257510729614,6.487369651924586e-05,2.23606797749979,0.861619667698042,False,False,nnUNet,train
case_00411,81174,1406,773,1169887,1253240,81947,82580,0.06538811400849,0.9867559731837328,0.9738581694720047,0.9829740857350449,0.9905670738404091,0.0012003828247927717,4.242640687119285,1.6617931710911307,False,False,nnUNet,train
case_00412,88134,582,1073,1163451,1253240,89207,88716,0.07118109859244838,0.9906982233887693,0.981567898072147,0.9934397402948735,0.9879717959352966,0.0004999858251441325,3.605551275463989,1.3925413646226268,False,False,nnUNet,train
case_00413,110172,699,790,1141579,1253240,110962,110871,0.08854010405030162,0.99328774348271,0.9866649949400418,0.9936953757069026,0.9928804455579388,0.0006119350981109678,2.8284271247461903,1.1542583364920134,False,False,nnUNet,train
case_00414,76555,518,979,1175188,1253240,77534,77073,0.061866841147745044,0.9903173853706495,0.9808204786552555,0.9932790990359789,0.9873732813991282,0.0004405863370604556,4.47213595499958,1.3845181821157968,False,False,nnUNet,train
case_00415,100927,1358,1204,1149751,1253240,102131,102285,0.08149356867000734,0.9874667345021916,0.9752437457121047,0.986723370973261,0.9882112189247143,0.0011797318933306925,4.0,1.499749310869825,False,False,nnUNet,train
case_00416,64552,620,691,1187377,1253240,65243,65172,0.05205946187482047,0.9899474753670974,0.9800950457768398,0.9904867120849444,0.9894088254678662,0.0005218868397815819,3.0,1.23250434347918,False,False,nnUNet,train
case_00417,59245,352,761,1192882,1253240,60006,59597,0.04788069324311385,0.9906942133558523,0.9815600251830743,0.9940936624326728,0.9873179348731793,0.0002949966226238944,2.8284271247461903,1.0578547215402971,False,False,nnUNet,train
case_00418,31983,262,470,1220525,1253240,32453,32245,0.025895279435702658,0.9886858944635074,0.9776249426868409,0.9918747092572492,0.985517517640896,0.00021461565367258988,3.0,1.0840784515123805,False,False,nnUNet,train
case_00419,47387,610,920,1204323,1253240,48307,47997,0.03854568957262775,0.9841128094367835,0.9687225299997956,0.9872908723461883,0.9809551410768625,0.00050625221485344,4.47213595499958,1.4236885728672837,False,False,nnUNet,train
case_00420,34916,966,454,1216904,1253240,35370,35882,0.028222846382177397,0.9800707348565655,0.960920299427565,0.9730784237222005,0.9871642635001414,0.0007931881071050277,7.280109889280518,2.022041249442157,False,False,nnUNet,train
case_00421,26344,244,387,1226265,1253240,26731,26588,0.021329513899971276,0.9881655694968022,0.9766079703429101,0.9908229276365278,0.9855224271445139,0.00019893861357723425,2.23606797749979,0.8620035174900956,False,False,nnUNet,train
case_00422,46356,515,523,1205846,1253240,46879,46871,0.03740624301809709,0.988928,0.9780984934801874,0.9890123957244351,0.9888436186778728,0.000426903721191252,3.605551275463989,1.2736660987356003,False,False,nnUNet,train
case_00423,193986,910,1423,1056921,1253240,195409,194896,0.15592304746098112,0.9940226233330344,0.9881162801359012,0.9953308431163287,0.9927178379706155,0.0008602508340179102,3.605551275463989,1.3288718825651975,False,False,nnUNet,train
case_00424,58279,628,1065,1193268,1253240,59344,58907,0.04735246241741406,0.9856829963382974,0.9717701594077236,0.9893391277776835,0.9820537880830412,0.0005260089656050443,5.0,1.6457415407315896,False,False,nnUNet,train
case_00425,31012,295,468,1221465,1253240,31480,31307,0.025118891832370496,0.9878478028891331,0.9759874114870181,0.990577187210528,0.985133418043202,0.00024145495023572552,3.1622776601683795,0.9600408504301831,False,False,nnUNet,train
case_00426,107789,728,812,1143911,1253240,108601,108517,0.08665618716287384,0.9929070827844766,0.9859140758627628,0.9932913737018163,0.9925230891059935,0.0006360083834291859,3.605551275463989,1.2452092089585924,False,False,nnUNet,train
case_00427,236511,1516,1052,1014161,1253240,237563,238027,0.18955906290894003,0.9946003910931684,0.989258780570439,0.9936309746373311,0.9955717009803715,0.0014926005019312242,3.0,1.3019045503075022,False,False,nnUNet,train
case_00428,119099,667,1118,1132356,1253240,120217,119766,0.09592496249720724,0.992561973139764,0.9852337778366037,0.9944308067398093,0.9907001505610687,0.0005886906091050226,3.1622776601683795,1.064846812787198,False,False,nnUNet,train
case_00429,54240,415,744,1197841,1253240,54984,54655,0.04387347993999553,0.9894289440801175,0.9790790447481001,0.9924069161101454,0.9864687909209952,0.0003463366759690751,4.0,1.2676565142352743,False,False,nnUNet,train
case_00430,103332,830,1214,1147864,1253240,104546,104162,0.08342057387252243,0.9902064127872434,0.980602793805041,0.9920316430176072,0.9883878866718956,0.0007225597069367473,4.47213595499958,1.6338586261027328,False,False,nnUNet,train
case_00431,16513,547,404,1235776,1253240,16917,17060,0.013498611598736075,0.972010477676075,0.9455451213925791,0.9679366940211019,0.9761186971685287,0.0004424410125832812,4.242640687119285,1.666740012158531,False,False,nnUNet,train
case_00432,90198,1086,956,1161000,1253240,91154,91284,0.07273467173087357,0.9888071564038193,0.9778620988725065,0.9881030629683186,0.989512253987757,0.0009345263603554298,5.0,1.5409865987237057,False,False,nnUNet,train
case_00433,18556,273,430,1233981,1253240,18986,18829,0.015149532411988126,0.9814094935872009,0.9634975855444208,0.9855010887460832,0.9773517328557885,0.00022118623881308062,3.0,0.9421513282806687,False,False,nnUNet,train
case_00434,105537,601,984,1146118,1253240,106521,106138,0.08499648910025215,0.9925467532528602,0.9852037863370736,0.9943375605343986,0.9907623848818543,0.0005241039871145415,4.0,1.2083246040692868,False,False,nnUNet,train
case_00435,87474,582,1054,1416330,1505440,88528,88056,0.05880539908598151,0.9907352874552621,0.9816406688362698,0.9933905696375034,0.9880941622989337,0.0004107523967614079,3.605551275463989,1.390207741242912,False,False,nnUNet,train
case_00436,20136,596,173,1484535,1505440,20309,20732,0.013490408119885217,0.9812626397992251,0.963214541975604,0.9712521705575922,0.9914816091388055,0.000401311399465771,6.708203932499369,1.3933193661721028,False,False,nnUNet,train
case_00437,52550,711,842,1451337,1505440,53392,53261,0.03546604315017536,0.9854387593410405,0.9712954919320556,0.9866506449371961,0.9842298471681151,0.0004896532346038147,3.1622776601683795,1.3222209999113657,False,False,nnUNet,train
case_00438,175997,1513,1270,1074460,1253240,177267,177510,0.14144696945517218,0.9921556357937521,0.9844333818100459,0.991476536533153,0.992835665972798,0.0014061691139089921,4.123105625617661,1.4824476039929422,False,False,nnUNet,train
case_00439,28937,817,460,1223026,1253240,29397,29754,0.023456799974466185,0.9784111849334753,0.957734824915602,0.9725415070242657,0.9843521447766779,0.0006675692878906854,5.0,1.7216688310184225,False,False,nnUNet,train
case_00440,70040,1053,801,1181346,1253240,70841,71093,0.05652628387220325,0.9869375907111756,0.9742120343839542,0.9851884151744897,0.9886929885235951,0.0008905623228707061,4.242640687119285,1.5784906750279808,False,False,nnUNet,train
case_00441,13255,272,331,1239382,1253240,13586,13527,0.010840700903258753,0.9777597462471876,0.9564872275941695,0.979892067716419,0.9756366848226116,0.0002194160628691554,3.605551275463989,1.343822514284156,False,False,nnUNet,train
case_00442,85785,962,874,1165619,1253240,86659,86747,0.06914796846573681,0.9894121310681291,0.9790461190810422,0.9889102793180168,0.9899144924358694,0.000824631980119683,5.0,1.6335124825997198,False,False,nnUNet,train
case_00443,43851,272,797,1208320,1253240,44648,44123,0.03562605725958316,0.9879577790044046,0.9762021371326803,0.9938354146363575,0.9821492564056621,0.00022505527092683055,3.0,1.2169371947017316,False,False,nnUNet,train
case_00444,86085,807,876,1165472,1253240,86961,86892,0.0693889438575213,0.9903194077755345,0.9808244462674324,0.9907126087556968,0.9899265187842826,0.0006919442088899826,4.0,1.4300318276408053,False,False,nnUNet,train
case_00445,112790,1400,976,1138074,1253240,113766,114190,0.09077750470779739,0.9895769358999105,0.9793689109633051,0.9877397320255714,0.991420986938101,0.0012286370728950375,4.47213595499958,1.7626495021358342,False,False,nnUNet,train
case_00446,130657,2213,1939,1118431,1253240,132596,132870,0.10580255976508889,0.9843595790044676,0.9692008693781572,0.9833446225634078,0.9853766327792693,0.001974757371654156,11.0,2.8369016119740365,False,False,nnUNet,train
case_00447,61445,1136,1114,1189545,1253240,62559,62581,0.04991781302862979,0.9820201374460604,0.9646754062328283,0.9818475256068135,0.9821928099873719,0.0009540758607889099,5.0,1.8968762138828743,False,False,nnUNet,train
case_00448,21695,493,612,1230440,1253240,22307,22188,0.017799463789856692,0.9751657489605574,0.9515350877192983,0.9777807824049035,0.9725646657999731,0.00040050920724361117,19.53176493569637,7.799788038227618,False,False,nnUNet,train
case_00449,41694,454,433,1210659,1253240,42127,42148,0.03361447129041524,0.9894749332542272,0.9791691129846645,0.9892284331403626,0.9897215562465878,0.00037486180067425583,2.23606797749979,1.0995250557627747,False,False,nnUNet,train
case_00450,120938,992,1048,1130262,1253240,121986,121930,0.09733650378219655,0.9916364650125453,0.9834116671274536,0.99186418436808,0.9914088501959242,0.000876902976696657,3.605551275463989,1.4997895983109744,False,False,nnUNet,train
case_00451,64352,1298,1276,1186314,1253240,65628,65650,0.05236666560275765,0.9803927543076525,0.9615396109135463,0.9802284843869002,0.9805570792954227,0.0010929495491793617,5.0,1.7708349947588649,False,False,nnUNet,train
case_00452,119698,2350,1788,1129404,1253240,121486,122048,0.09693753790175864,0.9830085326894807,0.9665848380115637,0.9807452805453593,0.9852822547454028,0.002076422968242215,11.583858928080787,2.9510702352548477,False,False,nnUNet,train
case_00453,127000,1123,634,1124483,1253240,127634,128123,0.10184322236762312,0.9931301978049477,0.986354139969089,0.9912349851314752,0.9950326715451996,0.0009976848026751813,3.1622776601683795,1.311319774234368,False,False,nnUNet,train
case_00454,41999,2163,610,1208468,1253240,42609,44162,0.033999074399157385,0.9680423182860634,0.9380639685517734,0.9510212399800734,0.9856837757281326,0.0017866715787056501,13.601470508735444,2.648004311535788,False,False,nnUNet,train
case_00455,67359,551,795,1184535,1253240,68154,67910,0.05438224123072995,0.9901075964252116,0.9804089949785314,0.9918863201295832,0.9883352407782375,0.0004649451600980857,3.605551275463989,1.1690609328134731,False,False,nnUNet,train
case_00456,117639,1674,1031,1132896,1253240,118670,119313,0.09469056206313237,0.9886336418987911,0.9775227680648807,0.985969676397375,0.9913120417965787,0.001475448848462413,5.830951894845301,1.7629827291588247,False,False,nnUNet,train
case_00457,46809,1183,1188,1204060,1253240,47997,47992,0.03829833072675625,0.9752992530394108,0.9517893452623017,0.9753500583430572,0.9752484530283143,0.0009815448005091089,6.324555320336759,1.8716758504015767,False,False,nnUNet,train
case_00458,77064,1330,1227,1173619,1253240,78291,78394,0.06247087549072803,0.9836806331174012,0.9678853568782105,0.983034415899176,0.9843277005019734,0.0011319640256726036,6.4031242374328485,2.1121985390451155,False,False,nnUNet,train
case_00459,68887,483,573,1183297,1253240,69460,69370,0.055424340110433755,0.9923935748757473,0.9849019916217492,0.993037336024218,0.9917506478548805,0.00040801500278768015,4.242640687119285,1.6618279309595674,False,False,nnUNet,train
case_00460,180254,978,694,1071314,1253240,180948,181232,0.14438415626695605,0.9953835109614004,0.9908094499961523,0.9946036020128896,0.9961646439861176,0.0009120649972209062,2.8284271247461903,0.9967500578611257,False,False,nnUNet,train
case_00461,64369,621,1038,1187212,1253240,65407,64990,0.0521903226836041,0.9872773146621472,0.9748742957533167,0.9904446837975073,0.9841301389759506,0.0005228007640804726,5.0,1.638073187202388,False,False,nnUNet,train
case_00462,109244,1058,1525,1141413,1253240,110769,110302,0.08838610322045258,0.988315970887181,0.9769018215636653,0.9904081521640586,0.9862326102068268,0.0009260628935001413,5.0,1.7136663810863721,False,False,nnUNet,train
case_00463,181238,2040,1306,1068656,1253240,182544,183278,0.14565765535731384,0.9908534751873862,0.9818727517011225,0.9888693678455679,0.9928455605223946,0.0019053027189790566,6.016552506059629,1.8708680568371552,False,False,nnUNet,train
case_00464,28431,763,677,1223369,1253240,29108,29194,0.023226197695573075,0.9753010188329732,0.9517927086471829,0.9738644927039802,0.9767417891988457,0.0006232987945744413,5.0,2.546297054106622,False,False,nnUNet,train
case_00465,53109,580,398,1199153,1253240,53507,53689,0.04269493472918196,0.9908765252434792,0.981918020966221,0.9891970422246643,0.9925617208963313,0.000483440898933346,3.0,1.0949461125524658,False,False,nnUNet,train
case_00466,154181,1214,2628,1095217,1253240,156809,155395,0.12512288149117487,0.987693943703476,0.9756870835258159,0.9921876508253161,0.9832407578646634,0.0011072288178645077,10.133033563444096,2.3468840110939295,False,False,nnUNet,train
case_00467,96093,1571,1449,1154127,1253240,97542,97664,0.07783185981934825,0.9845291640625801,0.9695297286935114,0.9839142365661862,0.9851448606754014,0.0013593516645351987,6.0,1.7593115177099843,False,False,nnUNet,train
case_00468,73319,1077,749,1178095,1253240,74068,74396,0.05910120966454949,0.9877007220605669,0.9757003127287245,0.9855234152373784,0.9898876707890047,0.0009133527593938798,5.0,1.7419719570194754,False,False,nnUNet,train
case_00469,148720,3277,2073,1099170,1253240,150793,151997,0.120322524017746,0.9823309884738598,0.9652755241124165,0.9784403639545517,0.9862526775115555,0.0029724784955648662,10.0,3.423993435816124,False,False,nnUNet,train
case_00470,139660,1390,885,1111305,1253240,140545,141050,0.1121453193322907,0.9919210213249525,0.9839715362666009,0.9901453385324354,0.9937030844213597,0.0012492192379762648,7.810249675906654,1.5692668830612206,False,False,nnUNet,train
case_00471,60865,2088,1126,1189161,1253240,61991,62953,0.04946458778845233,0.9742764758611858,0.9498431623464786,0.9668323987736883,0.9818360729783355,0.001752782163930463,9.682907133900265,2.6015858813847945,False,False,nnUNet,train
case_00472,60085,1170,746,1191239,1253240,60831,61255,0.048538986945836395,0.9843061448487131,0.9690972726246351,0.9808995184066607,0.9877365159211586,0.0009812069516415929,5.0,1.4750220789543738,False,False,nnUNet,train
case_00473,36141,673,580,1215846,1253240,36721,36814,0.029300852191120615,0.9829604950023798,0.966491950580307,0.9817189112837508,0.9842052231693037,0.0005532178289036176,4.123105625617661,1.554942144844999,False,False,nnUNet,train
case_00474,33527,909,914,1217890,1253240,34441,34436,0.027481567776323768,0.9735325290009728,0.9484299858557285,0.9736032059472645,0.9734618623152638,0.0007458161682114934,10.935828839237164,3.026138701185115,False,False,nnUNet,train
case_00475,3663,204,254,1249119,1253240,3917,3867,0.0031254987073505475,0.9411613566289825,0.8888619267168163,0.9472459270752521,0.9351544549400052,0.00016328843701748867,4.242640687119285,1.5908036096997058,False,False,nnUNet,train
case_00476,41621,737,674,1210208,1253240,42295,42358,0.03374852382624238,0.9833319551581161,0.9672104480386688,0.982600689362104,0.9840643102021516,0.0006086155853486327,4.0,1.3042552834172985,False,False,nnUNet,train
case_00477,26796,1820,754,1223870,1253240,27550,28616,0.021983020012128564,0.954171562867215,0.9123595505617977,0.9363992172211351,0.9726315789473684,0.0014848779055062862,8.0,2.929707297969506,False,False,nnUNet,train
case_00478,123153,3158,1822,1125107,1253240,124975,126311,0.09972152181545434,0.9801819440796543,0.9611341340638243,0.9749982186824584,0.9854210842168434,0.002798987826441483,8.09904844888587,2.469460296854558,False,False,nnUNet,train
case_00479,59727,573,1696,1191244,1253240,61423,60300,0.04901136254827487,0.9813593158236323,0.9634008645719079,0.9904975124378109,0.9723881933477687,0.00048077850878113,7.0710678118654755,2.1774030026482603,False,False,nnUNet,train
case_00480,101096,1914,2272,1147958,1253240,103368,103010,0.08248061025821071,0.9797168302822975,0.9602401170190535,0.9814192796815843,0.9780202770683384,0.0016645330958576258,8.06225774829855,3.0491553533215523,False,False,nnUNet,train
case_00481,144974,1944,1110,1105212,1253240,146084,146918,0.11656506335578182,0.9895768629565669,0.9793687680709056,0.9867681291604841,0.9924016319377892,0.0017558501241017525,5.656854249492381,2.014903707313803,False,False,nnUNet,train
case_00482,41446,450,1026,1210318,1253240,42472,41896,0.0338897577479174,0.9825052152474872,0.9656120404454592,0.9892591178155432,0.9758429082689772,0.0003716649267241949,5.0,1.5030905000261938,False,False,nnUNet,train
case_00483,81083,845,1508,1169804,1253240,82591,81928,0.06590198206249402,0.9856977005695391,0.9717987439474567,0.9896860658138854,0.9817413519632889,0.0007218218270378227,5.0,1.6142032328676477,False,False,nnUNet,train
case_00484,116829,1399,1349,1133663,1253240,118178,118228,0.09429797963678146,0.9883759295449354,0.9770189919466118,0.9881669316913083,0.9885850158235882,0.0012325317912149293,4.0,1.3913530510571799,False,False,nnUNet,train
case_00485,82995,1373,1005,1420067,1505440,84000,84368,0.055797640556913594,0.9858761759954385,0.9721457603692034,0.9837260572728996,0.9880357142857142,0.0009659218820351193,5.0,2.5352506598705746,False,False,nnUNet,train
case_00486,87711,1956,1192,1414581,1505440,88903,89667,0.05905449569561059,0.9823710589684718,0.9653529094531087,0.9781859546990531,0.9865921284996007,0.0013808322691182793,7.615773105863909,2.656878543816608,False,False,nnUNet,train
case_00487,114881,1524,1245,1387790,1505440,116126,116405,0.07713758103943033,0.988091910325935,0.9764640883977901,0.9869077788754779,0.9892788867264868,0.001096944247304785,5.256399425040652,1.7530671207032595,False,False,nnUNet,train
case_00488,47679,1206,574,1455981,1505440,48253,48885,0.03205242321181847,0.9816755543659536,0.9640105946339392,0.9753298557839828,0.9881043665678818,0.0008276219867456956,6.0,1.9908807552214496,False,False,nnUNet,train
case_00489,48470,799,1244,1454927,1505440,49714,49269,0.03302290360293336,0.9793600921370337,0.959554966048344,0.9837829060869918,0.9749768676831476,0.0005488670258001849,6.324555320336759,3.1687936780573946,False,False,nnUNet,train
case_00490,31467,1216,832,1471925,1505440,32299,32683,0.021454857051758956,0.9684835800683266,0.9388930329703118,0.9627941131475078,0.9742406885662095,0.00082544712284839,5.830951894845301,2.4131300521301755,False,False,nnUNet,train
case_00491,31854,1103,434,1472049,1505440,32288,32957,0.0214475502178765,0.9764426392827037,0.9539696325357132,0.9665321479503596,0.9865584737363726,0.0007487346858979928,4.242640687119285,1.5459440446118615,False,False,nnUNet,train
case_00492,18385,401,332,1486322,1505440,18717,18786,0.012432909979806568,0.9804548969415781,0.9616591693691808,0.9786543170446077,0.9822621146551264,0.0002697207213448638,3.1622776601683795,1.3546419244695314,False,False,nnUNet,train
case_00493,111599,1150,1599,1138892,1253240,113198,112749,0.09032427946761992,0.9878334299636641,0.9759593521530766,0.989800352996479,0.9858743087333699,0.001008734765912133,5.830951894845301,1.728578454465937,False,False,nnUNet,train
case_00494,130436,1737,630,1120437,1253240,131066,132173,0.1045817241709489,0.991008171281611,0.9821766074561569,0.986858132901576,0.9951932614102819,0.0015478882953980399,5.385164807134504,1.6261143360910824,False,False,nnUNet,train
case_00495,7931,838,257,1496414,1505440,8188,8769,0.00543894143904772,0.9354248982721001,0.8786838023487702,0.9044360816512715,0.9686126038104543,0.0005596920224517983,7.280109889280518,3.0868928226526826,False,False,nnUNet,train
case_00496,11560,813,330,1492737,1505440,11890,12373,0.007898023169305983,0.9528912335655113,0.9100212548216957,0.9342924108946901,0.9722455845248108,0.0005443406648588932,5.0,2.1450107419028677,False,False,nnUNet,train
case_00497,118084,1530,2381,1383445,1505440,120465,119614,0.08001979487724518,0.9837095289467217,0.9679413090700438,0.9872088551507349,0.9802349230066825,0.0011047130814635644,5.0,1.8204541634193567,False,False,nnUNet,train
case_00498,33314,672,537,1470917,1505440,33851,33986,0.022485784886810502,0.9821778675354158,0.9649798684934682,0.9802271523568529,0.9841363622935807,0.0004566492410584749,4.0,1.2861587978158822,False,False,nnUNet,train
case_00499,216403,1411,1545,1033881,1253240,217948,217814,0.17390763141936103,0.9932164805558997,0.9865243732876244,0.9935219958313056,0.9929111531190926,0.0013629005150237808,4.0,1.451532881263288,False,False,nnUNet,train
case_00500,129814,1204,809,1121413,1253240,130623,131018,0.10422824040088091,0.9923062516960263,0.9847299870284539,0.9908104229953136,0.9938066037374735,0.001072494002852264,3.605551275463989,1.2292543291181113,False,False,nnUNet,train
case_00501,146644,1063,1639,1103894,1253240,148283,147707,0.11831971529794771,0.9908713132200412,0.9819077846075556,0.9928033200863873,0.9889468111651369,0.0009620283866249999,4.123105625617661,1.745480902764226,False,False,nnUNet,train
case_00502,85910,752,1350,1165228,1253240,87260,86662,0.06962752545402318,0.9879141224226953,0.976116893150934,0.9913226096789827,0.9845289938115975,0.0006449510283195252,5.0,1.2703601277603846,False,False,nnUNet,train
case_00503,32185,375,256,1220424,1253240,32441,32560,0.02588570425457215,0.9902924570391225,0.9807715748415408,0.988482800982801,0.9921087512715391,0.0003071758741611027,2.23606797749979,0.8951971729042247,False,False,nnUNet,train
case_00504,131359,1144,944,1119793,1253240,132303,132503,0.10556876575915228,0.9921149822889209,0.9843533387786911,0.9913662332173612,0.9928648632306146,0.0010205747513018127,3.605551275463989,1.406503663231849,False,False,nnUNet,train
case_00505,29035,477,397,1223331,1253240,29432,29512,0.023484727586096838,0.9851723669923995,0.9707780266809322,0.9838370832203849,0.9865112802391954,0.0003897670222780044,2.8284271247461903,1.1364919866577639,False,False,nnUNet,train
case_00506,55528,409,832,1196471,1253240,56360,55937,0.04497143404296065,0.9889489478792844,0.9781394775317515,0.9926882027995781,0.9852377572746629,0.0003417218100394359,4.0,1.2214306119244571,False,False,nnUNet,train
case_00507,255442,1760,1447,994591,1253240,256889,257202,0.20497989211962592,0.993761804816657,0.9876009572818762,0.9931571294157899,0.9943672169691968,0.0017664457605803578,3.6844410203711195,1.6535850508907957,False,False,nnUNet,train
case_00508,53908,785,512,1198035,1253240,54420,54693,0.04342344642686157,0.9881132404021519,0.976505751290644,0.9856471577715613,0.9905916942300624,0.0006548105637209923,3.1622776601683795,1.3456230093632708,False,False,nnUNet,train
case_00509,68548,443,1059,1183190,1253240,69607,68991,0.0555416360792825,0.98916290278359,0.9785581727337616,0.9935788726065719,0.9847860129010013,0.0003742714169003399,4.123105625617661,1.4392855311239927,False,False,nnUNet,train
case_00510,99732,725,632,1152151,1253240,100364,100457,0.08008362324853978,0.9932427385582185,0.9865761853416296,0.992782981773296,0.993702921366227,0.0006288620805706772,3.0,1.0593648311986827,False,False,nnUNet,train
case_00511,66372,1219,932,1184717,1253240,67304,67591,0.05370399923398551,0.9840542644278883,0.9686090801628651,0.9819650545190928,0.9861523832164507,0.0010278800879642746,5.0,1.6556025092166906,False,False,nnUNet,train
case_00512,171214,1236,1463,1079327,1253240,172677,172450,0.13778446267275224,0.9921796903748475,0.9844807461201865,0.9928327051319223,0.9915275340664941,0.0011438481606347803,5.0,1.6750001092286153,False,False,nnUNet,train
case_00513,57754,451,821,1446414,1505440,58575,58205,0.038908890424062065,0.9891077239253296,0.9784501744993731,0.9922515247830942,0.9859837814767393,0.0003117084178551558,4.0,1.341941295305687,False,False,nnUNet,train
case_00514,101899,664,783,1149894,1253240,102682,102563,0.08193322907024991,0.9929498891568613,0.9859984905076152,0.9935259304037518,0.9923745154944391,0.0005771112799180919,3.605551275463989,1.0965697795533829,False,False,nnUNet,train
case_00515,76059,989,756,1427636,1505440,76815,77048,0.05102494951642045,0.9886587418677655,0.9775718472057991,0.9871638459142352,0.990158172231986,0.0006922740397235104,4.123105625617661,1.4358044365079004,False,False,nnUNet,train
case_00516,39253,369,455,1465363,1505440,39708,39622,0.02637634180040387,0.9896130089499559,0.9794395788107892,0.9906869920751098,0.9885413518686411,0.0002517513433560842,2.23606797749979,0.9253111849061969,False,False,nnUNet,train
case_00517,102651,1106,820,1400863,1505440,103471,103757,0.06873140078648103,0.9907058891655568,0.9815829484494678,0.9893404782327939,0.9920750741753728,0.0007888904818865467,4.0,1.5396110428065493,False,False,nnUNet,train
case_00518,29106,407,274,1475653,1505440,29380,29513,0.019515889042406205,0.9884366563088992,0.9771376775103233,0.9862094670145359,0.9906739278420694,0.00027573404875140577,2.8284271247461903,0.9088463906785579,False,False,nnUNet,train
case_00519,23849,331,395,1480865,1505440,24244,24180,0.016104261876926346,0.9850074343300843,0.9704577822990844,0.9863110008271299,0.9837073090249134,0.00022346806229560435,3.1622776601683795,1.185578385764259,False,False,nnUNet,train
case_00520,32228,313,308,1472591,1505440,32536,32541,0.02161228610904453,0.990457458088111,0.981095314925873,0.9903813650471712,0.9905335628227194,0.0002125053635539044,2.23606797749979,0.9173369653332014,False,False,nnUNet,train
case_00521,137305,659,673,1366803,1505440,137978,137964,0.091652938675736,0.9951728986526154,0.9903921752490317,0.9952233916094053,0.9951224108191161,0.00048191467112066003,2.0,0.9753446782806268,False,False,nnUNet,train
case_00522,113156,709,582,1390993,1505440,113738,113865,0.07555133382931237,0.9943278427788738,0.9887196693666064,0.9937733280639354,0.9948829766656703,0.0005094481433525281,2.23606797749979,0.9752268029509487,False,False,nnUNet,train
case_00523,127764,884,831,1375961,1505440,128595,128648,0.08542020937400362,0.9933331519225013,0.98675460885549,0.9931285367825384,0.9935378513939112,0.0006420475797929324,4.0,1.2541751569847346,False,False,nnUNet,train
case_00524,111310,821,703,1392606,1505440,112013,112131,0.0744054894250186,0.9932007994860447,0.9864934328305298,0.9926782067403305,0.9937239427566443,0.0005891948412080432,3.0,1.1627613201680556,False,False,nnUNet,train
case_00525,19716,333,794,1232397,1253240,20510,20049,0.01636558041556286,0.9722133188688084,0.9459290889027491,0.9833906928026336,0.9612871769868357,0.0002701321457253413,5.991547594742273,1.682562266129471,False,False,nnUNet,train
case_00526,90802,774,1257,1412607,1505440,92059,91576,0.06115089276224891,0.9889400168813135,0.9781220040287398,0.9915480038438018,0.9863457130753104,0.0005476230400719976,3.605551275463989,1.4006164291128291,False,False,nnUNet,train
case_00527,86557,466,971,1417446,1505440,87528,87023,0.05814114146030396,0.991767449055004,0.983669341091438,0.9946450938257702,0.9889064070925875,0.0003286522717911972,3.0,1.1629018227586052,False,False,nnUNet,train
case_00528,25324,422,235,1479459,1505440,25559,25746,0.016977760654692316,0.9871942305818147,0.9747122897502021,0.9836091043268858,0.9908055870730467,0.00028515806338482623,3.605551275463989,1.0609150002730865,False,False,nnUNet,train
case_00529,67772,902,701,1436065,1505440,68473,68674,0.045483712403018385,0.9883118114140302,0.9768936936936937,0.9868654803855899,0.9897623880945774,0.0006277110051935779,3.1622776601683795,1.2549438326721138,False,False,nnUNet,train
case_00530,12159,227,341,1492713,1505440,12500,12386,0.008303220320969284,0.977175922205256,0.9553704722244049,0.9816728564508316,0.97272,0.00015204897718595523,3.0,1.3717022680275144,False,False,nnUNet,train
case_00531,16931,310,701,1487498,1505440,17632,17241,0.011712190455946434,0.9710090901270324,0.9436517668041466,0.9820196044312975,0.9602427404718693,0.00020836021852282014,5.0,1.537823354853474,False,False,nnUNet,train
case_00532,48930,589,753,1455168,1505440,49683,49519,0.033002311616537355,0.9864720469345376,0.9733052196053469,0.988105575637634,0.9848439103918846,0.00040460049307679784,5.0,1.4723097948681179,False,False,nnUNet,train
case_00533,143098,955,862,1360525,1505440,143960,144053,0.09562652779253906,0.9936912569918719,0.9874616154297347,0.9933704955814874,0.9940122256182273,0.0007014425478156125,3.0,1.1413989090639072,False,False,nnUNet,train
case_00534,36879,622,528,1467411,1505440,37407,37501,0.024847885003719844,0.9846478346772041,0.9697599200610061,0.9834137756326498,0.9858849947870719,0.00042369619756504114,3.605551275463989,1.3850467289107695,False,False,nnUNet,train
case_00535,51683,607,589,1452561,1505440,52272,52290,0.034722074609416516,0.9885618102178612,0.9773823256869457,0.9883916618856378,0.988732017141108,0.00041770806954185614,2.8284271247461903,1.019979508165738,False,False,nnUNet,train
case_00536,13946,360,360,1238574,1253240,14306,14306,0.011415211771089336,0.9748357332587726,0.9509068594027001,0.9748357332587726,0.9748357332587726,0.00029057237915821184,4.0,1.4982643144667545,False,False,nnUNet,train
case_00537,140959,1069,1457,1361955,1505440,142416,142028,0.09460091401849294,0.9911195173742459,0.982395372338572,0.992473315120962,0.9897694079316931,0.0007842855298219254,4.47213595499958,1.6502975289630317,False,False,nnUNet,train
case_00538,88995,1765,1216,1413464,1505440,90211,90760,0.05992334466999681,0.9835277475396611,0.9675893711402974,0.9805531070956368,0.9865204908492312,0.0012471479880641226,7.0,2.4809612799476115,False,False,nnUNet,train
case_00539,63250,1612,1189,1439389,1505440,64439,64862,0.042804097141035176,0.9783373678471164,0.9575933748164297,0.9751472356695754,0.9815484411614085,0.0011186668156371855,6.324555320336759,2.4011267374192147,False,False,nnUNet,train
case_00540,172866,1468,1407,1329699,1505440,174273,174334,0.11576216919970242,0.9917528907910628,0.9836406985279473,0.9915793821056134,0.9919264602089825,0.0011027917609135443,5.0,1.7207349403821204,False,False,nnUNet,train
case_00541,54750,759,824,1449107,1505440,55574,55509,0.036915453289403766,0.985749394596833,0.9718992420073491,0.9863265416418959,0.9851729225897002,0.0005234966541735581,5.656854249492381,1.6861159396140422,False,False,nnUNet,train
case_00542,112166,1681,1489,1390104,1505440,113655,113847,0.07549620044638113,0.9860660565621401,0.9725150863563848,0.9852345692025262,0.9868989485724341,0.0012078014923281972,5.0,2.0595501676448267,False,False,nnUNet,train
case_00543,39498,763,457,1212522,1253240,39955,40261,0.03188136350579299,0.9847910641268575,0.9700378211110565,0.9810486575097489,0.9885621323989489,0.0006288712050342665,5.0,1.5351597547352027,False,False,nnUNet,train
case_00544,26865,392,672,1225311,1253240,27537,27257,0.021972646899237176,0.9805818155272475,0.9619033979018224,0.9856183732619144,0.9755964702037259,0.0003198164645105707,4.47213595499958,1.4391835814241052,False,False,nnUNet,train
case_00545,82044,951,1034,1169211,1253240,83078,82995,0.06629057483004054,0.9880474249275921,0.9763772031084507,0.9885414784023134,0.9875538650424902,0.000812707984022725,3.3395871062866638,1.342582804180862,False,False,nnUNet,train
case_00546,9723,135,172,1243210,1253240,9895,9858,0.007895534773866139,0.9844580570039994,0.9693918245264207,0.9863055386488131,0.9826174835775644,0.00010857806964277815,2.0,0.829222795102265,False,False,nnUNet,train
case_00547,26518,444,582,1225696,1253240,27100,26962,0.02162395071973445,0.9810217897968998,0.9627505082776648,0.9835323789036422,0.9785239852398524,0.0003621119937364412,4.170919650218294,1.5988348082993884,False,False,nnUNet,train
case_00548,102892,1170,586,1400792,1505440,103478,104062,0.06873605058986078,0.991538980437506,0.9832199373136611,0.988756702734908,0.9943369605133459,0.0008345447308842893,3.605551275463989,1.3602670148176277,False,False,nnUNet,train
case_00549,57641,674,430,1446695,1505440,58071,58315,0.03857410458072059,0.9905143230285429,0.9812069112264874,0.9884420817971362,0.9925952713058153,0.0004656725410037109,3.0,1.1906343195532905,False,False,nnUNet,train
case_00550,125046,1698,1022,1377674,1505440,126068,126744,0.08374163035391646,0.9892410170403304,0.9787110811953101,0.9866029161143722,0.9918932639527874,0.0012309949745246387,5.385164807134504,1.7300846409352517,False,False,nnUNet,train
case_00551,23492,361,179,1481408,1505440,23671,23853,0.015723642257413115,0.9886373200909014,0.9775299600532623,0.9848656353498512,0.9924380043090701,0.00024362771795063872,2.8284271247461903,0.9263191114286802,False,False,nnUNet,train
case_00552,85958,491,851,1418140,1505440,86809,86449,0.05766354022744181,0.9922543259185723,0.9846277205040092,0.9943203507270182,0.9901968689882386,0.00034610832556175635,3.605551275463989,1.1457105197293096,False,False,nnUNet,train
case_00553,17732,281,366,1487061,1505440,18098,18013,0.01202173450951217,0.9820830217939132,0.9647967789324773,0.984400155443291,0.9797767709139131,0.00018892763063236296,4.0,1.2319326701255444,False,False,nnUNet,train
case_00554,83601,1050,425,1420364,1505440,84026,84651,0.05581491125518121,0.9912554764431428,0.9826625605341107,0.9875961299925576,0.9949420417489825,0.0007387010399503592,3.0,1.182431825083775,False,False,nnUNet,train
case_00555,67931,285,564,1436660,1505440,68495,68216,0.045498326070783295,0.9937898194000483,0.9876562954347194,0.995822094523279,0.9917658223227973,0.00019833744506574712,2.23606797749979,0.8781062730970047,False,False,nnUNet,train
case_00556,92355,1176,849,1158860,1253240,93204,93531,0.07437043184066898,0.9891557554823681,0.9785441830896376,0.9874266286044199,0.9908909488863139,0.0010137616418800796,4.123105625617661,1.4576998340212597,False,False,nnUNet,train
case_00557,60949,462,559,1191270,1253240,61508,61411,0.04907918674794932,0.9916937170006265,0.983524285944812,0.9924769178160264,0.9909117513169019,0.00038767105355902166,2.8284271247461903,1.04136782589163,False,False,nnUNet,train
case_00558,9813,313,225,1242889,1253240,10038,10126,0.00800963901567138,0.9733187859551676,0.9480243454738673,0.969089472644677,0.9775851763299462,0.00025176922173548625,3.605551275463989,1.4021283407104899,False,False,nnUNet,train
case_00559,92840,1950,3625,1154825,1253240,96465,94790,0.076972487312885,0.9708504352827377,0.9433521312808006,0.9794282097267645,0.9624216036904577,0.0016857210779970175,15.811388300841896,4.729202951219961,False,False,nnUNet,train
case_00560,47266,652,397,1204925,1253240,47663,47918,0.03803182151862373,0.9890250154319373,0.9782883162578909,0.9863934220960808,0.9916706879550176,0.0005408198729736881,3.0,1.1573005175252271,False,False,nnUNet,train
case_00561,148820,668,889,1102863,1253240,149709,149488,0.11945756598895663,0.9947960708162181,0.9896460229955378,0.9955314138927539,0.9940618132510404,0.0006053296191951109,3.0,1.0314194786048319,False,False,nnUNet,train
case_00562,53159,729,637,1198715,1253240,53796,53888,0.04292553700807507,0.9873147357081832,0.9749472718936267,0.9864719418052257,0.9881589709272065,0.0006077816054772045,4.0,1.2967698221428072,False,False,nnUNet,train
case_00563,9808,213,294,1242925,1253240,10102,10021,0.008060706648367432,0.9748049495602047,0.9508482792050412,0.9787446362638459,0.9708968521084934,0.00017134059131005568,3.0,1.2092279603952836,False,False,nnUNet,train
case_00564,76086,599,714,1175841,1253240,76800,76685,0.0612811592352622,0.9914454181190344,0.9830359565369061,0.9921888244115538,0.990703125,0.0005091632382441943,2.8284271247461903,1.1673041587641457,False,False,nnUNet,train
case_00565,70262,820,1024,1181134,1253240,71286,71082,0.05688136350579298,0.9870476511575635,0.9744265387069038,0.988464027461242,0.9856353281149174,0.0006937664240740333,5.0,1.6689675770217602,False,False,nnUNet,train
case_00566,128203,921,919,1123197,1253240,129122,129124,0.10303054482780633,0.9928750106487613,0.9858508339549226,0.9928673213345311,0.9928827000820929,0.0008193090049265291,3.0,1.192824336544297,False,False,nnUNet,train
case_00567,67323,624,847,1184446,1253240,68170,67947,0.05439500813890396,0.9891931206241689,0.9786173212780185,0.9908163715837344,0.9875751796978143,0.0005265511741922418,3.0,1.2613603369272703,False,False,nnUNet,train
case_00568,56774,732,304,1195430,1253240,57078,57506,0.04554434904726948,0.9909585980590658,0.9820792250475696,0.9872708934719855,0.9946739549388556,0.0006119572432496602,3.1622776601683795,1.1370900050289765,False,False,nnUNet,train
case_00569,129915,693,1209,1121423,1253240,131124,130608,0.1046280042130797,0.9927330246206043,0.9855709051184597,0.9946940463065049,0.9907797199597328,0.0006175832088661065,3.605551275463989,1.1769089624956797,False,False,nnUNet,train
case_00570,30556,389,472,1221823,1253240,31028,30945,0.02475822667645463,0.9861068529843642,0.9725944552312442,0.9874293100662466,0.9847879334794379,0.00031827538921234613,3.1622776601683795,1.173907571074839,False,False,nnUNet,train
case_00571,80890,584,794,1170972,1253240,81684,81474,0.06517825795537965,0.9915541989972909,0.9832498662906598,0.992832069126347,0.9902796141227168,0.0004984823602115477,3.605551275463989,1.1313263966630074,False,False,nnUNet,train
case_00572,137787,933,1001,1113519,1253240,138788,138720,0.1107433532284319,0.9930308315435952,0.9861581294150485,0.9932742214532871,0.9927875608842263,0.0008371827588805978,3.1622776601683795,1.2725620949575005,False,False,nnUNet,train
case_00573,96386,1602,1708,1405744,1505440,98094,97988,0.06515968753321288,0.9831193072286084,0.9667990691702777,0.9836510593133854,0.982588129753094,0.0011383128242805963,5.830951894845301,1.918032951848887,False,False,nnUNet,train
case_00574,67968,780,714,1435978,1505440,68682,68748,0.04562254224678499,0.9891290111329404,0.9784918372635398,0.9886542153953569,0.9896042631257098,0.0005428889207507458,4.123105625617661,1.3704836460643037,False,False,nnUNet,train
case_00575,37972,490,447,1466531,1505440,38419,38462,0.025520113720905516,0.9878123333463404,0.9759181680331028,0.9872601528781655,0.9883651318358104,0.00033401021525935893,3.1622776601683795,1.1222881914247338,False,False,nnUNet,train
case_00576,104185,1460,707,1399088,1505440,104892,105645,0.06967531087256881,0.9897072723559279,0.97962426658643,0.98618013157272,0.9932597338214545,0.0010424490984957317,5.0,1.6858460134830762,False,False,nnUNet,train
case_00577,23084,571,481,1481304,1505440,23565,23655,0.015653230949091296,0.977721304531978,0.9564136559496188,0.975861340097231,0.979588372586463,0.00038532264867144664,4.0,1.5483463846918015,False,False,nnUNet,train
case_00578,17684,467,271,1487018,1505440,17955,18151,0.01192674566904028,0.9795601839029524,0.9599392031266963,0.9742713900060602,0.9849067112225007,0.00031395274574197386,4.0,1.295311872223853,False,False,nnUNet,train
case_00579,25567,407,417,1226849,1253240,25984,25974,0.020733458874597044,0.9841410369914162,0.9687772346633322,0.9843304843304843,0.9839516625615764,0.0003316341496802623,3.0,1.2441534473537987,False,False,nnUNet,train
case_00580,65131,597,966,1186546,1253240,66097,65728,0.05274089559860841,0.9881433718945571,0.9765646085105107,0.9909171129503408,0.9853851158146361,0.0005028880261265913,4.47213595499958,1.3985901994440524,False,False,nnUNet,train
case_00581,115420,1024,1027,1135769,1253240,116447,116444,0.09291675975870543,0.9911933050225212,0.9825403716661985,0.9912060733056233,0.9911805370683658,0.0009007796494172642,4.47213595499958,1.4005624924945659,False,False,nnUNet,train
case_00582,113682,1003,1176,1137379,1253240,114858,114685,0.09164884619067377,0.9905072252257747,0.9811929812447674,0.9912543052709596,0.9897612704382803,0.0008810750697041942,4.0,1.3985106924816035,False,False,nnUNet,train
case_00583,72556,702,1046,1178936,1253240,73602,73258,0.05872937346398136,0.9880975078305869,0.976475021533161,0.9904174288132355,0.9857884296622375,0.0005950978181442103,3.1622776601683795,1.2459399775162079,False,False,nnUNet,train
case_00584,106064,864,1250,1145062,1253240,107314,106928,0.08562924898662666,0.9901326537280272,0.9804581338164876,0.9919197964985785,0.9883519391691671,0.0007539753875904727,4.47213595499958,1.6105504076190937,False,False,nnUNet,train
case_00585,128881,1600,899,1121860,1253240,129780,130481,0.10355558392646261,0.9903981003684763,0.9809788400060893,0.9877376782826618,0.9930728925874557,0.0014241717551136668,4.47213595499958,1.6920633780392922,False,False,nnUNet,train
case_00586,31980,412,372,1220476,1253240,32352,32392,0.0258146883278542,0.9878907698010626,0.9760712977658406,0.9872808100765621,0.9885014836795252,0.00033745929192522165,3.0,0.9737751067767075,False,False,nnUNet,train
case_00587,18133,607,679,1233821,1253240,18812,18740,0.015010692285595735,0.9657541542394547,0.9337761985684124,0.9676093916755603,0.9639060174356794,0.0004917257223588577,5.830951894845301,2.106252418299315,False,False,nnUNet,train
case_00588,43096,457,587,1209100,1253240,43683,43553,0.034856053110338,0.988032463661791,0.9763479836882646,0.9895070374027047,0.9865622782318064,0.0003778242778141088,3.1622776601683795,1.2583518166610244,False,False,nnUNet,train
case_00589,48207,401,621,1204011,1253240,48828,48608,0.038961412020044044,0.9895110636725646,0.9792398789331491,0.9917503291639236,0.9872818874416318,0.00033294254789889175,3.605551275463989,1.1771926192270816,False,False,nnUNet,train
case_00590,59107,547,466,1193120,1253240,59573,59654,0.047535188790654624,0.9915036023719459,0.9831503659347971,0.9908304556274516,0.9921776643781579,0.0004582517569807995,2.8284271247461903,1.0919777635556709,False,False,nnUNet,train
case_00591,48889,627,854,1455070,1505440,49743,49516,0.03304216707407801,0.9850794386403248,0.9705975779233671,0.9873374262864528,0.9828317552218403,0.0004307215031699591,4.242640687119285,1.677908652127724,False,False,nnUNet,train
case_00592,19554,953,450,1484483,1505440,20004,20507,0.013287809544053565,0.965367431068105,0.933053395047001,0.9535280635880431,0.97750449910018,0.0006415624772793981,7.0,2.0272417395418496,False,False,nnUNet,train
case_00593,74392,1616,766,1428666,1505440,75158,76008,0.04992427463067276,0.9842424883902465,0.968973871362701,0.9787390800968319,0.989808137523617,0.001129847121057246,6.0,2.14893060778373,False,False,nnUNet,train
case_00594,110194,1499,1666,1392081,1505440,111860,111693,0.07430385800828994,0.985842283485348,0.9720798525039918,0.9865792842881828,0.9851063829787234,0.0010756468950472882,4.47213595499958,1.6935376742112798,False,False,nnUNet,train
case_00595,37127,1049,855,1466409,1505440,37982,38176,0.02522983313848443,0.9749993434701542,0.9512182624068048,0.9725220033528919,0.9774893370543942,0.0007148415832003369,6.4031242374328485,2.4208393332830016,False,False,nnUNet,train
case_00596,134773,1684,1761,1367222,1505440,136534,136457,0.09069375066425762,0.9873805363546784,0.9750756052033743,0.9876591160585386,0.9871021137592102,0.0012301794279519559,5.0,2.059514561538535,False,False,nnUNet,train
case_00597,68586,716,1297,1434841,1505440,69883,69302,0.04642031565522372,0.9855372346157991,0.971486848255641,0.9896684078381577,0.9814404075383141,0.0004987611080577086,6.0,1.942374662534879,False,False,nnUNet,train
case_00598,48559,1762,925,1454194,1505440,49484,50321,0.03287012434902753,0.973077501127198,0.9475666393474612,0.9649847975994118,0.9813070891601325,0.001210201407185382,6.082762530298219,2.698564839897291,False,False,nnUNet,train
case_00599,51473,873,368,1452726,1505440,51841,52346,0.03443577957274949,0.9880887250808642,0.9764578669803088,0.9833225079280175,0.9929013715013213,0.0006005782887852839,4.47213595499958,1.3605069664083933,False,False,nnUNet,train
case_00600,60199,939,1174,1443128,1505440,61373,61138,0.04076748326070783,0.9827525691570553,0.9660899987161381,0.9846413032811018,0.9808710670816156,0.0006502468375774808,6.0,1.8986516807977958,False,False,nnUNet,train
case_00001,122264,8356,18790,1356030,1505440,141054,130620,0.09369619513232012,0.9000787708798045,0.8183120273074092,0.9360281733272087,0.8667886057821828,0.0061243665648870625,45.897699137903224,14.874688691546885,False,False,nnUNet,internal_val
case_00002,17073,2487,460,1485420,1505440,17533,19560,0.011646428951004357,0.9205510473674278,0.8527972027972028,0.8728527607361963,0.973763759767296,0.0016714754349566204,27.354484451317344,5.607208988835613,False,False,nnUNet,internal_val
case_00003,62434,4051,1906,1437049,1505440,64340,66485,0.042738335636093104,0.9544658895471049,0.912897895921978,0.9390689629239678,0.9703761268262356,0.0028110471167857886,16.0,6.999311748894803,False,False,nnUNet,internal_val
case_00004,51640,3631,2612,1447557,1505440,54252,55271,0.03603730470825805,0.9429982743350712,0.8921444983846726,0.9343055128367498,0.9518543095185431,0.002502087944497887,22.370697203515842,5.79758909214182,False,False,nnUNet,internal_val
case_00005,58729,1123,27419,1418169,1505440,86148,59852,0.05722446593686895,0.8045068493150684,0.6729497771310057,0.9812370513934372,0.681722152574639,0.0007912395757884918,89.18227059712663,21.673331899863644,False,False,nnUNet,internal_val
case_00006,51449,2455,3612,1447924,1505440,55061,53904,0.036574689127431184,0.9443215711466985,0.8945163085054594,0.9544560700504601,0.9344000290586804,0.001692661021705361,14.866068747318506,4.870524312516663,False,False,nnUNet,internal_val
case_00007,33866,1502,5570,1464502,1505440,39436,35368,0.02619566372621958,0.9054596010908508,0.8272509648737114,0.9575322325265777,0.8587584947763465,0.0010245538211355494,30.773006310249137,8.579987915746129,False,False,nnUNet,internal_val
case_00008,46293,1731,2485,1454931,1505440,48778,48024,0.03240115846529918,0.956447180843371,0.9165297273753192,0.9639555222388806,0.9490549017999917,0.0011883333264683228,10.295630140987,3.6769936259811646,False,False,nnUNet,internal_val
case_00009,27941,2994,1632,1472873,1505440,29573,30935,0.019644090764161973,0.9235472995306406,0.8579543709890379,0.9032164215290125,0.9448145267642782,0.0020286380818867827,18.920814112561743,6.607000401877953,False,False,nnUNet,internal_val
case_00010,35348,1280,2066,1466746,1505440,37414,36628,0.024852534807099584,0.9548094324842656,0.9135266449578746,0.9650540570055695,0.9447800288661998,0.000871919162194675,11.661903789690601,4.303166049396673,False,False,nnUNet,internal_val
case_00011,9554,2514,818,1492554,1505440,10372,12068,0.0068896800935274735,0.8515151515151516,0.741424802110818,0.7916804772953265,0.9211338218279984,0.0016815288669144147,32.47088377659627,8.03986182571352,False,False,nnUNet,internal_val
case_00012,44721,7749,4257,1448713,1505440,48978,52470,0.03253400999043469,0.881653655074521,0.788354751705537,0.8523156089193825,0.9130834252113194,0.005320427172147299,43.39412089479371,15.190945681629664,False,False,nnUNet,internal_val
case_00013,38171,1467,3021,1462781,1505440,41192,39638,0.027362100116909344,0.9444760608684895,0.8947935957242317,0.9629900600433927,0.926660516605166,0.0010018794630417798,13.892443989449804,3.977421198821916,False,False,nnUNet,internal_val
case_00014,20235,1894,1354,1481957,1505440,21589,22129,0.01434065788075247,0.9257056589962944,0.8616871779585232,0.9144109539518279,0.9372828755384687,0.00127640848036629,13.892443989449804,4.7939109826210915,False,False,nnUNet,internal_val
case_00015,96029,14910,3751,1390750,1505440,99780,110939,0.06627962589010522,0.9114413033471116,0.8372918301508414,0.8656018172148658,0.9624072960513129,0.010607116941507904,31.0,12.72346778789077,False,False,nnUNet,internal_val
case_00016,83129,7531,4589,1410191,1505440,87718,90660,0.0582673504091827,0.9320544013275179,0.8727545696017805,0.9169313920141187,0.9476846257324608,0.0053120428405568935,25.74874247907009,16.568043271864294,False,False,nnUNet,internal_val
case_00017,39749,5302,8317,1452072,1505440,48066,45051,0.03192820703581677,0.853743140350312,0.744809623744566,0.882311158464851,0.8269670869221487,0.00363805035632583,42.864847513161436,11.846696406405615,False,False,nnUNet,internal_val
case_00018,19469,1149,1280,1483542,1505440,20749,20618,0.013782681475183335,0.9412816979718133,0.8890766280025573,0.9442719953438743,0.9383102800134946,0.0007738984071433046,10.198039027185569,3.8379168766313887,False,False,nnUNet,internal_val
case_00019,25567,5642,257,1473974,1505440,25824,31209,0.017153788925496866,0.8965686532358459,0.812527807792538,0.8192188150853921,0.9900480173482032,0.003813151520394481,19.083297567789444,8.038066993911594,False,False,nnUNet,internal_val
case_00020,75235,1476,6211,1422518,1505440,81446,76711,0.05410112658093315,0.951396397250833,0.907298425025928,0.9807589524318546,0.9237408835301918,0.0010365212212972807,19.677362791959514,5.862916419823742,False,False,nnUNet,internal_val
case_00021,17679,1508,277,1485976,1505440,17956,19187,0.011927409926665957,0.9519424925288749,0.908292231812577,0.9214051180486788,0.9845734016484741,0.0010137924172629756,9.0,3.2447148535223334,False,False,nnUNet,internal_val
case_00022,79431,6411,671,1418927,1505440,80102,85842,0.05320836433202253,0.957322952321265,0.9181394703686151,0.9253162787446705,0.9916231804449327,0.004497880502729879,18.0,5.351314764174949,False,False,nnUNet,internal_val
case_00023,53591,6655,6861,1438333,1505440,60452,60246,0.04015570198745882,0.8880180284677459,0.7985903109958723,0.8895362347707731,0.886504995699067,0.004605574579166056,34.30953432421242,9.513097925210506,False,False,nnUNet,internal_val
case_00024,51201,1839,4065,1448335,1505440,55266,53040,0.03671086194069508,0.9454877846102709,0.8966115051221434,0.9653280542986425,0.9264466398870915,0.0012681236872264983,12.980624847486544,5.064750211140626,False,False,nnUNet,internal_val
case_00025,28533,8799,4592,1463516,1505440,33125,37332,0.022003533850568604,0.809940814965156,0.6805886842858506,0.7643040822886532,0.8613735849056604,0.005976302625457188,53.0,15.439288690984487,False,False,nnUNet,internal_val
case_00026,27524,1304,1572,1475040,1505440,29096,28828,0.019327239876713784,0.9503487328223189,0.9053947368421053,0.9547661995282365,0.9459719549078911,0.000883262979359824,9.899494936611665,3.9992607038972467,False,False,nnUNet,internal_val
case_00027,17475,3192,2782,1481991,1505440,20257,20667,0.013455866723349984,0.8540220897272994,0.7452343383513156,0.8455508782116418,0.86266475786148,0.002149230094877197,26.081594372600303,10.227997812906528,False,False,nnUNet,internal_val
case_00028,40040,1244,4842,1459314,1505440,44882,41284,0.029813210755659476,0.9293688926026507,0.8680570610935264,0.9698672609243291,0.8921171070807896,0.0008517292705938416,17.070405992508043,6.65983470542105,False,False,nnUNet,internal_val
case_00029,18770,5348,1690,1479632,1505440,20460,24118,0.013590711021362525,0.8421194311095159,0.7272938623682579,0.7782569035575089,0.9173998044965787,0.0036013953049872727,38.04273529003478,11.830129411228754,False,False,nnUNet,internal_val
case_00030,57147,2853,6913,1438527,1505440,64060,60000,0.04255234350090339,0.9212800257939706,0.8540492878812787,0.95245,0.8920855448017484,0.001979353119926737,41.02437575177379,9.350719829427808,False,False,nnUNet,internal_val
case_00031,27877,1665,840,1475058,1505440,28717,29542,0.019075486236581996,0.9570023515679981,0.9175498650516754,0.9436395640105613,0.9707490336734339,0.0011274964905402028,9.441908909323876,3.116760287199316,False,False,nnUNet,internal_val
case_00032,48558,1706,2282,1452894,1505440,50840,50264,0.03377085768944627,0.9605554676372844,0.9241045940699577,0.9660592073850072,0.9551140833988985,0.0011728310188367937,12.700338064118327,4.215561547891816,False,False,nnUNet,internal_val
case_00033,28850,1501,365,1474724,1505440,29215,30351,0.019406286534169412,0.9686734042910385,0.9392499023310327,0.9505452868109783,0.9875064179359918,0.0010167826720181544,6.0,2.3572868717480104,False,False,nnUNet,internal_val
case_00034,66001,3171,3454,1432814,1505440,69455,69172,0.046136013391433736,0.9522098869628571,0.9087792250709112,0.9541577516914358,0.9502699589662371,0.00220824033677232,19.924858845171276,5.226392367837718,False,False,nnUNet,internal_val
case_00035,53616,410,5062,1446352,1505440,58678,54026,0.03897730895950686,0.9514480408858603,0.9073923639317628,0.9924110613408359,0.9137325743890384,0.00028339146314321223,13.601470508735444,5.096840873239761,False,False,nnUNet,internal_val
case_00036,22469,2351,824,1479796,1505440,23293,24820,0.015472552874907003,0.9340095192567497,0.8761893620340041,0.9052780016116035,0.9646245653200533,0.0015862124337194623,27.885620749725398,5.722261714744924,False,False,nnUNet,internal_val
case_00037,50798,5338,3587,1445717,1505440,54385,56136,0.03612565097247317,0.9192461161227278,0.8505600857291161,0.9049095054866753,0.9340443136894364,0.0036787027369741326,27.54794734139248,8.954314910701761,False,False,nnUNet,internal_val
case_00038,32076,1196,1784,1470384,1505440,33860,33272,0.0224917632054416,0.9556098432938092,0.9149931538110452,0.9640538591007454,0.9473124630832841,0.0008127318936109488,9.230266291031063,3.889779392782278,False,False,nnUNet,internal_val
case_00039,22063,308,10480,1472589,1505440,32543,22371,0.021616935912424275,0.8035473649706815,0.6716081702231287,0.9862321755844621,0.6779645392250253,0.0002091117029907726,49.19857695278277,12.46230613529657,False,False,nnUNet,internal_val
case_00040,67271,4432,1404,1432333,1505440,68675,71703,0.04561789244340525,0.9584265340722905,0.9201718029737235,0.9381894760330809,0.9795558791408809,0.0030847076592205405,18.622188615985557,4.84554349006158,False,False,nnUNet,internal_val
case_00041,26598,1025,1798,1476019,1505440,28396,27623,0.018862259538739504,0.949606383548439,0.9040481288875293,0.96289324113963,0.9366812227074236,0.0006939535992157308,13.0,3.7776749847844084,False,False,nnUNet,internal_val
case_00042,47643,22831,8406,1426560,1505440,56049,70474,0.03723097566160059,0.7531120823881824,0.6039934077079108,0.6760365524874422,0.8500240860675481,0.015752133137296974,154.3994258816117,30.452644474749306,False,False,nnUNet,internal_val
case_00043,58686,2971,18425,1425358,1505440,77111,61657,0.051221569773621,0.8458145970252507,0.7328238555480633,0.9518140681512237,0.7610587335140252,0.002080052984991553,119.35198695131713,23.035026597789777,False,False,nnUNet,internal_val
case_00044,96322,2170,19888,1387060,1505440,116210,98492,0.07719337867998724,0.8972622518653762,0.813667849298868,0.9779677537261909,0.8288615437569916,0.0015620163687798277,49.64876634922564,14.346475504872927,False,False,nnUNet,internal_val
case_00045,28031,870,2256,1474283,1505440,30287,28901,0.020118370708895737,0.9471852402514023,0.8996694161825592,0.9698972353897789,0.9255125961633704,0.0005897693324014526,11.180339887498949,4.291494284100929,False,False,nnUNet,internal_val
case_00046,34974,4968,2286,1463212,1505440,37260,39942,0.024750239132745246,0.906038703660527,0.8282182438192668,0.8756196484903109,0.938647342995169,0.0033837812802244957,29.0,8.19856618866055,False,False,nnUNet,internal_val
case_00047,26186,1641,530,1477083,1505440,26716,27827,0.017746306727601233,0.9601965421777313,0.9234404203547625,0.9410284975024257,0.9801617008534211,0.0011097405601045226,7.280109889280518,2.9241804020455846,False,False,nnUNet,internal_val
case_00048,23976,2732,2103,1476629,1505440,26079,26708,0.017323174620044637,0.9084054786216303,0.8321821526500295,0.8977085517447956,0.9193604049235017,0.0018467432898393293,24.026025864282126,7.261182055448517,False,False,nnUNet,internal_val
case_00049,58718,2855,3212,1440655,1505440,61930,61573,0.041137474758210224,0.9508756872302697,0.9063517789611792,0.9536322738862814,0.9481349911190053,0.001977817957617197,9.848857801796104,4.844299446390129,False,False,nnUNet,internal_val
case_00050,17522,1699,1092,1232927,1253240,18614,19221,0.014852701796942326,0.9262323245671997,0.862600305223256,0.9116070964049737,0.9413344794240894,0.001376125239546227,20.357936039736053,4.410191889542191,False,False,nnUNet,internal_val
case_00051,28294,1761,1994,1473391,1505440,30288,30055,0.020119034966521416,0.937772401107005,0.8828356578988424,0.9414074197304941,0.9341653460116217,0.001193775285529898,15.0,5.062661164661377,False,False,nnUNet,internal_val
case_00052,43127,4353,3153,1454807,1505440,46280,47480,0.03074184291635668,0.9199445392491468,0.851756759425671,0.9083192923336142,0.9318712186689715,0.002983223224320842,22.360679774997898,8.285968524687327,False,False,nnUNet,internal_val
case_00053,41044,3473,1401,1459522,1505440,42445,44517,0.028194414921883303,0.9439525309905475,0.8938542619452067,0.9219848597165128,0.9669925786311697,0.002373897381740881,34.40930106817051,7.543059917973186,False,False,nnUNet,internal_val
case_00054,33999,540,4029,1466872,1505440,38028,34539,0.025260388989265598,0.9370374963826533,0.8815339141257,0.9843654998697124,0.894051751341117,0.00036799480991023655,11.40175425099138,4.8567463176114956,False,False,nnUNet,internal_val
case_00055,40498,13028,645,1199069,1253240,41143,53526,0.032829306437713444,0.8555704612914471,0.7475955769692271,0.7566042670851548,0.9843229711007948,0.010748314697586085,67.74612200634519,11.879672279339765,False,False,nnUNet,internal_val
case_00056,28495,876,3699,1472370,1505440,32194,29371,0.021385110001062812,0.9256882969219524,0.8616570910190505,0.9701746620816452,0.8851028141889793,0.0005946053815859674,18.060836059356124,4.2647783815360825,False,False,nnUNet,internal_val
case_00057,113753,2369,6374,1382944,1505440,120127,116122,0.07979527579976618,0.9629924359468188,0.9286262408568443,0.9795990423864557,0.9469394890407652,0.0017100828477030101,19.209372712298546,5.98776929038128,False,False,nnUNet,internal_val
case_00058,21278,879,2027,1229056,1253240,23305,22157,0.01859579968721075,0.9360784831287668,0.8798379093615614,0.9603285643363271,0.9130229564471144,0.0007146719135564074,27.85677655436824,4.977912870746106,False,False,nnUNet,internal_val
case_00059,21343,1785,3656,1226456,1253240,24999,23128,0.01994749609013437,0.8869449581316101,0.7968563321385902,0.9228208232445521,0.8537541501660066,0.0014532978462695838,25.779617247699115,7.816169092924441,False,False,nnUNet,internal_val
case_00060,35225,920,5295,1211800,1253240,40520,36145,0.032332194950687815,0.9189330202830497,0.8500241312741312,0.9745469636187578,0.8693237907206318,0.0007586252391318689,22.20360331117452,6.39824895551626,False,False,nnUNet,internal_val
case_00061,32889,913,4476,1214962,1253240,37365,33802,0.029814720245124635,0.9242767012800877,0.8592141700193322,0.9729897639192947,0.8802087515054196,0.0007508995579315308,18.503740720638646,5.3949811202418045,False,False,nnUNet,internal_val
case_00062,28300,1275,6588,1469277,1505440,34888,29575,0.023174620044638113,0.8780230519833082,0.7825678179354589,0.9568892645815723,0.8111671634946114,0.0008670213634063943,29.113390053161247,10.269636269220554,False,False,nnUNet,internal_val
case_00063,60272,3215,4616,1437337,1505440,64888,63487,0.04310234881496439,0.9389990262901655,0.8850124076766075,0.949359711436987,0.9288620392060165,0.002231783371929649,17.008815909777912,6.1983433724714665,False,False,nnUNet,internal_val
case_00064,36346,586,3732,1212576,1253240,40078,36932,0.03197950911238071,0.9439293598233995,0.8938127090301003,0.9841330011913787,0.9068815809172114,0.00048303524178963734,18.01526600752597,4.942319116007528,False,False,nnUNet,internal_val
case_00065,7485,341,461,1244953,1253240,7946,7826,0.006340365771919185,0.9491503931016992,0.9032219138409557,0.956427293636596,0.9419833878681098,0.0002738309186425053,6.324555320336759,2.2131083514312007,False,False,nnUNet,internal_val
case_00066,37020,1081,4614,1462725,1505440,41634,38101,0.027655701987458817,0.9285759076942371,0.8666744703265832,0.9716280412587596,0.8891771148580487,0.0007384858376041634,22.585276361019513,6.623702952126578,False,False,nnUNet,internal_val
case_00067,38209,1226,19948,1193857,1253240,58157,39435,0.046405317417254476,0.7830354947126814,0.6434333058282673,0.9689108659819957,0.656997437969634,0.001025870169686959,79.86482518427917,20.75894794765031,False,False,nnUNet,internal_val
case_00068,17018,4114,1309,1230799,1253240,18327,21132,0.014623695381570968,0.8625662079626955,0.7583441023127312,0.8053189475676699,0.9285753260217166,0.0033314087713061566,52.922356380925386,9.659722015093177,False,False,nnUNet,internal_val
case_00069,10856,1197,802,1240385,1253240,11658,12053,0.009302288468290192,0.915693138205896,0.8444963049397122,0.9006886252385298,0.931206038771659,0.000964092585105132,12.864373932405979,4.450150931200712,False,False,nnUNet,internal_val
case_00070,28448,3957,219,1220616,1253240,28667,32405,0.022874309789026843,0.9316216924286088,0.8719960765080922,0.8778892146273723,0.9923605539470471,0.003231330431097207,15.231546211727817,5.652663310738731,False,False,nnUNet,internal_val
case_00071,74872,4823,2692,1423053,1505440,77564,79695,0.05152247847805293,0.9522125919661196,0.9087841528396471,0.939481774264383,0.9652931772471766,0.003377744285918385,16.37673969270529,6.045382525640285,False,False,nnUNet,internal_val
case_00072,83414,6462,1842,1413722,1505440,85256,89876,0.05663194813476459,0.9525843363862686,0.9094616105889792,0.9281009390716097,0.9783944824997655,0.004550114633033466,25.930603137421006,5.668710952654525,False,False,nnUNet,internal_val
case_00073,19806,1488,1541,1482605,1505440,21347,21294,0.014179907535338506,0.9289650805562721,0.8673527479746004,0.9301211608903917,0.9278118705204479,0.0010026325843461293,10.770329614269007,4.39370452811043,False,False,nnUNet,internal_val
case_00074,11171,159,2644,1491466,1505440,13815,11330,0.009176719098735254,0.8885265460330085,0.7994131959353085,0.9859664607237423,0.8086138255519363,0.00010659515628928183,17.481413089350728,6.722668911374979,False,False,nnUNet,internal_val
case_00075,103530,4007,35491,1362412,1505440,139021,107537,0.09234575937931767,0.839802399435427,0.7238442822384428,0.9627384063159656,0.7447076340984455,0.0029324826425862053,149.70123216962415,28.142599051761977,False,False,nnUNet,internal_val
case_00076,21800,2946,772,1479922,1505440,22572,24746,0.014993623126793495,0.921425250433239,0.8542989262481385,0.8809504566394569,0.9657983342193869,0.0019866906562148487,40.58631055104783,6.635297319200695,False,False,nnUNet,internal_val
case_00077,37705,8959,1149,1457627,1505440,38854,46664,0.025809065788075247,0.8818026614280035,0.7885930604647272,0.8080104577404423,0.9704277551860813,0.006108745071888045,33.3090894068733,12.148508155113584,False,False,nnUNet,internal_val
case_00078,20100,1758,376,1483206,1505440,20476,21858,0.013601339143373366,0.9495913450181886,0.9040208689394621,0.9195717814987647,0.9816370384840789,0.0011838670836464722,27.241358930174016,4.851947875949538,False,False,nnUNet,internal_val
case_00079,20160,2054,1151,1482075,1505440,21311,22214,0.014155994260814115,0.9263641585295807,0.8628290177616093,0.9075357882416494,0.9459903336305194,0.0013839767297856183,10.0,4.737970342118728,False,False,nnUNet,internal_val
case_00080,91774,11601,7280,1394785,1505440,99054,103375,0.06579737485386332,0.9067277909785654,0.8293705661741448,0.8877775090689238,0.926504734791124,0.008248802249169147,55.17245689653489,11.861703106591584,False,False,nnUNet,internal_val
case_00081,40196,2989,2352,1459903,1505440,42548,43185,0.02826283345732809,0.9377019350775081,0.8827107626765048,0.9307861525992822,0.9447212559932312,0.0020432130328144524,14.317821063276353,5.444324740306457,False,False,nnUNet,internal_val
case_00082,27966,482,10676,1466316,1505440,38642,28448,0.02566824317143161,0.8336860933074974,0.7148042122482364,0.983056805399325,0.7237203043320739,0.0003286069383786997,59.48361070739172,14.43135667766164,False,False,nnUNet,internal_val
case_00083,14048,670,444,1490278,1505440,14492,14718,0.00962642151131895,0.9618623758986649,0.9265268434243503,0.9544775105313222,0.969362406845156,0.0004493785162192109,7.0710678118654755,2.2059780849879917,False,False,nnUNet,internal_val
case_00084,64514,6717,763,1433446,1505440,65277,71231,0.04336074503135296,0.9452046766489876,0.8961024529821929,0.9057011694346563,0.988311350092682,0.004664055388174811,27.16983397471811,6.474136640329775,False,False,nnUNet,internal_val
case_00085,23393,894,1812,1479341,1505440,25205,24287,0.016742613455202466,0.945324496888386,0.8963178665849266,0.9631901840490797,0.9281095020829201,0.0006039581552929095,10.770329614269007,4.2228427672745985,False,False,nnUNet,internal_val
case_00086,24728,9925,709,1470078,1505440,25437,34653,0.016896721224359656,0.8230321184889333,0.6992817148351338,0.7135890110524341,0.972127216259779,0.006706067487701039,116.45923496320484,17.920075874048777,False,False,nnUNet,internal_val
case_00087,69870,6519,4834,1424217,1505440,74704,76389,0.049622701668615155,0.924860847292727,0.8602243206973395,0.9146604877665633,0.9352912829299636,0.004556396148555708,39.82712572216603,9.365138412597052,False,False,nnUNet,internal_val
case_00088,50095,17817,2615,1434913,1505440,52710,67912,0.03501301944946328,0.8306113312662698,0.7102953478809534,0.737645776887737,0.9503889205084424,0.012264495122975363,110.86971681030933,22.866499368899753,False,False,nnUNet,internal_val
case_00089,32526,101,17538,1455275,1505440,50064,32627,0.0332553937719205,0.786687789481322,0.6483803448619555,0.996904404327704,0.6496883988494727,6.939787381405218e-05,54.98178802946627,21.646310313934247,False,False,nnUNet,internal_val
case_00090,88783,4120,4769,1407768,1505440,93552,92903,0.062142629397385483,0.9523262985707007,0.9089913178802522,0.9556526699891285,0.9490230032495297,0.0029180784878120643,21.570802274188196,6.438597247560807,False,False,nnUNet,internal_val
case_00091,37464,2408,6610,1458958,1505440,44074,39872,0.02927649059411202,0.8925737974412122,0.805989415257519,0.9396067415730337,0.8500249580251396,0.0016477733846278072,42.085327190632725,9.826937206623219,False,False,nnUNet,internal_val
case_00092,68205,5430,9956,1421849,1505440,78161,73635,0.05191904028058242,0.8986402803762945,0.8159371224174852,0.9262578936646975,0.8726218958304014,0.00380444187856754,67.34228556659936,13.82810509832478,False,False,nnUNet,internal_val
case_00093,13544,236,891,1490769,1505440,14435,13780,0.00958855882665533,0.9600567074251285,0.9231817871992366,0.9828737300435414,0.9382750259785244,0.0001582825007293738,6.0,2.3451063427592125,False,False,nnUNet,internal_val
case_00094,34497,2309,5807,1462827,1505440,40304,36806,0.026772239345307685,0.8947477629360654,0.8095416891558914,0.9372656632070858,0.8559200079396586,0.0015759629140229985,36.35931012968002,8.644392493200046,False,False,nnUNet,internal_val
case_00095,40041,2113,1483,1461803,1505440,41524,42154,0.027582633648634287,0.9570257415330194,0.9175928684373353,0.9498742705318594,0.9642857142857143,0.0014433888283207506,8.966563145999489,3.593276146023757,False,False,nnUNet,internal_val
case_00096,19240,985,2052,1483163,1505440,21292,20225,0.014143373365926241,0.9268492424789845,0.863671050859631,0.9512978986402967,0.9036257749389442,0.0006636804415732124,10.295630140987,4.1936628007771555,False,False,nnUNet,internal_val
case_00097,76737,5633,42546,1380524,1505440,119283,82370,0.07923464236369433,0.7610796764739428,0.6143088155240322,0.9316134514993323,0.6433188300093056,0.004063753240073094,158.9774939466004,35.846296662058116,False,False,nnUNet,internal_val
case_00098,55333,2729,11749,1435629,1505440,67082,58062,0.04455973004570093,0.884309275714377,0.7926114795662574,0.9529985188247047,0.8248561462091172,0.0018973023405855845,35.35533905932738,11.220226093502776,False,False,nnUNet,internal_val
case_00099,26395,1002,2015,1476028,1505440,28410,27397,0.01887155914549899,0.945938681527407,0.8974228206174351,0.9634266525531993,0.929074269623372,0.0006783883875073627,10.770329614269007,4.200400940277889,False,False,nnUNet,internal_val
case_00100,58034,7590,1564,1438252,1505440,59598,65624,0.039588425975130195,0.9268978294548881,0.8637554325177115,0.8843410947214434,0.9737575086412296,0.005249536256382094,26.416849817892164,7.547911026647798,False,False,nnUNet,internal_val
case_00101,11434,282,4114,1489610,1505440,15548,11716,0.010327877564034435,0.8387617370892019,0.7222994314592546,0.9759303516558553,0.7354000514535631,0.0001892754642618391,18.027756377319946,8.38421340318222,False,False,nnUNet,internal_val
case_00102,44776,2910,1914,1455840,1505440,46690,47686,0.03101418854288447,0.9488853098245317,0.9027419354838709,0.9389758000251646,0.9590062111801242,0.001994858611825193,11.180339887498949,4.615190519157492,False,False,nnUNet,internal_val
case_00103,102917,2124,4079,1396320,1505440,106996,105041,0.07107290891699437,0.9707456717459688,0.9431543255131964,0.9797793242638588,0.9618770795169913,0.0015188309292327759,17.0,4.889356419849971,False,False,nnUNet,internal_val
case_00104,129339,12873,4492,1358736,1505440,133831,142212,0.08889826230205122,0.937093134040711,0.8816324026611408,0.9094802126402836,0.9664352803162197,0.009385327742818835,38.03484737735787,10.863753984461953,False,False,nnUNet,internal_val
case_00105,89078,4728,5390,1406244,1505440,94468,93806,0.0627510893825061,0.9462591754570466,0.8979999193515867,0.9495981067309127,0.9429436422915697,0.003350881519973465,24.0,8.411230840295989,False,False,nnUNet,internal_val
case_00106,107987,13350,1277,1382826,1505440,109264,121337,0.07257944521203104,0.9365700929310801,0.8807069339553395,0.8899758523780875,0.988312710499341,0.009561831746140888,37.500630741936895,11.577668676663578,False,False,nnUNet,internal_val
case_00107,116566,11598,708,1376568,1505440,117274,128164,0.07790014879370816,0.9498610647088063,0.9045099012974114,0.9095065697075622,0.9939628562170643,0.008354908562808771,24.0,8.959655056467344,False,False,nnUNet,internal_val
case_00108,21480,5232,3479,1475249,1505440,24959,26712,0.01657920607928579,0.8314141394592711,0.7114703057202477,0.8041329739442947,0.8606114027004287,0.0035339865894935497,44.94550842330268,13.54834947667018,False,False,nnUNet,internal_val
case_00109,148164,17671,7594,1332011,1505440,155758,165835,0.1034634392602827,0.9214379666224078,0.8543207883341309,0.8934422769620406,0.9512448798777591,0.013092713691076861,64.03124237432849,13.662830265055138,False,False,nnUNet,internal_val
case_00110,73640,6376,3880,1421544,1505440,77520,80016,0.051493251142523115,0.9348974202721918,0.8777534089825498,0.9203159368126375,0.9499484004127967,0.004465236147683344,24.112205133946176,7.80005228595637,False,False,nnUNet,internal_val
case_00111,157866,6567,5331,1335676,1505440,163197,164433,0.10840485173769795,0.9636846442633459,0.9299144694988337,0.9600627611245918,0.9673339583448225,0.004892556712905189,25.65927939589689,6.375800662145306,False,False,nnUNet,internal_val
case_00112,97780,1649,5709,1400302,1505440,103489,99429,0.06874335742374323,0.9637390472998946,0.930015788772851,0.9834153013708274,0.9448347167331794,0.0011762179990598815,14.505013907878991,4.982821124014382,False,False,nnUNet,internal_val
case_00113,82033,2493,1618,1419296,1505440,83651,84526,0.05556581464555213,0.9755555159147803,0.9522775817236255,0.9705061164612072,0.9806577327228605,0.0017534247346125199,11.0,3.5493364135980063,False,False,nnUNet,internal_val
case_00114,119724,10149,4217,1371350,1505440,123941,129873,0.08232875438410032,0.9433994972696541,0.8928630024610337,0.9218544270171629,0.9659757465245561,0.0073463679669692125,44.28058518640857,10.059335174034564,False,False,nnUNet,internal_val
case_00115,84893,12279,8310,1399958,1505440,93203,97172,0.06191080348602402,0.8918502954694681,0.8048102993875732,0.8736364384802207,0.910839779835413,0.008694716255132814,48.1580665957208,15.079465647753244,False,False,nnUNet,internal_val
case_00116,122649,47879,4029,1330883,1505440,126678,170528,0.08414682750557977,0.8253467292046593,0.7026300864474069,0.7192308594483018,0.9681949509780704,0.03472608035324443,190.43890571745067,34.636138137750045,False,False,nnUNet,internal_val
case_00117,150294,8623,5357,1341166,1505440,155651,158917,0.10339236369433522,0.9555580987258717,0.9148982797034223,0.9457389706576389,0.9655832599854803,0.0063884058915875,23.0,8.49350165670326,False,False,nnUNet,internal_val
case_00118,136147,4695,5775,1358823,1505440,141922,140842,0.09427277075140823,0.962972655642161,0.9285894541560665,0.9666647732920578,0.9593086343202605,0.00344329887834264,18.384776310850235,7.4835573894998335,False,False,nnUNet,internal_val
case_00119,25921,8557,109,1470853,1505440,26030,34478,0.01729062599638644,0.8567792688570106,0.7494434325035418,0.751812750159522,0.9958125240107568,0.005784062565482186,47.24912437276545,12.735965576494369,False,False,nnUNet,internal_val
case_00120,100780,3733,4045,1396882,1505440,104825,104513,0.06963080561164842,0.9628447773457279,0.9283516645479836,0.9642819553548363,0.9614118769377534,0.0026652577617689373,18.973665961010276,5.630241288607878,False,False,nnUNet,internal_val
case_00121,59918,1966,3275,1440281,1505440,63193,61884,0.04197643213944096,0.9580978117479633,0.9195659847450084,0.9682308835886497,0.9481746395961578,0.001363150694714567,13.0,5.191004681960499,False,False,nnUNet,internal_val
case_00122,139973,5038,6882,1353547,1505440,146855,145011,0.09754955361887555,0.959159340245181,0.9215237041864998,0.9652578080283565,0.953137448503626,0.003708270001508923,26.039378747918697,7.653495749940538,False,False,nnUNet,internal_val
case_00123,76336,3766,6714,1418624,1505440,83050,80102,0.055166595812519925,0.9357654212023144,0.8792849244378916,0.9529849441961499,0.919157134256472,0.0026476564092829673,33.83784863137726,7.227640327719714,False,False,nnUNet,internal_val
case_00124,100731,4363,6192,1394154,1505440,106923,105094,0.07102441811031991,0.9502162562436031,0.9051542871520227,0.9584847850495747,0.9420891669706237,0.003119733260303593,38.848411125653634,9.00554763563192,False,False,nnUNet,internal_val
case_00125,37425,13721,2417,1451877,1505440,39842,51146,0.02646535232224466,0.8226359519936695,0.698709930362377,0.7317287764439057,0.9393353747301842,0.009362048801922492,86.5632073914836,18.920956044178713,False,False,nnUNet,internal_val
case_00126,164687,887,30266,1309600,1505440,194953,165574,0.129499016898714,0.9135903829671564,0.8409262663398693,0.9946428787128414,0.8447523249193395,0.0006768476146653878,100.73275823402737,15.94734628772685,False,False,nnUNet,internal_val
case_00127,126177,16200,2254,1360809,1505440,128431,142377,0.0853112711233925,0.931855779740628,0.8724063305930264,0.8862175772772287,0.9824497200831575,0.01176462898935301,43.86342439892262,11.718923916981092,False,False,nnUNet,internal_val
case_00128,90934,2666,21898,1389942,1505440,112832,93600,0.0749495164204485,0.8810068206479615,0.7873209925713,0.971517094017094,0.8059238513896767,0.001914393713090834,77.41737427490453,19.50537012115759,False,False,nnUNet,internal_val
case_00129,52339,386,12860,1439855,1505440,65199,52725,0.04330893293655011,0.8876734167769071,0.7980330868338797,0.9926789947842579,0.8027577110078375,0.0002680107009868487,49.78125820889502,13.152443341374452,False,False,nnUNet,internal_val
case_00130,41788,3454,2337,1457861,1505440,44125,45242,0.029310367733021574,0.9351997941074446,0.8782866390634524,0.923655010830644,0.9470368271954674,0.0023636245436473315,25.495097567963924,6.586473289565565,False,False,nnUNet,internal_val
case_00131,102260,18823,2569,1381788,1505440,104829,121083,0.06963346264215113,0.9053082616239951,0.8269983502086501,0.8445446511896798,0.9754934226216028,0.013439134777607773,46.2709412050371,17.182732018177738,False,False,nnUNet,internal_val
case_00132,26250,2191,853,1476146,1505440,27103,28441,0.018003374428738443,0.9451966008929857,0.8960879360961289,0.9229633275904504,0.9685274692838431,0.001482070732180822,13.345401254169952,4.015675311892746,False,False,nnUNet,internal_val
case_00133,121847,6185,2656,1374752,1505440,124503,128032,0.08270206716973111,0.964990991347734,0.9323503305582762,0.9516917645588603,0.978667180710505,0.004478842988492596,16.401219466856727,6.495065438144909,False,False,nnUNet,internal_val
case_00134,65975,1590,3113,1434762,1505440,69088,67565,0.04589223084281008,0.9655843633143802,0.9334587849118537,0.9764671057500185,0.954941523853636,0.0011069709931827295,11.045361017187261,4.4177118673239875,False,False,nnUNet,internal_val
case_00135,58597,1615,3716,1441512,1505440,62313,60212,0.04139188542884472,0.9564905121403795,0.9166093104742836,0.9731781040324188,0.9403655737968001,0.001119097626196447,23.001086443322134,5.382616438728956,False,False,nnUNet,internal_val
case_00136,47576,1238,2258,1454368,1505440,49834,48814,0.03310261451801467,0.9645608628659477,0.9315476190476191,0.974638423403122,0.9546895693703095,0.0008505048756325544,10.77959445669359,3.7455619374972677,False,False,nnUNet,internal_val
case_00137,92359,4783,10406,1397892,1505440,102765,97142,0.06826243490275269,0.924019669146153,0.8587700375646223,0.9507628008482428,0.8987398433318737,0.0034099132015613025,31.237813606356276,10.407138597042168,False,False,nnUNet,internal_val
case_00138,75387,4709,9984,1415360,1505440,85371,80096,0.056708337761717506,0.9112028380281264,0.836889431616341,0.9412080503395925,0.8830516217450891,0.0033160360517693155,54.0,11.674192348004064,False,False,nnUNet,internal_val
case_00139,149665,9220,5589,1340966,1505440,155254,158885,0.10312865341694123,0.9528584480118674,0.9099614528740105,0.9419706076722157,0.9640009275123346,0.006828688788063275,29.133290532544194,9.706611035147358,False,False,nnUNet,internal_val
case_00140,80753,28863,1511,1394313,1505440,82264,109616,0.05464448931873738,0.8417031478007088,0.7266730857487379,0.7366898992847759,0.9816323057473499,0.020280696133155703,110.98870332881849,21.09358169005149,False,False,nnUNet,internal_val
case_00141,63680,5809,4059,1431892,1505440,67739,69489,0.04499614730577107,0.9280904771620953,0.8658291183988688,0.9164040351710343,0.9400788319874813,0.004040478513960831,22.679260913685095,7.6806927525741555,False,False,nnUNet,internal_val
case_00142,51756,923,6679,1446082,1505440,58435,52679,0.038815894356467213,0.9315837788217506,0.8719296472253109,0.9824787866132615,0.8857020621203047,0.000637869254079979,29.153043478371274,7.43381069731353,False,False,nnUNet,internal_val
case_00143,156540,4179,15015,1329706,1505440,171555,160719,0.11395671697311086,0.942234420989906,0.8907781078220492,0.9739980960558491,0.9124770481769695,0.003132953740389914,57.645209596562246,10.858428389098073,False,False,nnUNet,internal_val
case_00144,66449,1090,9590,1428311,1505440,76039,67539,0.05050948559889468,0.925615344969285,0.8615306823633134,0.9838611765054265,0.873880508686332,0.0007625571830438064,29.933034373659254,9.349042672880694,False,False,nnUNet,internal_val
case_00145,108663,3203,33405,1360169,1505440,142068,111866,0.09436975236475714,0.8558365559554845,0.7480020100364148,0.9713675290079202,0.7648661204493623,0.0023493221219153685,85.92574386106583,20.325105503070922,False,False,nnUNet,internal_val
case_00146,47821,992,3809,1452818,1505440,51630,48813,0.03429562121373153,0.9522017462640503,0.9087643951199118,0.9796775449163133,0.9262250629478985,0.0006823450106960331,17.804493814764857,5.011320083735946,False,False,nnUNet,internal_val
case_00147,166807,3685,2407,1332541,1505440,169214,170492,0.11240168987139973,0.9820668460374559,0.9647655567701375,0.9783860826314431,0.9857754086541303,0.0027577670244404765,9.0,3.639488145236239,False,False,nnUNet,internal_val
case_00148,52228,2132,10224,1440856,1505440,62452,54360,0.0414842172388139,0.8942231962469609,0.8086832652050043,0.9607799852832966,0.8362902709280727,0.001477489764294644,58.365894974780005,11.953994358130046,False,False,nnUNet,internal_val
case_00149,80013,29648,971,1394808,1505440,80984,109661,0.053794239557870126,0.8393925883186026,0.7232355918721527,0.7296395254466036,0.9880099772794626,0.020813559702791803,113.64505992118256,21.39507959192962,False,False,nnUNet,internal_val
case_00150,65834,3550,5260,1430796,1505440,71094,69384,0.04722473163991923,0.9372855536098179,0.881973098976475,0.9488354663899458,0.9260134469856809,0.0024749955728952428,32.56992419828361,7.7596147908888575,False,False,nnUNet,internal_val
case_00151,59465,2207,5815,1437953,1505440,65280,61672,0.043362737804229994,0.9368107631230701,0.8811326625868686,0.9642139058243612,0.910922181372549,0.001532468614598378,28.646946989191242,7.895003506348475,False,False,nnUNet,internal_val
case_00152,17950,1781,204,1485505,1505440,18154,19731,0.012058932936550111,0.9476045928467731,0.9004263857536995,0.9097359485074249,0.9887628070948551,0.0011974832009445393,10.816653826391969,2.924337998253242,False,False,nnUNet,internal_val
case_00153,98904,2739,5428,1398369,1505440,104332,101643,0.0693033266021894,0.960349556985071,0.9237235105677541,0.9730527434255187,0.9479737760226967,0.0019548814224171155,23.706539182259394,6.2949169126859355,False,False,nnUNet,internal_val
case_00154,77469,2265,4457,1421249,1505440,81926,79734,0.05441997024125837,0.9584189038723246,0.9201577365751684,0.9715930468808789,0.9455972462954374,0.0015911329287945184,16.97056274847714,5.934955833778804,False,False,nnUNet,internal_val
case_00155,77095,5981,2316,1420048,1505440,79411,83076,0.05274936231267935,0.9489374534578151,0.9028363312722504,0.9280056815446097,0.9708352747100527,0.00419416435430135,23.259406699226016,7.264608220893332,False,False,nnUNet,internal_val
case_00156,39810,2028,883,1462719,1505440,40693,41838,0.02703063556169625,0.9647284050841503,0.9318602092647644,0.9515273196615517,0.9783009362789669,0.0013845394460613334,10.44030650891055,5.105327103725967,False,False,nnUNet,internal_val
case_00157,133421,4508,8217,1107094,1253240,141638,137929,0.11301745874692797,0.9544831829221617,0.9129295362172074,0.9673165179186393,0.9419859077366244,0.004055408320603957,25.884185480676656,8.176661056328305,False,False,nnUNet,internal_val
case_00158,59086,3377,2841,1440136,1505440,61927,62463,0.04113548198533319,0.9500120588471742,0.9047837804728653,0.9459359941085123,0.9541234033620231,0.0023394316504250397,14.912944685757017,5.903576812987253,False,False,nnUNet,internal_val
case_00159,143680,21369,2707,1337684,1505440,146387,165049,0.09723868105005845,0.9226935871254447,0.8564820334295048,0.8705293579482457,0.9815079207853157,0.01572344860722871,31.92173319442546,12.824592959306592,False,False,nnUNet,internal_val
case_00160,149683,5175,5086,1345496,1505440,154769,154858,0.10280648846848763,0.9668601252474752,0.9358462962036713,0.9665822882899172,0.967138121975331,0.0038314289712298552,19.654502726281244,5.944809903856145,False,False,nnUNet,internal_val
case_00161,158796,1903,21702,1323039,1505440,180498,160699,0.11989717291954512,0.9308170939369338,0.8705873323062921,0.9881579848038881,0.8797659807864907,0.0014362892866253767,63.92807724470801,14.986113402688025,False,False,nnUNet,internal_val
case_00162,37180,3326,1022,1463912,1505440,38202,40506,0.02537596981613349,0.944757839101489,0.8952995569254479,0.9178887078457513,0.9732474739542433,0.00226684423385981,17.217630467209627,4.800967477225019,False,False,nnUNet,internal_val
case_00163,9669,127777,95,1367899,1505440,9764,137446,0.006485811457115528,0.13136335846749542,0.07029903810500142,0.07034762743186415,0.990270380991397,0.08543093557695651,465.92059409302783,199.450782105843,False,False,nnUNet,internal_val
case_00164,111329,1655,5851,1386605,1505440,117180,112984,0.07783770857689447,0.9673884708294955,0.936836790507847,0.9853519082347943,0.950068271036013,0.0011921398009018484,15.89626356546301,5.396301283049288,False,False,nnUNet,internal_val
case_00165,67735,2047,5130,1430528,1505440,72865,69782,0.048401131894994155,0.9496869895616452,0.9041942545920547,0.9706657877389585,0.9295958279009127,0.001428895520304347,21.02379604162864,6.851491083600649,False,False,nnUNet,internal_val
case_00166,47688,13461,137,1444154,1505440,47825,61149,0.031768120948028486,0.8752179418943968,0.7781222465163332,0.779865574253054,0.9971353894406692,0.009234948871958644,78.81400063524316,17.269495726503816,False,False,nnUNet,internal_val
case_00167,44245,47751,8182,1153062,1253240,52427,91996,0.041833168427436083,0.612714041392299,0.4416638383677055,0.4809448236879864,0.8439353768096591,0.03976555883389004,141.44009293214154,50.74860864718971,False,False,nnUNet,internal_val
case_00168,79882,30682,4738,1137938,1253240,84620,110564,0.06752098560531103,0.8185302073940487,0.6928067162755199,0.722495568177707,0.9440085086268022,0.02625489894063083,92.60766490654625,21.793719477458296,False,False,nnUNet,internal_val
case_00169,113721,519,7804,1383396,1505440,121525,114240,0.08072390796046339,0.9646978983309652,0.931803284061486,0.9954569327731092,0.9357827607488172,0.00037502303248393144,17.0,5.981950677786234,False,False,nnUNet,internal_val
case_00170,59512,8093,563,1437272,1505440,60075,67605,0.03990527686257838,0.9322055137844611,0.8730195986386574,0.880289919384661,0.9906283811901789,0.005599277691102247,21.02379604162864,7.924977519339022,False,False,nnUNet,internal_val
case_00171,55900,11055,456,1438029,1505440,56356,66955,0.0374349027526836,0.9066506637688446,0.8292415184465444,0.8348891046225076,0.9919085811626092,0.007628957327525526,33.24154027718932,10.709459840817331,False,False,nnUNet,internal_val
case_00172,90799,5103,1461,1408077,1505440,92260,95902,0.0612844085450101,0.9651151667180409,0.932582192413956,0.946789430877354,0.9841643182310861,0.003611004967520061,18.601075237738275,5.04239063120814,False,False,nnUNet,internal_val
case_00173,41078,5667,655,1458040,1505440,41733,46745,0.027721463492400893,0.9285472094758019,0.8666244725738397,0.8787677826505509,0.9843049864615532,0.00387167650356253,16.55294535724685,7.714724139597614,False,False,nnUNet,internal_val
case_00174,43603,922,7493,1453422,1505440,51096,44525,0.03394090764161973,0.9119963188002636,0.838229074551117,0.979292532285233,0.8533544700172225,0.000633962803848333,33.46704815582403,9.815455069354073,False,False,nnUNet,internal_val
case_00175,39941,7381,746,1457372,1505440,40687,47322,0.027026650015942184,0.9076571714256496,0.8309270200549221,0.8440260344026035,0.9816649052522919,0.005039074847431615,32.31935666328778,9.027038613062697,False,False,nnUNet,internal_val
case_00176,145747,22223,4383,1080887,1253240,150130,167970,0.11979349526028533,0.9163596353348004,0.8456307694092937,0.8676966124903257,0.970805302071538,0.02014576968751983,106.48828539768762,15.369492237781184,False,False,nnUNet,internal_val
case_00177,44800,4413,793,1455434,1505440,45593,49213,0.030285497927516208,0.9450878636373226,0.8958924929008519,0.9103285717188547,0.9826069791415348,0.003022919525128318,14.072932219257652,5.83985258156822,False,False,nnUNet,internal_val
case_00178,77740,2567,2789,1422344,1505440,80529,80307,0.05349200233818684,0.9666989977368251,0.9355444305381727,0.9680351650541049,0.96536651392666,0.001801516024509601,14.0,4.974558871248928,False,False,nnUNet,internal_val
case_00179,22674,2216,1354,1479196,1505440,24028,24890,0.015960782229779997,0.927020728566172,0.8639689071787837,0.9109682603455203,0.9436490760779092,0.001495870156310331,12.727922061357855,5.356297736205969,False,False,nnUNet,internal_val
case_00180,230109,15689,2965,1256677,1505440,233074,245798,0.15482118184716762,0.9610459580013031,0.9250129641465974,0.9361711649403168,0.9872787183469628,0.012330571549381232,31.978102845270225,9.221040680671253,False,False,nnUNet,internal_val
case_00181,44616,592,7141,1200891,1253240,51757,45208,0.04129855414764929,0.9202495745887691,0.8522798907333473,0.9869049725712263,0.8620283246710589,0.0004927244080856741,39.1815980673914,8.952488833652412,False,False,nnUNet,internal_val
case_00182,111710,2696,9902,1381132,1505440,121612,114406,0.08078169837389733,0.946622715216636,0.8986549538243718,0.9764348023705051,0.9185771141005822,0.0019482189983148195,26.677694747398657,9.020403998854508,False,False,nnUNet,internal_val
case_00183,115887,654,9181,1127518,1253240,125068,116541,0.09979572946921579,0.9592937349188151,0.9217718458185521,0.9943882410482148,0.9265919339879106,0.0005796988402477636,18.341168926717135,6.455974129379841,False,False,nnUNet,internal_val
case_00184,35973,5238,660,1463569,1505440,36633,41211,0.024333749601445423,0.9242330815477108,0.8591387834061761,0.8728980126665211,0.9819834575382852,0.003566159475002502,23.08679276123039,6.842065414834921,False,False,nnUNet,internal_val
case_00185,98048,2387,2929,1402076,1505440,100977,100435,0.06707474226804123,0.9736063392449308,0.948570101776247,0.9762333847762235,0.9709933945353892,0.0016995819754596596,10.0,4.100944784252503,False,False,nnUNet,internal_val
case_00186,155496,8961,4972,1336011,1505440,160468,164457,0.10659209267722393,0.9571193352312072,0.9177649634950333,0.9455115926959631,0.9690156292843433,0.006662592232403351,27.459060435491963,7.671875613359159,False,False,nnUNet,internal_val
case_00187,63968,3147,41360,1396965,1505440,105328,67115,0.06996492719736423,0.7419031216111991,0.5897026964738419,0.9531103330105044,0.607321889715935,0.0022476773286708492,155.78542788281354,29.684558100442626,False,False,nnUNet,internal_val
case_00188,82611,5397,2289,1415143,1505440,84900,88008,0.05639547242002338,0.9555486154486779,0.9148808930529253,0.938676029451868,0.9730388692579506,0.003799259436552297,17.475627037391973,6.158085489688707,False,False,nnUNet,internal_val
case_00189,151873,37916,3013,1060438,1253240,154886,189789,0.12358845871501069,0.8812533546094147,0.7877148577296916,0.8002202445874103,0.980546982942293,0.034520746498851916,133.96510471022813,27.270123778925672,False,False,nnUNet,internal_val
case_00190,69088,2988,1635,1431729,1505440,70723,72076,0.046978292060792855,0.9676258237102501,0.9372820881550922,0.9585437593651146,0.9768816368083933,0.0020826406880241886,16.492422502470642,4.133238016152459,False,False,nnUNet,internal_val
case_00191,109530,3720,6327,1385863,1505440,115857,113250,0.07695889573812308,0.9561471277612644,0.9159788253593919,0.9671523178807947,0.9453895750796241,0.0026770621114391873,21.633307652783937,6.817055725207599,False,False,nnUNet,internal_val
case_00192,76166,990,4268,1424016,1505440,80434,77156,0.05342889786374747,0.96663493876515,0.9354244448811161,0.987168852713982,0.9469378620981177,0.0006947339169098236,10.770329614269007,4.814592481902764,False,False,nnUNet,internal_val
case_00193,157159,7329,4879,1336073,1505440,162038,164488,0.10763497714953768,0.9626124719011656,0.9279198427084379,0.9554435581926949,0.9698897789407422,0.005455552396080994,19.780013135746504,6.429068128661848,False,False,nnUNet,internal_val
case_00194,24275,404,1294,1479467,1505440,25569,24679,0.016984403230949092,0.9662076102531444,0.9346244176644978,0.9836298067182625,0.9493918416832884,0.0002729967679615318,7.347242532597211,2.788627215278518,False,False,nnUNet,internal_val
case_00195,167725,2306,13633,1321776,1505440,181358,170031,0.1204684344776278,0.9546400143430784,0.9132165258297761,0.9864377672306814,0.9248282402761389,0.001741583980448341,31.400636936215164,9.777262963102615,False,False,nnUNet,internal_val
case_00196,25680,3047,1929,1474784,1505440,27609,28727,0.018339488787331278,0.911672820221528,0.8376826722338204,0.8939325373342152,0.9301314788655873,0.00206180544324757,17.46424919657298,7.01076494709636,False,False,nnUNet,internal_val
case_00197,115305,25150,5045,1359940,1505440,120350,140455,0.07994340525029227,0.8842238454017369,0.7924742268041237,0.8209390908120039,0.9580805982550893,0.018157664844883726,114.33964247505504,22.186182359627548,False,False,nnUNet,internal_val
case_00198,88517,315,3755,1412853,1505440,92272,88832,0.06129237963651823,0.9775267249757046,0.9560413448972318,0.9964539805475504,0.9593050979712155,0.0002229034339866173,9.219544457292887,3.288095277765489,False,False,nnUNet,internal_val
case_00199,128930,5279,9691,1361540,1505440,138621,134209,0.09208005632904666,0.9451306674485943,0.8959694232105629,0.9606658271799954,0.9300899575100454,0.0038622524269855776,48.7913139270463,10.111934771124686,False,False,nnUNet,internal_val
case_00200,149206,3068,9363,1343803,1505440,158569,152274,0.10533066744606229,0.960008750398111,0.9230931036829438,0.9798521086987929,0.9409531497329239,0.0022778721941447994,22.0,7.3381959865847906,False,False,nnUNet,internal_val
case_00201,79646,2773,2289,1420732,1505440,81935,82419,0.05442594855988947,0.9692006279129197,0.9402417717334844,0.9663548453633264,0.9720632208457924,0.0019480086125443887,13.601470508735444,4.3075809961268225,False,False,nnUNet,internal_val
case_00202,133510,4763,3685,1363482,1505440,137195,138273,0.09113282495483048,0.9693321910348933,0.9404894405387509,0.9655536511104843,0.9731404205692628,0.0034811017032768256,12.0,4.758727781579178,False,False,nnUNet,internal_val
case_00203,55672,6181,695,1442892,1505440,56367,61853,0.03744220958656606,0.9418372525799357,0.8900684274477202,0.900069519667599,0.9876700906558802,0.004265485589752897,18.0,6.848993176430444,False,False,nnUNet,internal_val
case_00204,151645,14609,22722,1316464,1505440,174367,166254,0.11582460941651611,0.8904031166604526,0.8024563965794598,0.9121284299926619,0.8696886452138306,0.010975355972211892,72.96192306521058,22.636573765598467,False,False,nnUNet,internal_val
case_00205,38352,2913,1816,1462359,1505440,40168,41265,0.026681900308215538,0.9419277197205064,0.8902300318005617,0.9294074881861142,0.9547898824935271,0.0019880267963900216,19.1049731745428,5.294301964844488,False,False,nnUNet,internal_val
case_00206,93446,5212,1725,1405057,1505440,95171,98658,0.06321806249335743,0.964210721821812,0.9308946734008746,0.9471710352936407,0.9818747307478118,0.003695748825224124,14.866068747318506,5.529271133099289,False,False,nnUNet,internal_val
case_00207,63504,4254,690,1436992,1505440,64194,67758,0.04264135402274418,0.962531829756275,0.9277699859747546,0.9372177455060657,0.9892513319001776,0.0029516127017872036,11.40175425099138,5.0299021034032325,False,False,nnUNet,internal_val
case_00208,33171,1676,2943,1467650,1505440,36114,34847,0.02398899989371878,0.9349079071602712,0.8777718973273353,0.9519040376502999,0.9185080578169131,0.0011406590504762048,21.981799360040057,5.582996104988206,False,False,nnUNet,internal_val
case_00209,56989,685,6316,1441450,1505440,63305,57674,0.042050828993516844,0.942130452392564,0.8905922800437568,0.9881228976661928,0.9002290498380855,0.0004749902054939378,30.0,7.849421025498193,False,False,nnUNet,internal_val
case_00210,63552,6754,12499,1422635,1505440,76051,70306,0.05051745669040281,0.8684517993673005,0.7674898858764567,0.903934230364407,0.835649761344361,0.0047250958276578315,61.96570834409931,15.598863645164672,False,False,nnUNet,internal_val
case_00211,17357,2140,1364,1484579,1505440,18721,19497,0.012435567010309278,0.9083154534512533,0.8320310627486698,0.8902395240293378,0.927140644196357,0.0014394112135514513,16.55294535724685,6.291685091931847,False,False,nnUNet,internal_val
case_00212,151806,2968,7927,1342739,1505440,159733,154774,0.10610386332235094,0.9653584816872121,0.933036674636296,0.9808236525514621,0.9503734356707756,0.002205532110630323,21.010708218732884,6.89481745622973,False,False,nnUNet,internal_val
case_00213,59997,2374,1529,1441540,1505440,61526,62371,0.040869114677436494,0.9684980265866001,0.9389201877934272,0.9619374388738356,0.9751487176153171,0.001644142241158407,13.341664064126334,3.5591368877033234,False,False,nnUNet,internal_val
case_00214,54543,1619,3367,1445911,1505440,57910,56162,0.0384671591029865,0.9562907637281717,0.9162425036536814,0.9711726790356469,0.9418580556035228,0.0011184569577141752,13.24730525104612,4.867612014836098,False,False,nnUNet,internal_val
case_00215,153255,7604,2507,1342074,1505440,155762,160859,0.10346609629078542,0.9680659210854617,0.9381082967080053,0.9527287873230593,0.9839049318832578,0.005633936390753943,15.556349186104045,6.16190643179409,False,False,nnUNet,internal_val
case_00216,30360,6946,717,1467417,1505440,31077,37306,0.020643134233180996,0.8879399850840121,0.7984640875259711,0.813810110974106,0.9769282749300126,0.004711187136410775,48.55151773301032,10.21289621577241,False,False,nnUNet,internal_val
case_00217,82806,1712,3212,1417710,1505440,86018,84518,0.057138112445530874,0.9711263310972463,0.9438732474638094,0.9797439598665373,0.9626589783533679,0.0012061247465517655,13.322792301510265,4.217896763521442,False,False,nnUNet,internal_val
case_00218,43073,3659,20959,1437749,1505440,64032,46732,0.04253374428738442,0.7777436712289192,0.636317974324504,0.9217024736797056,0.6726792853573214,0.002538490142971317,110.7573207577463,29.476079139801108,False,False,nnUNet,internal_val
case_00219,94696,4195,6243,1400306,1505440,100939,98891,0.0670495004782655,0.9477656007606465,0.9007171799798352,0.9575795572903499,0.9381507643230069,0.0029868259260762363,29.698484809834994,8.031019050939843,False,False,nnUNet,internal_val
case_00220,197825,8166,28429,1271020,1505440,226254,205991,0.15029094484004676,0.9153373665398096,0.8438913062025425,0.9603574913467093,0.8743491827768791,0.006383747164212241,83.43497645759192,18.97973840814926,False,False,nnUNet,internal_val
case_00221,75479,2900,7201,1419860,1505440,82680,78379,0.054920820491019234,0.9372838525012573,0.8819700864688012,0.9630002934459485,0.9129051765844218,0.0020382917709241195,30.484774317211627,8.590193871591024,False,False,nnUNet,internal_val
case_00222,49066,1445,3474,1451455,1505440,52540,50511,0.034900095653098095,0.9522663535530951,0.9088820968787626,0.9713923699788165,0.9338789493719071,0.000994562598940051,19.089238057722326,5.486515530615817,False,False,nnUNet,internal_val
case_00223,48354,1045,9580,1446461,1505440,57934,49399,0.03848310128600276,0.9010090093447495,0.8198511334542803,0.9788457256219761,0.8346394172679256,0.0007219313771410964,31.0,8.785093994215451,False,False,nnUNet,internal_val
case_00224,35387,3996,791,1465266,1505440,36178,39383,0.024031512381762144,0.9366472121861807,0.8808433315079405,0.8985349008455424,0.9781358836862182,0.0027197327637957015,28.276471524617406,6.782211679385881,False,False,nnUNet,internal_val
case_00225,43438,2391,729,1458882,1505440,44167,45829,0.029338266553300033,0.9653317925241122,0.9329868121482882,0.9478277946278557,0.9834944641927231,0.0016362445621044117,8.0,3.8551628139703893,False,False,nnUNet,internal_val
case_00226,68851,3162,33521,1399906,1505440,102372,72013,0.0680013816558614,0.7896436046678327,0.6524058597229329,0.9560912613000431,0.6725569491657876,0.0022536327533661947,90.29005963237472,24.00157151670478,False,False,nnUNet,internal_val
case_00227,105508,9196,3676,1387060,1505440,109184,114704,0.07252630460197683,0.9425069677695991,0.8912654164554823,0.9198284279536895,0.9663320633059789,0.006586184768409231,37.55981632033445,8.91642457270944,False,False,nnUNet,internal_val
case_00228,41101,1416,4901,1458022,1505440,46002,42517,0.030557179296418324,0.9286367898417289,0.8667805474714243,0.9666956746713079,0.8934611538628755,0.0009702364882920686,27.845847763945887,6.703123849191662,False,False,nnUNet,internal_val
case_00229,100748,1937,3884,1398871,1505440,104632,102685,0.06950260388989266,0.9719222253843148,0.9453781118336477,0.9811364853678726,0.9628794250324948,0.0013827733707974254,12.041594578792296,4.182881718829355,False,False,nnUNet,internal_val
case_00230,70714,8882,8012,1417832,1505440,78726,79596,0.052294345839090234,0.8932934146865249,0.8071637293397863,0.8884114779637168,0.8982293016284328,0.006225494387803021,67.05370443874307,15.755078697197545,False,False,nnUNet,internal_val
case_00231,80115,5984,3043,1416298,1505440,83158,86099,0.0552383356360931,0.9466669029936724,0.8987346032173387,0.9304986120628579,0.963407008345559,0.0042073231609483916,24.166091947189145,6.947550060710343,False,False,nnUNet,internal_val
case_00232,70298,5506,2292,1427344,1505440,72590,75804,0.04821846104793283,0.9474507055541329,0.9001485351362426,0.9273653105377025,0.9684254029480645,0.0038426911400355934,21.840329667841555,7.399351923561938,False,False,nnUNet,internal_val
case_00233,81289,3866,2662,1417623,1505440,83951,85155,0.05576509193325539,0.9613969936016463,0.9256635958869012,0.9546004345017909,0.9682910269085538,0.0027196833742645916,15.524174696260024,6.069406036945957,False,False,nnUNet,internal_val
case_00234,84408,3161,5877,1411994,1505440,90285,87569,0.05997249973429695,0.949183037772555,0.9032810393168247,0.9639027509735181,0.9349061305864762,0.0022336775830209413,19.0,7.084110072488121,False,False,nnUNet,internal_val
case_00235,25876,1640,963,1476961,1505440,26839,27516,0.01782801041555957,0.9521111213319842,0.9085993187963061,0.9403983137083879,0.9641193785163381,0.001109156560830136,11.0,3.613860041124366,False,False,nnUNet,internal_val
case_00236,108406,4016,7011,1386007,1505440,115417,112422,0.07666662238282496,0.951601788982571,0.9076720839299022,0.9642774545907384,0.9392550490828907,0.0028891608268352396,75.24060228412644,12.520398090315568,False,False,nnUNet,internal_val
case_00237,147189,4511,3658,1350082,1505440,150847,151700,0.1002012700605803,0.9729992364822656,0.9474182211408488,0.9702636783124589,0.9757502635120354,0.0033301515658208775,12.012478373637677,4.442220291895793,False,False,nnUNet,internal_val
case_00238,51500,971,1961,1451008,1505440,53461,52471,0.035511876926347115,0.9723218668579844,0.9461346266901822,0.9814945398410551,0.9633190550120648,0.0006687424542641457,11.40175425099138,3.0840086684175136,False,False,nnUNet,internal_val
case_00239,105204,6537,6425,1387274,1505440,111629,111741,0.07415041449675842,0.9419707212248736,0.8903068564561718,0.941498644186109,0.9424432719096292,0.004690018948049628,24.73863375370596,9.342567828454477,False,False,nnUNet,internal_val
case_00240,164967,8676,2807,1328990,1505440,167774,173643,0.11144515889042406,0.966366642551484,0.9349220742419949,0.9500354174945146,0.9832691597029337,0.006485923989994513,21.90886656655637,6.467756379134385,False,False,nnUNet,internal_val
case_00241,55860,2849,1896,1444835,1505440,57756,58709,0.038364863428632164,0.9592581462241875,0.9217061298572725,0.9514725169905807,0.9671722418450032,0.0019679709107788715,19.6468827043885,5.337035757398216,False,False,nnUNet,internal_val
case_00242,120651,9199,2300,1373290,1505440,122951,129850,0.08167113933467957,0.9545136292973525,0.9129852440408627,0.9291567192914901,0.9812933607697375,0.0066539408270156215,43.47848078860047,8.208836640911779,False,False,nnUNet,internal_val
case_00243,67661,759,6711,1430309,1505440,74372,68420,0.04940216813689021,0.9476861448820663,0.9005736646657172,0.9889067524115756,0.9097644274727048,0.0005303731199356005,24.13707597082754,6.913173267560798,False,False,nnUNet,internal_val
case_00244,123197,3116,3608,1375519,1505440,126805,126313,0.08423118822404081,0.9734353147543834,0.9482454722485203,0.9753311218956086,0.9715468632940342,0.0022602066536828096,12.041594578792296,4.405566514732937,False,False,nnUNet,internal_val
case_00245,33957,3292,1119,1467072,1505440,35076,37249,0.02329950047826549,0.9390114068441064,0.8850344036697247,0.9116217885043894,0.9680978446801232,0.002238901387683594,13.341664064126334,5.323735036982195,False,False,nnUNet,internal_val
case_00246,86807,2555,5179,1410899,1505440,91986,89362,0.06110240195557445,0.957352714118711,0.9181942226124116,0.9714084286385712,0.9436979540364838,0.0018076286883053853,22.0,6.914126885315556,False,False,nnUNet,internal_val
case_00247,169618,3637,6971,1325214,1505440,176589,173255,0.1173005898607716,0.9696779135843404,0.9411405679535694,0.9790078208421114,0.9605241549586894,0.002736950944838812,20.19274912267796,6.321419392750705,False,False,nnUNet,internal_val
case_00248,36886,2141,2808,1463605,1505440,39694,39027,0.026367042193644382,0.9371324043139696,0.8817019242261265,0.9451405437261383,0.9292588300498816,0.0014606896419979997,17.481413089350728,6.2264921564999245,False,False,nnUNet,internal_val
case_00249,101484,4999,17180,1381777,1505440,118664,106483,0.07882346689339993,0.9014910258631028,0.8206496688581063,0.9530535390625734,0.8552214656509135,0.003604763855157574,52.20153254455275,13.630878143690955,False,False,nnUNet,internal_val
case_00250,243942,21959,2632,1236907,1505440,246574,265901,0.16378865979381443,0.9520152202546466,0.9084246628905944,0.9174166325060831,0.9893257196622515,0.017443476906994073,53.25410782277739,12.360693931039362,False,False,nnUNet,internal_val
case_00251,47864,2787,15474,1439315,1505440,63338,50651,0.04207274949516421,0.8398003316109449,0.7238412098298677,0.9449764071785355,0.7556916858757776,0.001932595613902484,70.67601775099905,19.109088833785023,False,False,nnUNet,internal_val
case_00252,20280,958,1775,1482427,1505440,22055,21238,0.014650201934318206,0.9368720116416048,0.881241037674358,0.9548921744043696,0.9195193833597823,0.000645820201768253,12.727922061357855,4.096632633455768,False,False,nnUNet,internal_val
case_00253,40067,903,4808,1459662,1505440,44875,40970,0.029808560952279732,0.9334731201584251,0.8752457512342173,0.977959482548206,0.8928579387186629,0.0006182538948968379,15.652475842498529,6.270213258048291,False,False,nnUNet,internal_val
case_00254,18759,1520,541,1484620,1505440,19300,20279,0.012820172175576575,0.9479269309482301,0.9010086455331412,0.9250456136890379,0.9719689119170984,0.0010227838561642914,9.219544457292887,3.2076799936100393,False,False,nnUNet,internal_val
case_00255,61263,2147,1978,1440052,1505440,63241,63410,0.04200831650547348,0.9674301821541086,0.9369150302807855,0.9661409872259896,0.9687228222197625,0.0014886988550123804,11.180339887498949,4.108656280170367,False,False,nnUNet,internal_val
case_00256,82687,1119,3907,1417727,1505440,86594,83806,0.05752072483792114,0.9705046948356808,0.942699485823082,0.9866477340524544,0.9548814005589302,0.0007886691015092548,11.045361017187261,4.254366133709112,False,False,nnUNet,internal_val
case_00257,56581,4607,4530,1439722,1505440,61111,61188,0.040593447762780316,0.9252896589506047,0.8609665540643355,0.9247074589788847,0.9258725924956227,0.0031897164704163664,35.28520902588669,9.14934280339824,False,False,nnUNet,internal_val
case_00001,23391,1207,1883,525169,551650,25274,24598,0.04581528142844195,0.938041385948027,0.8833125637249348,0.9509309699975608,0.9254965577273087,0.0022930376764898094,19.024982710918426,4.837633827401244,False,False,nnUNet,external_test1
case_00002,15328,1005,575,674292,691200,15903,16333,0.0230078125,0.9509864747487281,0.9065531109533949,0.938468132002694,0.9638433000062882,0.001488234065899893,9.219544457292887,2.9296195257453292,False,False,nnUNet,external_test1
case_00003,20361,11273,498,1473308,1505440,20859,31634,0.013855749814007865,0.775760577600823,0.6336673720901282,0.6436429158500347,0.9761254134905796,0.007593388302827532,52.2957772163255,18.150009809130726,False,False,nnUNet,external_test1
case_00004,82421,6983,4636,1411400,1505440,87057,89404,0.05782827611860984,0.9341554224446195,0.8764461931093152,0.9218938749944074,0.9467475332253581,0.004923211854626007,44.344081085794194,8.841436975043969,False,False,nnUNet,external_test1
case_00005,10308,664,151,680077,691200,10459,10972,0.015131655092592592,0.9619709766226494,0.9267284006113459,0.939482318629238,0.9855626732957262,0.0009754076807478909,5.0,1.8494184844560952,False,False,nnUNet,external_test1
case_00006,58582,5760,1042,486266,551650,59624,64342,0.10808302365630382,0.9451301163222173,0.895968432644072,0.9104783811507258,0.9825238159130552,0.011706698426505917,18.973665961010276,6.724189321504717,False,False,nnUNet,external_test1
case_00007,3824,3979,424,682973,691200,4248,7803,0.006145833333333333,0.6346361297817609,0.4648109882095539,0.49006792259387416,0.9001883239171374,0.005792253316097777,105.20265844533579,22.217060271175455,False,False,nnUNet,external_test1
case_00008,125939,28146,2771,1348584,1505440,128710,154085,0.08549659900095653,0.8906734560370586,0.802895649512929,0.8173345880520492,0.9784709812757362,0.020444095792203264,60.1580628591486,19.347100124105186,False,False,nnUNet,external_test1
case_00009,27736,5385,3623,654456,691200,31359,33121,0.04536892361111111,0.8602977667493796,0.754844328325713,0.8374143292774977,0.8844669791766319,0.008161056981909278,57.245087125446844,12.089471526226436,False,False,nnUNet,external_test1
case_00010,21515,5275,1495,1477155,1505440,23010,26790,0.01528456796684026,0.8640562248995984,0.7606505214778151,0.8030981709593131,0.9350282485875706,0.00355834676848148,36.61205838078616,9.63647577996465,False,False,nnUNet,external_test1
case_00011,17503,4060,5292,1478585,1505440,22795,21563,0.015141752577319588,0.7891699355245954,0.6517594488921988,0.8117145109678616,0.767843825400307,0.0027383493688644283,37.002702209328696,11.897428598648288,False,False,nnUNet,external_test1
case_00012,9788,1491,411,679510,691200,10199,11279,0.014755497685185186,0.9114442685538691,0.8372968349016253,0.8678074297366788,0.9597019315619179,0.002189424097761971,11.0,3.9753503912762747,False,False,nnUNet,external_test1
case_00013,12592,2154,253,676201,691200,12845,14746,0.018583622685185184,0.9127614077054111,0.8395226348423228,0.8539264885392649,0.9803036200856364,0.003175328552159268,17.16814457517661,4.867021952754735,False,False,nnUNet,external_test1
case_00014,4583,517,142,685958,691200,4725,5100,0.0068359375,0.9329262086513995,0.8742846241892408,0.8986274509803922,0.96994708994709,0.0007531228376852762,6.324555320336759,2.157389642281831,False,False,nnUNet,external_test1
case_00015,12771,507,1475,676447,691200,14246,13278,0.020610532407407407,0.9279901177154484,0.8656544431641022,0.9618165386353367,0.8964621648181946,0.0007489430596465934,16.783805427663886,3.5788420612061183,False,False,nnUNet,external_test1
case_00016,12075,486,1064,538025,551650,13139,12561,0.02381763799510559,0.9396887159533074,0.8862385321100917,0.9613088129925962,0.9190197123068726,0.0009024885285537343,12.083045973594572,3.4608691269236767,False,False,nnUNet,external_test1
case_00017,27882,1536,1309,1474713,1505440,29191,29418,0.019390344351153152,0.9514579672064017,0.9074104208025515,0.947787069141342,0.9551574115309514,0.0010404748792378522,13.392046056452658,4.135914910357206,False,False,nnUNet,external_test1
case_00018,84398,1528,24822,1394692,1505440,109220,85926,0.07255021787650122,0.8649728920910498,0.7620724527756709,0.9822172567092614,0.7727339315143746,0.001094383406626463,128.9268827522539,21.23942488120628,False,False,nnUNet,external_test1
case_00019,38644,3161,5674,504171,551650,44318,41805,0.08033717030726004,0.897414163463883,0.8139177320499589,0.924387035043655,0.8719707568031049,0.0062306339832693385,35.12530644918938,9.093359926268386,False,False,nnUNet,external_test1
case_00020,2112,1256,61,687771,691200,2173,3368,0.00314380787037037,0.7623172712506767,0.615923009623797,0.6270783847980997,0.9719282098481362,0.0018228603523519397,12.041594578792296,4.716354368006121,False,False,nnUNet,external_test1
case_00021,89761,627,10696,1404356,1505440,100457,90388,0.06672932830268892,0.9406691293982027,0.8879842507221717,0.9930632384829845,0.893526583513344,0.0004462687448887282,44.897643466641746,9.471582331022875,False,False,nnUNet,external_test1
case_00022,20664,1683,2016,1481077,1505440,22680,22347,0.01506536295036667,0.9178492904257446,0.8481714074621352,0.9246878775674587,0.9111111111111111,0.001135045455771669,31.112474589595184,5.785908079223468,False,False,nnUNet,external_test1
case_00023,23196,2819,583,664602,691200,23779,26015,0.03440248842592593,0.9316785154837932,0.8720956462891947,0.8916394387853162,0.9754825686530132,0.004223720859847083,15.556349186104045,5.338268769700282,False,False,nnUNet,external_test1
case_00024,22352,1057,3586,664205,691200,25938,23409,0.03752604166666667,0.9059112002755993,0.8280051861455825,0.9548464265880644,0.8617472434266328,0.0015888477021083422,24.515301344262525,6.3803753070505955,False,False,nnUNet,external_test1
case_00025,35748,1663,1380,512859,551650,37128,37411,0.0673035439137134,0.959175733508633,0.9215539687040808,0.9555478335248991,0.9628312863606981,0.003232126128717528,9.219544457292887,3.388802626405196,False,False,nnUNet,external_test1
case_00026,94740,10213,1635,1398852,1505440,96375,104953,0.06401782867467319,0.9411507589605023,0.8888430217285248,0.9026897754232847,0.983035019455253,0.007248068754812588,33.120770138594665,8.049716033569053,False,False,nnUNet,external_test1
case_00027,29659,2622,770,518599,551650,30429,32281,0.05515997462158977,0.9459097432626375,0.8973707300838099,0.9187757504414361,0.9746951920864965,0.005030495701439505,15.206846146401253,4.983581705038553,False,False,nnUNet,external_test1
case_00028,27851,1060,589,661700,691200,28440,28911,0.04114583333333333,0.9712472319575944,0.9441016949152542,0.963335754557089,0.9792897327707454,0.0015993723218057818,5.0,2.3591200796673024,False,False,nnUNet,external_test1
case_00029,27284,572,1094,522700,551650,28378,27856,0.05144203752379226,0.9703737952128606,0.9424525043177893,0.9794658242389431,0.9614490097963211,0.001093121741656347,5.385164807134504,2.1197019804232515,False,False,nnUNet,external_test1
case_00030,9565,1246,492,1494137,1505440,10057,10811,0.006680438941439048,0.9167145869273529,0.8462355126957445,0.8847470169272038,0.9510788505518545,0.0008332313527704943,17.272755136379104,3.938597042656365,False,False,nnUNet,external_test1
case_00031,55503,929,5431,1443577,1505440,60934,56432,0.04047587416303539,0.9458105413833648,0.8971921827263469,0.9835377091012192,0.9108707782190567,0.0006431264390732887,14.94642749892739,5.815755425163217,False,False,nnUNet,external_test1
case_00032,35452,2367,739,652642,691200,36191,37819,0.05235966435185185,0.9580326982840157,0.9194460293583692,0.9374124117507073,0.9795805587024399,0.0036136908042484913,12.041594578792296,3.8710814573193004,False,False,nnUNet,external_test1
case_00033,38833,3992,1036,507789,551650,39869,42825,0.07227227408683042,0.9391975233995211,0.8853651307539728,0.9067834208990075,0.9740148987935489,0.007800211418555984,55.65968020030299,9.796114765454801,False,False,nnUNet,external_test1
case_00034,19201,3280,1829,666890,691200,21030,22481,0.03042534722222222,0.8825814161936062,0.7898395721925133,0.8540990169476447,0.9130290061816453,0.004894280555679902,21.802335189403735,7.004502939637888,False,False,nnUNet,external_test1
case_00035,6378,7690,480,1490892,1505440,6858,14068,0.004555478796896589,0.609576603268661,0.43841077811383006,0.4533693488768837,0.9300087489063867,0.0051315176613625415,43.104524124504614,16.317119751546723,False,False,nnUNet,external_test1
case_00036,38308,1870,1271,1463991,1505440,39579,40178,0.026290652566691466,0.9606178768007824,0.9242201259378996,0.9534571158345363,0.9678870107885494,0.0012757007656251172,12.731838382033244,3.2654240946799145,False,False,nnUNet,external_test1
case_00037,41968,7835,1031,1454606,1505440,42999,49803,0.02856241364650866,0.9044632658778906,0.825589172601015,0.8426801598297291,0.9760226982022838,0.005357481088125948,49.57607963690065,11.964434791596362,False,False,nnUNet,external_test1
case_00038,67252,4470,2130,617348,691200,69382,71722,0.10037905092592593,0.9532259893411952,0.9106320749607323,0.9376760268815705,0.9693003949151077,0.007188598593157483,16.97056274847714,6.330959110769482,False,False,nnUNet,external_test1
case_00039,16762,1354,2014,671070,691200,18776,18116,0.027164351851851853,0.9087064946329828,0.8326875310481868,0.9252594391697947,0.8927354069024286,0.0020136104600668625,18.12414379544733,5.686638797057034,False,False,nnUNet,external_test1
case_00040,39002,2557,11718,637923,691200,50720,41559,0.07337962962962963,0.8453060826406875,0.7320607391557332,0.9384730142688708,0.7689668769716088,0.003992318261304022,122.40992924281397,19.74831718603685,False,False,nnUNet,external_test1
case_00041,25978,395,1093,1477974,1505440,27071,26373,0.01798211818471676,0.9721577726218097,0.945823927765237,0.9850225609524893,0.9596246906283477,0.0002671863384581251,6.4031242374328485,2.1574751275425843,False,False,nnUNet,external_test1
case_00042,6511,1363,2495,1242871,1253240,9006,7874,0.007186173438447544,0.7714454976303318,0.6279294049570836,0.8268986537973076,0.7229624694648012,0.0010954531060877615,24.0,10.763475990135415,False,False,nnUNet,external_test1
case_00043,23310,1407,446,666037,691200,23756,24717,0.03436921296296296,0.9617725331627917,0.9263601319397529,0.9430756159728122,0.9812257955884829,0.0021080420230011805,6.708203932499369,2.86355225630619,False,False,nnUNet,external_test1
case_00044,2951,239,247,1249803,1253240,3198,3190,0.00255178577128084,0.9239198497182217,0.8585976141984288,0.9250783699059562,0.9227642276422764,0.0001911935758958499,5.385164807134504,1.7790438547738985,False,False,nnUNet,external_test1
case_00045,22849,4741,1716,1223934,1253240,24565,27590,0.01960119370591427,0.8761959543667913,0.7796696922131987,0.82816237767307,0.9301445145532261,0.0038586281970415283,32.39112400128736,6.983576102172205,False,False,nnUNet,external_test1
case_00046,7564,223,1268,1244185,1253240,8832,7787,0.007047333312055153,0.9102834105541849,0.8353395913859746,0.9713625272890716,0.8564311594202898,0.0001792016766205296,13.416407864998739,3.7952339052749737,False,False,nnUNet,external_test1
case_00047,15865,556,2167,1234652,1253240,18032,16421,0.014388305512112605,0.9209647926160276,0.8535076393372067,0.9661409171183241,0.8798247559893523,0.0004501266183509174,21.906633748964737,4.820912119041841,False,False,nnUNet,external_test1
case_00048,68939,1750,3882,1178669,1253240,72821,70689,0.058106188758737354,0.9607553480593687,0.9244746617317724,0.9752436729901399,0.9466912017137914,0.0014825244256488586,14.560219778561036,4.452108156378935,False,False,nnUNet,external_test1
case_00049,26546,2986,221,1475687,1505440,26767,29532,0.017780183866510788,0.9430362883887813,0.8922125499949585,0.8988893403765407,0.9917435648372996,0.002019378185711107,20.586651202224157,4.837100112341712,False,False,nnUNet,external_test1
case_00050,53473,1701,569,1449697,1505440,54042,55174,0.03589781060686577,0.9792154995605039,0.9592773980589491,0.9691702613549861,0.9894711520669109,0.0011719735041663278,5.0,1.740682654120583,False,False,nnUNet,external_test1
case_00051,24603,1454,829,1478554,1505440,25432,26057,0.01689339993623127,0.955660432325351,0.9150859183218032,0.9441992554783744,0.9674032714690154,0.0009824271220155566,8.94427190999916,2.914440993196695,False,False,nnUNet,external_test1
case_00052,52989,2894,5371,1235104,1296358,58360,55883,0.045018428551372384,0.9276542107612721,0.8650700362425311,0.9482132312152175,0.9079677861549006,0.0023376451335139475,19.72308292331602,6.99821572617493,False,False,nnUNet,external_test1
case_00053,66975,2528,2336,1224519,1296358,69311,69503,0.05346594073550671,0.9649603065973172,0.9322930441682095,0.9636274693178711,0.9662968360000577,0.0020602307817059982,11.661903789690601,4.520791637775704,False,False,nnUNet,external_test1
case_00054,59363,678,4614,1440785,1505440,63977,60041,0.04249721011797215,0.9573287748552629,0.9181501817338179,0.9887077163937976,0.9278803319943104,0.0004703554652460729,13.341664064126334,5.22890680837001,False,False,nnUNet,external_test1
case_00055,100861,6547,3442,1394590,1505440,104303,107408,0.06928406313104474,0.9528177562809679,0.9098872350022553,0.9390455087144347,0.966999990412548,0.004672633725324504,38.04057375617601,9.617327916774194,False,False,nnUNet,external_test1
case_00056,96370,4612,7850,1396608,1505440,104220,100982,0.06922892974811351,0.9392695977622051,0.885493237283152,0.9543284941870829,0.9246785645749376,0.003291417479053967,22.0,7.611061117966267,False,False,nnUNet,external_test1
case_00057,99063,5011,5523,1186761,1296358,104586,104074,0.0806767883563028,0.9495159589763251,0.9038842304077667,0.9518515671541403,0.9471917847513052,0.004204663308082418,19.4164878389476,8.366499957988514,False,False,nnUNet,external_test1
case_00058,88432,2598,3975,1201353,1296358,92407,91030,0.07128200697646792,0.964167534357845,0.9308141676753855,0.9714599582555201,0.9569837782851949,0.0021578951302835413,17.46424919657298,5.441369867810944,False,False,nnUNet,external_test1
case_00059,31824,16812,6687,1450117,1505440,38511,48636,0.02558122542246785,0.7303521635856656,0.5752399544493249,0.6543301258327165,0.8263612993690115,0.011460677374296915,163.755301643238,34.73393866316851,False,False,nnUNet,external_test1
case_00060,54573,5032,4350,1441485,1505440,58923,59605,0.03914005207779785,0.9208457073434125,0.8533031037448205,0.9155775522187736,0.9261748383483529,0.0034787009070754095,23.194827009486403,8.20906932072293,False,False,nnUNet,external_test1
case_00061,42598,1993,6049,1454800,1505440,48647,44591,0.03231414071633543,0.9137476136339261,0.8411927330173775,0.9553048821511068,0.8756552305383682,0.0013680735698208325,28.583099171041486,9.249550083323587,False,False,nnUNet,external_test1
case_00062,34748,9473,2446,1458773,1505440,37194,44221,0.024706398129450528,0.8536019161088252,0.7445946814665609,0.7857805115216753,0.9342367048448674,0.006451916095804109,51.0,13.11854946223594,False,False,nnUNet,external_test1
case_00063,76789,2534,1934,1424183,1505440,78723,79323,0.0522923530662132,0.9717297495665819,0.9450139680273699,0.968054662582101,0.9754328468173215,0.001776105562630851,12.041594578792296,5.525188816981626,False,False,nnUNet,external_test1
case_00064,35867,2011,1296,1466266,1505440,37163,37878,0.02468580614305452,0.955930757852374,0.9155817634145096,0.9469084956967105,0.9651266044183732,0.0013696325693312637,11.0,4.136252149503231,False,False,nnUNet,external_test1
case_00065,96394,2792,5314,1191858,1296358,101708,99186,0.07845672260286125,0.9596503628779356,0.9224306220095694,0.9718508660496441,0.9477523891925905,0.0023370861758674087,21.400934559032695,6.50905893499881,False,False,nnUNet,external_test1
case_00066,62685,2007,2808,1228858,1296358,65493,64692,0.05052076664007936,0.9630141721396475,0.9286666666666666,0.9689760712298275,0.957125188951491,0.0016305606220016005,12.36931687685298,4.150163716109192,False,False,nnUNet,external_test1
case_00067,62450,3129,2964,1436897,1505440,65414,65579,0.04345174832607078,0.9534860641408319,0.9111068964007994,0.952286555147227,0.9546885987709053,0.002172877434157439,16.39630164460371,5.742578765066219,False,False,nnUNet,external_test1
case_00068,22651,534,2480,1479775,1505440,25131,23185,0.01669345839090233,0.9376190081960427,0.8825638028443406,0.9769678671554884,0.9013170984043611,0.00036073549508920097,18.572437942311762,4.36160287666798,False,False,nnUNet,external_test1
case_00069,106362,1996,11147,1385935,1505440,117509,108358,0.07805624933574237,0.9418108887088419,0.8900213380193297,0.9815795788035955,0.9051391808287025,0.0014381118369717226,28.115796687946922,8.47040372757871,False,False,nnUNet,external_test1
case_00070,19605,2204,694,993669,1016172,20299,21809,0.019975948953523615,0.9311769734967227,0.8712171710438609,0.898940804255124,0.9658111237006749,0.0022131336023770098,17.69180601295413,5.1157254160980115,False,False,nnUNet,external_test1
case_00071,141130,559,12404,1351347,1505440,153534,141689,0.10198613030077586,0.956090819482222,0.9158754777958765,0.9960547396057563,0.9192100772467336,0.0004134902870465846,23.259406699226016,7.806048676589788,False,False,nnUNet,external_test1
case_00072,55222,1288,1522,1447408,1505440,56744,56510,0.03769263471144649,0.9751885143129603,0.9515784394816653,0.9772075738807291,0.9731777809107571,0.0008890754167886155,8.0,2.7077878167283016,False,False,nnUNet,external_test1
case_00073,12877,784,1578,1281119,1296358,14455,13661,0.011150469237664287,0.9159908948641343,0.8450029529496687,0.9426103506331893,0.890833621584227,0.0006115907365845934,12.836753236814706,4.825704244630052,False,False,nnUNet,external_test1
case_00074,63478,1316,2819,948559,1016172,66297,64794,0.0652419078659912,0.9684570260353494,0.9388431218848446,0.9796894774207489,0.9574792222875846,0.0013854454533491249,12.529964086141668,3.837501090181162,False,False,nnUNet,external_test1
case_00075,58437,1761,2419,1442823,1505440,60856,60198,0.04042406206823254,0.9654699555570241,0.9332449654247249,0.9707465364297817,0.9602504272380702,0.0012190360685152264,10.770329614269007,3.9368481066398617,False,False,nnUNet,external_test1
case_00076,13279,1453,3604,1487104,1505440,16883,14732,0.011214661494313955,0.8400442827771627,0.7242037521815009,0.9013711648112951,0.7865308298288219,0.0009761131081980737,32.86635046710131,8.964192325731561,False,False,nnUNet,external_test1
case_00077,46747,4343,1529,1452821,1505440,48276,51090,0.032067701137209054,0.9409053398546786,0.8884053288736008,0.9149931493442944,0.9683279476344353,0.002980446950377583,14.72843671137763,5.882421390889057,False,False,nnUNet,external_test1
case_00078,22754,952,1831,990635,1016172,24585,23706,0.02419373885523317,0.9423702139114949,0.8910208716763911,0.9598413903653084,0.9255236933089283,0.0009600771288853121,9.219544457292887,4.581133526168595,False,False,nnUNet,external_test1
case_00079,90739,2570,4715,918148,1016172,95454,93309,0.09393488503914692,0.9614066315962344,0.9256814657634865,0.9724571048880601,0.9506044796446456,0.002791299833390897,18.35755975068582,6.002048745042455,False,False,nnUNet,external_test1
case_00080,9552,1209,411,1005000,1016172,9963,10761,0.009804442555000532,0.9218297625940938,0.8549946294307197,0.8876498466685252,0.9587473652514303,0.0012015396403729246,11.383347557125905,3.708384019763419,False,False,nnUNet,external_test1
case_00081,80234,1543,2892,931503,1016172,83126,81777,0.08180308058084655,0.9731054013571615,0.9476195537918246,0.9811316140235029,0.9652094410894305,0.0016537233962741387,16.97056274847714,3.8607359319704555,False,False,nnUNet,external_test1
case_00082,109032,5571,4362,1386475,1505440,113394,114603,0.07532282920607929,0.9564336372847011,0.916504854368932,0.9513887071019084,0.9615323562093232,0.004002022921656324,19.745855008288192,8.13387417300715,False,False,nnUNet,external_test1
case_00083,60365,1728,1560,952519,1016172,61925,62093,0.06093948662234346,0.9734877195245851,0.9483449326818846,0.9721707760939237,0.9748082357690755,0.0018108519073154017,8.94427190999916,3.4607631288441723,False,False,nnUNet,external_test1
case_00084,41055,1976,546,1209663,1253240,41601,43031,0.03319475918419457,0.9702003970129501,0.942125433141336,0.9540796170202877,0.9868753154972236,0.0016308487924208447,9.011077027627486,3.0282560405930607,False,False,nnUNet,external_test1
case_00085,46163,2244,2117,965648,1016172,48280,48407,0.047511641729943356,0.9548956943539463,0.9136845855435041,0.9536430681513004,0.9561516155758077,0.0023184404871617907,12.041594578792296,4.249698962675283,False,False,nnUNet,external_test1
case_00086,152748,1340,41761,1100509,1296358,194509,154088,0.15004265796948066,0.8763586605736711,0.7799273930425992,0.99130367062977,0.7853004231166681,0.0012161376014317752,87.05169152117817,20.057032656099484,False,False,nnUNet,external_test1
case_00087,102771,3170,14214,1385285,1505440,116985,105941,0.07770817833988734,0.9220189659348842,0.8553202113936166,0.9700776847490584,0.8784972432363124,0.0022831132445776062,34.88050344386617,11.046922390421157,False,False,nnUNet,external_test1
case_00088,107362,1333,155978,1240767,1505440,263340,108695,0.17492560314592412,0.5771607510046097,0.40564016730078245,0.9877363264179585,0.4076934761145287,0.0010731825134852266,300.82877058941835,78.77844231157478,False,False,nnUNet,external_test1
case_00089,31355,303,4235,1469547,1505440,35590,31658,0.023640928897863747,0.932518439210088,0.8735686624132839,0.9904289595047066,0.8810059005338579,0.00020614348402898255,16.76305461424021,5.386483953584332,False,False,nnUNet,external_test1
case_00090,45761,6358,2190,961863,1016172,47951,52119,0.047187877642761264,0.9145797941440992,0.842604356552321,0.878009938793914,0.9543283768847365,0.006566682606553669,60.74537019394976,10.770542408856308,False,False,nnUNet,external_test1
case_00091,69930,2777,4063,1176470,1253240,73993,72707,0.0590413647824838,0.9533742331288344,0.9109026963657679,0.9618056033119232,0.9450894003486816,0.0023548925712764163,26.67720956852273,6.973961473252615,False,False,nnUNet,external_test1
case_00092,57615,3221,3677,951659,1016172,61292,60836,0.06031656058226363,0.9435182759072449,0.8930758141769876,0.9470543756985995,0.9400084839783333,0.0033731987265415548,24.041630560342615,7.128303988127131,False,False,nnUNet,external_test1
case_00093,97213,1857,12973,904129,1016172,110186,99070,0.1084324307302307,0.9291298696333677,0.8676401024606625,0.9812556778035733,0.8822627194017388,0.0020497005472490744,55.694538399730305,10.886232198238902,False,False,nnUNet,external_test1
case_00094,12204,4919,932,1235185,1253240,13136,17123,0.010481631610864638,0.806636042169272,0.6759346441428967,0.7127255737896396,0.9290499390986602,0.003966602801055395,32.979589856739544,10.504776497699885,False,False,nnUNet,external_test1
case_00095,37387,1385,5788,971612,1016172,43175,38772,0.042487885909078385,0.9124678145630712,0.8390260323159785,0.9642783451975653,0.8659409380428489,0.0014234370712345465,32.87076185662984,5.970963506371253,False,False,nnUNet,external_test1
case_00096,83035,3847,5387,1204089,1296358,88422,86882,0.06820801044156012,0.9473257883448182,0.8999230510789106,0.9557215533712391,0.939076247992581,0.003184771378616086,24.149418595916465,7.230198468712944,False,False,nnUNet,external_test1
case_00097,42540,3447,3458,1246913,1296358,45998,45987,0.03548248246240622,0.9249334130564766,0.8603498837091718,0.9250440341835736,0.924822818383408,0.0027568060398605204,30.013329631685814,7.880082686749719,False,False,nnUNet,external_test1
case_00098,51733,3989,13954,1435764,1505440,65687,55722,0.04363309065788075,0.8522102974244085,0.7424794764337792,0.9284124762212411,0.7875683164096396,0.002770614126173031,61.60843903403808,18.01113931451547,False,False,nnUNet,external_test1
case_00099,7067,292,1456,1496625,1505440,8523,7359,0.005661467743649697,0.8899382949250724,0.801701644923426,0.9603206957467048,0.8291681332864015,0.00019506759559815274,18.212313213805018,4.883077006969731,False,False,nnUNet,external_test1
case_00100,19665,6480,779,1226316,1253240,20444,26145,0.01631291691934506,0.8441906887891991,0.7303892437973555,0.7521514629948365,0.9618959107806692,0.0052563441153280835,25.298221281347036,9.562869423989985,False,False,nnUNet,external_test1
case_00101,83644,7806,1920,1412070,1505440,85564,91450,0.056836539483473274,0.9450551933745354,0.8958337795865909,0.9146418808091853,0.9775606563508017,0.005497663176221022,25.0,7.718387378858557,False,False,nnUNet,external_test1
case_00102,43836,1799,39376,1168229,1253240,83212,45635,0.0663974976859979,0.6804349344571469,0.5156509157638424,0.9605785033417333,0.526799019372206,0.0015375700410588465,121.24143772381723,35.341719891494286,False,False,nnUNet,external_test1
case_00103,77766,348,6992,931066,1016172,84758,78114,0.08340910790692914,0.9549339358514661,0.9137546118957536,0.9955449727321607,0.9175063120885344,0.00037362547696298315,17.029386365926403,6.4538060677294,False,False,nnUNet,external_test1
case_00104,158615,2975,11803,1079847,1253240,170418,161590,0.13598193482493376,0.9554890243608588,0.9147716459141949,0.9815892072529241,0.9307408841789013,0.0027474506428572746,34.46229143647363,9.313341760654033,False,False,nnUNet,external_test1
case_00105,110305,2700,4093,899074,1016172,114398,113005,0.11257739831445858,0.9701279226747228,0.9419887615501545,0.9761072518915093,0.9642214024720712,0.002994098299573951,16.0,4.833684319977991,False,False,nnUNet,external_test1
case_00106,55594,563,3996,956019,1016172,59590,56157,0.05864164728018485,0.9606123700830259,0.9242099313417452,0.9899745356767634,0.9329417687531465,0.0005885538301996066,12.083045973594572,4.4145280199955526,False,False,nnUNet,external_test1
case_00107,72249,3557,3067,937299,1016172,75316,75806,0.07411737383041454,0.9561678643744789,0.9160168879084097,0.9530775928026806,0.9592782410112061,0.0037805997942299352,18.487579470122455,7.244972667381394,False,False,nnUNet,external_test1
case_00108,81956,774,3901,929541,1016172,85857,82730,0.08449061773006931,0.9722695106977406,0.9460354838337316,0.9906442644747976,0.9545639842994748,0.0008319762661034165,9.055385138137417,4.13965269484799,False,False,nnUNet,external_test1
case_00001,59812,567,7555,948238,1016172,67367,60379,0.06629487921336152,0.9364207098461008,0.8804427827008567,0.990609317809172,0.8878531031513947,0.0005975938153782917,21.18962010041709,7.5153507836706,False,False,nnUNet,external_test2
case_00002,63545,6744,2955,1432196,1505440,66500,70289,0.04417313210755659,0.9290951757816783,0.8675795969635738,0.9040532658026149,0.9555639097744361,0.004686783326615426,21.0,7.724410641506966,False,False,nnUNet,external_test2
case_00003,44270,1625,2087,1205258,1253240,46357,45895,0.03698972263891992,0.9597623899752851,0.922637655787587,0.964593092929513,0.9549798304463187,0.0013464436900677199,13.416407864998739,4.277928614997204,False,False,nnUNet,external_test2
case_00004,21606,1244,582,667768,691200,22188,22850,0.032100694444444446,0.9594564589901861,0.9220723796517583,0.9455579868708972,0.9737696051919956,0.0018594584252599356,7.0710678118654755,2.7063474553523275,False,False,nnUNet,external_test2
case_00005,27385,1978,1440,520847,551650,28825,29363,0.0522523339073688,0.9412593661923421,0.8890367821316105,0.9326363110036441,0.9500433651344319,0.0037832926887581887,13.341664064126334,4.204172623662864,False,False,nnUNet,external_test2
case_00006,19189,1523,1616,668872,691200,20805,20712,0.03009982638888889,0.9243924175638895,0.8594141884629165,0.9264677481653147,0.9223263638548426,0.0022717949865377874,18.959059747573246,5.603669918742891,False,False,nnUNet,external_test2
case_00007,29629,1706,1123,658742,691200,30752,31335,0.04449074074074074,0.954434905857909,0.9128412101793086,0.9455560874421574,0.9634820499479708,0.002583095111197248,13.903199590504814,3.9283524462219104,False,False,nnUNet,external_test2
case_00008,92777,2735,17457,903203,1016172,110234,95512,0.10847966682805667,0.9018595744267204,0.8212606998380086,0.9713648546779462,0.8416368815428996,0.00301897039311741,65.92419889539804,14.486905053902074,False,False,nnUNet,external_test2
case_00009,111589,5564,4059,894960,1016172,115648,117153,0.11380750502867625,0.95866426690607,0.9206101706101706,0.9525065512620249,0.964902116768124,0.0061786248895087745,20.504793138814815,7.243656277292325,False,False,nnUNet,external_test2
case_00010,117877,7538,1640,889117,1016172,119517,125415,0.11761493133052278,0.9625283752225108,0.9277635669591909,0.9398955467846749,0.9862781026966875,0.008406800831981085,28.653097563788805,7.010256230337905,False,False,nnUNet,external_test2
case_00011,75200,848,6210,933914,1016172,81410,76048,0.08011439008356853,0.9551753483468608,0.914196795448467,0.9888491479065853,0.9237194447856528,0.000907182790913623,23.04450122961837,6.306159417093057,False,False,nnUNet,external_test2
case_00012,85959,6165,2341,921707,1016172,88300,92124,0.08689473829233633,0.9528554959428901,0.9099560683851162,0.9330793278624463,0.9734881087202718,0.006644235411780935,22.20360331117452,7.3155023913873904,False,False,nnUNet,external_test2
case_00013,48537,5962,5085,956588,1016172,53622,54499,0.052768625783824,0.8978274340784861,0.8145978786251342,0.8906034973118773,0.9051695199731453,0.006193963949924679,35.05134487947147,11.002594826541143,False,False,nnUNet,external_test2
case_00014,53188,1459,2746,958779,1016172,55934,54647,0.055043831162441006,0.9619735759307657,0.926733225306222,0.9733013706150383,0.9509064254299711,0.0015194149783699458,12.601452018860767,4.501290440516559,False,False,nnUNet,external_test2
case_00015,72587,2805,2857,937923,1016172,75444,75392,0.07424333675795043,0.9624625420987032,0.9276412478114736,0.962794460950764,0.9621308520226923,0.0029817332959155038,12.806248474865697,4.562910984078327,False,False,nnUNet,external_test2
case_00016,86432,2280,4216,923244,1016172,90648,88712,0.08920537074432282,0.9637823371989295,0.9300964187327824,0.9742988547208946,0.9534904244991615,0.002463469342772311,12.041594578792296,4.591442021235919,False,False,nnUNet,external_test2
case_00017,121509,2754,31894,1097083,1253240,153403,124263,0.12240512591363187,0.8752169873156959,0.778120737462938,0.9778373288911422,0.7920901155779222,0.0025040074120074155,81.17172078589716,23.17555314618619,False,False,nnUNet,external_test2
case_00018,138541,2330,10168,1354401,1505440,148709,140871,0.09878108725688171,0.9568409420540093,0.9172531597799244,0.9834600450057145,0.9316248512194958,0.001717363279824814,21.0,8.28393263861345,False,False,nnUNet,external_test2
case_00019,69015,4271,2027,940859,1016172,71042,73286,0.06991139295316147,0.9563632836317277,0.9163756589167873,0.9417214747700788,0.9714675825567974,0.004518955064382678,12.529964086141668,5.138206737007925,False,False,nnUNet,external_test2
case_00020,64984,4339,7816,1428301,1505440,72800,69323,0.048357955149325116,0.9144754895407499,0.8424273065505127,0.9374089407555933,0.8926373626373626,0.0030286743354925173,29.419380139414905,10.040354147870307,False,False,nnUNet,external_test2
case_00021,47519,2528,1885,1453508,1505440,49404,50047,0.03281698373897332,0.9556263888749233,0.9150234922591081,0.9494874817671389,0.9618451947210752,0.0017362208077272815,12.0,4.885769974455768,False,False,nnUNet,external_test2
case_00022,66820,3752,14570,1420298,1505440,81390,70572,0.054063928153895206,0.8794303839117674,0.7848065584552865,0.9468344385875418,0.820985379039194,0.002634738948772866,59.08553062386262,15.264555054508799,False,False,nnUNet,external_test2
case_00023,4268,2137,547,1246288,1253240,4815,6405,0.0038420414286170247,0.7607843137254902,0.6139240506329114,0.6663544106167058,0.8863966770508827,0.0017117568135851173,32.322508957147434,8.534831019607482,False,False,nnUNet,external_test2
case_00024,31766,4438,377,1468859,1505440,32143,36204,0.021351232862153256,0.9295506752308075,0.8683742926655914,0.8774168600154679,0.9882711632392744,0.003012291479586261,18.821357121152257,5.923207024018192,False,False,nnUNet,external_test2
case_00025,12123,20909,41,1220167,1253240,12164,33032,0.009706041939293352,0.5364634038410478,0.36655277718985274,0.36700775006054737,0.9966293982242683,0.016847477511449743,76.48166666575594,31.59288054758092,False,False,nnUNet,external_test2
case_00026,173641,16113,5575,1057911,1253240,179216,189754,0.14300213845711915,0.9412201534000054,0.8889668200830394,0.9150847939964375,0.9688922864029997,0.015002458045630265,60.042057009530126,13.029920000898711,False,False,nnUNet,external_test2
case_00027,55040,2566,19074,1428760,1505440,74114,57606,0.049230789669465404,0.835712116610993,0.7177882107459572,0.95545602888588,0.7426397171924333,0.0017927432324990954,100.43231524160969,21.214067695060503,False,False,nnUNet,external_test2
case_00028,182045,8599,3803,1310993,1505440,185848,190644,0.12345095121691997,0.9670590610159048,0.9362191239772277,0.9548949875159984,0.9795370410227713,0.006516408101898162,28.409480363590102,8.755479292255806,False,False,nnUNet,external_test2
case_00029,69951,3558,8490,1423441,1505440,78441,73509,0.052105032415772135,0.92071076011846,0.8530713789192551,0.9515977635391585,0.8917657857497993,0.0024933444242077256,52.3736470670436,11.072367465534775,False,False,nnUNet,external_test2
case_00030,84106,746,6320,925000,1016172,90426,84852,0.08898690379187775,0.959686897385867,0.9224981353924451,0.9912082213736859,0.9301085970849092,0.000805836590166201,16.97056274847714,6.009861364756613,False,False,nnUNet,external_test2
case_00031,28641,405,2645,1221549,1253240,31286,29046,0.024964093070760588,0.9494463966054498,0.9037581647786438,0.9860565998760586,0.9154573930831682,0.00033143637158190896,13.051249609618903,5.395835619900711,False,False,nnUNet,external_test2
case_00032,23067,827,4413,1224933,1253240,27480,23894,0.021927164788867255,0.8980028808346634,0.8148867771222665,0.9653888005356993,0.839410480349345,0.0006746834616890745,31.295715823117767,7.117714864057656,False,False,nnUNet,external_test2
case_00033,87883,9592,1435,917262,1016172,89318,97475,0.08789653720039521,0.940966738582281,0.8885148114447478,0.9015952808412413,0.9839338095344723,0.010348987003346806,27.01615255642551,8.624329773778161,False,False,nnUNet,external_test2
case_00034,78552,25149,3051,1398688,1505440,81603,103701,0.054205415028164526,0.8478176402020464,0.7358363309352518,0.7574854630138571,0.9626116686886511,0.01766283640613357,93.68616049355366,25.31572029601581,False,False,nnUNet,external_test2
case_00035,131917,6220,10549,867486,1016172,142466,138137,0.14019870651818786,0.9402394129784785,0.8872187025005717,0.9549722377060454,0.9259542627714683,0.007119099559806159,39.0,10.179839652594566,False,False,nnUNet,external_test2
case_00036,63307,5656,7178,1429299,1505440,70485,68963,0.0468201987458816,0.9079656933050313,0.8314442941385062,0.9179850064527355,0.8981627296587926,0.003941587018408243,24.0,11.194368890127501,False,False,nnUNet,external_test2
case_00037,65474,23040,979,1415947,1505440,66453,88514,0.04414191199914975,0.8450057108932869,0.7316102935425117,0.7397021940032086,0.9852677832453012,0.01601126347910023,61.326992425847855,19.94031239585355,False,False,nnUNet,external_test2
case_00038,149138,2435,9078,1092589,1253240,158216,151573,0.12624557147872714,0.9628359948222822,0.9283353356032642,0.9839351335660045,0.9426227435910401,0.002223695553704759,19.0,5.927475254356515,False,False,nnUNet,external_test2
case_00039,97050,1610,13040,1141540,1253240,110090,98660,0.08784430755481791,0.9298203592814371,0.868845120859445,0.9836813298195825,0.8815514578980834,0.0014083891002930498,46.389654018972806,11.1982578897763,False,False,nnUNet,external_test2
case_00040,118971,4762,2531,1379176,1505440,121502,123733,0.08070863003507281,0.9702611780537036,0.9422400684280555,0.9615139049404767,0.979169067175849,0.003440905589701273,12.649110640673518,4.494813338856054,False,False,nnUNet,external_test2
case_00041,117530,149,43590,1091971,1253240,161120,117679,0.12856276531231048,0.8431163669884039,0.7287823450260125,0.9987338437614188,0.7294563058589871,0.00013643189393106986,74.26169820634031,25.166832658804783,False,False,nnUNet,external_test2
case_00042,126534,5645,4968,1368293,1505440,131502,132179,0.08735120629184823,0.9597506077419306,0.9226158793119791,0.9572927620877749,0.9622211069033171,0.00410862790024004,17.16094665135447,7.709160300191507,False,False,nnUNet,external_test2
case_00043,127431,735,14437,1110637,1253240,141868,128166,0.1132009830519294,0.943814482620707,0.8936067263662055,0.994265249754225,0.8982363887557447,0.000661344716260622,34.92849839314596,10.015856329398655,False,False,nnUNet,external_test2
case_00044,63572,2485,18121,1421262,1505440,81693,66057,0.0542651982144755,0.8605346869712351,0.7552091995533274,0.9623809740072967,0.7781817291567209,0.0017453943713314234,117.6711340477599,19.457248787546337,False,False,nnUNet,external_test2
case_00045,36945,597,10124,1457774,1505440,47069,37542,0.03126594218301626,0.8732907068820839,0.7750807703604247,0.9840978104522934,0.7849115128853386,0.0004093608553653357,34.713109915419565,11.240666234159688,False,False,nnUNet,external_test2
case_00046,66008,1308,2496,1435628,1505440,68504,67316,0.04550430438941439,0.9719923428066559,0.9455108004354552,0.9805692554518985,0.9635641714352446,0.0009102701860068924,13.93196886332491,4.073865561911501,False,False,nnUNet,external_test2
case_00047,93423,4051,10568,1397398,1505440,103991,97474,0.06907681475183335,0.9274365274365275,0.8646915088576664,0.9584401994377988,0.8983758209845083,0.0028905796786040734,37.143634667611764,11.218234201007949,False,False,nnUNet,external_test2
case_00048,20476,1130,919,1273833,1296358,21395,21606,0.016503928698708228,0.9523499453501081,0.9090344062153163,0.9476997130426733,0.9570460387941108,0.0008863002298890242,9.848857801796104,3.4359789279470028,False,False,nnUNet,external_test2
case_00049,56964,10728,1239,1436509,1505440,58203,67692,0.038661786587310024,0.904944596687716,0.8263916090003046,0.8415174614430065,0.9787124375032215,0.007412745804591784,43.55570040184567,12.009177247318119,False,False,nnUNet,external_test2
case_00050,21852,1443,1389,991488,1016172,23241,23295,0.022871128116106327,0.9391438886023724,0.8852698104035003,0.9380553766902768,0.9402349296501872,0.0014532731881671537,8.06225774829855,3.3933809795888417,False,False,nnUNet,external_test2
case_00051,135182,2356,40693,1075009,1253240,175875,137538,0.14033624844403306,0.8626444978351249,0.7584651379389669,0.9828701886024226,0.7686254442075338,0.0021868169097752385,92.772840233429,24.58367780317007,False,False,nnUNet,external_test2
case_00052,36526,1073,4806,1253953,1296358,41332,37599,0.03188316807548532,0.9255172239044228,0.8613606885980427,0.9714620069682705,0.883722055550179,0.0008549623673135059,21.213203435596427,7.281038986685205,False,False,nnUNet,external_test2
case_00053,14200,259,1328,1237453,1253240,15528,14459,0.012390284382879577,0.9470770667289159,0.8994742509659847,0.9820872812780966,0.9144770736733643,0.00020925708080716678,6.324555320336759,2.8523133750144245,False,False,nnUNet,external_test2
case_00054,181133,10746,6275,1307286,1505440,187408,191879,0.12448719311297694,0.9551236926127181,0.9141021629641591,0.9439959557846351,0.9665169042943738,0.008153064568993772,24.0,9.567603114948557,False,False,nnUNet,external_test2
case_00055,20383,630,2714,1229513,1253240,23097,21013,0.01842982988094858,0.9241895261845386,0.8590635141400093,0.9700185599390854,0.8824955621942243,0.0005121355809853001,13.45362404707371,5.451870209383789,False,False,nnUNet,external_test2
case_00056,33561,1200,5253,1213226,1253240,38814,34761,0.030970923366633686,0.9122935779816513,0.8387314439946019,0.9654785535513938,0.8646622352759313,0.0009881211370639299,37.33630940518894,7.920151990313352,False,False,nnUNet,external_test2
case_00057,56355,6821,1841,1440423,1505440,58196,63176,0.038657136783930277,0.9286326335563392,0.8667733054431918,0.8920317842218564,0.9683655234036703,0.004713096063967099,24.08318915758459,6.612151066367867,False,False,nnUNet,external_test2
case_00058,99225,826,27467,1125722,1253240,126692,100051,0.10109157064887811,0.8752199626890356,0.7781254411141957,0.9917442104526691,0.7831986234332081,0.0007332133206929487,49.64876634922564,19.212306717691252,False,False,nnUNet,external_test2
case_00059,126981,7171,11931,1107157,1253240,138912,134152,0.11084229676678051,0.930045703571324,0.8692387204534409,0.946545709344624,0.9141110919143055,0.006435268610319404,38.10839421114876,13.428702224168234,False,False,nnUNet,external_test2
case_00060,93177,7641,5855,1189685,1296358,99032,100818,0.07639247800376131,0.9324693520140105,0.8734825119758515,0.9242099625066952,0.9408776960982309,0.006381720600738646,30.056595563632488,10.09871878842799,False,False,nnUNet,external_test2
case_00061,44495,1720,4385,1454840,1505440,48880,46215,0.03246891274311829,0.9358010410641989,0.8793478260869565,0.9627826463269501,0.9102905073649754,0.0011808645026638105,52.18229522295459,10.22794345221833,False,False,nnUNet,external_test2
case_00062,24450,1066,487,1479437,1505440,24937,25516,0.016564592411520883,0.9692188769746101,0.9402761219859247,0.9582222918952814,0.9804707863816818,0.0007200255588810019,7.751906704893839,2.1649496579860217,False,False,nnUNet,external_test2
case_00063,10023,2636,677,1492104,1505440,10700,12659,0.007107556594749708,0.8581702983860611,0.7515746850629874,0.7917687021091714,0.9367289719626168,0.0017635174010195752,24.76254085764425,7.434899283620709,False,False,nnUNet,external_test2
case_00064,68755,8364,3424,1424897,1505440,72179,77119,0.04794545116377936,0.9210438184034615,0.8536433954533603,0.891544236828797,0.9525623796395073,0.005835643333628697,33.126238148898054,11.089257474958416,False,False,nnUNet,external_test2
case_00065,27952,2201,1347,1473940,1505440,29299,30153,0.019462084174726325,0.9403216039830451,0.8873650793650794,0.9270056047491129,0.9540257346667121,0.0014910499742233295,16.401219466856727,4.599427597562626,False,False,nnUNet,external_test2
case_00066,25433,2832,6516,1218459,1253240,31949,28265,0.02549312182822125,0.8447537117613844,0.7312325695063396,0.899805413055015,0.7960499546151679,0.002318857667828552,29.966648127543394,10.0420450209165,False,False,nnUNet,external_test2
case_00067,78555,1515,7636,1417734,1505440,86191,80070,0.05725302901477309,0.9449600327196396,0.8956627824778236,0.9810790558261521,0.9114060632780685,0.00106746596263235,27.343999820186234,8.081955123301173,False,False,nnUNet,external_test2
case_00068,37687,5648,979,1461126,1505440,38666,43335,0.02568418535444787,0.9191839123913123,0.850453581261001,0.869666551286489,0.9746805979413438,0.003850627295002502,18.788294228055936,7.014933758567653,False,False,nnUNet,external_test2
case_00069,82393,31197,6328,1176440,1296358,88721,113590,0.06843865660565986,0.8145182417169605,0.6870778365216231,0.7253543445725856,0.928675285445385,0.02583309388500021,106.0577639587369,24.162732096116898,False,False,nnUNet,external_test2
case_00070,76845,1771,14969,1202773,1296358,91814,78616,0.07082457160753435,0.9017778560112656,0.8211251803173586,0.9774727790780503,0.8369638617204348,0.0014702659263588545,34.66049556286429,13.005391996049747,False,False,nnUNet,external_test2
case_00071,121835,3224,3523,1376858,1505440,125358,125059,0.0832700074396854,0.9730569410223747,0.9475276477267425,0.9742201680806659,0.971896488457059,0.002336093072730461,12.649110640673518,4.7140279220246954,False,False,nnUNet,external_test2
case_00072,68452,1385,2242,1433361,1505440,70694,69837,0.04695902858964821,0.9741907479488512,0.9496802119896225,0.9801681057319186,0.9682858516988712,0.0009653276607845569,10.63014581273465,3.3695478365653497,False,False,nnUNet,external_test2
case_00073,40305,2323,5246,1248484,1296358,45551,42628,0.03513767030403638,0.9141632361446603,0.8418974808873292,0.9455053016796472,0.8848323856775921,0.0018572009910401844,23.706539182259394,7.369129234685075,False,False,nnUNet,external_test2
case_00074,140048,9668,2455,1353269,1505440,142503,149716,0.09465870443192688,0.9585139912189146,0.9203330463754592,0.9354244035373641,0.98277229251314,0.0070935046887713816,30.01249652970545,7.448634893574194,False,False,nnUNet,external_test2
case_00075,31757,4688,858,1468137,1505440,32615,36445,0.02166476246147306,0.9196930205618303,0.8513256306463287,0.8713678145150227,0.9736930860033727,0.003182998659039601,35.0,6.081074701664059,False,False,nnUNet,external_test2
case_00076,115746,3094,57797,1076603,1253240,173543,118840,0.13847547157767068,0.7917423379608254,0.6552760746615941,0.9739649949511949,0.6669586212062717,0.0028656187800836716,104.35420249643576,32.718620219968344,False,False,nnUNet,external_test2
case_00077,23669,1340,800,1479631,1505440,24469,25009,0.016253719842703795,0.9567484538582804,0.9170831880351815,0.9464192890559399,0.9673055703134579,0.000904811775517549,13.899632846996669,3.4442493730459387,False,False,nnUNet,external_test2
case_00078,19185,3947,6141,1476167,1505440,25326,23132,0.016822988627909447,0.7918197201700442,0.655382092713422,0.8293705689088708,0.7575219142383322,0.002666686484959942,38.365703681288,13.640886628250986,False,False,nnUNet,external_test2
case_00079,94904,5612,3665,1401259,1505440,98569,100516,0.06547520990540971,0.9534018132958284,0.9109530528599264,0.9441680926419674,0.9628179244995891,0.003988994015798179,18.439088914585774,7.433641660162677,False,False,nnUNet,external_test2
case_00080,81376,1819,23257,1398988,1505440,104633,83195,0.06950326814751834,0.8664948782929063,0.7644384323450945,0.9781357052707494,0.7777278678810701,0.001298537200342374,82.61502605396261,21.25361597673897,False,False,nnUNet,external_test2
case_00081,25626,527,3309,1223778,1253240,28935,26153,0.023088155500941558,0.9303659599186755,0.869798384359514,0.9798493480671433,0.8856402280974598,0.0004304482951552105,20.248456731316587,4.306193534852425,False,False,nnUNet,external_test2
case_00082,231811,30284,42548,991715,1296358,274359,262095,0.21163829744561302,0.8642343984759178,0.7609267240671869,0.8844541101508995,0.8449185191664935,0.029632122927713236,97.24710792614863,28.175469272248744,False,False,nnUNet,external_test2
case_00083,198573,14690,2533,1289644,1505440,201106,213263,0.13358619406950792,0.9584355972575168,0.9201885113718512,0.9311179154377459,0.9874046522729307,0.011262452715332116,44.45892688628518,10.322451706239796,False,False,nnUNet,external_test2
case_00084,25991,4731,2436,1472282,1505440,28427,30722,0.018882851525135507,0.878831425721483,0.7838530671331202,0.8460061193932686,0.9143068209800542,0.0032030862287603427,30.0,9.688191835221948,False,False,nnUNet,external_test2
case_00085,102412,2106,5883,1395039,1505440,108295,104518,0.07193577957274949,0.9624600000939793,0.9276365250314762,0.9798503607034195,0.9456761623343645,0.0015073596512888783,22.360679774997898,5.925727067347039,False,False,nnUNet,external_test2
case_00086,69336,2903,23379,1157622,1253240,92715,72239,0.07398024320960071,0.8406707324466215,0.7251354347507791,0.9598139509129417,0.747840155314674,0.0025014540832812735,80.0,21.133797696169307,False,False,nnUNet,external_test2
case_00087,44981,2639,4725,1453095,1505440,49706,47620,0.03301758954192794,0.9243367650987403,0.8593179864361448,0.9445821083578329,0.9049410533939565,0.001812831190313615,21.988606972822694,6.624329899582928,False,False,nnUNet,external_test2
case_00088,164198,4235,10890,1326117,1505440,175088,168433,0.11630353916462961,0.9559706684598612,0.9156549912727313,0.97485647111908,0.9378027049255232,0.0031833680108723107,20.789339654825092,7.298821653613947,False,False,nnUNet,external_test2
case_00089,31792,840,1820,1470988,1505440,33612,32632,0.022327027314273568,0.9598454199625627,0.9227911296876814,0.9742583966658495,0.9458526716648816,0.0005707188611712782,9.90954544295049,3.0014785801613773,False,False,nnUNet,external_test2
case_00090,60902,986,4473,1439079,1505440,65375,61888,0.04342584227866936,0.9571045787070869,0.91773782794111,0.984067993795243,0.9315793499043977,0.0006846913160169853,11.40175425099138,5.56468652398999,False,False,nnUNet,external_test2
case_00091,41415,1005,19477,1443543,1505440,60892,42420,0.04044797534275694,0.8017461669505963,0.6690954327350276,0.9763083451202264,0.6801386060566248,0.0006957193530433049,76.09360298645711,20.20414581899484,False,False,nnUNet,external_test2
case_00092,53946,10607,11515,1429372,1505440,65461,64553,0.04348296843447763,0.8298490931745812,0.7091812588736394,0.8356854057905907,0.8240937352011121,0.007366079644217034,45.807747413666256,17.36079304892142,False,False,nnUNet,external_test2
case_00093,179504,14973,1288,1309675,1505440,180792,194477,0.12009246466149431,0.9566684165225479,0.916936122391643,0.9230088905114744,0.992875790964202,0.011303380218744904,38.84455226371401,9.565592762993687,False,False,nnUNet,external_test2
case_00094,55230,1747,2937,1445526,1505440,58167,56977,0.038637873312785634,0.9593205030223025,0.921821277163935,0.9693385050107939,0.9495074526793543,0.0012070977624815775,11.313708498984761,4.4812149764535425,False,False,nnUNet,external_test2
case_00001,36914,1618,2009,650659,691200,38923,38532,0.05631221064814815,0.9531728100187206,0.9105350139365087,0.9580089276445551,0.9483852734886827,0.0024805412424476103,14.317821063276353,4.586514896645766,False,False,DeepLabv3plus,train
case_00002,31357,1912,2617,655314,691200,33974,33269,0.049152199074074074,0.9326472643992684,0.8737947946274313,0.9425290811265743,0.9229705068581857,0.0029091971407095886,16.278820596099706,5.5622143836858555,False,False,DeepLabv3plus,train
case_00003,8893,1852,460,540445,551650,9353,10745,0.01695459077313514,0.8849636779779082,0.7936635430611334,0.8276407631456492,0.9508179193841548,0.0034151027942253046,25.94189271096924,6.622357033579412,False,False,DeepLabv3plus,train
case_00004,57300,14240,6601,1427299,1505440,63901,71540,0.04244672653842066,0.8461248809444702,0.7332898222444043,0.8009505171931787,0.8966995821661633,0.009878331422181433,96.0,18.387787006513555,False,False,DeepLabv3plus,train
case_00005,26247,1560,1772,661621,691200,28019,27807,0.040536747685185184,0.9403145487765557,0.887352513607627,0.9438990182328191,0.9367572004711089,0.00235229899529691,12.066465415673658,4.0806948746908835,False,False,DeepLabv3plus,train
case_00006,22899,459,3064,664778,691200,25963,23358,0.037562210648148145,0.928569980332921,0.8666641435167663,0.980349344978166,0.8819859030158302,0.0006899796613838376,12.806248474865697,5.370870032451868,False,False,DeepLabv3plus,train
case_00007,25334,716,1609,663541,691200,26943,26050,0.03898003472222222,0.9561262808295435,0.9159405618424382,0.9725143953934741,0.9402813346694875,0.0010778960552918523,8.619422599190438,3.1858916162303346,False,False,DeepLabv3plus,train
case_00008,89718,554,32363,1382805,1505440,122081,90272,0.0810932352003401,0.844989239615169,0.7315855995433603,0.9938629918468628,0.7349055135524775,0.00040047449722017205,110.04043215141922,21.9858072243342,False,False,DeepLabv3plus,train
case_00009,3954,322,959,546415,551650,4913,4276,0.008906009244992295,0.860594188703885,0.7553008595988538,0.9246959775491114,0.804803582332587,0.0005889486169767182,9.219544457292887,4.540627682989331,False,False,DeepLabv3plus,train
case_00010,35384,4127,1711,649978,691200,37095,39511,0.05366753472222222,0.9237918700885048,0.8583765950220756,0.8955480752195591,0.9538751853349507,0.006309384578928459,22.80350850198276,7.059818662531315,False,False,DeepLabv3plus,train
case_00011,10993,3468,891,675848,691200,11884,14461,0.017193287037037038,0.8345416587587777,0.7160630536737884,0.7601825599889358,0.9250252440255806,0.005105135165372227,29.8732139211339,8.826466799603406,False,False,DeepLabv3plus,train
case_00012,61356,102100,293,1089491,1253240,61649,163456,0.0491916951262328,0.5451322716065836,0.3746954179872854,0.3753670712607674,0.9952472870606174,0.085683762297634,334.2558898799725,114.84272737555918,False,False,DeepLabv3plus,train
case_00013,38890,14087,1787,1450676,1505440,40677,52977,0.02702000743968541,0.830503769192987,0.7101380468921189,0.7340921531985579,0.9560685399611574,0.009617255487747847,53.32728459187305,17.316976246449858,False,False,DeepLabv3plus,train
case_00014,5210,549,4578,1242903,1253240,9788,5759,0.007810156075452428,0.6702257670290088,0.5040147044597079,0.9046709498176767,0.5322844299141807,0.0004415128207602706,46.84480521636033,14.971971573933395,False,False,DeepLabv3plus,train
case_00015,22738,1996,779,526137,551650,23517,24734,0.04263029094534578,0.9424882385857288,0.8912319209814604,0.9193013665399854,0.9668750265765191,0.0037793510346825513,13.416407864998739,3.8976250648112303,False,False,DeepLabv3plus,train
case_00016,31771,4335,4091,651003,691200,35862,36106,0.051883680555555554,0.8829201867496665,0.7903823668432968,0.8799368526006758,0.8859238190842674,0.0066149071166329435,22.090722034374522,8.871013927441075,False,False,DeepLabv3plus,train
case_00017,16788,779,2994,531089,551650,19782,17567,0.03585969364633373,0.8989798923665961,0.816497252079179,0.9556554904081517,0.848650288140734,0.0014646491234667249,20.8806130178211,5.863883281710675,False,False,DeepLabv3plus,train
case_00018,36280,1384,2230,651306,691200,38510,37664,0.05571469907407407,0.9525559902328878,0.9094099363312779,0.9632540356839422,0.9420929628667879,0.002120455346335933,12.175782699380754,4.36578222538455,False,False,DeepLabv3plus,train
case_00019,90118,1357,27839,1133926,1253240,117957,91475,0.09412163671762791,0.8605943695328316,0.7553011381732236,0.9851653457228751,0.7639902676399026,0.0011952966793301759,87.03878328541565,22.485415006219625,False,False,DeepLabv3plus,train
case_00020,29346,1207,2196,658451,691200,31542,30553,0.045633680555555556,0.9451968757548918,0.8960884301810742,0.9604948777534121,0.9303785428951874,0.0018297360147227805,9.433981132056603,3.991653085755616,False,False,DeepLabv3plus,train
case_00021,13595,745,1375,675485,691200,14970,14340,0.02165798611111111,0.927669737291027,0.865097041043589,0.9480474198047419,0.9081496325985304,0.0011016961684633926,8.06225774829855,4.120030012306319,False,False,DeepLabv3plus,train
case_00022,18186,304,1908,670802,691200,20094,18490,0.029071180555555555,0.9426705370101597,0.8915579958819492,0.9835586803677664,0.9050462824723798,0.00045298358232529585,8.494089729900406,3.4868964467507353,False,False,DeepLabv3plus,train
case_00023,3798,0,3506,544346,551650,7304,3798,0.013240279162512462,0.6842010448567826,0.5199890470974808,1.0,0.5199890470974808,0.0,16.278820596099706,10.621407540769685,False,False,DeepLabv3plus,train
case_00024,35819,8357,7046,1454218,1505440,42865,44176,0.02847340312466787,0.8230374191472984,0.699289367849752,0.8108248822890257,0.8356234690306777,0.0057138950139309095,47.037749417678754,19.109225794683653,False,False,DeepLabv3plus,train
case_00025,11297,1300,570,538483,551650,11867,12597,0.021511828151907914,0.9235611510791367,0.8579782790309106,0.8968008255933952,0.9519676413583888,0.002408375217448493,8.200222875501128,2.932512788869563,False,False,DeepLabv3plus,train
case_00026,20200,3285,15755,1466200,1505440,35955,23485,0.02388338293123605,0.6796769851951547,0.5147808358817533,0.8601234830743028,0.5618133778334029,0.002235477054886576,102.33758092241757,25.267306594437724,False,False,DeepLabv3plus,train
case_00027,9067,6924,12376,1477073,1505440,21443,15991,0.01424367626740355,0.48442592295773895,0.31963196672189514,0.5670064411231318,0.42284195308492284,0.004665777626235094,106.87936937519012,32.13036219899509,False,False,DeepLabv3plus,train
case_00028,90321,9228,11305,905318,1016172,101626,99549,0.10000865995126809,0.8979346340251025,0.8147743879336785,0.9073019317120212,0.8887587822014051,0.010090252431260976,55.00090901579003,12.535774206163229,False,False,DeepLabv3plus,train
case_00029,33791,5809,2481,974091,1016172,36272,39600,0.03569474459048271,0.8907370307886967,0.8029989781611654,0.8533080808080808,0.9316001323334804,0.005928155934279008,29.573525099878445,9.363422978490487,False,False,DeepLabv3plus,train
case_00030,19951,1316,5548,1226425,1253240,25499,21267,0.020346461970572275,0.8532267031604157,0.7440238672384859,0.9381200921615649,0.782422840111377,0.0010718873117375734,25.608567268675202,10.14362469102691,False,False,DeepLabv3plus,train
case_00031,9237,18,6395,1237590,1253240,15632,9255,0.01247326928601066,0.74231526499779,0.590223642172524,0.9980551053484603,0.590903275332651,1.454418523474315e-05,32.59904760129273,14.11413289427544,False,False,DeepLabv3plus,train
case_00032,26260,6718,5541,1466921,1505440,31801,32978,0.021124056754171536,0.8107565723459763,0.6817414782315221,0.7962884347140518,0.8257601962202447,0.0045587827140839785,94.07441609654767,21.38768014144817,False,False,DeepLabv3plus,train
case_00033,21445,1210,9801,983716,1016172,31246,22655,0.0307487315139563,0.7957180757314336,0.6607406950948977,0.9465901566983006,0.6863278499647955,0.0012285186907442793,34.92849839314596,14.126186804128494,False,False,DeepLabv3plus,train
case_00034,0,0,31172,1474268,1505440,31172,0,0.020706238707620363,0.0,0.0,nan,0.0,0.0,nan,nan,True,False,DeepLabv3plus,train
case_00035,21404,1832,1441,666523,691200,22845,23236,0.033051215277777775,0.928972895553482,0.8673663735462172,0.9211568256154243,0.9369227402057343,0.0027410582699313986,16.55294535724685,5.60905125193669,False,False,DeepLabv3plus,train
case_00036,6582,2530,2296,1241832,1253240,8878,9112,0.007084038173055441,0.731739855475264,0.5769635343618513,0.7223441615452151,0.7413831944131561,0.0020331704118254977,33.00280999694117,12.227374245031692,False,False,DeepLabv3plus,train
case_00037,74274,3419,9027,1418720,1505440,83301,77693,0.05533332447656499,0.9226927711591736,0.8564806273062731,0.955993461444403,0.8916339539741419,0.002404125053880106,25.96150997149434,9.2046661123592,False,False,DeepLabv3plus,train
case_00038,68436,832,129998,1306174,1505440,198434,69268,0.1318112976936975,0.5112849362350673,0.3434404263647587,0.9879886816423168,0.34488041363879174,0.000636569380706745,277.0135375444597,79.34366452664845,False,False,DeepLabv3plus,train
case_00039,86720,9102,5025,1404593,1505440,91745,95822,0.06094231586778616,0.9246829133056454,0.8599165071841502,0.9050113752582915,0.9452286228132323,0.0064384467653914035,43.79073428986306,11.243772954021702,False,False,DeepLabv3plus,train
case_00040,76478,29492,9912,1389558,1505440,86390,105970,0.05738521628228292,0.7951549178623415,0.6599644465922231,0.7216948192884779,0.8852644982058109,0.020782918149466194,320.80211032346745,68.9169803204548,False,False,DeepLabv3plus,train
case_00041,75380,50708,2382,1124770,1253240,77762,126088,0.06204876958922473,0.7395634044640668,0.5867517708414416,0.5978364316984963,0.9693680718088526,0.04313819569570847,178.01263955191982,45.348005551323105,False,False,DeepLabv3plus,train
case_00042,61379,17486,2042,1424533,1505440,63421,78865,0.04212788287809544,0.8627552956720971,0.7586364591444498,0.7782793381094275,0.9678024629066082,0.012126053817598797,39.73848367983903,16.70586534320298,False,False,DeepLabv3plus,train
case_00043,37776,7111,3167,1457386,1505440,40943,44887,0.027196699968115634,0.8802516602586509,0.7861156199275815,0.8415799674738789,0.9226485601934397,0.004855592056521796,28.0,11.450422830807101,False,False,DeepLabv3plus,train
case_00044,150626,4767,11611,1338436,1505440,162237,155393,0.1077671644170475,0.9484368604980637,0.90193049268281,0.9693229424748863,0.928431862029007,0.0035489795660075206,34.57734148088976,11.242801653569575,False,False,DeepLabv3plus,train
case_00045,28519,2183,55503,1210153,1296358,84022,30702,0.06481388628758414,0.4971758306893065,0.3308276782089206,0.9288971402514494,0.3394230082597415,0.0018006559237703078,145.28212998209708,55.808404589658466,False,False,DeepLabv3plus,train
case_00046,43024,1886,3993,1456537,1505440,47017,44910,0.03123140078648103,0.9360470808358806,0.879782426436006,0.9580048986862614,0.91507327136993,0.0012931776309068083,16.70917267752407,6.087692703171462,False,False,DeepLabv3plus,train
case_00047,12189,460,2141,1490650,1505440,14330,12649,0.009518811775959188,0.9035916824196597,0.8241379310344827,0.9636334888133449,0.8505931612002792,0.0003084950137816794,12.041594578792296,4.951459702203871,False,False,DeepLabv3plus,train
case_00048,72193,4857,9979,1418411,1505440,82172,77050,0.05458337761717504,0.9068219215937496,0.82952808833837,0.9369630110317976,0.878559606678674,0.003412568820489184,31.064449134018133,12.163465896474333,False,False,DeepLabv3plus,train
case_00049,47275,9264,18614,1430287,1505440,65889,56539,0.043767270698267614,0.7722906524651224,0.6290500711881096,0.8361484992659934,0.7174945742081379,0.006435339908068558,75.98354437081314,23.41620731020105,False,False,DeepLabv3plus,train
case_00050,17583,192,8517,1479148,1505440,26100,17775,0.017337124030183868,0.8015042735042736,0.6687585577361935,0.989198312236287,0.6736781609195402,0.0001297876079873457,43.77420962572103,14.42182354906127,False,False,DeepLabv3plus,train
case_00051,60152,48928,8724,1387636,1505440,68876,109080,0.04575140822616643,0.6760322776416642,0.5106108451325931,0.5514484781811515,0.8733375921946687,0.03405904644693867,331.08561971462603,82.13485833126647,False,False,DeepLabv3plus,train
case_00052,839,4,9863,1494734,1505440,10702,843,0.007108885110001063,0.14534430489389347,0.07836727068933308,0.9952550415183867,0.07839656139039432,2.6760542650283863e-06,85.04811500224878,41.32759824539214,False,False,DeepLabv3plus,train
case_00053,24886,17077,54211,1409266,1505440,79097,41963,0.0525407854182166,0.41113497439286306,0.25876016386965295,0.5930462550341968,0.3146263448676941,0.011972576021335682,129.80451449302853,53.31879709004171,False,False,DeepLabv3plus,train
case_00054,65798,2357,7214,1430071,1505440,73012,68155,0.048498777765968754,0.9322008684749269,0.873011450331038,0.9654170640451911,0.901194324220676,0.001645457921794324,22.009086218218098,7.799892349460557,False,False,DeepLabv3plus,train
case_00055,61086,3197,17501,1423656,1505440,78587,64283,0.05220201402912106,0.855127038566529,0.7469187127066419,0.950266789042204,0.7773041342715716,0.0022405952119804915,48.0,18.301586969665905,False,False,DeepLabv3plus,train
case_00056,81537,1143,10078,1160482,1253240,91615,82680,0.07310251827263732,0.9356206431624544,0.8790293020548093,0.9861756168359942,0.8899961796649021,0.0009839664263424082,27.586228448267445,8.71839394975553,False,False,DeepLabv3plus,train
case_00057,87686,1392,7291,1409071,1505440,94977,89078,0.06308919651397599,0.9528238841650594,0.909898411314842,0.9843732459193066,0.9232340461374859,0.0009869099721155393,16.0,6.927880984522865,False,False,DeepLabv3plus,train
case_00058,121365,5172,51347,1075356,1253240,172712,126537,0.13781239028438289,0.8111305300936679,0.6822704683951339,0.9591265795775149,0.7027016073000139,0.0047865487983652436,111.4908064928539,31.812002666147425,False,False,DeepLabv3plus,train
case_00059,1120,0,13169,1491151,1505440,14289,1120,0.009491577213306408,0.14536958920111623,0.07838197214640633,1.0,0.07838197214640633,0.0,75.71657678474378,46.320674501989444,False,False,DeepLabv3plus,train
case_00060,56389,9831,12112,1427108,1505440,68501,66220,0.04550231161653736,0.8371226460611189,0.7198718276055762,0.8515403201449713,0.8231850629917812,0.006841626540862207,62.561129119336506,16.00474000430805,False,False,DeepLabv3plus,train
case_00061,20511,18783,3206,1462940,1505440,23717,39294,0.01575419810819428,0.6510291853803304,0.48261176470588235,0.5219880897846999,0.8648227010161488,0.01267645842036602,61.23560644048757,27.47603158172059,False,False,DeepLabv3plus,train
case_00062,79834,5586,60002,1360018,1505440,139836,85420,0.09288712934424487,0.7088290655964768,0.5489815846295608,0.934605478810583,0.5709116393489516,0.0040904976845410525,80.34487750351704,33.07339878745762,False,False,DeepLabv3plus,train
case_00063,41595,3745,28495,1431605,1505440,70090,45340,0.046557816983738974,0.7206965260330936,0.5633507144308255,0.9174018526687252,0.5934512769296618,0.002609119726895879,150.8265260693519,37.68258405910325,False,False,DeepLabv3plus,train
case_00064,0,0,9993,1243247,1253240,9993,0,0.007973732086431968,0.0,0.0,nan,0.0,0.0,nan,nan,True,False,DeepLabv3plus,train
case_00065,29297,11616,6962,1457565,1505440,36259,40913,0.024085317249442025,0.7592650184004561,0.6119477806788511,0.7160804634223841,0.8079924984141869,0.007906445836149528,70.178344238091,22.91623055686522,False,False,DeepLabv3plus,train
case_00066,0,0,54464,1450976,1505440,54464,0,0.03617812732490169,0.0,0.0,nan,0.0,0.0,nan,nan,True,False,DeepLabv3plus,train
case_00067,73274,2876,10703,1418587,1505440,83977,76150,0.05578236263152301,0.9151985611420934,0.8436553717200327,0.9622324359816152,0.8725484358812532,0.0020232675771370764,26.940659228538003,8.562060793613306,False,False,DeepLabv3plus,train
case_00068,9622,6,14278,1481534,1505440,23900,9628,0.015875757253693272,0.5739680267239322,0.4024930979670376,0.9993768176152887,0.4025941422594142,4.049840031318763e-06,65.85382439718869,24.204404515892822,False,False,DeepLabv3plus,train
case_00069,92516,5861,14843,1392220,1505440,107359,98377,0.07131403443511532,0.8993661780145429,0.8171347818406642,0.9404230663671387,0.8617442412839166,0.004192174845377342,40.049968789001575,14.366462340262379,False,False,DeepLabv3plus,train
case_00070,9619,465,5370,1489986,1505440,14989,10084,0.009956557551280689,0.7672795437323017,0.6224278503947198,0.9538873462911543,0.641737274000934,0.00031198610353510447,99.72031389406236,17.9994080457867,False,False,DeepLabv3plus,train
case_00071,15882,4493,1838,1483227,1505440,17720,20375,0.011770645127006058,0.8338102113138207,0.7149867194885877,0.7794846625766871,0.89627539503386,0.0030200575377087088,25.0,10.822260538965272,False,False,DeepLabv3plus,train
case_00072,13640,8159,1031,1482610,1505440,14671,21799,0.00974532362631523,0.7480120647107211,0.5974594831362242,0.6257167759988991,0.9297253084315997,0.005473014263108503,72.89521667900368,20.097304343396733,False,False,DeepLabv3plus,train
case_00073,14716,21035,556,1469133,1505440,15272,35751,0.010144542459347433,0.576837896634851,0.4053212879059135,0.4116248496545551,0.963593504452593,0.01411585807774694,184.0481142987011,56.749573070532215,False,False,DeepLabv3plus,train
case_00074,36539,1315,9806,1457780,1505440,46345,37854,0.03078501966202572,0.8679200465563724,0.7666596726814939,0.9652612669731072,0.7884129895350092,0.0009012435790678469,34.84960412093435,12.636138150925627,False,False,DeepLabv3plus,train
case_00075,0,348,35839,1469253,1505440,35839,348,0.023806329046657457,0.0,0.0,0.0,0.0,0.0002367989678831193,235.75994054802933,138.9826906724965,False,False,DeepLabv3plus,train
case_00076,36008,255,40316,1428861,1505440,76324,36263,0.050698799022212776,0.6396475614413742,0.47020723697097117,0.9929680390480655,0.47177820868927206,0.00017843198172856506,159.01189277905036,34.88971357476552,False,False,DeepLabv3plus,train
case_00077,40952,8678,3802,1199808,1253240,44754,49630,0.035710638026235995,0.8677741990167825,0.7664321006138644,0.8251460809993956,0.9150466997363365,0.007180885835665452,35.90813799472192,11.159816095571927,False,False,DeepLabv3plus,train
case_00078,80654,25235,19096,1380455,1505440,99750,105889,0.0662596981613349,0.7844231882084624,0.6453094371324559,0.7616844053678853,0.8085614035087719,0.01795203778927075,148.4048516727132,35.88840708826639,False,False,DeepLabv3plus,train
case_00079,81537,1143,10078,1160482,1253240,91615,82680,0.07310251827263732,0.9356206431624544,0.8790293020548093,0.9861756168359942,0.8899961796649021,0.0009839664263424082,27.586228448267445,8.71839394975553,False,False,DeepLabv3plus,train
case_00080,121365,5172,51347,1075356,1253240,172712,126537,0.13781239028438289,0.8111305300936679,0.6822704683951339,0.9591265795775149,0.7027016073000139,0.0047865487983652436,111.4908064928539,31.812002666147425,False,False,DeepLabv3plus,train
case_00081,22689,21,8395,1474335,1505440,31084,22710,0.02064778403656074,0.8435513254266275,0.7294325671113969,0.9990752972258917,0.7299253635310771,1.4243506995596722e-05,28.48747399443962,11.669933901101219,False,False,DeepLabv3plus,train
case_00082,17408,19,8597,1479416,1505440,26005,17427,0.0172740195557445,0.8016209246638424,0.6689209960036889,0.998909737763241,0.6694097288982888,1.2842740640852759e-05,44.87721661031228,14.081098503495895,False,False,DeepLabv3plus,train
case_00083,29433,17924,2186,1203697,1253240,31619,47357,0.025229804347132234,0.745365680713128,0.594089982439497,0.6215131870684376,0.9308643537113761,0.014672308350953364,56.57027028148966,20.235690753853977,False,False,DeepLabv3plus,train
case_00084,66359,1662,9134,1428285,1505440,75493,68021,0.05014680093527474,0.9247738896553647,0.8600738772600609,0.9755663692095088,0.8790086498085915,0.0011622808397793764,23.80314619548481,9.083129512191869,False,False,DeepLabv3plus,train
case_00085,9622,6,14278,1481534,1505440,23900,9628,0.015875757253693272,0.5739680267239322,0.4024930979670376,0.9993768176152887,0.4025941422594142,4.049840031318763e-06,65.85382439718869,24.204404515892822,False,False,DeepLabv3plus,train
case_00086,12748,1522,1757,1489413,1505440,14505,14270,0.009635056860452757,0.8860469157254561,0.795407749422849,0.8933426769446391,0.8788693553946915,0.0010208359184001984,14.28101833237278,5.5169784811749105,False,False,DeepLabv3plus,train
case_00087,28952,19605,6443,1198240,1253240,35395,48557,0.028242794676199293,0.689727463312369,0.5264,0.5962477088782255,0.817968639638367,0.016098107723068206,74.95265169421732,32.94590720025399,False,False,DeepLabv3plus,train
case_00088,9619,465,5370,1489986,1505440,14989,10084,0.009956557551280689,0.7672795437323017,0.6224278503947198,0.9538873462911543,0.641737274000934,0.00031198610353510447,99.72031389406236,17.9994080457867,False,False,DeepLabv3plus,train
case_00089,28363,3062,1149,1472866,1505440,29512,31425,0.01960357104899564,0.9308958432479446,0.8707251181924234,0.9025616547334925,0.9610666847384115,0.0020746269465719194,18.499702109006684,6.009258180254058,False,False,DeepLabv3plus,train
case_00090,750,0,60960,1443730,1505440,61710,750,0.040991338080561164,0.024015369836695485,0.012153621779290228,1.0,0.012153621779290228,0.0,139.89812190119594,81.37646521240454,False,False,DeepLabv3plus,train
case_00091,36539,1315,9806,1457780,1505440,46345,37854,0.03078501966202572,0.8679200465563724,0.7666596726814939,0.9652612669731072,0.7884129895350092,0.0009012435790678469,34.84960412093435,12.636138150925627,False,False,DeepLabv3plus,train
case_00092,64216,433,27525,1413266,1505440,91741,64649,0.06093965883728345,0.8212289788349638,0.6966823616204135,0.99330229392566,0.6999705693201513,0.0003062886795562563,58.0,22.016239875639243,False,False,DeepLabv3plus,train
case_00093,36008,255,40316,1428861,1505440,76324,36263,0.050698799022212776,0.6396475614413742,0.47020723697097117,0.9929680390480655,0.47177820868927206,0.00017843198172856506,159.01189277905036,34.88971357476552,False,False,DeepLabv3plus,train
case_00094,29930,2826,10023,1462661,1505440,39953,32756,0.026539084918694868,0.8232818495647032,0.6996423478809697,0.9137257296373184,0.7491302280179211,0.0019283692042304026,43.36061061137615,15.272197806700127,False,False,DeepLabv3plus,train
case_00095,80654,25235,19096,1380455,1505440,99750,105889,0.0662596981613349,0.7844231882084624,0.6453094371324559,0.7616844053678853,0.8085614035087719,0.01795203778927075,148.4048516727132,35.88840708826639,False,False,DeepLabv3plus,train
case_00096,21575,6818,937,1476110,1505440,22512,28393,0.014953767669252844,0.8476574010411551,0.7355949539720423,0.7598703905892298,0.9583777540867093,0.0045976608439519655,39.0,12.112277758768371,False,False,DeepLabv3plus,train
case_00097,66359,1662,9134,1428285,1505440,75493,68021,0.05014680093527474,0.9247738896553647,0.8600738772600609,0.9755663692095088,0.8790086498085915,0.0011622808397793764,23.80314619548481,9.083129512191869,False,False,DeepLabv3plus,train
case_00098,12748,1522,1757,1489413,1505440,14505,14270,0.009635056860452757,0.8860469157254561,0.795407749422849,0.8933426769446391,0.8788693553946915,0.0010208359184001984,14.28101833237278,5.5169784811749105,False,False,DeepLabv3plus,train
case_00099,6328,1107,3485,1494520,1505440,9813,7435,0.006518360080773727,0.7337662337662337,0.5794871794871795,0.8511096166778749,0.6448588606949964,0.0007401578067258749,30.32226765311863,11.78717019439595,False,False,DeepLabv3plus,train
case_00100,20558,0,42894,1441988,1505440,63452,20558,0.04214847486449144,0.4894179264373289,0.3239929395448528,1.0,0.3239929395448528,0.0,106.04856605279546,54.31182054997172,False,False,DeepLabv3plus,train
case_00101,48360,4131,7086,1445863,1505440,55446,52491,0.03683042831331704,0.8960782678784847,0.8117226446447454,0.9213007944219009,0.8721999783573207,0.002848977306112991,31.400636936215164,11.104348952703395,False,False,DeepLabv3plus,train
case_00102,750,0,60960,1443730,1505440,61710,750,0.040991338080561164,0.024015369836695485,0.012153621779290228,1.0,0.012153621779290228,0.0,139.89812190119594,81.37646521240454,False,False,DeepLabv3plus,train
case_00103,15596,3748,2526,1483570,1505440,18122,19344,0.012037676692528431,0.8325415042972295,0.7131229995427526,0.8062448304383788,0.8606114115439797,0.002519972191555538,45.79547745236034,25.561808808512232,False,False,DeepLabv3plus,train
case_00104,31832,2831,2291,1468486,1505440,34123,34663,0.022666462960994792,0.925537173262001,0.861395248146344,0.9183279000663531,0.9328605339507078,0.0019241264798816298,25.387967383723883,6.55002798014987,False,False,DeepLabv3plus,train
case_00105,51713,1728,21570,1430429,1505440,73283,53441,0.048678791582527366,0.8161516366276317,0.6894055538521017,0.9676652757246309,0.7056616131981497,0.0012065716258762133,69.0,20.82522042229325,False,False,DeepLabv3plus,train
case_00106,50307,263,15803,1439067,1505440,66110,50570,0.043914071633542356,0.8623071648954406,0.7579437421843219,0.9947992881154835,0.7609590077144154,0.0001827239062619413,40.65621131258597,14.26851017786565,False,False,DeepLabv3plus,train
case_00107,30244,7410,7391,1460395,1505440,37635,37654,0.024999335742374323,0.8034108568316752,0.6714174714174714,0.8032081584957773,0.8036136574996678,0.0050483545157565205,69.8227917416481,20.40139326651181,False,False,DeepLabv3plus,train
case_00108,5289,825,5238,1494088,1505440,10527,6114,0.0069926400255074924,0.6356589147286822,0.4659090909090909,0.865063788027478,0.5024223425477344,0.0005518715804866236,48.228568629247206,17.470971899242524,False,False,DeepLabv3plus,train
case_00109,441,0,17138,1487861,1505440,17579,441,0.011676984801785525,0.04894561598224195,0.025086751237271745,1.0,0.025086751237271745,0.0,94.11588514958629,48.874332767021805,False,False,DeepLabv3plus,train
case_00110,17677,897,31097,1455769,1505440,48774,18574,0.03239850143479647,0.5249450614717587,0.355881701596505,0.9517066867664478,0.36242670275146593,0.0006157897555101856,427.7220954623401,78.68453112853103,False,False,DeepLabv3plus,train
case_00111,5741,0,5753,1493946,1505440,11494,5741,0.007634977149537677,0.6662024949231216,0.4994779885157474,1.0,0.4994779885157474,0.0,41.689321998774595,17.202671863826858,False,False,DeepLabv3plus,train
case_00112,53870,39284,4395,1407891,1505440,58265,93154,0.03870297056010203,0.711535540453972,0.5522352868814647,0.5782897138072439,0.9245687805715267,0.027145300326498176,95.88613032330309,26.881995136342063,False,False,DeepLabv3plus,train
case_00113,47678,10011,6574,1441177,1505440,54252,57689,0.03603730470825805,0.8518415951260039,0.7419199228171732,0.8264660507202413,0.8788247437882475,0.006898485930148265,60.413988374100306,13.852913681227129,False,False,DeepLabv3plus,train
case_00114,33305,3996,3334,1464805,1505440,36639,37301,0.02433773514719949,0.900865566675683,0.8196136335671219,0.8928715047853945,0.9090040667048773,0.0027205863830430397,24.849089035228467,7.606692901712204,False,False,DeepLabv3plus,train
case_00115,2026,0,14638,1488776,1505440,16664,2026,0.011069189074290572,0.21680042803638308,0.12157945271243399,1.0,0.12157945271243399,0.0,107.6892655991464,53.17624416299819,False,False,DeepLabv3plus,train
case_00116,0,0,34448,1470992,1505440,34448,0,0.022882346689339993,0.0,0.0,nan,0.0,0.0,nan,nan,True,False,DeepLabv3plus,train
case_00117,39796,8,15852,1449784,1505440,55648,39804,0.0369646083537039,0.8338431881993044,0.7150352163288773,0.9997990151743543,0.7151380103507763,5.518032931620536e-06,35.07989766441327,18.1021219133088,False,False,DeepLabv3plus,train
case_00118,22698,1811,10316,1470615,1505440,33014,24509,0.0219298012541184,0.7891799801818403,0.6517731514716439,0.9261087763678648,0.6875265039074332,0.0012299429648756541,41.024988676974495,16.51811038558193,False,False,DeepLabv3plus,train
case_00119,12226,12897,11129,1469188,1505440,23355,25123,0.015513736847699012,0.5043937456165684,0.3372503586009048,0.4866457031405485,0.5234853350460287,0.008701930051245374,79.0,34.3046847323432,False,False,DeepLabv3plus,train
case_00120,0,273,69616,1435551,1505440,69616,273,0.046242958869167815,0.0,0.0,0.0,0.0,0.00019013472403302912,554.8092197460535,330.55921222564115,False,False,DeepLabv3plus,train
case_00121,0,0,4686,1500754,1505440,4686,0,0.0031127112339249655,0.0,0.0,nan,0.0,0.0,nan,nan,True,False,DeepLabv3plus,train
case_00122,0,0,18375,1487065,1505440,18375,0,0.012205733871824848,0.0,0.0,nan,0.0,0.0,nan,nan,True,False,DeepLabv3plus,train
case_00123,94321,1258,23465,1386396,1505440,117786,95579,0.07824024869805506,0.88412813722963,0.7923204865427909,0.9868381129746074,0.8007827755420848,0.000906566046002822,50.006499350129964,13.492930072594444,False,False,DeepLabv3plus,train
case_00124,42584,12176,9050,1441630,1505440,51634,54760,0.034298278244234245,0.8004962685865744,0.6673562137595989,0.7776479181884587,0.8247278924739513,0.008375257771669673,61.642104118566806,18.068261273019253,False,False,DeepLabv3plus,train
case_00125,10686,4256,5440,1485058,1505440,16126,14942,0.010711818471676056,0.6879103901120124,0.5242861348248454,0.715165305849284,0.6626565794369341,0.002857691527777218,43.863406643418855,18.740367736293496,False,False,DeepLabv3plus,train
case_00126,32243,8232,2954,1209811,1253240,35197,40475,0.02808480418754588,0.852177820065546,0.7424301733864468,0.796615194564546,0.9160723925334545,0.006758382093243013,30.0,12.193878157024345,False,False,DeepLabv3plus,train
case_00127,0,0,8084,1245156,1253240,8084,0,0.006450480354920047,0.0,0.0,nan,0.0,0.0,nan,nan,True,False,DeepLabv3plus,train
case_00128,30442,2162,1762,1218874,1253240,32204,32604,0.025696594427244583,0.9394519195161091,0.8858173776406914,0.9336891178996443,0.9452862998385294,0.001770627565444426,15.0,4.688310932935947,False,False,DeepLabv3plus,train
case_00129,1226,5625,1512,1244877,1253240,2738,6851,0.0021847371612779675,0.2557096673271457,0.1465981107258161,0.1789519778134579,0.44777209642074506,0.004498193525480167,139.02517632004614,50.969989963253035,False,False,DeepLabv3plus,train
case_00130,0,0,2653,1250587,1253240,2653,0,0.0021169129616035237,0.0,0.0,nan,0.0,0.0,nan,nan,True,False,DeepLabv3plus,train
case_00131,9494,5858,2309,1235579,1253240,11803,15352,0.009417988573617184,0.699245074571902,0.537568654096597,0.618421052631579,0.8043717698890113,0.004718725154800445,53.65628457050636,18.474661460497206,False,False,DeepLabv3plus,train
case_00132,0,0,3331,1249909,1253240,3331,0,0.0026579106954773227,0.0,0.0,nan,0.0,0.0,nan,nan,True,False,DeepLabv3plus,train
case_00133,31714,3556,1847,1216123,1253240,33561,35270,0.026779387826753057,0.9215033923668114,0.8544332785516071,0.899177771477176,0.9449658830189803,0.0029155212150082112,23.0,7.414562494586748,False,False,DeepLabv3plus,train
case_00134,11145,1348,3884,1236863,1253240,15029,12493,0.011992116434202548,0.8098975365162415,0.6805275691518593,0.8920995757624269,0.7415663051433894,0.0010886674403635568,48.03175964961343,12.834240071421616,False,False,DeepLabv3plus,train
case_00135,36599,1905,5581,1461355,1505440,42180,38504,0.028018386651078753,0.9072182836745823,0.8301916751729613,0.9505246208186162,0.8676861071597913,0.0013018875661194866,23.42191877462381,7.121603728738582,False,False,DeepLabv3plus,train
case_00136,3998,1732,4286,1243224,1253240,8284,5730,0.006610066707095209,0.5705722848579992,0.39916134185303515,0.6977312390924957,0.4826170931916948,0.0013912138260307994,44.7212841389313,17.859389159857603,False,False,DeepLabv3plus,train
case_00137,36834,9253,39032,1168121,1253240,75866,46087,0.060535890970604196,0.6040687805958033,0.4327353469848095,0.7992275478985397,0.48551393245986346,0.007859015062333633,65.7784091654988,25.485863257366432,False,False,DeepLabv3plus,train
case_00138,22976,8214,8552,1213498,1253240,31528,31190,0.025157192556892534,0.7326764246308874,0.5781289316088772,0.7366463610131453,0.7287490484648567,0.006723352148460521,48.27007354458868,21.10278261880225,False,False,DeepLabv3plus,train
case_00139,52443,3456,2651,1194690,1253240,55094,55899,0.04396125243369187,0.9449785121584244,0.8956959863364645,0.9381742070520045,0.9518822376302319,0.0028844564852697416,17.774936780931437,4.299063302475429,False,False,DeepLabv3plus,train
case_00140,17855,2623,2798,1229964,1253240,20653,20478,0.016479684657368102,0.8682015997665994,0.767099157930916,0.8719113194647915,0.8645233138042899,0.0021280445112596513,30.59411708155671,9.391419156024986,False,False,DeepLabv3plus,train
case_00141,154011,425,70843,1027961,1253240,224854,154436,0.17941814815996937,0.8121015581744839,0.6836456127734942,0.9972480509725712,0.6849377818495557,0.0004132689476519517,87.61278389755759,38.88307758535582,False,False,DeepLabv3plus,train
case_00142,0,0,16394,1236846,1253240,16394,0,0.013081293287798028,0.0,0.0,nan,0.0,0.0,nan,nan,True,False,DeepLabv3plus,train
case_00143,29949,6413,6271,1210607,1253240,36220,36362,0.028901088378921833,0.8252459287426634,0.7024839912743649,0.82363456355536,0.8268636112644947,0.005269428604295739,38.47206759198719,12.357593079420642,False,False,DeepLabv3plus,train
case_00144,21240,8647,576,1222777,1253240,21816,29887,0.017407679295266668,0.8216157669767712,0.6972392738732233,0.7106768829256868,0.9735973597359736,0.007021951821630892,140.7201102142567,32.93228286000049,False,False,DeepLabv3plus,train
case_00145,30602,28365,183,1194090,1253240,30785,58967,0.024564329258561807,0.6819235225955967,0.5173626373626373,0.5189682364712467,0.9940555465324021,0.023203308097230573,112.9165455095168,31.7235754568429,False,False,DeepLabv3plus,train
case_00146,33871,632,24594,1446343,1505440,58465,34503,0.03883582208523754,0.7286593236382412,0.5731424607002048,0.9816827522244442,0.579338065509279,0.00043677326837022063,62.86289632361823,24.319759226882574,False,False,DeepLabv3plus,train
case_00147,8365,2068,1594,1241213,1253240,9959,10433,0.00794660240656219,0.8204197724597881,0.6955184168953189,0.8017828045624461,0.8399437694547646,0.0016633407894112433,22.054251052491697,7.564618231297935,False,False,DeepLabv3plus,train
case_00148,0,0,5383,1247857,1253240,5383,0,0.004295266668794485,0.0,0.0,nan,0.0,0.0,nan,nan,True,False,DeepLabv3plus,train
case_00149,18021,2417,1423,1231379,1253240,19444,20438,0.015514985158469248,0.9037159620881601,0.8243447234801702,0.8817398962716508,0.9268154700678872,0.0019589948419349713,18.25511202689243,6.266252764765475,False,False,DeepLabv3plus,train
case_00150,12138,1247,13092,1226763,1253240,25230,13385,0.020131818326896683,0.6286676162113168,0.45843562337122784,0.9068360104594696,0.48109393579072535,0.0010154640434524148,44.17351507611412,17.412873684891608,False,False,DeepLabv3plus,train
case_00151,0,0,12936,1240304,1253240,12936,0,0.010322045258689476,0.0,0.0,nan,0.0,0.0,nan,nan,True,False,DeepLabv3plus,train
case_00152,24015,3349,7401,1218475,1253240,31416,27364,0.025067824199674443,0.8171146648519905,0.6907809578599166,0.8776129220874141,0.7644194041252865,0.0027409839715048976,41.43669871020132,14.62654378460524,False,False,DeepLabv3plus,train
case_00153,177084,21681,8418,1046057,1253240,185502,198765,0.1480179375059845,0.9216716501807337,0.8547226365097522,0.890921439891329,0.9546204353591875,0.020305543120128722,63.73744540013055,22.45472876005228,False,False,DeepLabv3plus,train
case_00154,0,0,3722,1249518,1253240,3722,0,0.0029699020139797644,0.0,0.0,nan,0.0,0.0,nan,nan,True,False,DeepLabv3plus,train
case_00155,32016,434,7021,1213769,1253240,39037,32450,0.03114886214930899,0.8957153048806077,0.811127156646652,0.9866255778120185,0.8201449906498962,0.00035743611241283375,34.06463484432366,10.703212415938594,False,False,DeepLabv3plus,train
case_00156,69876,349,7498,1175517,1253240,77374,70225,0.06173917206600492,0.9468356831685851,0.899038894535723,0.9950302598789604,0.9030940626050095,0.00029680252681853203,22.433171206508025,6.057451474204177,False,False,DeepLabv3plus,train
case_00157,60965,8775,5556,1430144,1505440,66521,69740,0.04418708151769582,0.8948268396679901,0.8096711644708883,0.8741755090335532,0.9164775033448084,0.006098327980935688,29.154759474226502,10.20237991463238,False,False,DeepLabv3plus,train
case_00158,23974,1661,2635,1224970,1253240,26609,25635,0.021232166225144424,0.9177704616798101,0.8480367881146091,0.9352057733567388,0.9009733548799278,0.0013541154593353665,15.633250511219627,6.013577301318922,False,False,DeepLabv3plus,train
case_00159,15632,7695,2696,1227217,1253240,18328,23327,0.014624493313331844,0.7505461529228183,0.6006993813165277,0.6701247481459254,0.8529026625927543,0.006231213236246793,32.0,11.735665228020355,False,False,DeepLabv3plus,train
case_00160,1072,2543,3798,1245827,1253240,4870,3615,0.003885927675465194,0.25268120212139067,0.144610818831782,0.29654218533886584,0.22012320328542095,0.0020370563214431618,69.85837199817708,21.56168596309293,False,False,DeepLabv3plus,train
case_00161,17556,2969,11748,1220967,1253240,29304,20525,0.023382592320704734,0.7046499026671216,0.5439841353453351,0.855347137637028,0.5990990990990991,0.002425780432963815,63.42315874804225,20.128899613106597,False,False,DeepLabv3plus,train
case_00162,122182,5301,13671,1112086,1253240,135853,127483,0.1084014235102614,0.9279551599477474,0.8655936069824447,0.9584179851431172,0.8993691710893392,0.004744103878065523,43.01162633521314,13.164887410798036,False,False,DeepLabv3plus,train
case_00163,90340,10501,10902,1141497,1253240,101242,100841,0.08078420733458874,0.8940880727225942,0.8084622750418371,0.8958657688836882,0.8923174176725075,0.009115467214352803,46.0928361721412,12.718295548161654,False,False,DeepLabv3plus,train
case_00164,55650,4894,7996,1184700,1253240,63646,60544,0.0507851648527018,0.8962074241082213,0.8119346367084914,0.9191662262156448,0.87436759576407,0.004114008644966266,38.9538157694708,12.786799379631121,False,False,DeepLabv3plus,train
case_00165,63815,4245,69446,1115734,1253240,133261,68060,0.1063331843860713,0.633962676521575,0.4640888397597196,0.9376285630326183,0.47887228821635736,0.0037902496386092955,104.638901927327,42.59324522996871,False,False,DeepLabv3plus,train
case_00166,20183,1182,17905,1213970,1253240,38088,21365,0.03039162490823785,0.6789564866365028,0.5139546727782022,0.9446758717528668,0.5299044318420499,0.0009727178163719436,117.622484113815,20.623078648556575,False,False,DeepLabv3plus,train
case_00167,39010,21590,9379,1435461,1505440,48389,60600,0.03214276224891062,0.7158520584646157,0.5574529501707655,0.6437293729372937,0.8061749571183533,0.014817600756596714,98.39664493395892,27.464404554989333,False,False,DeepLabv3plus,train
case_00168,26510,2613,4319,1471998,1505440,30829,29123,0.020478398342012965,0.8843741659994663,0.7927157466658693,0.9102771005734299,0.8599046352460346,0.0017719927492742154,58.78588565432172,12.392174018149488,False,False,DeepLabv3plus,train
case_00169,8634,316,34111,1462379,1505440,42745,8950,0.028393692209586565,0.33403617371119065,0.20050625856343327,0.9646927374301676,0.20198853667095568,0.00021603957079227042,134.62198938227343,52.7240081029278,False,False,DeepLabv3plus,train
case_00170,124189,1445,8127,1371679,1505440,132316,125634,0.08789191199914975,0.9628920333397946,0.9284395302068615,0.9884983364375886,0.9385788566764413,0.0010523448719853416,23.65897789932799,7.448339147120344,False,False,DeepLabv3plus,train
case_00171,15026,550,4512,1485352,1505440,19538,15576,0.01297826549048783,0.8558409751096429,0.7480087614496217,0.9646892655367232,0.7690654109939605,0.0003701455412268104,43.79703558971009,10.348800620318825,False,False,DeepLabv3plus,train
case_00172,29364,4251,7560,1464265,1505440,36924,33615,0.02452704857051759,0.8325607110959895,0.7131511839708561,0.8735385988398037,0.7952551186220345,0.0028947590628907007,33.0,12.945273696373885,False,False,DeepLabv3plus,train
case_00173,33751,4413,7489,1459787,1505440,41240,38164,0.027393984482941863,0.850108306886303,0.7392942413422995,0.8843674667225657,0.8184044616876819,0.003013932522879388,34.50719932579844,15.912004999466342,False,False,DeepLabv3plus,train
case_00174,41839,15449,16217,1431935,1505440,58056,57288,0.038564140716335425,0.7254646969066445,0.5691993741922318,0.730327468230694,0.7206662532727022,0.010673739657202235,105.00166662887548,27.109483804575667,False,False,DeepLabv3plus,train
case_00175,45652,1138,21785,1436865,1505440,67437,46790,0.04479554150281645,0.7993206509844433,0.6657236602260299,0.9756785637956829,0.6769577531622106,0.0007913752613867983,158.20517223943762,30.745898466977774,False,False,DeepLabv3plus,train
case_00176,10074,1151,43675,1450540,1505440,53749,11225,0.03570318312254225,0.31009326807646137,0.18349726775956285,0.8974610244988864,0.1874267428231223,0.0007928684547882435,177.80438322447915,48.40434256228127,False,False,DeepLabv3plus,train
case_00177,64878,5918,13290,1421354,1505440,78168,70796,0.051923690083962165,0.8710560940898472,0.7715672050044002,0.9164077066500932,0.8299815781393921,0.004146371539552377,81.30803665933034,16.433021846837505,False,False,DeepLabv3plus,train
case_00178,53493,2239,25781,1423927,1505440,79274,55732,0.05265835901796152,0.7924536687258344,0.6562511501232933,0.95982559391373,0.6747861846254762,0.0015699434708161602,83.53142718735808,27.82574138610881,False,False,DeepLabv3plus,train
case_00179,40979,1628,3332,1459501,1505440,44311,42607,0.0294339196513976,0.9429347200809959,0.892030736411328,0.9617903161452344,0.9248042246846155,0.0011142068906989048,14.142135623730951,5.474602928609606,False,False,DeepLabv3plus,train
case_00180,42277,168,13492,1449503,1505440,55769,42445,0.037044983526410884,0.8609159590282445,0.7557966998587697,0.9960419366238662,0.7580734816833725,0.00011588836363561111,32.99621125123532,14.291572404712252,False,False,DeepLabv3plus,train
case_00181,53049,4181,65814,1382396,1505440,118863,57230,0.07895565416090977,0.6025111730733193,0.43113845453658856,0.926943910536432,0.44630372782110495,0.0030153392130404587,108.13370752008885,39.312676958550306,False,False,DeepLabv3plus,train
case_00182,40754,211,28045,1436430,1505440,68799,40965,0.045700260388989264,0.7425749790459532,0.5905520938994349,0.9948492615647504,0.5923632610939112,0.0001468703733222148,84.33711234070321,25.47823037014237,False,False,DeepLabv3plus,train
case_00183,53926,4265,11692,1435557,1505440,65618,58191,0.043587256881709,0.8711159931830481,0.7716612051571913,0.9267068790706466,0.8218171843091835,0.002962171712892288,121.59550465719136,20.18729506533512,False,False,DeepLabv3plus,train
case_00184,55906,239,49057,1400238,1505440,104963,56145,0.06972247316399192,0.6940189189860217,0.5314157525522328,0.9957431650191468,0.5326257824185665,0.0001706561407291944,139.2361291644781,40.00919083319267,False,False,DeepLabv3plus,train
case_00185,41145,65,26210,1438020,1505440,67355,41210,0.04474107237751089,0.7579790908672224,0.6102788490062296,0.998422712933754,0.6108677900675525,4.519899727762963e-05,81.93900170248598,26.520570095480196,False,False,DeepLabv3plus,train
case_00186,71408,3493,29080,1401459,1505440,100488,74901,0.06674992028908491,0.8142813973510311,0.6867408468854886,0.9533651086100319,0.710612212403471,0.002486205934437618,54.230987451824994,21.498094730344235,False,False,DeepLabv3plus,train
case_00187,33177,1158,5905,1465200,1505440,39082,34335,0.025960516526729725,0.9037961235136276,0.8244781312127236,0.9662734818698121,0.8489074254132337,0.0007897116529524168,82.27726750741189,17.217325722885228,False,False,DeepLabv3plus,train
case_00188,31227,395,14174,1459644,1505440,45401,31622,0.03015796046338612,0.8108487075289199,0.6818717791946894,0.9875086964771361,0.6878042333869298,0.00027054071843286376,63.48531881207003,16.42229225202117,False,False,DeepLabv3plus,train
case_00189,29910,150,7710,1467670,1505440,37620,30060,0.02498937187798916,0.8838652482269503,0.7918983320095314,0.9950099800399201,0.7950558213716108,0.00010219236691147416,24.041630560342615,9.05633631166502,False,False,DeepLabv3plus,train
case_00190,61411,6190,708,1437131,1505440,62119,67601,0.04126301944946328,0.9468239284613013,0.8990176989854924,0.9084333071995976,0.9886025209678199,0.004288720250034469,16.846057867934952,6.392056088415663,False,False,DeepLabv3plus,train
case_00191,28045,969,18120,1458306,1505440,46165,29014,0.030665453289403764,0.7460860080607616,0.5950057283489625,0.9666023299096987,0.6074948554099426,0.0006640283702523513,87.635868646584,27.274701310530684,False,False,DeepLabv3plus,train
case_00192,27471,8214,3467,1466288,1505440,30938,35685,0.02055080242321182,0.824670158954115,0.7016499795668165,0.7698192517864649,0.8879371646518844,0.005570694376813324,31.556134702043163,13.043131283881204,False,False,DeepLabv3plus,train
case_00193,0,0,26725,1478715,1505440,26725,0,0.01775228504623233,0.0,0.0,nan,0.0,0.0,nan,nan,True,False,DeepLabv3plus,train
case_00194,48718,19435,1656,1435631,1505440,50374,68153,0.03346131363588054,0.8220574215157728,0.6978756320818232,0.7148328026645929,0.9671258982808592,0.013356782441483753,67.3698727714307,17.905239276088835,False,False,DeepLabv3plus,train
case_00195,10982,0,17095,1477363,1505440,28077,10982,0.01865036135614837,0.5623287846591054,0.39113865441464546,1.0,0.39113865441464546,0.0,63.51692305544034,28.509134400984617,False,False,DeepLabv3plus,train
case_00196,56892,7856,10324,1430368,1505440,67216,64748,0.044648740567541714,0.8622351550422842,0.7578324808184144,0.8786680669673195,0.8464056177100691,0.005462292382827709,37.1819684532427,16.661632659989206,False,False,DeepLabv3plus,train
case_00197,63158,3218,15878,1423186,1505440,79036,66376,0.05250026570305027,0.8686765879019613,0.7678410776375617,0.9515186211883814,0.799104205678425,0.0022560228378495856,58.69412236331676,19.148598342562515,False,False,DeepLabv3plus,train
case_00198,31782,1043,21498,1451117,1505440,53280,32825,0.03539164629609948,0.7382149700946519,0.5850560536052869,0.9682254379284082,0.596509009009009,0.0007182404142794183,58.82176467941097,24.410129842744556,False,False,DeepLabv3plus,train
case_00199,46063,3618,10886,1444873,1505440,56949,49681,0.037828807524710385,0.8639782425208665,0.7605296613667508,0.9271753789174936,0.8088465117912518,0.0024977718190862075,41.39320823834567,16.270930825925003,False,False,DeepLabv3plus,train
case_00200,34875,71,28534,1441960,1505440,63409,34946,0.04211991178658731,0.7091657770321793,0.5493856332703214,0.9979682939392205,0.5500007885315965,4.923611212241623e-05,93.25528883122988,30.416478504495977,False,False,DeepLabv3plus,train
case_00201,5224,0,33183,1467033,1505440,38407,5224,0.025512142629397386,0.23946276729848043,0.13601687192438877,1.0,0.13601687192438877,0.0,168.1915572778243,52.325169115403305,False,False,DeepLabv3plus,train
case_00202,22270,2013,2888,1478269,1505440,25158,24283,0.01671139334679562,0.9008717461216399,0.8196238636781863,0.917102499691142,0.8852055012322124,0.001359876023622526,20.518284528683193,7.2498587106755075,False,False,DeepLabv3plus,train
case_00203,36399,1044,22803,1445194,1505440,59202,37443,0.03932537995536189,0.7532515908738165,0.6041728911463001,0.9721176187805465,0.6148272017837235,0.000721872886758611,66.01817764612602,19.683925292277486,False,False,DeepLabv3plus,train
case_00204,64293,2779,16510,1421858,1505440,80803,67072,0.05367400892762249,0.8695587489433644,0.7692206455935489,0.958566913167939,0.7956759031224088,0.0019506723467100741,58.26748014632584,14.00623866002823,False,False,DeepLabv3plus,train
case_00205,98388,8557,6358,1392137,1505440,104746,106945,0.06957832925921989,0.9295435327907186,0.8683618262534972,0.9199869091589135,0.9393007847555038,0.006109114481821155,29.468585211661324,9.976832930860674,False,False,DeepLabv3plus,train
case_00206,17497,0,96480,1391463,1505440,113977,17497,0.0757100914018493,0.2661666945555775,0.1535134281477842,1.0,0.1535134281477842,0.0,303.0273707613936,100.47018895598032,False,False,DeepLabv3plus,train
case_00207,29893,1349,13032,1461166,1505440,42925,31242,0.028513258582208524,0.8060997478663017,0.6751818222884763,0.9568209461622176,0.6964006988934187,0.0009223837020475004,31.150431815363877,12.516311242063988,False,False,DeepLabv3plus,train
case_00208,10030,3510,154,1491746,1505440,10184,13540,0.006764799659900096,0.8455572416118698,0.7324375638965971,0.7407680945347119,0.9848782403770621,0.002347424120016907,27.629633294381964,8.854396555799775,False,False,DeepLabv3plus,train
case_00209,27352,140,7720,1470228,1505440,35072,27492,0.02329684344776278,0.8743686465059779,0.7767806429626264,0.994907609486396,0.7798813868613139,9.521425928747089e-05,25.680693269974817,10.606077890750168,False,False,DeepLabv3plus,train
case_00210,0,0,3142,1250098,1253240,3142,0,0.0025071015926717947,0.0,0.0,nan,0.0,0.0,nan,nan,True,False,DeepLabv3plus,train
case_00211,4582,816,14187,1233655,1253240,18769,5398,0.014976381219878076,0.3791947697273141,0.2339545570589737,0.8488329010744721,0.2441259523682668,0.0006610118828226828,71.77808987479217,29.666005975034192,False,False,DeepLabv3plus,train
case_00212,14489,5889,4869,1227993,1253240,19358,20378,0.015446363027033928,0.7292631367022347,0.5738899671248069,0.7110118755520659,0.7484760822399008,0.00477274163980024,40.171208807820996,13.888036827991712,False,False,DeepLabv3plus,train
case_00213,47753,11685,11217,1182585,1253240,58970,59438,0.04705403593884651,0.8065840145936085,0.6758615809213785,0.8034085938288636,0.8097846362557233,0.009784219648823131,66.82063536077767,21.905059179605477,False,False,DeepLabv3plus,train
case_00214,9587,135,4404,1239114,1253240,13991,9722,0.011163863266413457,0.8085860076751149,0.6786776157440181,0.9861139683192759,0.6852262168536917,0.00010893694487548507,28.160255680657446,10.9010762878786,False,False,DeepLabv3plus,train
case_00215,3382,0,11755,1238103,1253240,15137,3382,0.012078293064377134,0.36524650359090666,0.22342604214837813,1.0,0.22342604214837813,0.0,92.66255823910195,35.473583763184145,False,False,DeepLabv3plus,train
case_00216,31438,867,15785,1457350,1505440,47223,32305,0.031368237857370605,0.7906146262951413,0.6537325847369515,0.9731620492183872,0.6657349173072443,0.0005945617147516453,84.15699047016358,18.94960715557238,False,False,DeepLabv3plus,train
case_00217,42744,5324,13991,1191181,1253240,56735,48068,0.04527065845328907,0.8157018405961661,0.6887639182068677,0.8892402429890988,0.7533973737551776,0.004449626202982854,43.00232432500307,13.446344685913315,False,False,DeepLabv3plus,train
case_00218,29582,43383,25378,1154897,1253240,54960,72965,0.04385432957773451,0.4624897400820793,0.3008043277101573,0.4054272596450353,0.5382459970887918,0.036204392963247324,200.2797649886133,54.98187252963058,False,False,DeepLabv3plus,train
case_00219,11348,9606,22503,1209783,1253240,33851,20954,0.02701078803740704,0.41412279901468846,0.2611316933980717,0.541567242531259,0.3352338187941272,0.007877715806850809,80.42698065550492,33.8463292189835,False,False,DeepLabv3plus,train
case_00220,917,23,3435,1248865,1253240,4352,940,0.003472599023331525,0.34656084656084657,0.2096,0.975531914893617,0.21070772058823528,1.8416383214507627e-05,108.18642764027824,29.925719874775243,False,False,DeepLabv3plus,train
case_00221,25828,1830,5034,1220548,1253240,30862,27658,0.024625770004149245,0.8827067669172932,0.7900403768506057,0.9338346952057271,0.8368867863391873,0.0014970819173774398,21.213203435596427,8.559719194800788,False,False,DeepLabv3plus,train
case_00222,91715,7804,6982,1146739,1253240,98697,99519,0.07875347100315981,0.9254046091132906,0.8611656228580014,0.9215828133321275,0.9292582347994367,0.006759384449085049,45.61249795789685,10.017527952826486,False,False,DeepLabv3plus,train
case_00223,21579,40867,617,1190177,1253240,22196,62446,0.017710893364399478,0.5098887077337492,0.3421816278959136,0.3455625660570733,0.9722021985943413,0.03319702626388659,125.63438093421925,41.21844193839511,False,False,DeepLabv3plus,train
case_00224,45744,14500,1970,1191026,1253240,47714,60244,0.03807251603842839,0.8474406713722002,0.7352685890635549,0.7593121306686142,0.9587123276187283,0.012027944648228242,61.032778078668514,19.132765685846277,False,False,DeepLabv3plus,train
case_00225,59824,4034,17579,1171803,1253240,77403,63858,0.061762312087070316,0.8469995257006534,0.7346046637277895,0.9368285884305804,0.7728899396664212,0.003430747629135671,53.74986691370104,18.649842594857674,False,False,DeepLabv3plus,train
case_00226,22186,2179,2794,1226081,1253240,24980,24365,0.01993233538667773,0.8992197791062925,0.8168931109392835,0.9105684383336754,0.888150520416333,0.0017740543533128165,26.53295814260268,7.91205447232513,False,False,DeepLabv3plus,train
case_00227,26856,12352,11273,1454959,1505440,38129,39208,0.025327479009459027,0.6945187943675084,0.5320021394187913,0.6849622526015099,0.7043457735581841,0.008418119948668005,56.7265320134192,21.890763858747235,False,False,DeepLabv3plus,train
case_00228,56426,2960,18095,1175759,1253240,74521,59386,0.05946267275222623,0.8427640078561988,0.7282559595255611,0.9501566025662614,0.7571825391500382,0.002511200718746368,63.82159255247015,21.24447707372886,False,False,DeepLabv3plus,train
case_00229,29677,33561,7474,1182528,1253240,37151,63238,0.029643962848297213,0.5912400761039556,0.419688313157597,0.46929061640153075,0.798821027697774,0.027597486697108518,137.3497350644067,43.32049445446225,False,False,DeepLabv3plus,train
case_00230,61247,2943,4521,1184529,1253240,65768,64190,0.05247837604928027,0.9425660598039367,0.8913711050632359,0.9541517370306901,0.931258362729595,0.00247837422692914,24.698178070456937,6.451303822645982,False,False,DeepLabv3plus,train
case_00231,10057,1595,13220,1228368,1253240,23277,11652,0.018573457597906226,0.5758538750035787,0.404350273399807,0.8631136285616203,0.4320573957125059,0.0012967869765188058,123.70367641407242,31.67934203037577,False,False,DeepLabv3plus,train
case_00232,1761,0,12627,1238852,1253240,14388,1761,0.011480642175481153,0.21809399962845996,0.12239366138448707,1.0,0.12239366138448707,0.0,121.94997996899359,46.60357431642606,False,False,DeepLabv3plus,train
case_00233,22663,10832,1309,1218436,1253240,23972,33495,0.019128020171714916,0.7887309238345486,0.6511607861165384,0.6766084490222422,0.9453946270649091,0.008811748129781301,59.673276518866054,16.541440787492583,False,False,DeepLabv3plus,train
case_00234,29676,18878,2152,1202534,1253240,31828,48554,0.025396572085155278,0.7383742628946779,0.5852561827002721,0.6111957820158999,0.9323865778559759,0.015455882208460373,93.0,27.295658242512246,False,False,DeepLabv3plus,train
case_00235,4943,3762,29420,1215115,1253240,34363,8705,0.027419329098975456,0.22954397696665738,0.12965245901639344,0.567834577828834,0.1438465791694555,0.0030864476071006345,141.40667993612573,60.05618803775783,False,False,DeepLabv3plus,train
case_00236,205,721,17544,1234770,1253240,17749,926,0.01416249082378475,0.021954484605087015,0.011099079588521927,0.22138228941684665,0.011549946475857794,0.0005835736561415664,282.5700417961285,105.05591366259381,False,False,DeepLabv3plus,train
case_00237,25439,5404,4876,1217521,1253240,30315,30843,0.024189301330950177,0.8319107884495895,0.7121979898653378,0.8247900658172033,0.8391555335642421,0.004418913670094241,40.9164903550314,12.635269264883348,False,False,DeepLabv3plus,train
case_00238,17760,6857,8203,1472620,1505440,25963,24617,0.017246120735466042,0.7022538552787663,0.5411334552102377,0.7214526546695373,0.6840503793860494,0.004634745927108025,41.05780994363781,15.584890816131011,False,False,DeepLabv3plus,train
case_00239,50620,4440,6049,1192131,1253240,56669,55060,0.045217994957071274,0.9061210607809969,0.8283558886579718,0.9193606974209952,0.8932573364626163,0.0037106030482102607,26.40075756488817,9.7982335391178,False,False,DeepLabv3plus,train
case_00240,0,0,1918,1251322,1253240,1918,0,0.0015304331173598034,0.0,0.0,nan,0.0,0.0,nan,nan,True,False,DeepLabv3plus,train
case_00241,9590,3293,10056,1230301,1253240,19646,12883,0.01567616737416616,0.5896277168065418,0.4180653036313702,0.7443918342001087,0.48814007940547693,0.002669435811133971,49.39635614091387,23.862177850946402,False,False,DeepLabv3plus,train
case_00242,1380,0,65567,1438493,1505440,66947,1380,0.04447005526623446,0.04039398773544865,0.020613320985256995,1.0,0.020613320985256995,0.0,199.03114700432954,116.86007900774007,False,False,DeepLabv3plus,train
case_00243,77884,1499,8928,1417129,1505440,86812,79383,0.05766553300031885,0.9372604470651945,0.8819286385614477,0.9811168638121512,0.8971570750587476,0.001056654739649859,27.124616560809187,9.0312588291161,False,False,DeepLabv3plus,train
case_00244,24422,1041,19718,1460259,1505440,44140,25463,0.029320331597406737,0.7017513612918983,0.5405369513733649,0.959117150375054,0.5532850022655188,0.000712379388215972,359.5614557976955,53.459672593720185,False,False,DeepLabv3plus,train
case_00245,385,2801,4341,1497913,1505440,4726,3186,0.0031392815389520673,0.09732052578361981,0.05114919622691643,0.12084118016321406,0.08146424037240796,0.0018664449055582875,156.49838995973587,38.45620625559974,False,False,DeepLabv3plus,train
case_00246,73689,609,27901,1403241,1505440,101590,74298,0.06748193219258157,0.8379082143182025,0.7210344523919021,0.9918032786885246,0.7253568264592972,0.0004338070306656694,54.0980560835516,21.657681543244756,False,False,DeepLabv3plus,train
case_00247,18121,7176,4378,1475765,1505440,22499,25297,0.014945132320119035,0.7582642898987363,0.6106486941870262,0.7163299996046962,0.8054135739366194,0.004839032705953912,44.384682042344295,14.69036635841784,False,False,DeepLabv3plus,train
case_00248,84634,5642,10719,1404445,1505440,95353,90276,0.06333895738123074,0.9118618319335879,0.8380018812812515,0.9375027692853029,0.8875861273373674,0.004001171558917996,54.56189146281496,11.58808465451007,False,False,DeepLabv3plus,train
case_00249,32586,338,4419,653857,691200,37005,32924,0.05353732638888889,0.9319738592000457,0.8726133411884422,0.9897339326934759,0.8805837049047426,0.0005166655202195064,18.973665961010276,5.8767103020794025,False,False,DeepLabv3plus,train
case_00250,25077,530,2347,663246,691200,27424,25607,0.03967592592592593,0.9457487130169147,0.8970809186520713,0.9793025344632327,0.9144180280046674,0.0007984621318035,10.935828839237164,3.964670648154814,False,False,DeepLabv3plus,train
case_00251,4917,2570,301,683412,691200,5218,7487,0.007549189814814815,0.7740259740259741,0.6313559322033898,0.6567383464672099,0.9423150632426217,0.003746453988588622,45.21225218673943,9.930832979581812,False,False,DeepLabv3plus,train
case_00252,16925,5791,254,668230,691200,17179,22716,0.024853877314814816,0.84847725278857,0.7368306486721811,0.7450695544990316,0.9852145060830083,0.008591720436010154,25.52444741340579,10.166575807530267,False,False,DeepLabv3plus,train
case_00253,21181,2948,932,666139,691200,22113,24129,0.0319921875,0.916093594567709,0.8451777662503491,0.8778233660740188,0.9578528467417357,0.004406004002469036,18.439088914585774,6.163212469910487,False,False,DeepLabv3plus,train
case_00254,32531,2360,5673,1255794,1296358,38204,34891,0.029470254358749667,0.8901019221560982,0.801967261611281,0.9323607807170904,0.851507695529264,0.0018757640161697216,21.016657229140044,9.00287775925772,False,False,DeepLabv3plus,train
case_00255,34788,69,27571,1443012,1505440,62359,34857,0.04142244127962589,0.7156846609611587,0.5572499519446402,0.9980204836905069,0.5578665469298738,4.781436385067782e-05,72.67668065173115,29.70350441887351,False,False,DeepLabv3plus,train
case_00256,95892,5845,5355,1398348,1505440,101247,101737,0.06725409182697417,0.9448232372994916,0.8954170246143502,0.942547942243235,0.9471095439864885,0.0041625332130269845,33.25957774798819,10.519888977327453,False,False,DeepLabv3plus,train
case_00257,0,0,18991,1486449,1505440,18991,0,0.012614916569242214,0.0,0.0,nan,0.0,0.0,nan,nan,True,False,DeepLabv3plus,train
case_00258,35592,3016,624,806076,845308,36216,38608,0.042843555248501135,0.9513525072169358,0.9072185970636215,0.921881475341898,0.9827700463883366,0.0037276354234129123,15.0,4.285011328417664,False,False,DeepLabv3plus,train
case_00259,51123,698,15975,948376,1016172,67098,51821,0.06603016024846188,0.8597953228668254,0.7540710366393297,0.9865305571100519,0.7619154073146741,0.000735453715937851,49.934955437991654,11.098441213174588,False,False,DeepLabv3plus,train
case_00260,46630,1155,5953,962434,1016172,52583,47785,0.05174616108296627,0.9291806153355652,0.867728609177863,0.975829235115622,0.886788505790845,0.001198643820134933,18.027756377319946,7.48968365222349,False,False,DeepLabv3plus,train
case_00261,45195,3736,2416,1454093,1505440,47611,48931,0.03162596981613349,0.9362764392699551,0.8801877422244727,0.9236475853753244,0.9492554241666842,0.0025627148314377062,16.278820596099706,6.6491224906905995,False,False,DeepLabv3plus,train
case_00262,23340,1803,2432,988597,1016172,25772,25143,0.02536184819105427,0.9168221545713444,0.8464188576609247,0.9282901801694309,0.9056340214185938,0.001820476575121163,17.204650534085253,6.279700843806039,False,False,DeepLabv3plus,train
case_00263,50922,168,44342,1410008,1505440,95264,51090,0.06327983845254544,0.6958743867608674,0.5335946013915668,0.9967116852613036,0.5345356063150823,0.00011913406553508215,97.20701334698938,35.14011982335927,False,False,DeepLabv3plus,train
case_00264,27118,2132,3454,1472736,1505440,30572,29250,0.020307684132213837,0.9066229815118184,0.829195205479452,0.9271111111111111,0.8870208033494701,0.0014455530935649835,18.35755975068582,7.443109765941604,False,False,DeepLabv3plus,train
case_00265,5958,5552,2846,1491084,1505440,8804,11510,0.005848124136465086,0.5865905286994191,0.41501811089439955,0.5176368375325804,0.6767378464334394,0.0037096528481207185,59.405386961116584,19.86583218717371,False,False,DeepLabv3plus,train
case_00266,39542,23487,2272,1440139,1505440,41814,63029,0.027775268360080773,0.7543088236696776,0.6055343716022725,0.6273620079645877,0.9456641316305544,0.016047132259197364,67.0,25.097778445825657,False,False,DeepLabv3plus,train
case_00267,53392,683,2472,959625,1016172,55864,54075,0.054974945186444815,0.9713022676211354,0.9442057049887704,0.9873693943596856,0.955749677788916,0.000711230146994506,7.810249675906654,2.9417038260971506,False,False,DeepLabv3plus,train
case_00268,14132,2217,2162,1234729,1253240,16294,16349,0.013001500111710447,0.8658517905829733,0.7634379558100589,0.8643953758639672,0.8673131213943783,0.0017923175304338265,22.18033988749895,7.677701391684411,False,False,DeepLabv3plus,train
case_00269,36432,2268,2457,1212083,1253240,38889,38700,0.03103076824869937,0.9391021923210764,0.8851957139733216,0.9413953488372093,0.9368201805137699,0.0018676642914610356,19.305425530412293,6.0137357148042705,False,False,DeepLabv3plus,train
case_00270,41347,7457,2855,1201581,1253240,44202,48804,0.03527017969423255,0.8891254327677784,0.8003832826806558,0.8472051471190886,0.9354101624360889,0.006167713504455608,47.88214606332852,10.18260586226944,False,False,DeepLabv3plus,train
case_00271,20356,4392,433,1228059,1253240,20789,24748,0.016588203376847212,0.8940422074357116,0.8083872761208848,0.8225311136253435,0.9791716773293568,0.003563630521619115,29.832867780352597,7.193499133427888,False,False,DeepLabv3plus,train
case_00272,35360,9677,1058,970077,1016172,36418,45037,0.035838421054703334,0.8682094407955313,0.7671114003688035,0.7851322246153163,0.9709484320940195,0.009876969116737466,46.846556287823546,12.385540270988761,False,False,DeepLabv3plus,train
case_00273,82821,3589,16728,1150102,1253240,99549,86410,0.079433308863426,0.8907447340542808,0.80301149915647,0.9584654553871079,0.8319621492933128,0.003110884976999907,53.065974084446665,18.647980648584507,False,False,DeepLabv3plus,train
case_00274,18817,5351,1527,1479745,1505440,20344,24168,0.01351365713678393,0.845479870596693,0.732321463319712,0.7785915259847732,0.9249410145497444,0.003603134073487505,192.47671818485173,37.92315476372979,False,False,DeepLabv3plus,train
case_00275,252,0,59952,1236154,1296358,60204,252,0.04644087512862959,0.00833664152441445,0.004185768387482559,1.0,0.004185768387482559,0.0,204.44797410050643,131.4890924593883,False,False,DeepLabv3plus,train
case_00276,49879,3859,6959,1444743,1505440,56838,53738,0.03775507492826018,0.9021668354796701,0.8217704334645863,0.9281886188544419,0.8775643055702171,0.002663947723391242,34.46736365294075,9.331531298903199,False,False,DeepLabv3plus,train
case_00277,93864,1421,13837,1144118,1253240,107701,95285,0.0859380485780856,0.924832254441193,0.8601748501677022,0.985086844728971,0.8715239412818823,0.0012404640959408628,38.47076812334269,11.166855646109253,False,False,DeepLabv3plus,train
case_00278,39812,598,6141,1458889,1505440,45953,40410,0.030524630672760122,0.9219688987182011,0.8552340443814311,0.9852016827517941,0.8663634583161056,0.00040973300892710934,18.867962264113206,7.008484252493427,False,False,DeepLabv3plus,train
case_00279,90335,4114,100934,1057857,1253240,191269,94449,0.15261960997095528,0.632336779621865,0.4623483107537503,0.956442101028068,0.47229294867438004,0.003873928760766537,126.90442016324076,48.54939125035917,False,False,DeepLabv3plus,train
case_00280,50525,2692,19636,1180387,1253240,70161,53217,0.0559836902748077,0.8190277034803611,0.6935198275980399,0.9494146607287145,0.7201294166274711,0.0022754186322299693,46.228778801453146,18.613691422534625,False,False,DeepLabv3plus,train
case_00281,48968,10538,5782,1440152,1505440,54750,59506,0.03636810500584547,0.8571628623442095,0.7500306335007965,0.8229086142573858,0.894392694063927,0.007264129483211437,56.131922327823865,18.398459266194656,False,False,DeepLabv3plus,train
case_00282,26321,3354,2155,1473610,1505440,28476,29675,0.01891540014879371,0.905263881962477,0.8269242852654728,0.8869755686604887,0.9243222362691389,0.0022708745778502386,24.049827584156734,7.944324655212646,False,False,DeepLabv3plus,train
case_00283,32354,11118,2489,1459479,1505440,34843,43472,0.023144728451482622,0.8262529528187448,0.7039446487239182,0.7442491718807508,0.9285652785351434,0.00756019494123815,51.0,16.01461790229557,False,False,DeepLabv3plus,train
case_00284,0,0,39294,1257064,1296358,39294,0,0.0303110714787119,0.0,0.0,nan,0.0,0.0,nan,nan,True,False,DeepLabv3plus,train
case_00285,82192,15483,14387,1393378,1505440,96579,97675,0.0641533372303114,0.8462322526177067,0.7334511252699398,0.8414845149731252,0.8510338686463931,0.010989728582166729,81.01265285134096,20.528464021136703,False,False,DeepLabv3plus,train
case_00286,10218,684,65367,1220089,1296358,75585,10902,0.05830565322233519,0.23628984702903327,0.13397317389765173,0.9372592184920198,0.1351855526890256,0.0005603007274898773,133.1028952153487,49.764298340722455,False,False,DeepLabv3plus,train
case_00287,36560,13536,4899,1450445,1505440,41459,50096,0.027539456902965245,0.7986456228496532,0.6647877079734521,0.729798786330246,0.8818350659687885,0.00924602163552669,101.13844927799803,22.4142481008041,False,False,DeepLabv3plus,train
case_00288,0,0,34851,1261507,1296358,34851,0,0.02688377747504933,0.0,0.0,nan,0.0,0.0,nan,nan,True,False,DeepLabv3plus,train
case_00289,110369,4193,21855,1116823,1253240,132224,114562,0.10550572915004308,0.894451062864182,0.8090560560633938,0.963399731149945,0.8347123063891578,0.003740356961898849,59.90826320300064,17.95128230076052,False,False,DeepLabv3plus,train
case_00290,39373,651,60854,1195480,1296358,100227,40024,0.07731429126830705,0.5614648023900007,0.3903031384444577,0.9837347591445132,0.3928382571562553,0.0005442547680814226,140.45727967456764,57.7571303603594,False,False,DeepLabv3plus,train
case_00291,95497,5515,16745,1387683,1505440,112242,101012,0.07455760442129876,0.8956174327327975,0.8109666516640199,0.9454025264325031,0.8508134210010513,0.003958518458969938,40.51906639237026,15.691545344529516,False,False,DeepLabv3plus,train
case_00292,33346,76103,9011,1386980,1505440,42357,109449,0.02813596025082368,0.43932387389167754,0.28149586358264395,0.3046715821981014,0.7872606652973535,0.052015504246854076,136.91931181794845,81.1261138108386,False,False,DeepLabv3plus,train
case_00293,68049,11897,8123,1208289,1296358,76172,79946,0.05875846024014971,0.8717636659449903,0.7726782409247295,0.8511870512596003,0.8933597647429502,0.009750152845549778,53.665631459994955,16.660080547442444,False,False,DeepLabv3plus,train
case_00294,12695,3316,17819,1471610,1505440,30514,16011,0.02026915718992454,0.5457281031703385,0.37525864617203664,0.792892386484292,0.4160385396867012,0.0022482483866987225,68.93946225776658,33.55210892196768,False,False,DeepLabv3plus,train
case_00295,266,0,6548,1246426,1253240,6814,266,0.005437107018607769,0.07514124293785311,0.03903727619606692,1.0,0.03903727619606692,0.0,209.55985299870525,71.51039001221523,False,False,DeepLabv3plus,train
case_00296,33477,12840,1921,1205002,1253240,35398,46317,0.02824518847148192,0.8193599706296274,0.6939964343463659,0.7227799727961656,0.9457313972540822,0.010543239599225516,64.96919426949877,19.41776004499775,False,False,DeepLabv3plus,train
case_00297,33157,637,36217,1435429,1505440,69374,33794,0.04608220852375385,0.6427768300248139,0.4735970061847424,0.9811505000887731,0.47794562804508894,0.0004435729277066653,160.0,38.27960555986009,False,False,DeepLabv3plus,train
case_00298,76877,3763,8845,1163755,1253240,85722,80640,0.06840030640579618,0.9242134622089179,0.8591048779124993,0.9533358134920635,0.896817619747556,0.0032230766463557737,31.04834939252005,11.164088721619128,False,False,DeepLabv3plus,train
case_00299,75088,9059,9639,1159454,1253240,84727,84147,0.06760636430372474,0.8892783969113066,0.8006312242765444,0.8923431613723602,0.8862346123431728,0.007752588118403475,36.1254756495173,15.546608077524027,False,False,DeepLabv3plus,train
case_00300,18900,336,11519,1474685,1505440,30419,19236,0.020206052715485173,0.7612526432383446,0.6145342220777109,0.982532751091703,0.6213221999408265,0.00022779336700969003,45.79301256742124,18.760062269725918,False,False,DeepLabv3plus,train
case_00301,90277,2201,54943,1358019,1505440,145220,92478,0.09646349240089276,0.7595941068077982,0.6123754417620285,0.9761997448041696,0.6216567965844925,0.0016181205981385363,87.0,37.74101366515635,False,False,DeepLabv3plus,train
case_00302,70711,2165,8868,1423696,1505440,79579,72876,0.052860957593793174,0.9276311042602735,0.8650298492855745,0.9702920028541633,0.8885635657648374,0.0015183808239372563,32.89376840679705,9.281506618325547,False,False,DeepLabv3plus,train
case_00303,93343,17003,10896,1131998,1253240,104239,110346,0.08317560882193355,0.8699862525339609,0.7698899721218719,0.8459119496855346,0.8954709849480521,0.014798072412469615,80.4114419718985,20.995687574451477,False,False,DeepLabv3plus,train
case_00304,0,0,11698,1493742,1505440,11698,0,0.007770485705175896,0.0,0.0,nan,0.0,0.0,nan,nan,True,False,DeepLabv3plus,train
case_00305,6157,35,3128,1496120,1505440,9285,6192,0.006167632054415985,0.7956322284680494,0.6606223175965665,0.9943475452196382,0.6631125471190091,2.3393298154268775e-05,24.689034234147204,8.68533512744173,False,False,DeepLabv3plus,train
case_00306,28,0,32432,1220780,1253240,32460,28,0.02590086495802879,0.0017237133710908644,0.000862600123228589,1.0,0.000862600123228589,0.0,289.04497872771975,158.37857740324293,False,False,DeepLabv3plus,train
case_00307,13490,45,60868,1178837,1253240,74358,13535,0.059332609875203474,0.30696414959097995,0.18130989341827614,0.9966752862947913,0.18141961860189892,3.817175934487082e-05,152.40275416404603,58.59269589010379,False,False,DeepLabv3plus,train
case_00308,41454,2533,10281,1451172,1505440,51735,43987,0.034365368264427675,0.8661331773260066,0.7638755804525688,0.9424148043740196,0.8012757320962598,0.0017424443061006187,47.07440918375928,13.956398110670838,False,False,DeepLabv3plus,train
case_00309,38104,1324,6667,1459345,1505440,44771,39428,0.029739478159209267,0.9050938847254718,0.8266406334743465,0.9664198031855534,0.8510866409059435,0.000906433969639939,38.30654285252327,8.627781086797432,False,False,DeepLabv3plus,train
case_00310,121527,698,54019,1076996,1253240,175546,122225,0.14007372889470493,0.8162446981069346,0.6895383672635664,0.9942892206995295,0.6922800861312705,0.00064767921135313,107.30182210393721,31.506062423571645,False,False,DeepLabv3plus,train
case_00311,25130,823,3572,1475915,1505440,28702,25953,0.019065522372196834,0.9195864971182874,0.851143099068586,0.9682888298077293,0.875548742247927,0.0005573094211701737,13.0,5.978176281148171,False,False,DeepLabv3plus,train
case_00312,2370,153,33856,1216861,1253240,36226,2523,0.02890587596948709,0.12232573743838551,0.06514747519173149,0.93935790725327,0.0654226246342406,0.00012571753488456173,224.6146327202885,93.8791178413406,False,False,DeepLabv3plus,train
case_00313,41703,6328,2474,1454935,1505440,44177,48031,0.02934490912955681,0.9045419052576783,0.8257202257202257,0.8682517540754929,0.9439980080132195,0.004330500395890405,29.604020617410846,9.173462522874734,False,False,DeepLabv3plus,train
case_00314,55857,5413,4594,1439576,1505440,60451,61270,0.040155037729833136,0.9177873990519302,0.8480657111623953,0.9116533376856537,0.9240045656812956,0.0037460492778837763,29.068883707497267,9.229491501711895,False,False,DeepLabv3plus,train
case_00315,8136,1692,1862,1493750,1505440,9998,9828,0.0066412477415240725,0.8207404418440432,0.6959794696321643,0.8278388278388278,0.8137627525505101,0.0011314380631278244,23.674831660305138,8.587240413106406,False,False,DeepLabv3plus,train
case_00316,7271,35,3515,1494619,1505440,10786,7306,0.007164682750557976,0.803780676542118,0.6719342020146012,0.995209416917602,0.6741145929909141,2.341679077565778e-05,29.573339431469165,9.244726945327876,False,False,DeepLabv3plus,train
case_00317,14879,199,28256,1462106,1505440,43135,15078,0.028652752683600808,0.5111916582206724,0.3433562560575991,0.986801963125083,0.3449403036976933,0.00013608652093783445,87.54879775000747,32.742680610555546,False,False,DeepLabv3plus,train
case_00318,12864,2120,8038,1482418,1505440,20902,14984,0.013884312891911998,0.7169369670623642,0.5587698722960647,0.8585157501334757,0.6154434982298345,0.0014280537109861789,48.08326112068523,13.31789797341763,False,False,DeepLabv3plus,train
case_00319,43137,6320,774,1455209,1505440,43911,49457,0.02916821660112658,0.9240210778853569,0.8587724711831339,0.8722122247609034,0.9823734371797499,0.004324238520070419,23.853720883753127,8.114099513478994,False,False,DeepLabv3plus,train
case_00320,249,0,10937,1494254,1505440,11186,249,0.007430385800828994,0.04355050284215129,0.022259967816914,1.0,0.022259967816914,0.0,64.0136696109979,47.148462648189664,False,False,DeepLabv3plus,train
case_00321,11369,0,4579,1489492,1505440,15948,11369,0.010593580614305452,0.832375443862796,0.712879357913218,1.0,0.712879357913218,0.0,21.674712055795446,9.608568666624018,False,False,DeepLabv3plus,train
case_00322,40947,3625,8779,1452089,1505440,49726,44572,0.03303087469444149,0.8684595643597955,0.7675020149575453,0.9186709144754555,0.8234525198085508,0.0024901869460622074,47.72300871641354,15.342167792664362,False,False,DeepLabv3plus,train
case_00323,139211,2062,22229,1341938,1505440,161440,141273,0.10723775108938251,0.9197556761685161,0.8514330099937616,0.9854041465814416,0.862307978196234,0.0015342261904761905,37.0,14.00705141789275,False,False,DeepLabv3plus,train
case_00324,41123,7295,2950,1454072,1505440,44073,48418,0.029275826336486344,0.8892324658615433,0.8005567668587448,0.8493328927258458,0.9330655957161981,0.004991901418329551,31.725294967281258,10.436291773383383,False,False,DeepLabv3plus,train
case_00325,62688,5367,10783,1426602,1505440,73471,68055,0.048803672016154744,0.8858866921979001,0.7951495471726833,0.9211373154066563,0.8532346095738454,0.003747986164504958,31.032237115530847,11.656339886848741,False,False,DeepLabv3plus,train
case_00326,8883,1374,854,1494329,1505440,9737,10257,0.006467876501222234,0.8885665699709913,0.7994779947799479,0.8660427025446037,0.9122933141624731,0.0009186315732468278,20.841034483696138,5.334624479564897,False,False,DeepLabv3plus,train
case_00327,93406,3425,75588,1333021,1505440,168994,96831,0.11225555319375066,0.7027630960218189,0.5417384394991271,0.9646290960539496,0.5527178479709339,0.0025627672199250847,163.27499571871465,47.86689783441887,False,False,DeepLabv3plus,train
case_00328,159867,3548,12312,1329713,1505440,172179,163415,0.11437121373153364,0.9527405138351699,0.909746367945734,0.9782884068169997,0.9284930217970833,0.002661144367081914,30.262186002324984,9.598282699489769,False,False,DeepLabv3plus,train
case_00329,28669,18142,746,1457883,1505440,29415,46811,0.01953913805930492,0.7522105318395298,0.6028344933448283,0.612441520155519,0.9746387897331293,0.01229111973035687,76.88302473433146,24.34409700374165,False,False,DeepLabv3plus,train
case_00330,39286,1658,11370,1453126,1505440,50656,40944,0.03364863428632161,0.8577729257641922,0.7509653247696602,0.9595056662758891,0.7755448515476943,0.0011396880911530508,35.22214339884414,13.708373179571161,False,False,DeepLabv3plus,train
case_00331,11331,104,4287,1489718,1505440,15618,11435,0.010374375597831864,0.8376889808893653,0.7207098333545351,0.9909051158723218,0.725509028044564,6.980699707750322e-05,21.17751817112506,9.08790504578355,False,False,DeepLabv3plus,train
case_00332,63246,2863,26021,1413310,1505440,89267,66109,0.059296285471357214,0.8141025641025641,0.6864864864864865,0.9566927347259828,0.708503702376018,0.002021645660523114,75.83202540104978,20.976956976613415,False,False,DeepLabv3plus,train
case_00333,29866,3325,9248,1463001,1505440,39114,33191,0.025981772770751407,0.8261116105386903,0.70373948490775,0.8998222409689374,0.7635629186480544,0.0022675721497129563,56.22271421575489,18.77830923946951,False,False,DeepLabv3plus,train
case_00334,94056,11399,38411,1361574,1505440,132467,105455,0.08799221490062706,0.7906456737922513,0.653775040662839,0.8919065004030156,0.7100334422912876,0.008302421096409034,76.90253571892151,26.470231287940884,False,False,DeepLabv3plus,train
case_00335,29119,18539,332,1457450,1505440,29451,47658,0.019563051333829313,0.7552685159968356,0.6067722442175453,0.6109992026522305,0.988727038131133,0.012560391710236323,71.50524456289902,25.17712117270101,False,False,DeepLabv3plus,train
case_00336,65356,2368,5555,1432161,1505440,70911,67724,0.04710317249442023,0.9428499296714394,0.8918789830647252,0.9650345520051976,0.921662365500416,0.0016507160189860226,21.96927048975757,7.537553895635904,False,False,DeepLabv3plus,train
case_00337,32781,301,14466,1457892,1505440,47247,33082,0.031384180040386865,0.8161685070149012,0.6894296290064776,0.990901396529835,0.6938218299574577,0.00020641986348857798,55.094456671709146,16.740867980882413,False,False,DeepLabv3plus,train
case_00338,18846,324,7312,1478958,1505440,26158,19170,0.017375650972473164,0.8315390045887752,0.7116531983989125,0.9830985915492958,0.7204679256823916,0.0002190251757271433,36.157900729536195,12.180062625658772,False,False,DeepLabv3plus,train
case_00339,52095,3043,36924,1413378,1505440,89019,55138,0.05913154958018918,0.7227536644075556,0.5658686537333536,0.9448112009866154,0.5852121457216999,0.0021483725530756746,102.48902380255166,31.594067885486545,False,False,DeepLabv3plus,train
case_00340,74554,5137,7899,1417850,1505440,82453,79691,0.054770034009990434,0.9196023287941583,0.8511702249115196,0.9355385175239362,0.9041999684668842,0.0036100118975085508,39.34412948542329,11.464028686029001,False,False,DeepLabv3plus,train
case_00341,17876,3438,3003,1481123,1505440,20879,21314,0.013869034966521416,0.847344346218567,0.7351235760990253,0.8386975696725157,0.8561712725705254,0.002315836129333857,25.129614515998625,9.706048178318886,False,False,DeepLabv3plus,train
case_00342,1615,0,18872,1484953,1505440,20487,1615,0.013608645977255819,0.14614062075830242,0.07883047786401133,1.0,0.07883047786401133,0.0,165.15596885252268,58.37418564098181,False,False,DeepLabv3plus,train
case_00343,48508,1529,7044,1448359,1505440,55552,50037,0.036900839621638856,0.9188078303611171,0.8498099192375747,0.9694426124667745,0.8731998847926268,0.0010545642146151978,34.18478931278133,8.72363147153964,False,False,DeepLabv3plus,train
case_00344,11313,683,8866,1484578,1505440,20179,11996,0.013404054628547137,0.7032167832167833,0.5422778257118205,0.9430643547849283,0.560632340552059,0.0004598518374884953,67.68997606159064,19.52225927100606,False,False,DeepLabv3plus,train
case_00345,7240,1136,2106,1494958,1505440,9346,8376,0.006208151769582315,0.8170635368468571,0.690707880175539,0.8643744030563515,0.7746629574149368,0.0007593105780786502,22.01930821371345,8.174891317482377,False,False,DeepLabv3plus,train
case_00346,864,0,32350,1220026,1253240,33214,864,0.02650250550572915,0.05070720112682669,0.026013126994640815,1.0,0.026013126994640815,0.0,173.83277908601755,80.76317423214171,False,False,DeepLabv3plus,train
case_00347,45326,1763,2048,1456303,1505440,47374,47089,0.03146854075884791,0.9596561616717657,0.9224413374849909,0.9625602582344072,0.9567695360324229,0.0012091359376050193,15.830249470757689,4.573447224901758,False,False,DeepLabv3plus,train
case_00348,26385,0,37219,1441836,1505440,63604,26385,0.04224944202359443,0.5864050050561735,0.4148324004779574,1.0,0.4148324004779574,0.0,113.58523221515841,49.02398148225267,False,False,DeepLabv3plus,train
case_00349,70710,55,29131,1405544,1505440,99841,70765,0.06632014560527155,0.8289274703117123,0.7078361495955794,0.9992227796226948,0.7082260794663515,3.912922533382565e-05,87.80885116671305,23.2294716084666,False,False,DeepLabv3plus,train
case_00350,3340,2470,4468,1495162,1505440,7808,5810,0.005186523541290254,0.4905272433543839,0.3249659466822339,0.5748709122203098,0.42776639344262296,0.0016492703147368646,44.77722635447622,19.39077475524479,False,False,DeepLabv3plus,train
case_00351,14743,431,3748,1486518,1505440,18491,15174,0.012282787756403443,0.8758651418387049,0.7791459676566959,0.9715961513114538,0.7973067979016819,0.00028985526739652804,15.524174696260024,7.392087495425548,False,False,DeepLabv3plus,train
case_00352,50436,1319,6014,1195471,1253240,56450,51755,0.045043247901439466,0.9322304884247493,0.8730634077100174,0.974514539658004,0.8934632418069087,0.0011021148238203862,20.615528128088304,7.188342249250859,False,False,DeepLabv3plus,train
case_00353,61825,16947,42585,1384083,1505440,104410,78772,0.06935513869699224,0.6750117369610551,0.5094473330751419,0.7848601025745189,0.5921367685087635,0.01209610072589452,105.0,48.125131114183816,False,False,DeepLabv3plus,train
case_00354,57791,4373,30580,1412696,1505440,88371,62164,0.05870111063875013,0.7678081509283555,0.6231238678512896,0.9296538189305708,0.6539588779124373,0.0030859471204295625,122.00204914590984,32.053481342529864,False,False,DeepLabv3plus,train
case_00355,29006,7966,2722,1465746,1505440,31728,36972,0.02107556594749708,0.8444250363901019,0.7307401622411448,0.7845396516282592,0.914208270297529,0.005405398069636401,34.48187929913333,13.838625082712921,False,False,DeepLabv3plus,train
case_00356,38911,1410,5231,1459888,1505440,44142,40321,0.029321660112658094,0.9213738560079562,0.8542105725324903,0.9650306292006646,0.8814960808300485,0.0009648955928222718,23.021728866442675,8.478150508355924,False,False,DeepLabv3plus,train
case_00357,531,0,10515,1494394,1505440,11046,531,0.007337389733234137,0.09173360974345686,0.048071700162954915,1.0,0.048071700162954915,0.0,102.04410811016969,46.71099627136204,False,False,DeepLabv3plus,train
case_00358,68746,2119,25865,1408710,1505440,94611,70865,0.062846078222978,0.830887862892504,0.7106998862814018,0.9700980738023002,0.7266174123516294,0.001501953815806168,52.773099207835045,19.411442791443232,False,False,DeepLabv3plus,train
case_00359,25775,2965,6661,1470039,1505440,32436,28740,0.021545860346476778,0.84265071269779,0.7280867772096833,0.8968336812804454,0.7946417560734986,0.002012893379787156,30.786325556327295,12.973112201841259,False,False,DeepLabv3plus,train
case_00360,13117,2783,1557,1487983,1505440,14674,15900,0.009747316399192263,0.858049322954144,0.7513891275706021,0.8249685534591195,0.8938939621098542,0.0018668255111801584,25.418225976049108,9.154026201263061,False,False,DeepLabv3plus,train
case_00361,14884,5891,1161,1483504,1505440,16045,20775,0.010658013603996173,0.8084736556219446,0.6785193289569658,0.7164380264741276,0.9276410096603304,0.003955297285139268,47.634021455258214,12.291957504130455,False,False,DeepLabv3plus,train
case_00362,22578,10469,3751,1468642,1505440,26329,33047,0.017489239026464022,0.7605092966855295,0.6135659546714496,0.6832087632765456,0.8575335181738767,0.007077900171116299,70.0157117356677,18.759529178039966,False,False,DeepLabv3plus,train
case_00363,95948,3298,6456,1399738,1505440,102404,99246,0.0680226378998831,0.9516290602529135,0.9077217081985204,0.9667694415895854,0.9369555876723565,0.0023506168052708555,19.06170160328649,6.555793481193487,False,False,DeepLabv3plus,train
case_00364,46831,6628,9527,1442454,1505440,56358,53459,0.03743623126793496,0.8528916288006411,0.7435144317784904,0.8760171346265362,0.8309556762127825,0.004573930253774458,51.62363799656123,18.12997272778021,False,False,DeepLabv3plus,train
case_00365,19092,1150,12065,1473133,1505440,31157,20242,0.0206962748432352,0.7428938306192727,0.5909555204754388,0.9431874320719297,0.6127675963667876,0.000780040195810438,85.69561384757954,20.445471780967416,False,False,DeepLabv3plus,train
case_00366,23503,1122,6251,1474564,1505440,29754,24625,0.019764321394409607,0.8644145718016146,0.7612061147817075,0.9544365482233502,0.7899106002554278,0.0007603243508442853,30.0,11.488014820275477,False,False,DeepLabv3plus,train
case_00367,74576,22529,1153,1407182,1505440,75729,97105,0.050303565734934635,0.8629783491674092,0.758981456980602,0.7679934091962309,0.9847746570006206,0.01575773005873215,40.607881008493905,18.359049260386843,False,False,DeepLabv3plus,train
case_00368,21877,216,2747,1480600,1505440,24624,22093,0.016356679774683813,0.9365755506560781,0.8807165861513687,0.9902231476033133,0.8884421702404158,0.00014586552279283855,11.180339887498949,4.70612286318966,False,False,DeepLabv3plus,train
case_00369,34946,26982,3618,1230812,1296358,38564,61928,0.029747955425893157,0.6954981491063965,0.5331522899948128,0.564300477974422,0.9061819313349238,0.021451843465623146,73.16795623900836,26.38338470746757,False,False,DeepLabv3plus,train
case_00370,81146,6394,24586,1393314,1505440,105732,87540,0.07023328727813795,0.8397077693613146,0.7237036904910547,0.9269591044094129,0.7674686944349866,0.004568095631374544,91.48223871331527,25.8467498247701,False,False,DeepLabv3plus,train
case_00371,2922,5827,4192,1492499,1505440,7114,8749,0.004725528749070039,0.3684044632162895,0.22579398809983772,0.33398102640301747,0.4107393871239809,0.0038890067982535175,102.67518464324047,29.8449578695626,False,False,DeepLabv3plus,train
case_00372,0,0,48204,1457236,1505440,48204,0,0.032019874588160274,0.0,0.0,nan,0.0,0.0,nan,nan,True,False,DeepLabv3plus,train
case_00373,25601,877,1797,1477165,1505440,27398,26478,0.01819933042831332,0.95036751057985,0.9054288240495137,0.966878163003248,0.9344112708956858,0.0005933525569638752,10.04987562112089,3.976508443172308,False,False,DeepLabv3plus,train
case_00374,50785,17968,8974,1427713,1505440,59759,68753,0.03969537145286428,0.7903542081673307,0.6533765615551868,0.7386586767122889,0.8498301511069463,0.012428744653903593,67.0,17.37383414397525,False,False,DeepLabv3plus,train
case_00375,19326,2014,4231,1479869,1505440,23557,21340,0.015647916888085873,0.860903846582177,0.7557780297993821,0.9056232427366449,0.8203930891030267,0.0013590816548944822,28.48506897027972,10.585374315071059,False,False,DeepLabv3plus,train
case_00376,14620,13092,292,1225236,1253240,14912,27712,0.011898758418180078,0.6859984984984985,0.522068275960577,0.5275692840646651,0.9804184549356223,0.01057232009612962,56.91537063571343,19.387724540406754,False,False,DeepLabv3plus,train
case_00377,128629,9449,6730,1108432,1253240,135359,138078,0.10800724522038875,0.9408309775195017,0.8882727473620242,0.9315676646533119,0.9502803655464358,0.008452599158586647,31.34084887910253,9.688874832276406,False,False,DeepLabv3plus,train
case_00378,8847,9944,422,1234027,1253240,9269,18791,0.007396029491557882,0.6305773342836778,0.46046947379378544,0.4708104943856101,0.9544718955658648,0.007993755481438072,79.0,23.164311315411872,False,False,DeepLabv3plus,train
case_00379,32665,2547,6518,1211510,1253240,39183,35212,0.03126536018639686,0.8781504133342295,0.7827701893122454,0.9276667045325457,0.8336523492330857,0.0020979245620263297,34.05283853270079,10.65338625607145,False,False,DeepLabv3plus,train
case_00380,34760,103,97290,1373287,1505440,132050,34863,0.08771521947071953,0.4165044064872119,0.2630284594371675,0.997045578406907,0.26323362362741387,7.499690546749285e-05,145.0551619212498,57.59798435900202,False,False,DeepLabv3plus,train
case_00381,0,0,72132,1433308,1505440,72132,0,0.047914231055372514,0.0,0.0,nan,0.0,0.0,nan,nan,True,False,DeepLabv3plus,train
case_00382,14342,0,34997,1456101,1505440,49339,14342,0.03277380699330428,0.4504326251158116,0.29068282697257747,1.0,0.29068282697257747,0.0,119.50732195141852,45.74847286095725,False,False,DeepLabv3plus,train
case_00383,828,323,17574,1486715,1505440,18402,1151,0.012223668827718142,0.08469288600214801,0.04421895861148198,0.7193744569939183,0.044995109227257905,0.00021721032011286866,135.0,48.413762492696804,False,False,DeepLabv3plus,train
case_00384,111510,902,108026,1285002,1505440,219536,112412,0.14582846211074504,0.6718522178172485,0.5058565220152605,0.9919759456285806,0.5079349172800817,0.0007014520524082668,157.89996686649775,56.28119856928942,False,False,DeepLabv3plus,train
case_00385,0,1194,76711,1427535,1505440,76711,1194,0.050955866723349987,0.0,0.0,0.0,0.0,0.0008357078214272966,393.4543274190435,221.50664833033855,False,False,DeepLabv3plus,train
case_00386,0,0,46023,1459417,1505440,46023,0,0.03057112870655755,0.0,0.0,nan,0.0,0.0,nan,nan,True,False,DeepLabv3plus,train
case_00387,16247,97,8297,1480799,1505440,24544,16344,0.01630353916462961,0.7947074936411661,0.6593482407369831,0.9940651003426334,0.6619540417209909,6.550088595012749e-05,38.31578888687751,14.099207496643674,False,False,DeepLabv3plus,train
case_00388,75010,564,32425,1397441,1505440,107435,75574,0.07136451801466681,0.819741105628685,0.694543467995074,0.9925371159393442,0.6981896030157769,0.0004034320335048873,93.14024476175234,30.237040877085004,False,False,DeepLabv3plus,train
case_00389,35225,92,29087,1441036,1505440,64312,35317,0.04271973642257413,0.7071234279175742,0.5469380783802248,0.997395022227256,0.5477204876228386,6.383888176483977e-05,91.33441564875257,28.58445196739784,False,False,DeepLabv3plus,train
case_00390,10867,1617,13614,1479342,1505440,24481,12484,0.016261690934211925,0.5879615852833762,0.41639206069430607,0.8704742069849407,0.44389526571626975,0.0010918600717508048,70.0,26.67160533437631,False,False,DeepLabv3plus,train
case_00391,15201,268,89234,1400737,1505440,104435,15469,0.06937174513763418,0.2535528422738191,0.14518208647316697,0.9826750274743035,0.14555465121846126,0.00019129125163721758,123.1610727046228,47.04831054427489,False,False,DeepLabv3plus,train
case_00392,99452,3391,31934,1370663,1505440,131386,102843,0.08727415240726964,0.8491860529652605,0.7379003835966077,0.9670274107134176,0.7569451844184312,0.0024678797194287853,71.16881339463234,26.16021113910074,False,False,DeepLabv3plus,train
case_00393,128629,9449,6730,1108432,1253240,135359,138078,0.10800724522038875,0.9408309775195017,0.8882727473620242,0.9315676646533119,0.9502803655464358,0.008452599158586647,31.34084887910253,9.688874832276406,False,False,DeepLabv3plus,train
case_00394,80584,7592,2824,1162240,1253240,83408,88176,0.06655389231112956,0.9392950391644909,0.8855384615384615,0.9138994737797133,0.966142336466526,0.006489820760587845,29.979903187756285,8.412426694911694,False,False,DeepLabv3plus,train
case_00395,96561,8076,32449,1116154,1253240,129010,104637,0.10294117647058823,0.826554588759967,0.7043826503071065,0.9228188881561972,0.7484768622587397,0.007183583430436832,70.78841572205883,28.325734250733504,False,False,DeepLabv3plus,train
case_00396,126304,12286,3426,1111224,1253240,129730,138590,0.10351568733841882,0.9414430530709601,0.8893645786390266,0.9113500252543474,0.9735913050181145,0.010935372181823036,35.926569886859575,10.022724639715346,False,False,DeepLabv3plus,train
case_00397,50520,458,5066,1197196,1253240,55586,50978,0.04435383486004277,0.9481626065087647,0.9014345871101278,0.9910157322766684,0.9088619436548772,0.00038241428659696375,19.6468827043885,5.256754342453424,False,False,DeepLabv3plus,train
case_00398,134120,4421,6254,1108445,1253240,140374,138541,0.11200887300118094,0.9617266909273434,0.9262750785593425,0.9680888689990689,0.9554475900095459,0.003972625635071968,20.8806130178211,6.8575463592377695,False,False,DeepLabv3plus,train
case_00399,87227,822,33664,1131527,1253240,120891,88049,0.09646276850403754,0.834947831913468,0.7166613262346668,0.9906642892026031,0.7215342746771886,0.0007259246045168053,75.8946638440411,27.680616280589383,False,False,DeepLabv3plus,train
case_00400,72383,13658,726,1166473,1253240,73109,86041,0.05833599310586959,0.9096198554822494,0.8342226883492572,0.8412617240617845,0.990069622071154,0.011573291439679154,37.21558813185679,12.741756637246741,False,False,DeepLabv3plus,train
case_00401,55648,852,14260,1182480,1253240,69908,56500,0.05578181353930612,0.8804506043921271,0.7864330130016959,0.9849203539823009,0.7960176231618699,0.0007200008112685197,39.59797974644666,15.241666233189981,False,False,DeepLabv3plus,train
case_00402,117977,6831,4845,1123587,1253240,122822,124808,0.09800357473428872,0.9528490086015426,0.9099442357677802,0.9452679315428498,0.9605526697171517,0.00604289740609226,24.179534790698373,8.441196632181171,False,False,DeepLabv3plus,train
case_00403,160601,7931,27297,1057411,1253240,187898,168532,0.14992978200504292,0.9011643239906854,0.8201083598445582,0.9529406878218973,0.8547243717336002,0.007444557710106238,63.89053137985315,20.638023512696876,False,False,DeepLabv3plus,train
case_00404,29226,3348,3700,1216966,1253240,32926,32574,0.026272701158596916,0.8923969465648856,0.8057010530958814,0.8972186406336342,0.887626799489765,0.0027435561666915237,23.259406699226016,9.485086663842706,False,False,DeepLabv3plus,train
case_00405,67556,4042,7611,1174031,1253240,75167,71598,0.059978136669752005,0.9206009607195176,0.8528828794707672,0.9435459091036063,0.8987454601088244,0.0034310267699879378,29.698484809834994,10.703197112119314,False,False,DeepLabv3plus,train
case_00406,41651,2504,17560,1191525,1253240,59211,44155,0.04724633749321758,0.8058936207263511,0.6748926517054201,0.9432906805571283,0.703433483643242,0.0020971014941848147,90.35476993341973,20.956915467547276,False,False,DeepLabv3plus,train
case_00407,56429,498,34631,1161682,1253240,91060,56927,0.07265966614535124,0.7626210410373884,0.6163197099106578,0.9912519542572066,0.6196903140786295,0.0004285050508527078,75.0066663703967,32.21426998098986,False,False,DeepLabv3plus,train
case_00408,31292,12507,1561,1207880,1253240,32853,43799,0.026214452140052982,0.8164692375932787,0.6898589065255732,0.7144455352861937,0.9524853133655983,0.010248388421050044,66.46803743153546,18.99906580468024,False,False,DeepLabv3plus,train
case_00409,9460,1022,26234,1216524,1253240,35694,10482,0.02848137627270116,0.40973665973665974,0.2576533391436976,0.9024995229917955,0.2650305373452121,0.0008393933370895227,75.21034178482044,36.69977477690973,False,False,DeepLabv3plus,train
case_00410,15,0,4645,1248580,1253240,4660,15,0.0037183620056812743,0.006417112299465241,0.003218884120171674,1.0,0.003218884120171674,0.0,76.54964427444352,42.212775226821535,False,False,DeepLabv3plus,train
case_00411,198,3872,81749,1167421,1253240,81947,4070,0.06538811400849,0.004603741120941209,0.0023071813933977325,0.04864864864864865,0.002416195833892638,0.003305748433568714,189.90497485709798,81.15791217522965,False,False,DeepLabv3plus,train
case_00412,88242,7678,965,1156355,1253240,89207,95920,0.07118109859244838,0.9533131309857558,0.9107911441399598,0.919954128440367,0.9891824632596097,0.006596032930337886,17.804493814764857,6.77549050212562,False,False,DeepLabv3plus,train
case_00413,103912,7275,7050,1135003,1253240,110962,111187,0.08854010405030162,0.9355162526052334,0.8788450315890964,0.9345696889024796,0.9364647356752762,0.006368852415961789,41.76721073461974,10.996740982084455,False,False,DeepLabv3plus,train
case_00414,73754,16632,3780,1159074,1253240,77534,90386,0.061866841147745044,0.8784421152929967,0.7832338636025742,0.8159892018675459,0.9512471947790647,0.014146393741292467,62.16107898918981,18.373415861639923,False,False,DeepLabv3plus,train
case_00415,86045,7258,16086,1143851,1253240,102131,93303,0.08149356867000734,0.8805530255738511,0.7865964585104536,0.9222104326763341,0.842496401680195,0.0063052239188469555,54.20332093147061,14.359410563710693,False,False,DeepLabv3plus,train
case_00416,41240,2686,24003,1185311,1253240,65243,43926,0.05205946187482047,0.7555258360889996,0.6071044767330596,0.9388517051404635,0.6320984626703248,0.0022609484704085954,97.72921720396066,29.532347615940367,False,False,DeepLabv3plus,train
case_00417,57011,5070,2995,1188164,1253240,60006,62081,0.04788069324311385,0.933940550590972,0.8760679820517548,0.9183325010872891,0.9500883245008832,0.004248957036088479,20.88519122801086,7.916515828890118,False,False,DeepLabv3plus,train
case_00418,31392,2785,1061,1218002,1253240,32453,34177,0.025895279435702658,0.9422782530391716,0.8908564617742211,0.918512449893203,0.9673065664191292,0.002281315249916652,25.014911064067338,5.470428553906136,False,False,DeepLabv3plus,train
case_00419,43049,29852,5258,1175081,1253240,48307,72901,0.03854568957262775,0.7103326513101446,0.5507874972811833,0.5905131616850249,0.8911544910675472,0.02477482150459818,74.30746890328139,29.127353419669003,False,False,DeepLabv3plus,train
case_00420,33976,12506,1394,1205364,1253240,35370,46482,0.028222846382177397,0.8301813028392708,0.7096666388169438,0.7309496149046943,0.9605880689850156,0.010268747895916641,45.0,19.078519787464472,False,False,DeepLabv3plus,train
case_00421,24107,2765,2624,1223744,1253240,26731,26872,0.021329513899971276,0.8994645822062198,0.8172972606455112,0.8971047930931825,0.9018368186749467,0.0022543658464797244,30.4138126514911,8.391557073979666,False,False,DeepLabv3plus,train
case_00422,46711,12951,168,1193410,1253240,46879,59662,0.03740624301809709,0.8768643057602238,0.7807287314056494,0.7829271563139016,0.996416305808571,0.010735592413879428,56.32051136131489,15.288245801295028,False,False,DeepLabv3plus,train
case_00423,182515,30173,12894,1027658,1253240,195409,212688,0.15592304746098112,0.8944687169962043,0.8090849447207668,0.8581349206349206,0.9340153217098496,0.028523459796508138,90.9362291801656,24.327623650659355,False,False,DeepLabv3plus,train
case_00424,58643,7443,701,1186453,1253240,59344,66086,0.04735246241741406,0.935071354540381,0.8780601015167623,0.887374027781981,0.9881875168509032,0.0062342113550929055,19.313207915827967,7.911237490454401,False,False,DeepLabv3plus,train
case_00425,29266,11359,2214,1210401,1253240,31480,40625,0.025118891832370496,0.8117606268636017,0.6831625388080954,0.7203938461538462,0.9296696315120712,0.009297243321110529,42.95346318982906,17.0835031321503,False,False,DeepLabv3plus,train
case_00426,98814,8106,9787,1136533,1253240,108601,106920,0.08665618716287384,0.9169779279049374,0.8466844319535246,0.9241863075196408,0.9098811244832,0.007081708730874974,42.976731594914526,13.707180826272724,False,False,DeepLabv3plus,train
case_00427,115060,0,122503,1015677,1253240,237563,115060,0.18955906290894003,0.6525949810420761,0.48433468174757854,1.0,0.48433468174757854,0.0,160.2404443328837,69.07276169402071,False,False,DeepLabv3plus,train
case_00428,106299,6752,13918,1126271,1253240,120217,113051,0.09592496249720724,0.9113894747672205,0.837204356969024,0.9402747432574678,0.884226024605505,0.0059592788495908735,60.970474948702396,15.263275071890833,False,False,DeepLabv3plus,train
case_00429,54766,22471,218,1175785,1253240,54984,77237,0.04387347993999553,0.8284009347985569,0.7070686204893164,0.7090643085567798,0.9960352102429798,0.01875308782096647,48.31355677951128,22.681241593375713,False,False,DeepLabv3plus,train
case_00430,88603,8683,15943,1140011,1253240,104546,97286,0.08342057387252243,0.8779876332791628,0.782511547395102,0.9107476923709475,0.8475025347693839,0.007559019199194912,75.69244826225268,20.046252428115753,False,False,DeepLabv3plus,train
case_00431,14945,9143,1972,1227180,1253240,16917,24088,0.013498611598736075,0.7289354956712596,0.5734842670759785,0.6204334108269678,0.8834308683572738,0.007395316596067533,104.0,25.324202521024414,False,False,DeepLabv3plus,train
case_00432,66851,36884,24303,1125202,1253240,91154,103735,0.07273467173087357,0.6860417981517685,0.522118433590028,0.6444401600231359,0.7333852601092656,0.03173947539166636,154.8087297882806,50.98609245121219,False,False,DeepLabv3plus,train
case_00433,11532,2209,7454,1232045,1253240,18986,13741,0.015149532411988126,0.7047392061600514,0.5440905874026893,0.8392402299687068,0.6073949225745287,0.0017897450605791029,109.0,25.5075842589943,False,False,DeepLabv3plus,train
case_00434,106392,31067,129,1115652,1253240,106521,137459,0.08499648910025215,0.8721370604147881,0.7732651103293892,0.7739907899810126,0.9987889711887796,0.027092077483672983,83.0,24.9886725043486,False,False,DeepLabv3plus,train
case_00435,75043,4618,13485,1412294,1505440,88528,79661,0.05880539908598151,0.8923651368401025,0.8056491958860283,0.9420293493679467,0.847675311765769,0.00325920028907935,64.70078447422082,14.968225860895355,False,False,DeepLabv3plus,train
case_00436,20255,7717,54,1477414,1505440,20309,27972,0.013490408119885217,0.8390464157743212,0.7227217583672304,0.7241169741169741,0.9973410803092225,0.005196174613552609,34.44196127210378,13.12764896684822,False,False,DeepLabv3plus,train
case_00437,49403,10107,3989,1441941,1505440,53392,59510,0.03546604315017536,0.8751483587536093,0.7780122521614513,0.8301629978154932,0.9252884327240036,0.0069605137020263795,26.72993482069309,12.169008502241349,False,False,DeepLabv3plus,train
case_00438,118399,2586,58868,1073387,1253240,177267,120985,0.14144696945517218,0.7939527647760953,0.6583098419264621,0.9786254494358805,0.6679133736115577,0.002403406033422772,142.18508932407173,35.47306417470169,False,False,DeepLabv3plus,train
case_00439,22930,5286,6467,1218557,1253240,29397,28216,0.023456799974466185,0.7960009025740719,0.6611308133667791,0.8126594839807202,0.7800115658060346,0.0043191814636354495,37.759736914880214,16.182238469185922,False,False,DeepLabv3plus,train
case_00440,60927,2384,9914,1180015,1253240,70841,63311,0.05652628387220325,0.9083278668972509,0.8320518948446569,0.9623446162594178,0.860052794285795,0.0020162398648848655,30.01666203960727,10.907119135697341,False,False,DeepLabv3plus,train
case_00441,12895,11380,691,1228274,1253240,13586,24275,0.010840700903258753,0.6811758801933387,0.5165024433229192,0.5312049433573636,0.9491388193728838,0.009179980865628636,193.9767992443796,48.49558601919535,False,False,DeepLabv3plus,train
case_00442,82111,8531,4548,1158050,1253240,86659,90642,0.06914796846573681,0.926232790565197,0.862601113562349,0.9058824827342733,0.9475184343230363,0.007312822684408541,31.232800919703337,11.036299254952775,False,False,DeepLabv3plus,train
case_00443,33470,830,11178,1207762,1253240,44648,34300,0.03562605725958316,0.8478998834675989,0.7359602445138309,0.975801749271137,0.7496416412829242,0.0006867495399605491,46.69047011971501,14.457882896012507,False,False,DeepLabv3plus,train
case_00444,33413,0,53548,1166279,1253240,86961,33413,0.0693889438575213,0.5551531061524914,0.38422971216982327,1.0,0.38422971216982327,0.0,105.02142614252415,39.04743090309835,False,False,DeepLabv3plus,train
case_00445,98758,1879,15008,1137595,1253240,113766,100637,0.09077750470779739,0.9212371095553701,0.8539755285572226,0.9813289346860499,0.8680800942285041,0.0016490064714069824,44.98606797749974,12.922808984635084,False,False,DeepLabv3plus,train
case_00446,121695,5387,10901,1115257,1253240,132596,127082,0.10580255976508889,0.9372761650967737,0.8819564728988354,0.9576100470562314,0.917787866903979,0.0048070573705833435,44.0,11.41371797990226,False,False,DeepLabv3plus,train
case_00447,49560,11064,12999,1179617,1253240,62559,60624,0.04991781302862979,0.8046564866905336,0.6731592029664643,0.8174980205859066,0.792212151728768,0.009292161376556777,110.16876724564545,26.958967368050303,False,False,DeepLabv3plus,train
case_00448,16559,6162,5748,1224771,1253240,22307,22721,0.017799463789856692,0.735497912410056,0.5816502160244477,0.7287971480128516,0.7423230376115121,0.005005958894594588,71.1949980125584,22.00857392093392,False,False,DeepLabv3plus,train
case_00449,39907,13951,2220,1197162,1253240,42127,53858,0.03361447129041524,0.8315257592332135,0.7116337957844431,0.7409669872628022,0.9473022052365466,0.011519156346269918,47.20801427066067,18.25229622143543,False,False,DeepLabv3plus,train
case_00450,120371,11786,1615,1119468,1253240,121986,132157,0.09733650378219655,0.9472698441428644,0.8998220853392339,0.9108181935122619,0.9867607758267342,0.010418526696922177,25.495097567963924,9.740267540017982,False,False,DeepLabv3plus,train
case_00451,61421,8363,4207,1179249,1253240,65628,69784,0.05236666560275765,0.9071721856260893,0.8301144733818978,0.880158775650579,0.9358962637898458,0.007041862157000771,34.48187929913333,8.793840643666597,False,False,DeepLabv3plus,train
case_00452,114261,8815,7225,1122939,1253240,121486,123076,0.09693753790175864,0.934413359393528,0.8769004075179776,0.9283775878319087,0.9405281266977265,0.00778879509151282,32.0,10.011070415113231,False,False,DeepLabv3plus,train
case_00453,124242,6611,3392,1118995,1253240,127634,130853,0.10184322236762312,0.961301728907063,0.9254869827554099,0.949477658135465,0.9734240092765251,0.005873280703905274,29.730454860396904,6.952374519129384,False,False,DeepLabv3plus,train
case_00454,31263,5690,11346,1204941,1253240,42609,36953,0.033999074399157385,0.7858776802996406,0.6472804819975568,0.8460206207885692,0.7337182285432655,0.004700028332332478,105.47837558054898,25.593932236372943,False,False,DeepLabv3plus,train
case_00455,4176,146,63978,1184940,1253240,68154,4322,0.05438224123072995,0.11523814780065125,0.0611420204978038,0.966219342896807,0.06127299938374857,0.00012319781011673413,215.08780388921147,82.87477627534606,False,False,DeepLabv3plus,train
case_00456,70186,5997,48484,1128573,1253240,118670,76183,0.09469056206313237,0.7203994806341191,0.5629877994978623,0.921281650761981,0.5914384427403725,0.00528570295354187,100.93659090815534,38.088225104840724,False,False,DeepLabv3plus,train
case_00457,30797,6287,17200,1198956,1253240,47997,37084,0.03829833072675625,0.7239454167205369,0.567331073612851,0.8304659691511164,0.6416442694335063,0.005216375452916964,70.73181587849592,22.829871030737507,False,False,DeepLabv3plus,train
case_00458,74040,3473,4251,1171476,1253240,78291,77513,0.06247087549072803,0.9504248928140484,0.9055329974071719,0.9551946125166101,0.9457025711767636,0.0029558729783165055,19.93613001839559,6.321365656171258,False,False,DeepLabv3plus,train
case_00459,59855,12770,9605,1171010,1253240,69460,72625,0.055424340110433755,0.8425238413625646,0.7278973610604402,0.8241652323580034,0.8617189749496112,0.010787477402895809,56.25209323963211,19.578498228640818,False,False,DeepLabv3plus,train
case_00460,148422,33241,32526,1039051,1253240,180948,181663,0.14438415626695605,0.8186293300534181,0.6929487508695591,0.8170183251405074,0.8202467007095962,0.030999951505746567,97.66928624575692,38.61237194417314,False,False,DeepLabv3plus,train
case_00461,61741,4307,3666,1183526,1253240,65407,66048,0.0521903226836041,0.9393480658780571,0.8856327280029836,0.9347898498062015,0.9439509532618833,0.0036259305811507173,17.204650534085253,7.767342876022271,False,False,DeepLabv3plus,train
case_00462,106855,11491,3914,1130980,1253240,110769,118346,0.08838610322045258,0.9327630229360802,0.873998036970391,0.9029033511905767,0.9646652041636198,0.01005802335464095,26.920247400614127,9.860214719515012,False,False,DeepLabv3plus,train
case_00463,153585,1862,28959,1068834,1253240,182544,155447,0.14565765535731384,0.9088111813628174,0.8328633558561002,0.988021640816484,0.8413587956876151,0.0017390557170289232,53.66795968739435,18.565543296187204,False,False,DeepLabv3plus,train
case_00464,14595,1387,14513,1222745,1253240,29108,15982,0.023226197695573075,0.6473719228210246,0.47860304968027545,0.9132148667250657,0.5014085474783565,0.0011330477432172348,41.988286973392334,15.068818678558335,False,False,DeepLabv3plus,train
case_00465,26947,67,26560,1199666,1253240,53507,27014,0.04269493472918196,0.6693160790352827,0.5029865233135477,0.997519804545791,0.5036163492627133,5.584575901471411e-05,96.7307160619635,34.61147856536211,False,False,DeepLabv3plus,train
case_00466,152734,14862,4075,1081569,1253240,156809,167596,0.12512288149117487,0.9416254373391285,0.88969016316093,0.9113224659299745,0.9740129711942555,0.013554888542917885,34.70013843480952,11.650556596877893,False,False,DeepLabv3plus,train
case_00467,82935,16600,14607,1139098,1253240,97542,99535,0.07783185981934825,0.8416507253510049,0.7265949431409998,0.8332244938966192,0.8502491234545119,0.014363614023732844,51.8647278560746,19.214327888160998,False,False,DeepLabv3plus,train
case_00468,65588,5491,8480,1173681,1253240,74068,71079,0.05910120966454949,0.9037458576477639,0.8243944745409068,0.9227479283614007,0.8855106118701733,0.004656657383316429,42.20189569201838,12.922147218129188,False,False,DeepLabv3plus,train
case_00469,148666,9236,2127,1093211,1253240,150793,157902,0.120322524017746,0.9631902039229661,0.9289941198157834,0.941508023964231,0.9858945707028841,0.008377727001842266,23.868348795377802,6.8512658025089745,False,False,DeepLabv3plus,train
case_00470,134866,8642,5679,1104053,1253240,140545,143508,0.1121453193322907,0.9495833524025445,0.9040063812530582,0.9397803606767567,0.9595930129140133,0.007766728528482648,35.13046987298245,10.18491080582456,False,False,DeepLabv3plus,train
case_00471,54477,16899,7514,1174350,1253240,61991,71376,0.04946458778845233,0.8169487204480869,0.6905437951578147,0.7632397444519166,0.8787888564469036,0.014185951048017668,39.81205847478876,19.251241187886336,False,False,DeepLabv3plus,train
case_00472,53344,9170,7487,1183239,1253240,60831,62514,0.048538986945836395,0.8649560176740038,0.7620462564820503,0.8533128579198259,0.876921306570663,0.007690314313293509,43.194898188717005,14.813487735834212,False,False,DeepLabv3plus,train
case_00473,14088,4667,22633,1211852,1253240,36721,18755,0.029300852191120615,0.5078953060783041,0.34038851841113366,0.7511596907491336,0.38364968274284467,0.0038363560289646115,60.67198379949958,26.747818786909285,False,False,DeepLabv3plus,train
case_00474,27318,2198,7123,1216601,1253240,34441,29516,0.027481567776323768,0.8542614569163657,0.7455989519364612,0.925531914893617,0.7931825440608578,0.0018034146729690457,29.98999443826301,10.314484700828782,False,False,DeepLabv3plus,train
case_00475,0,0,3917,1249323,1253240,3917,0,0.0031254987073505475,0.0,0.0,nan,0.0,0.0,nan,nan,True,False,DeepLabv3plus,train
case_00476,12615,0,29680,1210945,1253240,42295,12615,0.03374852382624238,0.4594791476962302,0.29826220593450764,1.0,0.29826220593450764,0.0,64.55384449796297,31.508684425324578,False,False,DeepLabv3plus,train
case_00477,25229,5222,2321,1220468,1253240,27550,30451,0.021983020012128564,0.8699505180945156,0.7698340046381057,0.8285113789366523,0.9157531760435572,0.004260457375029576,20.0,8.908627830015014,False,False,DeepLabv3plus,train
case_00478,94666,4031,30309,1124234,1253240,124975,98697,0.09972152181545434,0.8464716191566222,0.7338108305040075,0.9591578264790217,0.7574794958991798,0.0035727422192481377,71.52789692586026,17.176829323795396,False,False,DeepLabv3plus,train
case_00479,34627,3,26796,1191814,1253240,61423,34630,0.04901136254827487,0.720997782474259,0.5637189463744994,0.9999133699104822,0.5637464793318464,2.517164967440471e-06,108.39049413003045,30.67470639727739,False,False,DeepLabv3plus,train
case_00480,79974,2067,23394,1147805,1253240,103368,82041,0.08248061025821071,0.8626765690985875,0.7585147247119078,0.9748052802866859,0.7736823775249594,0.0017975913840844893,38.01315561749642,14.045148638497189,False,False,DeepLabv3plus,train
case_00481,59866,1339,86218,1105817,1253240,146084,61205,0.11656506335578182,0.5776090385886371,0.406083175623885,0.9781227023935953,0.40980531748856824,0.001209404998030991,150.59880462973592,61.37138648292349,False,False,DeepLabv3plus,train
case_00482,33060,1490,9412,1209278,1253240,42472,34550,0.0338897577479174,0.8584560255511412,0.7520131022246486,0.9568740955137482,0.7783951779996233,0.0012306238684867787,63.29600728002028,13.831981174569556,False,False,DeepLabv3plus,train
case_00483,75694,12999,6897,1157650,1253240,82591,88693,0.06590198206249402,0.8838420401205016,0.7918610733340308,0.8534382645755584,0.9164921117313024,0.011104096958183025,46.03856931514895,15.034121802142696,False,False,DeepLabv3plus,train
case_00484,93816,19243,24362,1115819,1253240,118178,113059,0.09429797963678146,0.81142723699062,0.6826904184949899,0.8297968317427185,0.7938533398771345,0.016953258940921288,51.9095275532022,21.983696509746853,False,False,DeepLabv3plus,train
case_00485,18,0,83982,1421440,1505440,84000,18,0.055797640556913594,0.0004284796115118189,0.00021428571428571427,1.0,0.00021428571428571427,0.0,273.7102463080505,174.64034234928022,False,False,DeepLabv3plus,train
case_00486,22842,3064,66061,1413473,1505440,88903,25906,0.05905449569561059,0.39791305559668666,0.24837169854404298,0.8817262410252451,0.2569317120907056,0.0021630215094981635,134.20729381853639,42.325761492823574,False,False,DeepLabv3plus,train
case_00487,81679,8801,34447,1380513,1505440,116126,90480,0.07713758103943033,0.790674036572026,0.6538138272751287,0.9027298850574713,0.703365310094208,0.00633478105021615,105.152270541344,29.054292827345986,False,False,DeepLabv3plus,train
case_00488,43995,4651,4258,1452536,1505440,48253,48646,0.03205242321181847,0.9080589066966636,0.8316006351126569,0.9043909057270896,0.9117567819617433,0.003191766053361717,30.077399108299755,9.82663429026579,False,False,DeepLabv3plus,train
case_00489,40124,11789,9590,1443937,1505440,49714,51913,0.03302290360293336,0.7896326763556929,0.652390940279336,0.7729085200238861,0.8070965925091523,0.00809836466477895,153.91745458520765,38.33430311426222,False,False,DeepLabv3plus,train
case_00490,32290,16404,9,1456737,1505440,32299,48694,0.021454857051758956,0.7973528576543651,0.6629981725971706,0.6631207130241918,0.9997213536022788,0.011135390298688312,34.666265460621304,18.134413276214865,False,False,DeepLabv3plus,train
case_00491,4350,46,27938,1473106,1505440,32288,4396,0.0214475502178765,0.2371606149820085,0.13453330859157542,0.9895359417652412,0.13472497522299307,3.122556260318012e-05,181.40885093663587,71.57467890748947,False,False,DeepLabv3plus,train
case_00492,15061,153,3656,1486570,1505440,18717,15214,0.012432909979806568,0.8877427720963131,0.798145204027557,0.989943473116866,0.8046695517444035,0.00010291089866774107,16.13845601275998,7.140101507608306,False,False,DeepLabv3plus,train
case_00493,91974,1355,21224,1138687,1253240,113198,93329,0.09032427946761992,0.8906728902274279,0.8028947299503286,0.9854814687824792,0.8125055212989629,0.001188552702444296,47.58673937563853,14.793470423741425,False,False,DeepLabv3plus,train
case_00494,101162,7801,29904,1114373,1253240,131066,108963,0.1045817241709489,0.8429148144599194,0.7284812086384814,0.9284068904123418,0.7718401416080448,0.006951684854576919,101.90387014890332,28.734030908819843,False,False,DeepLabv3plus,train
case_00495,6979,954,1209,1496298,1505440,8188,7933,0.00543894143904772,0.8658271819366045,0.7633996937212864,0.8797428463380814,0.8523448949682462,0.0006371672904761524,21.827664841695604,5.9838017485965445,False,False,DeepLabv3plus,train
case_00496,9959,1273,1931,1492277,1505440,11890,11232,0.007898023169305983,0.8614306720871897,0.7565904429081516,0.8866631054131054,0.8375946173254836,0.000852331692946336,17.804493814764857,7.152566975081653,False,False,DeepLabv3plus,train
case_00497,81401,2537,39064,1382438,1505440,120465,83938,0.08001979487724518,0.7964755898886025,0.66178598721972,0.969775310348114,0.6757232391150957,0.001831802018086969,174.25729559714316,35.188720371768206,False,False,DeepLabv3plus,train
case_00498,4047,0,29804,1471589,1505440,33851,4047,0.022485784886810502,0.21357327563459813,0.11955333668133881,1.0,0.11955333668133881,0.0,71.07812244950486,35.62219493022586,False,False,DeepLabv3plus,train
case_00499,194647,7166,23301,1028126,1253240,217948,201813,0.17390763141936103,0.9274182213211803,0.8646596835381185,0.964491881097848,0.8930891772349367,0.00692171870351553,77.02718019371936,14.724972569112015,False,False,DeepLabv3plus,train
case_00500,99759,5517,30864,1117100,1253240,130623,105276,0.10422824040088091,0.8457772182162705,0.732767739092111,0.9475948934230024,0.7637169564318688,0.00491440981207304,69.73518249863902,23.77453423357581,False,False,DeepLabv3plus,train
case_00501,130742,2438,17541,1102519,1253240,148283,133180,0.11831971529794771,0.9290173131104266,0.867443820038349,0.9816939480402462,0.8817059271797846,0.0022064207023440733,47.83042257570268,16.21127933202767,False,False,DeepLabv3plus,train
case_00502,55115,3800,32145,1162180,1253240,87260,58915,0.06962752545402318,0.7540961176671798,0.6052602679551944,0.9355002970381058,0.6316181526472611,0.003259061047359303,178.5980660514385,44.47941245507196,False,False,DeepLabv3plus,train
case_00503,25755,15237,6686,1205562,1253240,32441,40992,0.02588570425457215,0.7014557487777975,0.540186249423214,0.6282933255269321,0.7939027773496501,0.012481170118913924,58.38487146093626,28.851075201158892,False,False,DeepLabv3plus,train
case_00504,93685,5387,38618,1115550,1253240,132303,99072,0.10556876575915228,0.8098109130199892,0.6804052581886847,0.9456254037467701,0.7081094155083407,0.004805800861243763,85.46812107812167,31.635905211571362,False,False,DeepLabv3plus,train
case_00505,17447,137,11985,1223671,1253240,29432,17584,0.023484727586096838,0.7421728773183597,0.5900436267712807,0.9922088262056415,0.5927901603696657,0.00011194566467942684,46.350669200512186,18.834643490657,False,False,DeepLabv3plus,train
case_00506,51995,2727,4365,1194153,1253240,56360,54722,0.04497143404296065,0.9361552726814425,0.8799735982534229,0.9501662950915537,0.9225514549325763,0.0022784239021455786,17.0,6.788704537087296,False,False,DeepLabv3plus,train
case_00507,191036,18,65853,996333,1253240,256889,191054,0.20497989211962592,0.8529478080916545,0.7435998240608469,0.9999057857987794,0.7436519274861906,1.806592255139002e-05,89.00505474435727,35.02750971027035,False,False,DeepLabv3plus,train
case_00508,38700,12441,15720,1186379,1253240,54420,51141,0.04342344642686157,0.7332253389035723,0.5788127608022614,0.756731389687335,0.7111356119073869,0.010377704742997282,116.33459193120898,28.27395591206903,False,False,DeepLabv3plus,train
case_00509,64911,974,4696,1182659,1253240,69607,65885,0.0555416360792825,0.958152510849349,0.9196667658434989,0.9852166654018365,0.9325355208527878,0.0008228902032978128,17.0,5.443929379234696,False,False,DeepLabv3plus,train
case_00510,86323,2033,14041,1150843,1253240,100364,88356,0.08008362324853978,0.9148261975413311,0.8430227448069768,0.9769908099053828,0.860099238770874,0.0017634160135174988,33.54101966249684,11.80850476088589,False,False,DeepLabv3plus,train
case_00511,60995,5372,6309,1180564,1253240,67304,66367,0.05370399923398551,0.9126138055374763,0.8392729374208817,0.9190561574276372,0.9062611434684417,0.004529755399954129,26.40075756488817,9.2260699300374,False,False,DeepLabv3plus,train
case_00512,118106,1091,54571,1079472,1253240,172677,119197,0.13778446267275224,0.80929442156547,0.6796763500759634,0.9908470850776445,0.6839706504050916,0.001009658853764195,104.34366209762793,34.933819645563325,False,False,DeepLabv3plus,train
case_00513,52591,14066,5984,1432799,1505440,58575,66657,0.038908890424062065,0.8398971508879519,0.7239850772979447,0.788979402013292,0.8978403755868545,0.009721708659757475,89.16218249545402,20.840322132739118,False,False,DeepLabv3plus,train
case_00514,67970,35945,34712,1114613,1253240,102682,103915,0.08193322907024991,0.6579960018780524,0.49030852575616585,0.6540922869653082,0.6619465923920453,0.03124136288652984,106.04244433244644,43.27736767800705,False,False,DeepLabv3plus,train
case_00515,58854,630,17961,1427995,1505440,76815,59484,0.05102494951642045,0.8636013470384962,0.7599457679643618,0.9894089166834779,0.7661784807654755,0.000440983463120133,54.0,17.956697028510778,False,False,DeepLabv3plus,train
case_00516,34873,895,4835,1464837,1505440,39708,35768,0.02637634180040387,0.9240818273358419,0.8588774228505283,0.9749776336390069,0.8782361237030322,0.0006106164019070335,22.48996971246676,6.323760045692325,False,False,DeepLabv3plus,train
case_00517,94992,11550,8479,1390419,1505440,103471,106542,0.06873140078648103,0.9046297133986944,0.8258665808852297,0.8915920482063412,0.9180543340646171,0.008238413260207607,38.28837943815329,14.305380509014107,False,False,DeepLabv3plus,train
case_00518,2228,494,27152,1475566,1505440,29380,2722,0.019515889042406205,0.13880755093140615,0.07457990225614247,0.8185157972079353,0.07583390061266168,0.00033467474221915097,186.39535096660202,72.1489888774955,False,False,DeepLabv3plus,train
case_00519,18696,2267,5548,1478929,1505440,24244,20963,0.016104261876926346,0.8271285420399496,0.7052167025008487,0.891857081524591,0.7711598746081505,0.0015305199311907406,34.47970286994892,12.854262127443814,False,False,DeepLabv3plus,train
case_00520,19175,1386,13361,1471518,1505440,32536,20561,0.02161228610904453,0.7222630280430156,0.5652673781027062,0.9325908272943922,0.5893471846569953,0.0009409981913281517,58.14421522741866,19.855969740272933,False,False,DeepLabv3plus,train
case_00521,1705,284,136273,1367178,1505440,137978,1989,0.091652938675736,0.024362885537305222,0.012331660181394742,0.8572146807440925,0.012357042427053589,0.00020768401608234818,211.75641929480307,88.58565588101428,False,False,DeepLabv3plus,train
case_00522,16456,10696,97282,1381006,1505440,113738,27152,0.07555133382931237,0.23360068138263893,0.13224681357185336,0.6060695344725987,0.14468339517135873,0.007685553372776643,143.12949020215612,50.97549825432443,False,False,DeepLabv3plus,train
case_00523,111694,11948,16901,1364897,1505440,128595,123642,0.08542020937400362,0.8856274059713682,0.7947318614231943,0.9033661700716585,0.8685718729344065,0.008677810501545199,63.96831719549741,19.205093455332225,False,False,DeepLabv3plus,train
case_00524,1903,0,110110,1393427,1505440,112013,1903,0.0744054894250186,0.03341058323677095,0.0169890994795247,1.0,0.0169890994795247,0.0,262.0734603415416,155.64858332893945,False,False,DeepLabv3plus,train
case_00525,9135,2019,11375,1230711,1253240,20510,11154,0.01636558041556286,0.5769959575543203,0.40547738470415906,0.8189887036040883,0.4453924914675768,0.0016378282348932856,46.04345773288535,17.47191281416425,False,False,DeepLabv3plus,train
case_00526,28099,5,63960,1413376,1505440,92059,28104,0.06115089276224891,0.4676813994324376,0.30521159193604447,0.9998220893822943,0.305228168891689,3.537616537932801e-06,144.57384305832048,52.01098543427169,False,False,DeepLabv3plus,train
case_00527,69511,49,18017,1417863,1505440,87528,69560,0.05814114146030396,0.8849943980444083,0.7937129611656029,0.9992955721679125,0.794157298235993,3.4557856905082964e-05,37.94199458459815,15.769411732347523,False,False,DeepLabv3plus,train
case_00528,20792,6379,4767,1473502,1505440,25559,27171,0.016977760654692316,0.7886212782097478,0.6510113344605173,0.7652276324021935,0.8134903556477171,0.004310481721165418,62.05311206084649,17.696168982912326,False,False,DeepLabv3plus,train
case_00529,65060,10473,3413,1426494,1505440,68473,75533,0.045483712403018385,0.9035734622168521,0.8241076178653763,0.8613453722214132,0.9501555357586202,0.007288267580257584,32.0,9.909139542024306,False,False,DeepLabv3plus,train
case_00530,4095,1555,8405,1491385,1505440,12500,5650,0.008303220320969284,0.4512396694214876,0.2913553895410886,0.7247787610619469,0.3276,0.0010415689846879311,49.620982257200815,24.348522006749842,False,False,DeepLabv3plus,train
case_00531,6577,427,11055,1487381,1505440,17632,7004,0.011712190455946434,0.533934080207826,0.36419513815825905,0.9390348372358652,0.3730149727767695,0.0002869993977717555,62.995426591952786,19.666112677710785,False,False,DeepLabv3plus,train
case_00532,43026,315,6657,1455442,1505440,49683,43341,0.033002311616537355,0.9250515995872033,0.860554422176887,0.9927320550979442,0.8660105066119196,0.00021638226709540123,21.72646755955983,7.646744119168707,False,False,DeepLabv3plus,train
case_00533,40533,44,103427,1361436,1505440,143960,40577,0.09562652779253906,0.43929401691801645,0.28147134801811063,0.9989156418660817,0.2815573770491803,3.2317771836530835e-05,183.47251022973205,53.84205376342641,False,False,DeepLabv3plus,train
case_00534,12101,35,25306,1467998,1505440,37407,12136,0.024847885003719844,0.48850493510687687,0.32319320549115965,0.9971160184574819,0.32349560242735315,2.3841425908000705e-05,74.03242503263262,34.246379722649635,False,False,DeepLabv3plus,train
case_00535,49086,9661,3186,1443507,1505440,52272,58747,0.034722074609416516,0.8842810690062062,0.7925661602053833,0.8355490493131564,0.9390495867768595,0.006648233377008026,45.662698143157726,11.786605322178291,False,False,DeepLabv3plus,train
case_00536,13185,1803,1121,1237131,1253240,14306,14988,0.011415211771089336,0.9001843380897112,0.8184865603079025,0.8797037630104083,0.9216412693974556,0.0014552833322840442,14.644906774801287,5.7331333159853415,False,False,DeepLabv3plus,train
case_00537,117092,1959,25324,1361065,1505440,142416,119051,0.09460091401849294,0.8956541360860071,0.8110268398268399,0.983544867325768,0.8221829007976632,0.0014372454190094966,82.0365758496412,20.361419854071947,False,False,DeepLabv3plus,train
case_00538,79293,2527,10918,1412702,1505440,90211,81820,0.05992334466999681,0.9218454813376659,0.8550216739632082,0.9691151307748717,0.8789726308321602,0.001785576751183024,30.538491350438882,11.063344863510842,False,False,DeepLabv3plus,train
case_00539,38534,1093,25905,1439908,1505440,64439,39627,0.042804097141035176,0.7405684853842753,0.5880180675090032,0.9724177959472077,0.5979918993156318,0.000758500514572856,83.74424864799393,28.06134052200567,False,False,DeepLabv3plus,train
case_00540,4133,0,170140,1331167,1505440,174273,4133,0.11576216919970242,0.04633252244879656,0.0237156645033941,1.0,0.0237156645033941,0.0,205.73040503788383,129.13594439061768,False,False,DeepLabv3plus,train
case_00541,49675,7012,5899,1442854,1505440,55574,56687,0.036915453289403766,0.8849912258041528,0.7937078579874093,0.8763032088485896,0.8938532407240796,0.00483630901062581,69.51712861982821,17.06364029112938,False,False,DeepLabv3plus,train
case_00542,63564,10045,50091,1381740,1505440,113655,73609,0.07549620044638113,0.6788704716336296,0.513856103476152,0.863535708948634,0.5592714794773657,0.007217350380985569,151.88345464858122,34.48738528629298,False,False,DeepLabv3plus,train
case_00543,39163,7682,792,1205603,1253240,39955,46845,0.03188136350579299,0.902373271889401,0.8221130633751076,0.836012381257338,0.9801776999124014,0.0063315709004891675,39.07043819503805,10.104400590113666,False,False,DeepLabv3plus,train
case_00544,23374,1633,4163,1224070,1253240,27537,25007,0.021972646899237176,0.8896924482338612,0.801302708261913,0.9346982844803455,0.8488215855031412,0.0013322966493514335,30.103453162872775,7.887640204835255,False,False,DeepLabv3plus,train
case_00545,77168,7113,5910,1163049,1253240,83078,84281,0.06629057483004054,0.922185242502644,0.8556064352318967,0.9156037541082807,0.9288620332699391,0.006078645520876597,32.39437242462834,9.858371303225784,False,False,DeepLabv3plus,train
case_00546,0,0,9895,1243345,1253240,9895,0,0.007895534773866139,0.0,0.0,nan,0.0,0.0,nan,nan,True,False,DeepLabv3plus,train
case_00547,0,0,27100,1226140,1253240,27100,0,0.02162395071973445,0.0,0.0,nan,0.0,0.0,nan,nan,True,False,DeepLabv3plus,train
case_00548,11676,28,91802,1401934,1505440,103478,11704,0.06873605058986078,0.20274001146012396,0.11280505477943308,0.9976076555023924,0.11283557857708885,1.997201065364111e-05,168.14814384323344,70.48791516746918,False,False,DeepLabv3plus,train
case_00549,24194,34,33877,1447335,1505440,58071,24228,0.03857410458072059,0.5879536810896852,0.41638413217451165,0.9985966650156843,0.41662792099326684,2.3490899694549212e-05,99.02419963443236,31.44452452120286,False,False,DeepLabv3plus,train
case_00550,119881,8274,6187,1371098,1505440,126068,128155,0.08374163035391646,0.9431168698347514,0.8923568206517694,0.935437556084429,0.9509233112288606,0.005998381872330307,27.0,8.925114160222916,False,False,DeepLabv3plus,train
case_00551,14884,14,8787,1481755,1505440,23671,14898,0.015723642257413115,0.7718115585055355,0.6284146084019422,0.9990602765471875,0.6287862785687127,9.448166347116183e-06,38.8580293262109,16.38561143019234,False,False,DeepLabv3plus,train
case_00552,58496,2068,28313,1416563,1505440,86809,60564,0.05766354022744181,0.7938496196725316,0.658168029974009,0.965854302886203,0.6738471817438284,0.0014577434160116338,106.0,32.49329917877359,False,False,DeepLabv3plus,train
case_00553,8794,104,9304,1487238,1505440,18098,8898,0.01202173450951217,0.6515039265076308,0.48313372156905837,0.9883119802202742,0.4859100453088739,6.992339354365035e-05,49.24428900898052,19.92370383962089,False,False,DeepLabv3plus,train
case_00554,51289,0,32737,1421414,1505440,84026,51289,0.05581491125518121,0.7580682112108783,0.610394401732797,1.0,0.610394401732797,0.0,71.97182912632303,30.06353739047763,False,False,DeepLabv3plus,train
case_00555,4735,0,63760,1436945,1505440,68495,4735,0.045498326070783295,0.12931858527925713,0.06912913351339514,1.0,0.06912913351339514,0.0,183.7783693156826,97.11594142234547,False,False,DeepLabv3plus,train
case_00556,86236,7111,6968,1152925,1253240,93204,93347,0.07437043184066898,0.9245300212810438,0.8596520958979216,0.9238218689406195,0.9252392601175915,0.006129982172967046,26.92582403567252,10.129254102706515,False,False,DeepLabv3plus,train
case_00557,59268,22962,2240,1168770,1253240,61508,82230,0.04907918674794932,0.8246671026450904,0.7016455546347816,0.7207588471360817,0.9635819730766729,0.019267754830784103,86.96550964478581,23.006803008662892,False,False,DeepLabv3plus,train
case_00558,9571,5182,467,1238020,1253240,10038,14753,0.00800963901567138,0.7721350490097213,0.6288436268068331,0.6487494069002915,0.9534767882048216,0.004168268712566421,42.442900470310896,12.780992210536002,False,False,DeepLabv3plus,train
case_00559,96465,11456,0,1145319,1253240,96465,107921,0.076972487312885,0.9439491941718121,0.8938482779069875,0.8938482779069875,1.0,0.009903395215145555,25.31501432419473,9.109785132458661,False,False,DeepLabv3plus,train
case_00560,43164,32460,4499,1173117,1253240,47663,75624,0.03803182151862373,0.700219812307867,0.5387217153626299,0.5707711837511901,0.9056081237018232,0.026924866682094963,274.2831556730535,74.8702721207763,False,False,DeepLabv3plus,train
case_00561,142598,20265,7111,1083266,1253240,149709,162863,0.11945756598895663,0.9124169791280089,0.838940073187664,0.8755702645782037,0.9525011856334622,0.01836377954040258,65.84524769193077,17.057613512305338,False,False,DeepLabv3plus,train
case_00562,51440,4723,2356,1194721,1253240,53796,56163,0.04292553700807507,0.935621458907411,0.8790307421521215,0.9159054893791286,0.9562049222990557,0.003937657781438733,17.88854381999832,6.75434765070427,False,False,DeepLabv3plus,train
case_00563,5910,0,4192,1243138,1253240,10102,5910,0.008060706648367432,0.7381963527354484,0.5850326667986537,1.0,0.5850326667986537,0.0,22.80350850198276,11.731587122916919,False,False,DeepLabv3plus,train
case_00564,73572,5011,3228,1171429,1253240,76800,78583,0.0612811592352622,0.9469761814355496,0.899292271210473,0.9362330274995865,0.95796875,0.004259460745979395,16.1245154965971,7.150505179270455,False,False,DeepLabv3plus,train
case_00565,64557,6968,6729,1174986,1253240,71286,71525,0.05688136350579298,0.9040900210768078,0.824967413806323,0.902579517651171,0.9056055887551553,0.005895322491399835,35.046392914442954,12.477013125051553,False,False,DeepLabv3plus,train
case_00566,112562,6647,16560,1117471,1253240,129122,119209,0.10303054482780633,0.9065481152171899,0.8290699644248687,0.9442407871888867,0.8717491984324902,0.005913080299399173,54.91812087098393,16.73947023621888,False,False,DeepLabv3plus,train
case_00567,60688,3500,7482,1181570,1253240,68170,64188,0.05439500813890396,0.9170280602608079,0.8467699176782475,0.9454726740200661,0.8902449757958046,0.0029534120347321255,21.0,8.907056695150473,False,False,DeepLabv3plus,train
case_00568,32788,573,24290,1195589,1253240,57078,33361,0.04554434904726948,0.7250854166897025,0.5687325458361521,0.9828242558676299,0.5744419916605347,0.00047903210434707005,100.08771105356627,25.908092948843656,False,False,DeepLabv3plus,train
case_00569,59376,1048,71748,1121068,1253240,131124,60424,0.1046280042130797,0.6199594879612421,0.4492328178434162,0.9826558983185489,0.4528232817790793,0.0009339497877224814,174.34849907467205,49.606004126820814,False,False,DeepLabv3plus,train
case_00570,28310,3963,2718,1218249,1253240,31028,32273,0.02475822667645463,0.8944566436549186,0.8090651881912492,0.8772038546153131,0.9124017016887972,0.0032424816643921023,28.847664819720215,9.120064165717709,False,False,DeepLabv3plus,train
case_00571,69901,8229,11783,1163327,1253240,81684,78130,0.06517825795537965,0.8747794310886405,0.7774292927607799,0.894675540765391,0.8557489838891338,0.0070239920242822365,41.060285270203885,16.620105602587966,False,False,DeepLabv3plus,train
case_00572,135248,12591,3540,1101861,1253240,138788,147839,0.1107433532284319,0.9437212823634898,0.8934396448648756,0.9148330278208051,0.974493472058103,0.011297929385922409,42.0029757688,10.697209398752788,False,False,DeepLabv3plus,train
case_00573,57088,922,41006,1406424,1505440,98094,58010,0.06515968753321288,0.7314098293445396,0.576553284317686,0.9841061885881744,0.5819723938263298,0.000655133847682091,135.94279924676013,30.000739524313083,False,False,DeepLabv3plus,train
case_00574,64752,3283,3930,1433475,1505440,68682,68035,0.04562254224678499,0.9472413818325446,0.899770721878691,0.9517454251488204,0.9427797676247052,0.002285005547211152,17.69180601295413,6.665941208103807,False,False,DeepLabv3plus,train
case_00575,30181,2794,8238,1464227,1505440,38419,32975,0.025520113720905516,0.8454772109701095,0.7323174726421274,0.9152691432903715,0.785574845779432,0.0019045398804788752,40.80441152620633,14.161055576424014,False,False,DeepLabv3plus,train
case_00576,75405,3230,29487,1397318,1505440,104892,78635,0.06967531087256881,0.8217319522468084,0.6974066332476276,0.9589241431932346,0.7188822789154559,0.0023062401288638447,112.64101800023029,27.32517324455937,False,False,DeepLabv3plus,train
case_00577,0,0,23565,1481875,1505440,23565,0,0.015653230949091296,0.0,0.0,nan,0.0,0.0,nan,nan,True,False,DeepLabv3plus,train
case_00578,15914,3683,2041,1483802,1505440,17955,19597,0.01192674566904028,0.8475713677034512,0.7354653849708845,0.8120630708781956,0.8863269284321916,0.0024759913545346676,27.294688127912362,9.6076968400453,False,False,DeepLabv3plus,train
case_00579,12918,1940,13066,1225316,1253240,25984,14858,0.020733458874597044,0.6325841045982077,0.4626128061882252,0.8694306097725131,0.4971520935960591,0.0015807622859452307,56.0,20.80841446779644,False,False,DeepLabv3plus,train
case_00580,55011,3793,11086,1183350,1253240,66097,58804,0.05274089559860841,0.8808736519323304,0.7871083130633854,0.9354975851982859,0.8322768053012997,0.0031950658008344404,46.564976895197844,13.925740896093995,False,False,DeepLabv3plus,train
case_00581,83829,3702,32618,1133091,1253240,116447,87531,0.09291675975870543,0.8219415819353068,0.6977086783909978,0.9577064125852555,0.7198897352443601,0.003256529552873742,61.98541557520983,23.476285290968853,False,False,DeepLabv3plus,train
case_00582,101941,7094,12917,1131288,1253240,114858,109035,0.09164884619067377,0.9106224848476727,0.8359108501705589,0.9349383225569771,0.8875393964721656,0.006231651589712416,34.780666168191,12.890268772685406,False,False,DeepLabv3plus,train
case_00583,60929,2842,12673,1176796,1253240,73602,63771,0.05872937346398136,0.8870593202448808,0.797040971168437,0.9554342883128695,0.8278171788810087,0.0024092136740254213,30.01666203960727,10.875779799177062,False,False,DeepLabv3plus,train
case_00584,93625,389,13689,1145537,1253240,107314,94014,0.08562924898662666,0.9300743066041485,0.8692886920512892,0.9958623183781139,0.872439756229383,0.0003394634557554327,36.235341863986875,12.044970476815697,False,False,DeepLabv3plus,train
case_00585,109525,1241,20255,1122219,1253240,129780,110766,0.10355558392646261,0.9106366349887339,0.8359346974912418,0.988796201000307,0.8439281861611959,0.0011046232175600378,54.30970693689258,16.433292892711545,False,False,DeepLabv3plus,train
case_00586,31632,22403,720,1198485,1253240,32352,54035,0.0258146883278542,0.7323324111266741,0.5777006666057894,0.5853983529194041,0.9777448071216617,0.018349758536409563,57.69054537539035,25.242902443780668,False,False,DeepLabv3plus,train
case_00587,18311,13008,501,1221420,1253240,18812,31319,0.015010692285595735,0.7305260218228242,0.5754556882463859,0.5846610683610588,0.9733680629385498,0.010537674129232325,49.008162415497104,20.234709641794673,False,False,DeepLabv3plus,train
case_00588,19734,16729,23949,1192828,1253240,43683,36463,0.034856053110338,0.49245127642053255,0.32665695557174074,0.5412061541836931,0.45175468717807843,0.01383068346510334,152.40865953889423,47.41692312393784,False,False,DeepLabv3plus,train
case_00589,7599,0,41229,1204412,1253240,48828,7599,0.038961412020044044,0.2693391461534372,0.15562791840747112,1.0,0.15562791840747112,0.0,101.68086904383513,52.81922871282727,False,False,DeepLabv3plus,train
case_00590,41956,4713,17617,1188954,1253240,59573,46669,0.047535188790654624,0.7898194687600008,0.6526459882400523,0.8990121922475305,0.7042787840128918,0.003948337350366559,59.30409909964894,23.97318259870594,False,False,DeepLabv3plus,train
case_00591,38128,1108,11615,1454589,1505440,49743,39236,0.03304216707407801,0.8570112048910417,0.7497984307093273,0.9717606279946988,0.7664998090183543,0.0007611474091105498,65.79800601300661,17.268189560333493,False,False,DeepLabv3plus,train
case_00592,15685,958,4319,1484478,1505440,20004,16643,0.013287809544053565,0.8560045842770213,0.7482587539356932,0.9424382623325122,0.7840931813637273,0.0006449284923753027,20.856941098690847,8.202002030211297,False,False,DeepLabv3plus,train
case_00593,6457,0,68701,1430282,1505440,75158,6457,0.04992427463067276,0.15823071739263617,0.0859123446605817,1.0,0.0859123446605817,0.0,142.1920868285028,65.4751726551944,False,False,DeepLabv3plus,train
case_00594,105368,11969,6492,1381611,1505440,111860,117337,0.07430385800828994,0.9194535705092126,0.8509153752352033,0.8979946649394479,0.9419631682460218,0.008588670905150763,36.0,12.041975042197947,False,False,DeepLabv3plus,train
case_00595,36747,3539,1235,1463919,1505440,37982,40286,0.02522983313848443,0.9390044462615629,0.8850220370414971,0.9121531052971256,0.9674845979674582,0.002411653348852233,16.278820596099706,6.203599566500258,False,False,DeepLabv3plus,train
case_00596,126605,11053,9929,1357853,1505440,136534,137658,0.09069375066425762,0.9234769796347085,0.8578330069721588,0.9197068096296619,0.927278187118227,0.008074330889045704,30.96606712688828,12.48888268800311,False,False,DeepLabv3plus,train
case_00597,58421,8777,11462,1426780,1505440,69883,67198,0.04642031565522372,0.8523573653533313,0.7427027714213069,0.8693859936307629,0.8359830001574059,0.006114003136064956,53.85906566777775,19.069843166976465,False,False,DeepLabv3plus,train
case_00598,36716,4328,12768,1451628,1505440,49484,41044,0.03287012434902753,0.8111523506539413,0.6823013454248124,0.8945521878959166,0.7419772047530515,0.002972617304369088,64.33658503456232,20.85158661042707,False,False,DeepLabv3plus,train
case_00599,48793,2518,3048,1451081,1505440,51841,51311,0.03443577957274949,0.94604079416783,0.8976066520723339,0.9509267018767905,0.9412048378696398,0.001732252154823992,19.0,6.357341363412038,False,False,DeepLabv3plus,train
case_00600,47758,683,13615,1443384,1505440,61373,48441,0.04076748326070783,0.8697980221101135,0.7695952043315715,0.98590037365042,0.7781597771006794,0.00047296974447861494,71.16881339463234,17.401272548077966,False,False,DeepLabv3plus,train
case_00001,115973,1599,25081,1362787,1505440,141054,117572,0.09369619513232012,0.8968394515632613,0.812972738042663,0.9863998230871296,0.8221886653338438,0.0011719557368662535,41.41315855640025,14.10647406677153,False,False,DeepLabv3plus,internal_val
case_00002,12802,335,4731,1487572,1505440,17533,13137,0.011646428951004357,0.834822301923704,0.7164763823595254,0.9744995052142803,0.7301659727371242,0.00022514848038217443,46.38428527907838,10.638783469243842,False,False,DeepLabv3plus,internal_val
case_00003,56467,7554,7873,1433546,1505440,64340,64021,0.042738335636093104,0.8798155202904309,0.7854202019640025,0.8820074663001203,0.877634442026733,0.0052418291582818684,69.87467948507225,14.1157289901798,False,False,DeepLabv3plus,internal_val
case_00004,44293,23271,9959,1427917,1505440,54252,67564,0.03603730470825805,0.7272115321468444,0.5713530178140681,0.6555710141495471,0.8164307306643073,0.016035827198130084,434.45134295838733,73.66378813357683,False,False,DeepLabv3plus,internal_val
case_00005,48202,588,37946,1418704,1505440,86148,48790,0.05722446593686895,0.7144318131289926,0.5557323372071573,0.987948350071736,0.5595254677996007,0.00041429106906823963,174.7478103639892,34.25399230382613,False,False,DeepLabv3plus,internal_val
case_00006,50897,5149,4164,1445230,1505440,55061,56046,0.036574689127431184,0.9161798986562503,0.8453246968942036,0.9081290368625772,0.9243747843301066,0.0035501065583547473,26.0,8.367197453823433,False,False,DeepLabv3plus,internal_val
case_00007,32870,2705,6566,1463299,1505440,39436,35575,0.02619566372621958,0.876404793963552,0.7800004745971857,0.9239634574841883,0.8335023836088853,0.0018451518549744749,34.058772731852805,10.54336641682275,False,False,DeepLabv3plus,internal_val
case_00008,43841,954,4937,1455708,1505440,48778,44795,0.03240115846529918,0.9370438053712075,0.8815450816375774,0.9787029802433307,0.8987863381032433,0.0006549220066151242,22.983578404875402,5.98755182992125,False,False,DeepLabv3plus,internal_val
case_00009,19502,422,10071,1475445,1505440,29573,19924,0.019644090764161973,0.7880073539810494,0.6501750291715286,0.9788195141537844,0.6594528793155919,0.0002859336241002746,41.063966023207925,16.85599919606066,False,False,DeepLabv3plus,internal_val
case_00010,35644,1499,1770,1466527,1505440,37414,37143,0.024852534807099584,0.9561543517040654,0.9159920849073574,0.9596424629136042,0.9526915058534239,0.0010210990813514203,9.129256831757386,4.2001517528424115,False,False,DeepLabv3plus,internal_val
case_00011,18,0,10354,1495068,1505440,10372,18,0.0068896800935274735,0.0034648700673724736,0.0017354415734670266,1.0,0.0017354415734670266,0.0,72.85183390850725,52.55522758931215,False,False,DeepLabv3plus,internal_val
case_00012,45777,17062,3201,1439400,1505440,48978,62839,0.03253400999043469,0.8187842635735174,0.6931708055723804,0.7284807205716195,0.9346441259340929,0.011714689432336717,93.22552123367447,22.593683981001686,False,False,DeepLabv3plus,internal_val
case_00013,36202,2541,4990,1461707,1505440,41192,38743,0.027362100116909344,0.9057859510852567,0.827795943566643,0.934413958650595,0.8788599728102544,0.001735361769317766,23.600847442411894,7.660990660268888,False,False,DeepLabv3plus,internal_val
case_00014,8563,0,13026,1483851,1505440,21589,8563,0.01434065788075247,0.5679888564605996,0.39663717633980267,1.0,0.39663717633980267,0.0,54.30768322687862,27.594594778477173,False,False,DeepLabv3plus,internal_val
case_00015,95262,16600,4518,1389060,1505440,99780,111862,0.06627962589010522,0.9002182931554228,0.8185427049321189,0.8516028678192773,0.9547203848466627,0.011809399143462858,33.24154027718932,14.362730662465136,False,False,DeepLabv3plus,internal_val
case_00016,75983,23787,11735,1393935,1505440,87718,99770,0.0582673504091827,0.8105372077146271,0.681431325949509,0.7615816377668638,0.8662190200414966,0.01677832466449699,121.74915720381001,28.003284332303718,False,False,DeepLabv3plus,internal_val
case_00017,38290,1835,9776,1455539,1505440,48066,40125,0.03192820703581677,0.8683425746391356,0.7673192921985531,0.9542679127725857,0.7966129904714351,0.0012591139954466046,37.64306044943742,11.664187528877386,False,False,DeepLabv3plus,internal_val
case_00018,18801,408,1948,1484283,1505440,20749,19209,0.013782681475183335,0.9410380899944942,0.8886420570024105,0.9787599562704982,0.9061159573955372,0.0002748046563224267,13.0,3.814184107519368,False,False,DeepLabv3plus,internal_val
case_00019,25454,10666,370,1468950,1505440,25824,36120,0.017153788925496866,0.8218390804597702,0.697560975609756,0.7047065337763012,0.9856722428748451,0.00720862710324841,54.28850311030493,15.574401639805311,False,False,DeepLabv3plus,internal_val
case_00020,69544,3269,11902,1420725,1505440,81446,72813,0.05410112658093315,0.9016524157423554,0.8209171929410376,0.9551041709584827,0.853866365444589,0.0022956557401225004,39.32237276356632,12.54965326351486,False,False,DeepLabv3plus,internal_val
case_00021,6608,3488,11348,1483996,1505440,17956,10096,0.011927409926665957,0.4711250534721232,0.30815146427905243,0.6545166402535658,0.36801069280463355,0.0023448991720247075,122.95077257811107,43.94106927455869,False,False,DeepLabv3plus,internal_val
case_00022,59210,4,20892,1425334,1505440,80102,59214,0.05320836433202253,0.8500100490970168,0.7391456320375502,0.9999324484074712,0.7391825422586202,2.8063518968834057e-06,41.63766192535228,17.073637641831386,False,False,DeepLabv3plus,internal_val
case_00023,52176,7783,8276,1437205,1505440,60452,59959,0.04015570198745882,0.8666317861324963,0.7646515717740162,0.8701946329992162,0.8630979951035532,0.005386203899271136,47.07440918375928,12.883017316218215,False,False,DeepLabv3plus,internal_val
case_00024,55196,57854,70,1392320,1505440,55266,113050,0.03671086194069508,0.6558615936690511,0.48794200848656294,0.48824413976116765,0.9987333984728405,0.03989452300206734,180.9184880289444,60.71977282827149,False,False,DeepLabv3plus,internal_val
case_00025,30539,22060,2586,1450255,1505440,33125,52599,0.022003533850568604,0.712495917129392,0.5533931321917188,0.5806003916424267,0.9219320754716981,0.014983206718670936,93.6442732317911,30.907770604670965,False,False,DeepLabv3plus,internal_val
case_00026,25858,261,3238,1476083,1505440,29096,26119,0.019327239876713784,0.9366295390745268,0.8808120720782097,0.9900072743979479,0.8887132251855925,0.0001767880656540752,13.601470508735444,4.9993562474504385,False,False,DeepLabv3plus,internal_val
case_00027,12428,641,7829,1484542,1505440,20257,13069,0.013455866723349984,0.7458440856988537,0.594698057230357,0.9509526360088759,0.6135163153477811,0.00043159664499256995,54.18097158914174,17.12066824838946,False,False,DeepLabv3plus,internal_val
case_00028,31821,278,13061,1460280,1505440,44882,32099,0.029813210755659476,0.8267234772216521,0.7046279893711249,0.991339294059005,0.7089924691413039,0.00019033821320344691,41.660519311913696,16.795357818967286,False,False,DeepLabv3plus,internal_val
case_00029,17918,7984,2542,1476996,1505440,20460,25902,0.013590711021362525,0.7729606142961909,0.629939530305161,0.6917612539572234,0.8757575757575757,0.005376503387251007,290.1643456790476,74.90565094229106,False,False,DeepLabv3plus,internal_val
case_00030,40932,384,23128,1440996,1505440,64060,41316,0.04255234350090339,0.7768751897965381,0.6351561045248588,0.99070577984316,0.6389634717452388,0.0002664113557840403,92.27242665959854,24.366724819930425,False,False,DeepLabv3plus,internal_val
case_00031,23767,1464,4950,1475259,1505440,28717,25231,0.019075486236581996,0.8811077333728776,0.7874821907822802,0.94197614046213,0.8276282341470209,0.0009913843015921062,37.35889146132053,10.672619207976634,False,False,DeepLabv3plus,internal_val
case_00032,32690,177,18150,1454423,1505440,50840,32867,0.03377085768944627,0.781057737106813,0.6407668032224553,0.9946146590805367,0.6429976396538158,0.00012168293688986664,52.172789842982326,21.205986167549973,False,False,DeepLabv3plus,internal_val
case_00033,27437,1763,1778,1474462,1505440,29215,29200,0.019406286534169412,0.9393820080458787,0.8856930725030667,0.9396232876712329,0.9391408523018997,0.0011942623922505038,12.649110640673518,4.685164266958425,False,False,DeepLabv3plus,internal_val
case_00034,9939,0,59516,1435985,1505440,69455,9939,0.046136013391433736,0.2503715646018591,0.1430998488229789,1.0,0.1430998488229789,0.0,219.07576307104873,56.28060116425377,False,False,DeepLabv3plus,internal_val
case_00035,49859,294,8819,1446468,1505440,58678,50153,0.03897730895950686,0.9162646672363572,0.8454690361527505,0.9941379379099954,0.8497051705920448,0.00020321241503440095,18.019429464123956,8.655861503109481,False,False,DeepLabv3plus,internal_val
case_00036,20916,2782,2377,1479365,1505440,23293,23698,0.015472552874907003,0.8902130195143751,0.8021476510067114,0.8826061270993333,0.8979521744730177,0.0018770068016195425,26.034564329364773,8.466242330663917,False,False,DeepLabv3plus,internal_val
case_00037,45206,1418,9179,1449637,1505440,54385,46624,0.03612565097247317,0.8950885564652654,0.81009981542211,0.9695864790665751,0.8312218442585272,0.0009772200226731585,50.42600408295455,12.36405318346391,False,False,DeepLabv3plus,internal_val
case_00038,32129,3441,1731,1468139,1505440,33860,35570,0.0224917632054416,0.9255077056027654,0.8613441998874025,0.9032611751475963,0.9488777318369758,0.0023383030484241426,17.61222588158682,6.50057634349695,False,False,DeepLabv3plus,internal_val
case_00039,21079,866,11464,1472031,1505440,32543,21945,0.021616935912424275,0.7737116429305535,0.6309377712592416,0.9605377079061289,0.6477276219156194,0.0005879569311363931,72.68698429964921,18.48383238468406,False,False,DeepLabv3plus,internal_val
case_00040,56071,827,12604,1435938,1505440,68675,56898,0.04561789244340525,0.8930422941237368,0.8067537624816552,0.9854652184611058,0.8164688751365126,0.0005755986539204394,26.92582403567252,11.98846789992414,False,False,DeepLabv3plus,internal_val
case_00041,25131,1310,3265,1475734,1505440,28396,26441,0.018862259538739504,0.9165709283877674,0.8459907089476874,0.9504557316289096,0.8850190167629244,0.0008869065511927877,33.37630600057772,7.571582702200542,False,False,DeepLabv3plus,internal_val
case_00042,42877,4540,13172,1444851,1505440,56049,47417,0.03723097566160059,0.8288133299827963,0.70766970902309,0.9042537486555455,0.7649913468572143,0.003132350069787932,52.34206278177272,17.924837264738944,False,False,DeepLabv3plus,internal_val
case_00043,47639,1079,29472,1427250,1505440,77111,48718,0.051221569773621,0.757202234778946,0.6092722854584985,0.9778521285767068,0.6177977201696256,0.0007554281961648892,96.00208310732624,28.26455355964654,False,False,DeepLabv3plus,internal_val
case_00044,88064,1286,28146,1387944,1505440,116210,89350,0.07719337867998724,0.8568203930725822,0.7495063661741677,0.9856071628427532,0.757800533516909,0.0009256926498851882,99.90311617380625,23.17284640092619,False,False,DeepLabv3plus,internal_val
case_00045,22297,0,7990,1475153,1505440,30287,22297,0.020118370708895737,0.8480526395861859,0.7361904447452703,1.0,0.7361904447452703,0.0,23.14621159777119,11.528042682245205,False,False,DeepLabv3plus,internal_val
case_00046,0,0,37260,1468180,1505440,37260,0,0.024750239132745246,0.0,0.0,nan,0.0,0.0,nan,nan,True,False,DeepLabv3plus,internal_val
case_00047,20397,878,6319,1477846,1505440,26716,21275,0.017746306727601233,0.8500343814465212,0.7391824309632529,0.9587309048178614,0.7634750711184309,0.0005937551564727427,24.041630560342615,9.891721175061841,False,False,DeepLabv3plus,internal_val
case_00048,21553,1211,4526,1478150,1505440,26079,22764,0.017323174620044637,0.8825420223982966,0.7897764748992305,0.9468019680196802,0.8264504007055485,0.0008185966778899809,30.0,8.678640796504308,False,False,DeepLabv3plus,internal_val
case_00049,53883,28098,8047,1415412,1505440,61930,81981,0.041137474758210224,0.7488378233769483,0.598513795708002,0.6572620485234384,0.8700629743258518,0.019465053931043082,97.99591465228163,32.78932080377232,False,False,DeepLabv3plus,internal_val
case_00050,3622,259,14992,1234367,1253240,18614,3881,0.014852701796942326,0.3220271171371416,0.1919143750331161,0.9332646225199691,0.19458472117760825,0.00020978012774718822,60.948287590894665,28.295096940262415,False,False,DeepLabv3plus,internal_val
case_00051,26829,6405,3459,1468747,1505440,30288,33234,0.020119034966521416,0.8447152167752905,0.7311748834927643,0.8072756815309623,0.8857963549920761,0.004341925442259509,31.304951684997057,12.960606810652632,False,False,DeepLabv3plus,internal_val
case_00052,43706,11559,2574,1447601,1505440,46280,55265,0.03074184291635668,0.8608203259638584,0.7556493023738308,0.7908441147199855,0.9443820224719102,0.007921680967131774,38.61346698144675,14.840432907105361,False,False,DeepLabv3plus,internal_val
case_00053,38967,1609,3478,1461386,1505440,42445,40576,0.028194414921883303,0.9387263463461052,0.8845280791755573,0.9603460173501577,0.9180586641536106,0.0010997987006107334,13.038404810405298,5.377415797200076,False,False,DeepLabv3plus,internal_val
case_00054,30630,3165,7398,1464247,1505440,38028,33795,0.025260388989265598,0.8529301198780335,0.7435729371495157,0.906347092765202,0.805459135373935,0.0021568584691961084,27.66205563349431,12.214868132092976,False,False,DeepLabv3plus,internal_val
case_00055,36396,9803,4747,1202294,1253240,41143,46199,0.032829306437713444,0.8334134780517964,0.7144034860440467,0.7878092599406914,0.884621928396082,0.008087636550540097,61.56295657702447,15.10360269454932,False,False,DeepLabv3plus,internal_val
case_00056,26164,678,6030,1472568,1505440,32194,26842,0.021385110001062812,0.8863744156108138,0.7959357507909467,0.9747410774159899,0.8126980182642728,0.00046020827478913907,39.66589473521484,9.013977525311526,False,False,DeepLabv3plus,internal_val
case_00057,104102,2418,16025,1382895,1505440,120127,106520,0.07979527579976618,0.9186267632044545,0.8495001836060223,0.9773000375516335,0.866599515512749,0.001745453915468923,45.978791437440904,16.185441391680875,False,False,DeepLabv3plus,internal_val
case_00058,20758,5205,2547,1224730,1253240,23305,25963,0.01859579968721075,0.8426564910286596,0.7280954051210101,0.7995223972576359,0.890710148036902,0.004231930955700911,34.539832078341085,10.868400925401124,False,False,DeepLabv3plus,internal_val
case_00059,21224,8706,3775,1219535,1253240,24999,29930,0.01994749609013437,0.7727794061424749,0.6296988577362409,0.7091212829936518,0.8489939597583903,0.007088185461973668,121.00297445679833,23.921304488569707,False,False,DeepLabv3plus,internal_val
case_00060,1265,0,39255,1212720,1253240,40520,1265,0.032332194950687815,0.060548043556300106,0.031219151036525172,1.0,0.031219151036525172,0.0,255.03868483806866,99.46363006755264,False,False,DeepLabv3plus,internal_val
case_00061,32322,5570,5043,1210305,1253240,37365,37892,0.029814720245124635,0.8589765736077707,0.7528123908233376,0.8530032724585664,0.865034122842232,0.0045810630204585175,39.51068598494877,12.413327593311347,False,False,DeepLabv3plus,internal_val
case_00062,28499,3284,6389,1467268,1505440,34888,31783,0.023174620044638113,0.8549144305620134,0.7465943623598449,0.8966743227511563,0.8168711304746618,0.0022331750254326265,27.79566534006381,11.079322337513,False,False,DeepLabv3plus,internal_val
case_00063,58131,44864,6757,1395688,1505440,64888,102995,0.04310234881496439,0.6925180036096568,0.5296577738902253,0.564406039128113,0.8958667242017014,0.031143617168974114,197.423906336584,41.97593155605313,False,False,DeepLabv3plus,internal_val
case_00064,36659,2506,3419,1210656,1253240,40078,39165,0.03197950911238071,0.9252299887687241,0.8608632350178471,0.9360142984807864,0.9146913518638654,0.002065676307038961,17.72004514666935,6.4771645827639155,False,False,DeepLabv3plus,internal_val
case_00065,4732,280,3214,1245014,1253240,7946,5012,0.006340365771919185,0.7303596233986727,0.5752492098225139,0.9441340782122905,0.5955197583689907,0.00022484650211114805,29.202680619179457,10.973172096573695,False,False,DeepLabv3plus,internal_val
case_00066,26575,1199,15059,1462607,1505440,41634,27774,0.027655701987458817,0.7657618718303366,0.6204328438353606,0.95683012889753,0.6383004275351876,0.0008190976126617872,61.22010133981254,22.290948484864085,False,False,DeepLabv3plus,internal_val
case_00067,0,0,58157,1195083,1253240,58157,0,0.046405317417254476,0.0,0.0,nan,0.0,0.0,nan,nan,True,False,DeepLabv3plus,internal_val
case_00068,13996,6649,4331,1228264,1253240,18327,20645,0.014623695381570968,0.7182592630606589,0.5603779628443306,0.6779365463792686,0.7636819992360997,0.005384184958778473,40.80441152620633,13.277850076078483,False,False,DeepLabv3plus,internal_val
case_00069,0,0,11658,1241582,1253240,11658,0,0.009302288468290192,0.0,0.0,nan,0.0,0.0,nan,nan,True,False,DeepLabv3plus,internal_val
case_00070,24465,10547,4202,1214026,1253240,28667,35012,0.022874309789026843,0.7683851819281081,0.6238843270260621,0.6987604249971439,0.8534203090661736,0.008612798093702866,75.22798235598012,19.55393737672717,False,False,DeepLabv3plus,internal_val
case_00071,71483,4005,6081,1423871,1505440,77564,75488,0.05152247847805293,0.9341008284765961,0.8763500839779819,0.9469452098346757,0.9216002269093909,0.0028048654084808487,18.681541692269406,8.333215523703212,False,False,DeepLabv3plus,internal_val
case_00072,81810,16018,3446,1404166,1505440,85256,97828,0.05663194813476459,0.8936881431474077,0.8078085194620535,0.8362636463998038,0.9595805573801257,0.011278820209212328,125.0866043986509,21.64568393011532,False,False,DeepLabv3plus,internal_val
case_00073,20727,6619,620,1477474,1505440,21347,27346,0.014179907535338506,0.8513338672909864,0.7411499678180647,0.7579536312440577,0.9709561062444372,0.0044599630885665525,41.84731675982681,12.562722163672685,False,False,DeepLabv3plus,internal_val
case_00074,0,0,13815,1491625,1505440,13815,0,0.009176719098735254,0.0,0.0,nan,0.0,0.0,nan,nan,True,False,DeepLabv3plus,internal_val
case_00075,62136,3781,76885,1362638,1505440,139021,65917,0.09234575937931767,0.6063882735266276,0.435119956303133,0.9426399866498779,0.4469540573006956,0.0027670868159766515,211.7082151198225,60.74419914547046,False,False,DeepLabv3plus,internal_val
case_00076,19399,3212,3173,1479656,1505440,22572,22611,0.014993623126793495,0.8586857889029059,0.7523658082531802,0.857945247888196,0.8594276094276094,0.0021660727724922245,28.647860932617977,10.166589951376318,False,False,DeepLabv3plus,internal_val
case_00077,29823,1642,9031,1464944,1505440,38854,31465,0.025809065788075247,0.848220253416573,0.7364431054919004,0.947815032575878,0.7675657589952128,0.0011196070329322657,29.4482315753928,13.896790358822223,False,False,DeepLabv3plus,internal_val
case_00078,18431,1721,2045,1483243,1505440,20476,20152,0.013601339143373366,0.9073053066850448,0.8303374329864396,0.9145990472409686,0.9001269779253761,0.0011589506546960061,19.83675056480771,6.456102958073513,False,False,DeepLabv3plus,internal_val
case_00079,20614,6309,697,1477820,1505440,21311,26923,0.014155994260814115,0.8547497615789692,0.7463432295438088,0.7656650447572707,0.967293885786683,0.004250978183163324,23.600847442411894,9.944647500214623,False,False,DeepLabv3plus,internal_val
case_00080,36265,6887,62789,1399499,1505440,99054,43152,0.06579737485386332,0.5100347383373416,0.342313174314005,0.8404013718946978,0.3661134330769075,0.004896948632878882,105.16945443384961,35.70178812817379,False,False,DeepLabv3plus,internal_val
case_00081,34763,362,7785,1462530,1505440,42548,35125,0.02826283345732809,0.8951115574266476,0.8101374970869262,0.9896939501779359,0.8170301776816772,0.0002474550411103485,24.579308198430553,9.051870521654026,False,False,DeepLabv3plus,internal_val
case_00082,0,0,38642,1466798,1505440,38642,0,0.02566824317143161,0.0,0.0,nan,0.0,0.0,nan,nan,True,False,DeepLabv3plus,internal_val
case_00083,10362,2338,4130,1488610,1505440,14492,12700,0.00962642151131895,0.7621359223300971,0.615686274509804,0.8159055118110237,0.7150151807894011,0.0015681298073440522,293.8564274626107,63.779013691187,False,False,DeepLabv3plus,internal_val
case_00084,60267,7133,5010,1433030,1505440,65277,67400,0.04336074503135296,0.9084769779238301,0.832302168208811,0.8941691394658754,0.9232501493634818,0.004952911580147525,23.345235059857504,10.270103041588495,False,False,DeepLabv3plus,internal_val
case_00085,693,0,24512,1480235,1505440,25205,693,0.016742613455202466,0.05351764615028187,0.02749454473318786,1.0,0.02749454473318786,0.0,149.0416620318858,76.65132416273167,False,False,DeepLabv3plus,internal_val
case_00086,15259,555,10178,1479448,1505440,25437,15814,0.016896721224359656,0.7398123681850137,0.5870652508464143,0.9649045149867206,0.5998741990014546,0.0003749992398664057,44.14748010928823,13.93964987871514,False,False,DeepLabv3plus,internal_val
case_00087,47636,602,27068,1430134,1505440,74704,48238,0.049622701668615155,0.7749345219697092,0.6325657982099699,0.9875202122807745,0.6376633112015421,0.0004207624607195178,76.65996342304967,25.273611834111826,False,False,DeepLabv3plus,internal_val
case_00088,45629,9809,7081,1442921,1505440,52710,55438,0.03501301944946328,0.8438251285275733,0.7298421279930901,0.8230636025830658,0.8656611648643521,0.006752114983513798,66.44128099456304,19.995318886085634,False,False,DeepLabv3plus,internal_val
case_00089,42490,2832,7574,1452544,1505440,50064,45322,0.0332553937719205,0.8909064223261275,0.8032743496672716,0.937513790212259,0.8487136465324385,0.001945888897439562,29.318758966697217,10.708428271484573,False,False,DeepLabv3plus,internal_val
case_00090,63069,662,30483,1411226,1505440,93552,63731,0.062142629397385483,0.80198114227221,0.6694228034050141,0.9896125904191053,0.674159825551565,0.0004688757181872783,60.69223593850595,23.35352623442214,False,False,DeepLabv3plus,internal_val
case_00091,10193,0,33881,1461366,1505440,44074,10193,0.02927649059411202,0.3756610831628798,0.23127013658846485,1.0,0.23127013658846485,0.0,139.6239905027722,53.62013340406229,False,False,DeepLabv3plus,internal_val
case_00092,65252,7306,12909,1419973,1505440,78161,72558,0.05191904028058242,0.8658762332552631,0.7634759614822095,0.8993081396951405,0.8348409053108328,0.005118831006411501,37.95391429156813,16.112694426299022,False,False,DeepLabv3plus,internal_val
case_00093,4887,0,9548,1491005,1505440,14435,4887,0.00958855882665533,0.5058482558741331,0.33855213023900244,1.0,0.33855213023900244,0.0,63.533449782756264,25.328054214299332,False,False,DeepLabv3plus,internal_val
case_00094,35243,4504,5061,1460632,1505440,40304,39747,0.026772239345307685,0.8805136725337598,0.7865336547045171,0.8866832716934612,0.8744293370385073,0.003074117351563268,27.313000567495326,10.380794321749446,False,False,DeepLabv3plus,internal_val
case_00095,37218,1377,4306,1462539,1505440,41524,38595,0.027582633648634287,0.929068011333142,0.8675322253560523,0.9643218033424019,0.8963009343993835,0.0009406277409359554,19.6468827043885,6.700478579908156,False,False,DeepLabv3plus,internal_val
case_00096,17585,0,3707,1484148,1505440,21292,17585,0.014143373365926241,0.9046479923862438,0.8258970505354124,1.0,0.8258970505354124,0.0,10.44030650891055,5.342841832058807,False,False,DeepLabv3plus,internal_val
case_00097,56505,1235,62778,1384922,1505440,119283,57740,0.07923464236369433,0.6383916214277241,0.4688511259728837,0.978611014894354,0.4737053897034783,0.0008909524678661941,174.05527697769685,47.40753494148749,False,False,DeepLabv3plus,internal_val
case_00098,45705,256,21377,1438102,1505440,67082,45961,0.04455973004570093,0.8086303442053024,0.6787400873206807,0.9944300602684885,0.6813303121552726,0.00017798072524364587,70.09258790485676,18.695572131126745,False,False,DeepLabv3plus,internal_val
case_00099,23241,665,5169,1476365,1505440,28410,23906,0.01887155914549899,0.888485358207814,0.7993465176268272,0.9721827156362419,0.8180570221752904,0.00045022782204829964,20.904490414256887,8.457768213107421,False,False,DeepLabv3plus,internal_val
case_00100,52485,46256,7113,1399586,1505440,59598,98741,0.039588425975130195,0.6629446946109298,0.49582443743269033,0.5315421152307552,0.8806503573945434,0.03199243070819633,210.9863582804585,64.34106077165178,False,False,DeepLabv3plus,internal_val
case_00101,5698,130,9850,1489762,1505440,15548,5828,0.010327877564034435,0.5331212574850299,0.36343921418548286,0.9776938915579959,0.3664780036017494,8.725464664552867e-05,85.53458565833012,24.927052248990357,False,False,DeepLabv3plus,internal_val
case_00102,43201,23007,3489,1435743,1505440,46690,66208,0.03101418854288447,0.7653102800758207,0.6198401652868847,0.6525042290961818,0.9252730777468409,0.01577172236503856,134.42451302483005,26.10284016766591,False,False,DeepLabv3plus,internal_val
case_00103,96386,871,10610,1397573,1505440,106996,97257,0.07107290891699437,0.9437902992856898,0.8935633697052852,0.9910443464223655,0.9008374144827844,0.0006228350938614632,40.027482833950856,10.507638374427971,False,False,DeepLabv3plus,internal_val
case_00104,129807,34508,4024,1337101,1505440,133831,164315,0.08889826230205122,0.8707613048640599,0.7711047350881257,0.7899887411374494,0.9699322279591425,0.025158773382210238,95.60924731235185,24.468595501029256,False,False,DeepLabv3plus,internal_val
case_00105,91406,13703,3062,1397269,1505440,94468,105109,0.0627510893825061,0.915997334362176,0.8450139131560215,0.8696305739755873,0.9675869077359529,0.009711744811378256,163.70352037293597,29.77693932520353,False,False,DeepLabv3plus,internal_val
case_00106,21846,658,87418,1395518,1505440,109264,22504,0.07257944521203104,0.33158278185902496,0.19874092538345373,0.9707607536437967,0.19993776541221261,0.0004712872875625996,145.28195623625,56.637024598682416,False,False,DeepLabv3plus,internal_val
case_00107,116088,28687,1186,1359479,1505440,117274,144775,0.07790014879370816,0.8860022362229965,0.7953357403690027,0.8018511483336211,0.9898869314596586,0.020665395925271186,73.0,22.203555086383172,False,False,DeepLabv3plus,internal_val
case_00108,20245,1572,4714,1478909,1505440,24959,21817,0.01657920607928579,0.8656148452197708,0.7630696166748332,0.9279460970802585,0.8111302536159302,0.0010618170716138876,22.095160534825066,8.813702048085913,False,False,DeepLabv3plus,internal_val
case_00109,132370,15379,23388,1334303,1505440,155758,147749,0.1034634392602827,0.8722698323267668,0.7734738834968475,0.8959113090443929,0.8498439887517816,0.011394535898085622,68.03968801018632,20.847691045673418,False,False,DeepLabv3plus,internal_val
case_00110,41904,75,35616,1427845,1505440,77520,41979,0.051493251142523115,0.7013280445861472,0.5400347960564469,0.998213392410491,0.5405572755417957,5.252395092162026e-05,56.809768767874104,24.71420388794608,False,False,DeepLabv3plus,internal_val
case_00111,101242,2881,61955,1339362,1505440,163197,104123,0.10840485173769795,0.7574592248989974,0.6096051253025687,0.9723308010718092,0.620366795958259,0.002146407170683699,119.10079764636339,36.75037616620601,False,False,DeepLabv3plus,internal_val
case_00112,72614,109,30875,1401842,1505440,103489,72723,0.06874335742374323,0.8241663450843303,0.7009208671982085,0.9985011619432642,0.7016591135289741,7.774879435871867e-05,87.40593647351027,23.592688026669173,False,False,DeepLabv3plus,internal_val
case_00113,81843,6371,1808,1415418,1505440,83651,88214,0.05556581464555213,0.9524103220551013,0.9091444313612228,0.9277779037341012,0.9783863910772137,0.004480974321787551,20.673465303667204,6.878921231752138,False,False,DeepLabv3plus,internal_val
case_00114,96680,3814,27261,1377685,1505440,123941,100494,0.08232875438410032,0.8615412034664826,0.7567609878282651,0.9620474854220152,0.7800485714977288,0.002760769280325212,90.13878188659973,25.10344776449268,False,False,DeepLabv3plus,internal_val
case_00115,74549,11556,18654,1400681,1505440,93203,86105,0.06191080348602402,0.8315189506324313,0.7116238222968909,0.8657917658672551,0.799856227803826,0.008182762524986953,57.5650873794474,19.09902596480931,False,False,DeepLabv3plus,internal_val
case_00116,86322,1486,40356,1377276,1505440,126678,87808,0.08414682750557977,0.8049196684165866,0.6735276676757904,0.9830767128279884,0.6814285037654526,0.001077778470831079,119.66620066241057,29.30716096499017,False,False,DeepLabv3plus,internal_val
case_00117,119472,2254,36179,1347535,1505440,155651,121726,0.10339236369433522,0.86144128748959,0.7566068205566638,0.9814830028095888,0.767563330784897,0.0016698906273499043,69.55285438745253,24.124642516633592,False,False,DeepLabv3plus,internal_val
case_00118,108057,810,33865,1362708,1505440,141922,108867,0.09427277075140823,0.8617363600476895,0.7570621864753524,0.9925597288434512,0.7613830132044362,0.000594051563675727,71.58910531638176,27.387485396577084,False,False,DeepLabv3plus,internal_val
case_00119,25731,17854,299,1461556,1505440,26030,43585,0.01729062599638644,0.7392372333548805,0.5863412633305989,0.5903636572215212,0.9885132539377641,0.012068324534780758,53.85164807134504,24.636438925380318,False,False,DeepLabv3plus,internal_val
case_00120,101423,7247,3402,1393368,1505440,104825,108670,0.06963080561164842,0.9501206117239279,0.9049807266757085,0.9333118615993374,0.9675459098497495,0.005174155638772967,17.0,6.9977384420365265,False,False,DeepLabv3plus,internal_val
case_00121,50307,4796,12886,1437451,1505440,63193,55103,0.04197643213944096,0.8505274903631568,0.7399285178484755,0.9129629965700597,0.7960850094155998,0.0033253665980931143,54.235493543835766,20.001875592565057,False,False,DeepLabv3plus,internal_val
case_00122,91041,3813,55814,1354772,1505440,146855,94854,0.09754955361887555,0.7533107993496312,0.6042490774417926,0.9598013789613511,0.6199380341152838,0.0028065965692245978,89.2728961827912,38.29422899223074,False,False,DeepLabv3plus,internal_val
case_00123,70908,2017,12142,1420373,1505440,83050,72925,0.055166595812519925,0.9092226318320243,0.8335547274501276,0.9723414466918067,0.8537989163154726,0.001418035841084372,41.677331968349414,10.600963315668585,False,False,DeepLabv3plus,internal_val
case_00124,96022,2152,10901,1396365,1505440,106923,98174,0.07102441811031991,0.9363569432999995,0.8803300481320192,0.9780797359789761,0.8980481280921785,0.0015387728572480706,61.34650145044123,12.114858723993255,False,False,DeepLabv3plus,internal_val
case_00125,34898,6034,4944,1459564,1505440,39842,40932,0.02646535232224466,0.8640899299279471,0.7607027639724475,0.8525847747483631,0.8759098438833391,0.004117090771139153,50.0,13.84794762372677,False,False,DeepLabv3plus,internal_val
case_00126,145338,4117,49615,1306370,1505440,194953,149455,0.129499016898714,0.8439873638243014,0.730084894760637,0.9724532467966946,0.7455027622042236,0.0031415801911808356,101.58240878079492,27.34565506002683,False,False,DeepLabv3plus,internal_val
case_00127,126243,34991,2188,1342018,1505440,128431,161234,0.0853112711233925,0.8716482833618145,0.772496971032052,0.7829800166218044,0.9829636147036152,0.025410872405336495,94.68746284360157,24.484673537003204,False,False,DeepLabv3plus,internal_val
case_00128,97008,8393,15824,1384215,1505440,112832,105401,0.0749495164204485,0.8890314480394808,0.8002309754588575,0.9203707744708305,0.8597560975609756,0.006026821618143799,62.289646009589745,17.088536361765517,False,False,DeepLabv3plus,internal_val
case_00129,52735,674,12464,1439567,1505440,65199,53409,0.04330893293655011,0.8892317550249561,0.8005556145917143,0.9873804040517515,0.8088314237948435,0.0004679772343656374,34.342322132566416,13.019942798054915,False,False,DeepLabv3plus,internal_val
case_00130,39137,1187,4988,1460128,1505440,44125,40324,0.029310367733021574,0.9268789446885102,0.863722634180791,0.9705634361670469,0.8869575070821529,0.0008122820883929885,15.287242235286968,6.7636129125085,False,False,DeepLabv3plus,internal_val
case_00131,27940,4094,76889,1396517,1505440,104829,32034,0.06963346264215113,0.4082915031820141,0.2565114805872038,0.8721982893176,0.26652930009825526,0.0029230100291944014,136.8184926868249,49.50727750954758,False,False,DeepLabv3plus,internal_val
case_00132,25085,1089,2018,1477248,1505440,27103,26174,0.018003374428738443,0.94168215177281,0.8897914301929626,0.9583938259341331,0.9255432977899125,0.0007366385337037496,11.0,4.1316592896788125,False,False,DeepLabv3plus,internal_val
case_00133,121776,24275,2727,1356662,1505440,124503,146051,0.08270206716973111,0.9001973727980366,0.8185081127586068,0.8337909360428891,0.9780969133273897,0.017578644065587352,68.04627105366644,19.494278232398692,False,False,DeepLabv3plus,internal_val
case_00134,32003,554,37085,1435798,1505440,69088,32557,0.04589223084281008,0.6297014117762801,0.45953591223686857,0.9829836901434408,0.4632208198239926,0.00038569932718442277,91.7877987534291,40.15523242196327,False,False,DeepLabv3plus,internal_val
case_00135,58760,3598,3553,1439529,1505440,62313,62358,0.04139188542884472,0.9426410311941029,0.891505211573182,0.9423009076622085,0.9429814003498468,0.0024931970644302267,23.0,6.85173439562434,False,False,DeepLabv3plus,internal_val
case_00136,45394,6042,4440,1449564,1505440,49834,51436,0.03310261451801467,0.8964945196010664,0.8124060419500322,0.88253363403064,0.9109042019504756,0.004150848512578267,40.827822185373186,12.1165196394716,False,False,DeepLabv3plus,internal_val
case_00137,80869,5664,21896,1397011,1505440,102765,86533,0.06826243490275269,0.8544094496508151,0.7458244565568252,0.9345452024083297,0.7869313482216708,0.00403799882367619,67.05035164639987,22.032914035643614,False,False,DeepLabv3plus,internal_val
case_00138,40967,75,44404,1419994,1505440,85371,41042,0.056708337761717506,0.6481453647963421,0.4794490087306603,0.9981726036742848,0.47987021353855525,5.2814335078084236e-05,90.59684102298459,29.32048771118515,False,False,DeepLabv3plus,internal_val
case_00139,118887,4387,36367,1345799,1505440,155254,123274,0.10312865341694123,0.8536807789522058,0.7447147036162389,0.9644126093093434,0.7657580481018202,0.003249181964558957,85.13106703046878,27.014584087159573,False,False,DeepLabv3plus,internal_val
case_00140,64461,6470,17803,1416706,1505440,82264,70931,0.05464448931873738,0.8415548810339764,0.7264520927716546,0.908784593478169,0.7835869882330059,0.004546169974760676,63.63293166379071,21.899748241256933,False,False,DeepLabv3plus,internal_val
case_00141,55101,2473,12638,1435228,1505440,67739,57574,0.04499614730577107,0.8794139474755213,0.7847803794223209,0.9570465835272867,0.8134309629607759,0.0017201073102126243,31.964817963005686,12.37998417146531,False,False,DeepLabv3plus,internal_val
case_00142,50971,2354,7464,1444651,1505440,58435,53325,0.038815894356467213,0.9121510379384395,0.8384905163763181,0.9558556024378809,0.8722683323350732,0.0016268084768193613,29.068883707497267,9.57335662018914,False,False,DeepLabv3plus,internal_val
case_00143,140546,2874,31009,1331011,1505440,171555,143420,0.11395671697311086,0.8924263830462735,0.8057490440236429,0.9799609538418631,0.8192474716563202,0.0021546085307204144,73.13471557912032,19.05181639435383,False,False,DeepLabv3plus,internal_val
case_00144,37317,96,38722,1429305,1505440,76039,37413,0.05050948559889468,0.6578464901456123,0.4901425100151047,0.9974340469890145,0.4907613198490248,6.716099960752791e-05,82.00884072678701,38.101628736397245,False,False,DeepLabv3plus,internal_val
case_00145,87573,697,54495,1362675,1505440,142068,88270,0.09436975236475714,0.7603869096718735,0.6134066472875004,0.9921037725161437,0.6164160824393953,0.0005112324442631945,98.98585729734083,32.58292212415016,False,False,DeepLabv3plus,internal_val
case_00146,45445,6342,6185,1447468,1505440,51630,51787,0.03429562121373153,0.8788690447411934,0.7839129234803008,0.8775368335682701,0.8802053069920589,0.004362330703461938,45.21225218673942,14.126825529143538,False,False,DeepLabv3plus,internal_val
case_00147,160866,3911,8348,1332315,1505440,169214,164777,0.11240168987139973,0.9632954181400097,0.9291898916967509,0.9762648913379901,0.9506660205420355,0.0029269000902541935,27.459060435491963,7.3885840804625165,False,False,DeepLabv3plus,internal_val
case_00148,44817,6713,17635,1436275,1505440,62452,51530,0.0414842172388139,0.7863873243143654,0.6479722402949468,0.8697263729866097,0.7176231345673477,0.004652152339451194,77.30065234349695,22.8913241930882,False,False,DeepLabv3plus,internal_val
case_00149,67324,5779,13660,1418677,1505440,80984,73103,0.053794239557870126,0.8738439972223484,0.7759528831414313,0.9209471567514329,0.8313247061147881,0.004056987369213229,56.6320481998028,17.96674316652797,False,False,DeepLabv3plus,internal_val
case_00150,56022,1687,15072,1432659,1505440,71094,57709,0.04722473163991923,0.869886570964962,0.7697338591115813,0.9707671247119167,0.7879989872563086,0.0011761457835138803,39.59165320101143,13.644874639405979,False,False,DeepLabv3plus,internal_val
case_00151,47004,1180,18276,1438980,1505440,65280,48184,0.043362737804229994,0.8285271099203272,0.7072524826963588,0.9755105429188112,0.7200367647058824,0.0008193534051772025,65.22447027376013,19.66009086534825,False,False,DeepLabv3plus,internal_val
case_00152,17254,3144,900,1484142,1505440,18154,20398,0.012058932936550111,0.8951027184063084,0.8101230162456569,0.8458672418864595,0.9504241489478903,0.0021139175652833417,35.37371648760495,8.069746515590401,False,False,DeepLabv3plus,internal_val
case_00153,96167,2958,8165,1398150,1505440,104332,99125,0.0693033266021894,0.9453299714435974,0.8963277099450089,0.9701588902900379,0.9217402139324464,0.00211118628970786,25.317977802344327,8.782987751466969,False,False,DeepLabv3plus,internal_val
case_00154,63864,25,18062,1423489,1505440,81926,63889,0.05441997024125837,0.8759592634502623,0.77929494454003,0.999608696332702,0.7795327490662305,1.7562173607003514e-05,37.8965419187317,17.120173487332387,False,False,DeepLabv3plus,internal_val
case_00155,16956,436,62455,1425593,1505440,79411,17392,0.05274936231267935,0.35031972149623464,0.21235613110073015,0.9749310027598896,0.21352205613831837,0.00030574413283320325,232.68906104768612,72.1005899831003,False,False,DeepLabv3plus,internal_val
case_00156,39802,7905,891,1456842,1505440,40693,47707,0.02703063556169625,0.900497737556561,0.8190048973208774,0.834301045968097,0.9781043422701693,0.005396836450253867,38.95378530489904,11.65014314584553,False,False,DeepLabv3plus,internal_val
case_00157,129030,8178,12608,1103424,1253240,141638,137208,0.11301745874692797,0.9254570623211378,0.8612564746088536,0.940397061395837,0.9109843403606377,0.007356949699622707,42.48293651126349,11.704887082619898,False,False,DeepLabv3plus,internal_val
case_00158,54725,2154,7202,1441359,1505440,61927,56879,0.04113548198533319,0.9212497685302089,0.8539972846865685,0.9621301359025299,0.8837017778997852,0.0014921930041502916,32.802438933713454,9.159709415554696,False,False,DeepLabv3plus,internal_val
case_00159,91725,5765,54662,1353288,1505440,146387,97490,0.09723868105005845,0.7522234569065553,0.602851096272149,0.940865729818443,0.6265925252925465,0.004241924339963195,105.70502897018552,33.309693028011765,False,False,DeepLabv3plus,internal_val
case_00160,116438,384,38331,1350287,1505440,154769,116822,0.10280648846848763,0.8574510937402197,0.7504721146223405,0.9967129479036483,0.7523341237586338,0.00028430313525647623,56.637884553267554,24.086150223981722,False,False,DeepLabv3plus,internal_val
case_00161,112159,2081,68339,1322861,1505440,180498,114240,0.11989717291954512,0.7610759386302411,0.6143039451415552,0.9817839635854342,0.6213863865527596,0.0015706347900511872,173.55611218204996,47.367386751946675,False,False,DeepLabv3plus,internal_val
case_00162,33369,4040,4833,1463198,1505440,38202,37409,0.02537596981613349,0.882649349962307,0.7899483925950476,0.8920045978240531,0.8734882990419349,0.002753472851711856,35.32768981894895,10.739876965659922,False,False,DeepLabv3plus,internal_val
case_00163,9450,8122,314,1487554,1505440,9764,17572,0.006485811457115528,0.6913959613696224,0.5283461925528347,0.537787389027999,0.9678410487505121,0.005430320470476226,246.4879575896691,58.02907347912228,False,False,DeepLabv3plus,internal_val
case_00164,115867,9993,1313,1378267,1505440,117180,125860,0.07783770857689447,0.9534809084924293,0.911097481383627,0.9206022564754489,0.988795016214371,0.007198219353723366,22.090722034374522,7.9185911410574015,False,False,DeepLabv3plus,internal_val
case_00165,65591,3110,7274,1429465,1505440,72865,68701,0.048401131894994155,0.9266490541514205,0.8633234616650214,0.9547313721779886,0.900171550126947,0.002170916007887894,19.313207915827967,9.934322723037766,False,False,DeepLabv3plus,internal_val
case_00166,46034,12922,1791,1444693,1505440,47825,58956,0.031768120948028486,0.8622133151028741,0.7577987390323802,0.7808195942736956,0.9625509670674334,0.008865166727839656,74.80674590418629,16.560803434808403,False,False,DeepLabv3plus,internal_val
case_00167,3481,12754,48946,1188059,1253240,52427,16235,0.041833168427436083,0.10139524045323468,0.05340513339776929,0.21441330458885124,0.06639708547122666,0.0106211375126685,219.00136985587326,76.15607681134259,False,False,DeepLabv3plus,internal_val
case_00168,79782,26947,4838,1141673,1253240,84620,106729,0.06752098560531103,0.8338899079692081,0.715103928581032,0.7475194183399076,0.9428267549042779,0.02305882151597611,97.48512008044682,22.757122682602876,False,False,DeepLabv3plus,internal_val
case_00169,107407,1280,14118,1382635,1505440,121525,108687,0.08072390796046339,0.9331138255173492,0.8746142258051383,0.9882230625557794,0.883826373174244,0.0009249122959141277,27.793882763907646,10.876249426427961,False,False,DeepLabv3plus,internal_val
case_00170,23371,0,36704,1445365,1505440,60075,23371,0.03990527686257838,0.5601466816863601,0.38903037869330004,1.0,0.38903037869330004,0.0,80.77623394831116,43.57773152017729,False,False,DeepLabv3plus,internal_val
case_00171,49029,34099,7327,1414985,1505440,56356,83128,0.0374349027526836,0.7030053626222362,0.5420264219777791,0.5898012703300933,0.8699872240755199,0.023531417088312342,156.96814013470282,46.939663951875396,False,False,DeepLabv3plus,internal_val
case_00172,55492,223,36768,1412957,1505440,92260,55715,0.0612844085450101,0.7500185842203075,0.600023788155661,0.9959974872117024,0.601474094949057,0.0001578001386942923,100.92174788435885,30.39991189481131,False,False,DeepLabv3plus,internal_val
case_00173,36365,8046,5368,1455661,1505440,41733,44411,0.027721463492400893,0.8442839895988113,0.7305289379055425,0.8188286685731012,0.8713727745429276,0.0054970017906589225,41.593268686170845,16.572916052857117,False,False,DeepLabv3plus,internal_val
case_00174,1530,0,49566,1454344,1505440,51096,1530,0.03394090764161973,0.058146163493330294,0.029943635509628933,1.0,0.029943635509628933,0.0,166.371136401649,97.70838034873421,False,False,DeepLabv3plus,internal_val
case_00175,24841,267,15846,1464486,1505440,40687,25108,0.027026650015942184,0.7551029713504066,0.606558577916687,0.9893659391429026,0.6105389927986826,0.00018228329281455645,83.10259555478792,22.705112578259314,False,False,DeepLabv3plus,internal_val
case_00176,144637,19730,5493,1083380,1253240,150130,164367,0.11979349526028533,0.9197989170007981,0.8515071235134817,0.8799637396801061,0.9634117098514621,0.017885795614217985,74.95331880577403,16.049719722689453,False,False,DeepLabv3plus,internal_val
case_00177,43005,10408,2588,1449439,1505440,45593,53413,0.030285497927516208,0.8687352281679899,0.7679327154872234,0.8051410705259019,0.9432369004013774,0.007129514257316006,53.96290978119098,14.635282537733557,False,False,DeepLabv3plus,internal_val
case_00178,62680,4,17849,1424907,1505440,80529,62684,0.05349200233818684,0.8753395292326814,0.7783144797784759,0.9999361878629315,0.7783531398626582,2.807192870291548e-06,45.5411901469428,17.07716363246959,False,False,DeepLabv3plus,internal_val
case_00179,14328,128,9700,1481284,1505440,24028,14456,0.015960782229779997,0.744621141253508,0.5931445603576752,0.9911455451023796,0.5963043116364242,8.640405235005522e-05,37.33027334152234,16.080558646298226,False,False,DeepLabv3plus,internal_val
case_00180,77799,610,155275,1271756,1505440,233074,78409,0.15482118184716762,0.49953930070019875,0.33292394858013385,0.9922202808351082,0.3337952753202845,0.00047942180158853665,138.9810651260907,60.75629734466287,False,False,DeepLabv3plus,internal_val
case_00181,36124,8012,15633,1193471,1253240,51757,44136,0.04129855414764929,0.7534230861481026,0.6043935819572019,0.8184701830705093,0.6979538999555616,0.00666842560402436,199.2398035168281,47.91655571829767,False,False,DeepLabv3plus,internal_val
case_00182,102421,9459,19191,1374369,1505440,121612,111880,0.08078169837389733,0.8772977232624672,0.7814161790174791,0.9154540579191991,0.8421948491925139,0.006835387056772952,60.0,19.880587452091124,False,False,DeepLabv3plus,internal_val
case_00183,113520,2341,11548,1125831,1253240,125068,115861,0.09979572946921579,0.9423523112618241,0.8909888626392171,0.9797947540587428,0.9076662295711133,0.0020750382033945178,35.16674332517422,9.04176117495188,False,False,DeepLabv3plus,internal_val
case_00184,13414,3428,23219,1465379,1505440,36633,16842,0.024333749601445423,0.5016923796166433,0.33483936996080976,0.7964612278826743,0.36617257663854996,0.002333866872911145,146.102703602637,39.7420305594086,False,False,DeepLabv3plus,internal_val
case_00185,94554,9491,6423,1394972,1505440,100977,104045,0.06707474226804123,0.9223790617592258,0.8559401817720969,0.9087798548704887,0.9363914554799608,0.006757742995009481,87.78493220397814,18.33292204482356,False,False,DeepLabv3plus,internal_val
case_00186,99373,2931,61095,1342041,1505440,160468,102304,0.10659209267722393,0.7563439026989177,0.6081616166561606,0.9713500938379731,0.6192698855846649,0.0021792275229521505,126.77144672311236,39.28315186967497,False,False,DeepLabv3plus,internal_val
case_00187,79834,1799,25494,1398313,1505440,105328,81633,0.06996492719736423,0.8540176828322484,0.7452276270221326,0.9779623436600394,0.7579560990429896,0.0012848972082233421,57.00175384631983,17.762543946567703,False,False,DeepLabv3plus,internal_val
case_00188,78745,4301,6155,1416239,1505440,84900,83046,0.05639547242002338,0.937741893227585,0.882781583166108,0.948209426101197,0.9275029446407538,0.0030277218522533683,29.866294224282047,8.481188771231045,False,False,DeepLabv3plus,internal_val
case_00189,141653,10730,13233,1087624,1253240,154886,152383,0.12358845871501069,0.9220129593287966,0.8553098734421795,0.9295853211972465,0.9145629688932505,0.009769163675827648,48.85692971384943,15.523113191330367,False,False,DeepLabv3plus,internal_val
case_00190,67273,4853,3450,1429864,1505440,70723,72126,0.046978292060792855,0.9418756869141541,0.8901370805546734,0.9327149710229321,0.9512181327149584,0.0033825486141169305,29.704302881249692,7.655624465753852,False,False,DeepLabv3plus,internal_val
case_00191,20175,799,95682,1388784,1505440,115857,20974,0.07695889573812308,0.2948893160175691,0.1729443834864902,0.9619052159816917,0.17413708278308604,0.0005749926416773953,136.0202188244955,48.334632789164864,False,False,DeepLabv3plus,internal_val
case_00192,64899,8933,15535,1416073,1505440,80434,73832,0.05342889786374747,0.8413908443856715,0.7262076605458391,0.879009101744501,0.8068602829649153,0.006268745535106519,92.43036468214807,26.245046935044485,False,False,DeepLabv3plus,internal_val
case_00193,102585,1774,59453,1341628,1505440,162038,104359,0.10763497714953768,0.7701663307019223,0.6262361731741264,0.9830009869776445,0.6330922376232736,0.0013205280325621072,98.0038264310097,34.136582044383005,False,False,DeepLabv3plus,internal_val
case_00194,22697,3081,2872,1476790,1505440,25569,25778,0.016984403230949092,0.8840633337877578,0.792216404886562,0.8804794786251843,0.8876764832414251,0.002081938222993761,34.472817702937654,9.661673501842731,False,False,DeepLabv3plus,internal_val
case_00195,150343,7536,31015,1316546,1505440,181358,157879,0.1204684344776278,0.8863596836429989,0.795911992969602,0.9522672426351826,0.8289846601749027,0.005691490406183303,57.688820407423826,24.13232375800797,False,False,DeepLabv3plus,internal_val
case_00196,26671,12896,938,1464935,1505440,27609,39567,0.018339488787331278,0.7940633559604621,0.6584619182816936,0.6740718275330452,0.9660255713716541,0.008726302263249316,97.28822938768269,23.633264106074453,False,False,DeepLabv3plus,internal_val
case_00197,11772,0,108578,1385090,1505440,120350,11772,0.07994340525029227,0.17819893734578646,0.09781470710427918,1.0,0.09781470710427918,0.0,268.6541807781688,116.03615725359298,False,False,DeepLabv3plus,internal_val
case_00198,38550,21,53722,1413147,1505440,92272,38571,0.06129237963651823,0.589255825684217,0.41769148256097427,0.9994555495061056,0.41778654413039706,1.4860228932441153e-05,97.77214634767438,31.75026382174776,False,False,DeepLabv3plus,internal_val
case_00199,124519,4002,14102,1362817,1505440,138621,128521,0.09208005632904666,0.9322307986014928,0.8730639518170281,0.9688611199726115,0.8982693819839707,0.0029279663218026676,39.163673254260196,12.089048995646323,False,False,DeepLabv3plus,internal_val
case_00200,134972,3017,23597,1343854,1505440,158569,137989,0.10533066744606229,0.9102570154910675,0.8352951369549342,0.9781359383718992,0.8511878109844926,0.002240006652455952,52.1986582743957,15.441421961367357,False,False,DeepLabv3plus,internal_val
case_00201,72845,7068,9090,1416437,1505440,81935,79913,0.05442594855988947,0.9001655874647818,0.8184555576778311,0.9115538147735662,0.8890583999511809,0.004965209114123238,35.48097553409429,13.501659354844547,False,False,DeepLabv3plus,internal_val
case_00202,128890,4306,8305,1363939,1505440,137195,133196,0.09113282495483048,0.9533601340281296,0.9108769549331807,0.9676717018529085,0.9394657239695324,0.0031470971938505165,23.0,7.142242558553075,False,False,DeepLabv3plus,internal_val
case_00203,54400,6647,1967,1442426,1505440,56367,61047,0.03744220958656606,0.9266356652528659,0.8633002189989526,0.8911166805903648,0.9651036954246279,0.004587070492652889,20.0,8.40740370502099,False,False,DeepLabv3plus,internal_val
case_00204,55578,19622,118789,1311451,1505440,174367,75200,0.11582460941651611,0.445395424875885,0.28650078097211695,0.7390691489361703,0.3187415049866087,0.014741490511790111,111.6201144906996,48.79357966139491,False,False,DeepLabv3plus,internal_val
case_00205,12290,0,27878,1465272,1505440,40168,12290,0.026681900308215538,0.4685653284532388,0.305964947221669,1.0,0.305964947221669,0.0,83.88964855623465,38.551741851233174,False,False,DeepLabv3plus,internal_val
case_00206,63978,5085,31193,1405184,1505440,95171,69063,0.06321806249335743,0.779107858299743,0.6381463453558889,0.9263715737804613,0.6722425949081128,0.003605695083703889,101.97399290473827,30.724927447277484,False,False,DeepLabv3plus,internal_val
case_00207,44454,2342,19740,1438904,1505440,64194,46796,0.04264135402274418,0.8010451392017299,0.6681195142479259,0.9499529874348235,0.6924946256659501,0.0016249828273591045,67.89698078707183,24.07975435192095,False,False,DeepLabv3plus,internal_val
case_00208,33334,3528,2780,1465798,1505440,36114,36862,0.02398899989371878,0.913560622670467,0.840875838756874,0.9042916824914546,0.9230215428919533,0.002401100912935591,26.17416664776932,7.369080790448823,False,False,DeepLabv3plus,internal_val
case_00209,12925,0,50380,1442135,1505440,63305,12925,0.042050828993516844,0.33910533910533913,0.20417028670721113,1.0,0.20417028670721113,0.0,151.32727286207106,53.646908775753225,False,False,DeepLabv3plus,internal_val
case_00210,39614,8992,36437,1420397,1505440,76051,48606,0.05051745669040281,0.6355679985881258,0.4658114130498689,0.8150022630950912,0.5208872993123036,0.006290799775288602,180.52394998049553,46.02029575573061,False,False,DeepLabv3plus,internal_val
case_00211,0,0,18721,1486719,1505440,18721,0,0.012435567010309278,0.0,0.0,nan,0.0,0.0,nan,nan,True,False,DeepLabv3plus,internal_val
case_00212,140870,5471,18863,1340236,1505440,159733,146341,0.10610386332235094,0.920496350555748,0.8527033243747125,0.9626147149465973,0.8819091859540609,0.004065520949211083,132.99360667302162,26.312621039019955,False,False,DeepLabv3plus,internal_val
case_00213,46185,7597,15341,1436317,1505440,61526,53782,0.040869114677436494,0.8010719117494016,0.668156764029339,0.8587445613774125,0.7506582582973053,0.005261393684111381,57.11915819219662,21.09957394159226,False,False,DeepLabv3plus,internal_val
case_00214,55086,3934,2824,1443596,1505440,57910,59020,0.0384671591029865,0.9422047378773625,0.8907250501261238,0.9333446289393426,0.9512346744949058,0.0027177329658107257,21.397193928743754,6.508084046217426,False,False,DeepLabv3plus,internal_val
case_00215,154709,14094,1053,1335584,1505440,155762,168803,0.10346609629078542,0.9533313820036048,0.9108244630746044,0.9165062232306298,0.993239686187902,0.010442490727417948,36.235341863986875,9.07182512862244,False,False,DeepLabv3plus,internal_val
case_00216,28571,9529,2506,1464834,1505440,31077,38100,0.020643134233180996,0.8260259912976856,0.7036152292764616,0.7498950131233596,0.9193615857386491,0.006463130178931511,83.51885945005269,19.72130204930498,False,False,DeepLabv3plus,internal_val
case_00217,83963,3805,2055,1415617,1505440,86018,87768,0.057138112445530874,0.9662803678086842,0.9347605847054763,0.9566470695469875,0.9761096514682973,0.0026806686101807638,17.0,4.9473695781874865,False,False,DeepLabv3plus,internal_val
case_00218,18981,350,45051,1441058,1505440,64032,19331,0.04253374428738442,0.45538188404927843,0.29481842751079496,0.9818943665614815,0.2964299100449775,0.00024281813338069443,117.61331465290792,36.22732335484044,False,False,DeepLabv3plus,internal_val
case_00219,85217,5927,15722,1398574,1505440,100939,91144,0.0670495004782655,0.8872935137414555,0.797419197873973,0.934971034845958,0.8442425623396309,0.004220004115340609,50.052467795958606,16.613748678755712,False,False,DeepLabv3plus,internal_val
case_00220,37892,0,188362,1279186,1505440,226254,37892,0.15029094484004676,0.2869019405934597,0.16747549214599522,1.0,0.16747549214599522,0.0,170.257589261408,81.39375034075357,False,False,DeepLabv3plus,internal_val
case_00221,79550,13718,3130,1409042,1505440,82680,93268,0.054920820491019234,0.9042444358560484,0.8252245897217785,0.8529184715014796,0.9621432027092405,0.009641822935702437,39.67807513370841,13.608614965627334,False,False,DeepLabv3plus,internal_val
case_00222,51630,13996,910,1438904,1505440,52540,65626,0.034900095653098095,0.8738554237259448,0.7759709029698209,0.7867308688629506,0.9826798629615531,0.009633147498107234,75.81160355409412,16.405694343643265,False,False,DeepLabv3plus,internal_val
case_00223,19016,1362,38918,1446144,1505440,57934,20378,0.03848310128600276,0.48564715496986416,0.3206961683756071,0.9331632152321131,0.32823557841681916,0.0009409287422642808,112.60639126711578,44.4119828663434,False,False,DeepLabv3plus,internal_val
case_00224,35145,4775,1033,1464487,1505440,36178,39920,0.024031512381762144,0.9236773633998265,0.8581788879935536,0.8803857715430862,0.9714467355851623,0.0032499309176988174,18.27014202285287,7.548360002982952,False,False,DeepLabv3plus,internal_val
case_00225,41559,4677,2608,1456596,1505440,44167,46236,0.029338266553300033,0.9194163910489697,0.8508516910981901,0.8988450558006748,0.9409513890461204,0.0032006339677801477,28.284271247461902,8.792735444332497,False,False,DeepLabv3plus,internal_val
case_00226,69555,13896,32817,1389172,1505440,102372,83451,0.0680013816558614,0.7486156180881807,0.598229951491382,0.8334831218319733,0.6794338295627711,0.009904010354451816,87.95878694437842,27.59722701576787,False,False,DeepLabv3plus,internal_val
case_00227,100901,4044,8283,1392212,1505440,109184,104945,0.07252630460197683,0.9424318985284571,0.8911311689688063,0.9614655295631045,0.9241372362250879,0.0028963170077693488,22.847319317591726,8.158499722627054,False,False,DeepLabv3plus,internal_val
case_00228,40107,1754,5895,1457684,1505440,46002,41861,0.030557179296418324,0.9129440151144396,0.8398316441913058,0.9580994242851342,0.8718533976783618,0.0012018324862035933,22.070320087725726,8.026338679542167,False,False,DeepLabv3plus,internal_val
case_00229,98268,4530,6364,1396278,1505440,104632,102798,0.06950260388989266,0.9474810779540086,0.9002033674721973,0.9559329948053464,0.939177307133573,0.003233847893501465,25.179356624028344,7.790868992852854,False,False,DeepLabv3plus,internal_val
case_00230,25686,232,53040,1426482,1505440,78726,25918,0.052294345839090234,0.4909216008562364,0.32531219129157274,0.9910486920287059,0.3262708635012575,0.00016261142737787672,104.44610999772283,38.447284154574426,False,False,DeepLabv3plus,internal_val
case_00231,71959,8788,11199,1413494,1505440,83158,80747,0.0552383356360931,0.8780574113053293,0.7826224088051682,0.8911662352780908,0.8653286514827196,0.0061788027971949305,52.0,15.827229858708543,False,False,DeepLabv3plus,internal_val
case_00232,68264,4074,4326,1428776,1505440,72590,72338,0.04821846104793283,0.9420401854714064,0.8904309715120526,0.9436810528353009,0.9404050144648023,0.0028432843633318214,18.681541692269406,7.761819172498604,False,False,DeepLabv3plus,internal_val
case_00233,207,0,83744,1421489,1505440,83951,207,0.05576509193325539,0.004919318424867511,0.0024657240533168157,1.0,0.0024657240533168157,0.0,284.87611317042456,167.112410931975,False,False,DeepLabv3plus,internal_val
case_00234,59755,3261,30530,1411894,1505440,90285,63016,0.05997249973429695,0.7795774326325334,0.6387766446454151,0.948251237780881,0.6618485905742926,0.0023043412205730114,76.10252518811542,25.677040756739416,False,False,DeepLabv3plus,internal_val
case_00235,22694,262,4145,1478339,1505440,26839,22956,0.01782801041555957,0.9114971382668943,0.837386074314601,0.9885868618226172,0.845560564849659,0.00017719452374237538,18.0,6.1803363370682245,False,False,DeepLabv3plus,internal_val
case_00236,107126,26632,8291,1363391,1505440,115417,133758,0.07666662238282496,0.8598454901173874,0.7541482164605171,0.8008941521254803,0.9281648284048277,0.019159395204252017,112.12312153037104,25.26233756505314,False,False,DeepLabv3plus,internal_val
case_00237,134002,5692,16845,1348901,1505440,150847,139694,0.1002012700605803,0.9224309133650672,0.8560294878592555,0.9592537975861526,0.8883305601039464,0.004202000157981032,58.34615493216606,13.543779334567489,False,False,DeepLabv3plus,internal_val
case_00238,46872,111,6589,1451868,1505440,53461,46983,0.035511876926347115,0.9332961650272789,0.8749346673635481,0.9976374433305664,0.8767512766315632,7.644738663575712e-05,23.556297447039313,7.421096466523806,False,False,DeepLabv3plus,internal_val
case_00239,102870,4969,8759,1388842,1505440,111629,107839,0.07415041449675842,0.9374487396795889,0.882262131425925,0.9539220504641178,0.9215347266391349,0.0035650457630195197,28.0178514522438,9.625943319834908,False,False,DeepLabv3plus,internal_val
case_00240,108,0,167666,1337666,1505440,167774,108,0.11144515889042406,0.001286617981677607,0.0006437231036990237,1.0,0.0006437231036990237,0.0,449.7902830755994,251.8718102533317,False,False,DeepLabv3plus,internal_val
case_00241,57282,33963,474,1413721,1505440,57756,91245,0.038364863428632164,0.768880745766807,0.6245379910378438,0.6277823442380405,0.9917930604612508,0.02346023027124704,139.43636531073423,34.65294340607862,False,False,DeepLabv3plus,internal_val
case_00242,93796,4701,29155,1377788,1505440,122951,98497,0.08167113933467957,0.8471153498789784,0.7347789302165262,0.952272658050499,0.7628730144529121,0.0034003887191869156,102.90553855053368,30.961758628882,False,False,DeepLabv3plus,internal_val
case_00243,63120,467,11252,1430601,1505440,74372,63587,0.04940216813689021,0.9150544727056589,0.8434105212522882,0.9926557315174486,0.8487065024471575,0.00032632970620543537,43.0,10.971168577083956,False,False,DeepLabv3plus,internal_val
case_00244,70075,187,56730,1378448,1505440,126805,70262,0.08423118822404081,0.7111794465841567,0.5518064130023939,0.9973385329196436,0.5526201648199992,0.00013564141342704923,100.11042826822103,39.39775621949105,False,False,DeepLabv3plus,internal_val
case_00245,32309,5905,2767,1464459,1505440,35076,38214,0.02329950047826549,0.8816755355437303,0.7883897415875649,0.8454754801905061,0.9211141521268104,0.004016012361564891,33.0,10.613797823828351,False,False,DeepLabv3plus,internal_val
case_00246,51709,2125,40277,1411329,1505440,91986,53834,0.06110240195557445,0.7092168426827595,0.5494469296894093,0.9605268046216145,0.5621398908529559,0.0015034093787275708,83.00602387778854,30.634149123609415,False,False,DeepLabv3plus,internal_val
case_00247,170129,10241,6460,1318610,1505440,176589,180370,0.1173005898607716,0.9532131141111444,0.9106085746400471,0.9432222653434607,0.9634178799358963,0.007706657857050941,27.560794845712312,9.46028433176639,False,False,DeepLabv3plus,internal_val
case_00248,35844,1155,3850,1464591,1505440,39694,36999,0.026367042193644382,0.9347398067620252,0.8774755807975716,0.9687829400794616,0.9030080112863405,0.0007879946457298877,18.463334192354115,6.059241318954648,False,False,DeepLabv3plus,internal_val
case_00249,90855,6431,27809,1380345,1505440,118664,97286,0.07882346689339993,0.8414447788840009,0.726288021103961,0.9338959356947557,0.765649228072541,0.0046373747454527625,83.87728644693864,20.57907165004432,False,False,DeepLabv3plus,internal_val
case_00250,101313,496,145261,1258370,1505440,246574,101809,0.16378865979381443,0.5816185060694695,0.41005787833407537,0.9951281320904831,0.4108827370282349,0.00039400539850945217,160.43252627726258,54.410311841777926,False,False,DeepLabv3plus,internal_val
case_00251,50207,9416,13131,1432686,1505440,63338,59623,0.04207274949516421,0.8166329161278779,0.6900926409544492,0.842074367274374,0.792683696990748,0.006529357840152777,79.13532495110724,21.99685898051418,False,False,DeepLabv3plus,internal_val
case_00252,16748,280,5307,1483105,1505440,22055,17028,0.014650201934318206,0.85704782130338,0.7498544884710097,0.9835564951844021,0.7593742915438676,0.0001887574702454184,22.192315183494504,8.50677114200459,False,False,DeepLabv3plus,internal_val
case_00253,0,0,44875,1460565,1505440,44875,0,0.029808560952279732,0.0,0.0,nan,0.0,0.0,nan,nan,True,False,DeepLabv3plus,internal_val
case_00254,17760,2046,1540,1484094,1505440,19300,19806,0.012820172175576575,0.9083005165447757,0.8320059964396139,0.8966979703120267,0.9202072538860103,0.001376720901126408,24.08318915758459,5.570562619201333,False,False,DeepLabv3plus,internal_val
case_00255,57579,1048,5662,1441151,1505440,63241,58627,0.04200831650547348,0.9449404273476221,0.8956275568137628,0.9821242772101592,0.9104694739172372,0.0007266680950409756,16.388979579781008,6.739148731929796,False,False,DeepLabv3plus,internal_val
case_00256,75252,5392,11342,1413454,1505440,86594,80644,0.05752072483792114,0.8999390090768844,0.8180810123279629,0.9331382371906155,0.8690209483336028,0.003800271488237624,52.75413653213168,16.902995923637246,False,False,DeepLabv3plus,internal_val
case_00257,49486,4203,11625,1440126,1505440,61111,53689,0.040593447762780316,0.8621254355400697,0.757662981902808,0.9217158077073516,0.8097723814043298,0.0029100018070675033,98.54084237871261,23.569231090747156,False,False,DeepLabv3plus,internal_val
case_00001,23091,1590,2183,524786,551650,25274,24681,0.04581528142844195,0.9244720248223401,0.8595518165574747,0.9355779749604959,0.9136266518952283,0.003020654437132392,17.954480224432604,5.7149054639310926,False,False,DeepLabv3plus,external_test1
case_00002,14979,968,924,674329,691200,15903,15947,0.0230078125,0.940596546310832,0.8878548989390078,0.9392989276979996,0.9418977551405395,0.0014334433589961158,8.988854381999829,3.4840312714888952,False,False,DeepLabv3plus,external_test1
case_00003,14562,518,6297,1484063,1505440,20859,15080,0.013855749814007865,0.8103731322518712,0.6811994199373158,0.9656498673740053,0.6981159211850999,0.00034891999830255135,31.65827253839714,11.747600525784009,False,False,DeepLabv3plus,external_test1
case_00004,71694,4557,15363,1413826,1505440,87057,76251,0.05782827611860984,0.8780218972738629,0.7825659833649878,0.9402368493527954,0.8235294117647058,0.003212813464346372,36.80205575977823,14.981074481357885,False,False,DeepLabv3plus,external_test1
case_00005,9267,761,1192,679980,691200,10459,10028,0.015131655092592592,0.9046712549421584,0.8259358288770053,0.9241124850418827,0.8860311693278516,0.0011178994654354594,23.919274699792666,5.296148311796994,False,False,DeepLabv3plus,external_test1
case_00006,58875,7789,749,484237,551650,59624,66664,0.10808302365630382,0.9323926263778031,0.8733478705887588,0.8831603264130565,0.9874379444518986,0.015830464243759477,57.252946263744406,9.273267475485376,False,False,DeepLabv3plus,external_test1
case_00007,690,26,3558,686926,691200,4248,716,0.006145833333333333,0.27800161160354553,0.16144127281235376,0.9636871508379888,0.16242937853107345,3.784835039420513e-05,45.42682831040028,16.481089998715834,False,False,DeepLabv3plus,external_test1
case_00008,23506,3398,105204,1373332,1505440,128710,26904,0.08549659900095653,0.3021064942742941,0.17793017833893482,0.8736990782039845,0.18262761246212417,0.002468167324021413,260.5630431130396,90.11056614998242,False,False,DeepLabv3plus,external_test1
case_00009,11199,1756,20160,658085,691200,31359,12955,0.04536892361111111,0.5054384618856343,0.33818511248678845,0.8644538788112698,0.35712235721802355,0.002661247179244697,60.876925020897694,24.817749027655008,False,False,DeepLabv3plus,external_test1
case_00010,18555,2600,4455,1479830,1505440,23010,21155,0.01528456796684026,0.8402581229480358,0.7245216712221788,0.8770976128574804,0.8063885267275098,0.0017538770801994023,25.99133653132185,9.976643763117238,False,False,DeepLabv3plus,external_test1
case_00011,9116,5992,13679,1476653,1505440,22795,15108,0.015141752577319588,0.481017333720286,0.3166707194219613,0.6033889330156209,0.3999122614608467,0.004041425965082673,53.935129521441944,19.05532916507292,False,False,DeepLabv3plus,external_test1
case_00012,9697,2315,502,678686,691200,10199,12012,0.014755497685185186,0.8731709513304219,0.7748921208246764,0.8072760572760572,0.9507794881851162,0.0033994076366995057,15.556349186104045,5.913870412152472,False,False,DeepLabv3plus,external_test1
case_00013,11651,1884,1194,676471,691200,12845,13535,0.018583622685185184,0.8833206974981046,0.7910245094711114,0.8608053195419283,0.9070455430128455,0.0027773068673482173,18.681541692269406,6.4594847901858925,False,False,DeepLabv3plus,external_test1
case_00014,4219,515,506,685960,691200,4725,4734,0.0068359375,0.8920604715086161,0.8051526717557251,0.8912125052809463,0.8929100529100529,0.0007502094031100914,12.027036476214992,3.6301680472308795,False,False,DeepLabv3plus,external_test1
case_00015,11856,564,2390,676390,691200,14246,12420,0.020610532407407407,0.8892222305557639,0.800540175557056,0.9545893719806763,0.8322336094342272,0.0008331437586601158,18.71890507979468,5.424794695084686,False,False,DeepLabv3plus,external_test1
case_00016,10036,5054,3103,533457,551650,13139,15090,0.02381763799510559,0.7110418364093662,0.5516407409443193,0.6650762094102054,0.7638328639926935,0.009385137908046447,77.80712763530337,19.479676388997905,False,False,DeepLabv3plus,external_test1
case_00017,24372,2611,4819,1473638,1505440,29191,26983,0.019390344351153152,0.8677324028910172,0.7663668951638262,0.9032353704184116,0.8349148710218903,0.0017686718162044479,29.67646826786237,9.009705047882136,False,False,DeepLabv3plus,external_test1
case_00018,88608,16333,20612,1379887,1505440,109220,104941,0.07255021787650122,0.8274895989465869,0.7057417982843899,0.8443601642827875,0.8112799853506684,0.011698013207087708,127.31770899118891,27.86976605925794,False,False,DeepLabv3plus,external_test1
case_00019,35070,1891,9248,505441,551650,44318,36961,0.08033717030726004,0.862953530432215,0.7589430630396676,0.9488379643407916,0.7913263233900447,0.0037273422531990887,63.19092527287035,15.179937804365304,False,False,DeepLabv3plus,external_test1
case_00020,0,0,2173,689027,691200,2173,0,0.00314380787037037,0.0,0.0,nan,0.0,0.0,nan,nan,True,False,DeepLabv3plus,external_test1
case_00021,70721,960,29736,1404023,1505440,100457,71681,0.06672932830268892,0.8216779560585112,0.6973288501927685,0.9866073296968513,0.7039927531182496,0.000683282288824847,74.39084325286515,21.410789319570227,False,False,DeepLabv3plus,external_test1
case_00022,17775,304,4905,1482456,1505440,22680,18079,0.01506536295036667,0.8722000049068918,0.7733640793595544,0.9831849106698379,0.7837301587301587,0.00020502306509482317,24.406248564538245,7.5426501895548155,False,False,DeepLabv3plus,external_test1
case_00023,23064,4454,715,662967,691200,23779,27518,0.03440248842592593,0.8992338733259255,0.8169163744554245,0.8381423068536957,0.9699314521216199,0.006673448992465026,21.840329667841555,7.873135885992045,False,False,DeepLabv3plus,external_test1
case_00024,22592,832,3346,664430,691200,25938,23424,0.03752604166666667,0.9153599935172805,0.8439297721329847,0.9644808743169399,0.8710000771069474,0.0012506350881306913,13.171818200581932,5.848920019075147,False,False,DeepLabv3plus,external_test1
case_00025,35439,1893,1689,512629,551650,37128,37332,0.0673035439137134,0.9518936341659952,0.9082032751595295,0.9492928318868531,0.9545087265675501,0.003679142971534745,12.041594578792296,3.894027370908115,False,False,DeepLabv3plus,external_test1
case_00026,68400,569,27975,1408496,1505440,96375,68969,0.06401782867467319,0.8273659763886201,0.7055619739230896,0.9917499166292102,0.709727626459144,0.00040381387657773064,48.09885569258839,21.368507983221722,False,False,DeepLabv3plus,external_test1
case_00027,21978,32,8451,521189,551650,30429,22010,0.05515997462158977,0.8382310875493431,0.7215127540133285,0.9985461154020899,0.7222715173025732,6.13943029923967e-05,55.15249006793727,15.34561717277995,False,False,DeepLabv3plus,external_test1
case_00028,24606,81,3834,662679,691200,28440,24687,0.04114583333333333,0.9263086566152804,0.8627327232565478,0.996718920889537,0.8651898734177215,0.00012221618685497013,22.28999536627737,5.567502502422363,False,False,DeepLabv3plus,external_test1
case_00029,23612,119,4766,523153,551650,28378,23731,0.05144203752379226,0.9062541979312595,0.8285784468540548,0.9949854620538536,0.8320529988018888,0.00022741518751242184,33.153720008494126,7.597489955010945,False,False,DeepLabv3plus,external_test1
case_00030,1094,0,8963,1495383,1505440,10057,1094,0.006680438941439048,0.19621558604609451,0.10877995426071393,1.0,0.10877995426071393,0.0,57.464769604390796,33.44735242015255,False,False,DeepLabv3plus,external_test1
case_00031,51942,1506,8992,1443000,1505440,60934,53448,0.04047587416303539,0.908219824797608,0.8318705957719411,0.971823080377189,0.8524304985722256,0.0010425709550531462,34.501442465992184,9.748106130691207,False,False,DeepLabv3plus,external_test1
case_00032,33738,1631,2453,653378,691200,36191,35369,0.05235966435185185,0.9429290106204583,0.8920205171593253,0.9538861715061212,0.932220717858031,0.002490042121558635,19.309316723120123,5.3704926933509105,False,False,DeepLabv3plus,external_test1
case_00033,34573,8068,5296,503713,551650,39869,42641,0.07227227408683042,0.838031753726821,0.7212174312117988,0.8107924298210643,0.8671649652612305,0.015764555542312042,80.65908471867958,18.656556975008034,False,False,DeepLabv3plus,external_test1
case_00034,16450,2689,4580,667481,691200,21030,19139,0.03042534722222222,0.8190395578680076,0.693536827016316,0.8595015413553477,0.7822158820732287,0.0040124147604339196,31.0,10.480929320517026,False,False,DeepLabv3plus,external_test1
case_00035,0,0,6858,1498582,1505440,6858,0,0.004555478796896589,0.0,0.0,nan,0.0,0.0,nan,nan,True,False,DeepLabv3plus,external_test1
case_00036,1616,0,37963,1465861,1505440,39579,1616,0.026290652566691466,0.0784561233159364,0.04082973293918492,1.0,0.04082973293918492,0.0,197.45730154556597,97.08480189870757,False,False,DeepLabv3plus,external_test1
case_00037,5703,0,37296,1462441,1505440,42999,5703,0.02856241364650866,0.23419982752248367,0.1326309914184051,1.0,0.1326309914184051,0.0,135.12586451371112,66.08770094016462,False,False,DeepLabv3plus,external_test1
case_00038,55021,3087,14361,618731,691200,69382,58108,0.10037905092592593,0.8631422072319398,0.7592349832342105,0.9468747848833207,0.7930154795191836,0.004964475135811443,63.06346010171025,17.966939966577616,False,False,DeepLabv3plus,external_test1
case_00039,15930,1320,2846,671104,691200,18776,17250,0.027164351851851853,0.8843612946205518,0.7926950636942676,0.9234782608695652,0.8484235193864508,0.001963047125028256,26.1725046566048,7.238960921908488,False,False,DeepLabv3plus,external_test1
case_00040,47996,5623,2724,634857,691200,50720,53619,0.07337962962962963,0.920001150097279,0.8518538239000408,0.8951304574870848,0.9462933753943218,0.008779352985261054,27.768676359546944,7.1916227219512106,False,False,DeepLabv3plus,external_test1
case_00041,19298,0,7773,1478369,1505440,27071,19298,0.01798211818471676,0.8323664517242123,0.7128661667467031,1.0,0.7128661667467031,0.0,29.832867780352597,12.254988026356878,False,False,DeepLabv3plus,external_test1
case_00042,0,0,9006,1244234,1253240,9006,0,0.007186173438447544,0.0,0.0,nan,0.0,0.0,nan,nan,True,False,DeepLabv3plus,external_test1
case_00043,21640,846,2116,666598,691200,23756,22486,0.03436921296296296,0.9359456770900912,0.8796032842858305,0.9623765898781464,0.9109277656171073,0.0012675220692672344,9.0,4.259211011349659,False,False,DeepLabv3plus,external_test1
case_00044,625,0,2573,1250042,1253240,3198,625,0.00255178577128084,0.3269683494637719,0.19543464665415886,1.0,0.19543464665415886,0.0,30.448308491866275,16.30844948347029,False,False,DeepLabv3plus,external_test1
case_00045,6265,7446,18300,1221229,1253240,24565,13711,0.01960119370591427,0.32735918068763714,0.19571397332167068,0.45693239005178327,0.2550376552004885,0.006060186786579038,299.0948021101593,96.97271148084953,False,False,DeepLabv3plus,external_test1
case_00046,6002,1933,2830,1242475,1253240,8832,7935,0.007047333312055153,0.7159301007932248,0.5575476079888527,0.7563957151858853,0.6795742753623188,0.0015533490623653979,33.795126161894196,10.671865115925286,False,False,DeepLabv3plus,external_test1
case_00047,13302,1386,4730,1233822,1253240,18032,14688,0.014388305512112605,0.813080684596577,0.6850345040683902,0.9056372549019608,0.7376885536823425,0.0011220782248819632,36.846036030912344,10.834574354734599,False,False,DeepLabv3plus,external_test1
case_00048,65453,1802,7368,1178617,1253240,72821,67255,0.058106188758737354,0.934535537850881,0.8771156345898717,0.9732064530518177,0.8988203952156658,0.001526576580010996,24.08318915758459,7.5267282584659085,False,False,DeepLabv3plus,external_test1
case_00049,23681,3442,3086,1475231,1505440,26767,27123,0.017780183866510788,0.8788643533123028,0.7839054586381542,0.8730966338531874,0.884708783203198,0.002327762798130486,26.13422664228711,9.559616929366712,False,False,DeepLabv3plus,external_test1
case_00050,44256,525,9786,1450873,1505440,54042,44781,0.03589781060686577,0.8956619410461127,0.8110396393424597,0.9882762778857105,0.818918618852004,0.0003617202173352864,33.28663395418648,10.52100297957971,False,False,DeepLabv3plus,external_test1
case_00051,6669,0,18763,1480008,1505440,25432,6669,0.01689339993623127,0.41550107473287434,0.26222868826675055,1.0,0.26222868826675055,0.0,72.9842132835698,36.28439610146481,False,False,DeepLabv3plus,external_test1
case_00052,47696,1419,10664,1236579,1296358,58360,49115,0.045018428551372384,0.8875738543847407,0.7978721624650797,0.9711086226203808,0.8172721041809459,0.0011462054058245651,41.00365799264592,10.902664555740062,False,False,DeepLabv3plus,external_test1
case_00053,54730,4397,14581,1222650,1296358,69311,59127,0.05346594073550671,0.8522399912798393,0.7425245563575189,0.9256346508363353,0.7896293517623465,0.0035833998208707574,39.74414327945054,18.671180194644858,False,False,DeepLabv3plus,external_test1
case_00054,53617,2862,10360,1438601,1505440,63977,56479,0.04249721011797215,0.8902337783090921,0.8021813611813462,0.9493262982701535,0.8380668052581396,0.0019854828046228035,38.19685626657959,12.842373922685098,False,False,DeepLabv3plus,external_test1
case_00055,89325,32604,14978,1368533,1505440,104303,121929,0.06928406313104474,0.7896760847271828,0.6524502034227614,0.7325984794429545,0.8563991447992867,0.02326967312975105,124.17325271323598,34.966950974762476,False,False,DeepLabv3plus,external_test1
case_00056,77158,489,27062,1400731,1505440,104220,77647,0.06922892974811351,0.8485101750180076,0.7368803063729001,0.9937022679562636,0.7403377470734984,0.000348981601747049,54.41277176373768,19.05025826294893,False,False,DeepLabv3plus,external_test1
case_00057,97700,16128,6886,1175644,1296358,104586,113828,0.0806767883563028,0.8946312965286108,0.8093510280497705,0.8583125417296271,0.9341594477272293,0.01353278982892701,79.37251430446413,19.453696418525407,False,False,DeepLabv3plus,external_test1
case_00058,90653,8745,1754,1195206,1296358,92407,99398,0.07128200697646792,0.9452621151690519,0.8962057102182853,0.9120203625827481,0.9810187539904985,0.0072635846475479484,23.345235059857504,8.502905586512352,False,False,DeepLabv3plus,external_test1
case_00059,33066,690,5445,1466239,1505440,38511,33756,0.02558122542246785,0.9151064801361617,0.8434988903344303,0.9795591894774263,0.8586118251928021,0.0004703704132919862,19.924716620639604,7.7668218339136885,False,False,DeepLabv3plus,external_test1
case_00060,53569,9629,5354,1436888,1505440,58923,63198,0.03914005207779785,0.8773102087274097,0.7814359901972225,0.8476375834678312,0.9091356516131223,0.006656679458312623,36.213230238464845,13.440575043344511,False,False,DeepLabv3plus,external_test1
case_00061,48277,21546,370,1435247,1505440,48647,69823,0.03231414071633543,0.8150080189077403,0.6877751342726482,0.6914197327528179,0.9923941866918823,0.01479002164343184,53.75592949495972,22.74800452833752,False,False,DeepLabv3plus,external_test1
case_00062,4112,0,33082,1468246,1505440,37194,4112,0.024706398129450528,0.19909940444487484,0.11055546593536592,1.0,0.11055546593536592,0.0,98.93178303640943,49.84912994049507,False,False,DeepLabv3plus,external_test1
case_00063,71138,6083,7585,1420634,1505440,78723,77221,0.0522923530662132,0.912353152413687,0.838832158102021,0.9212260913482084,0.903649505227189,0.004263634624105552,26.570660511172846,12.516044957929717,False,False,DeepLabv3plus,external_test1
case_00064,36556,2926,607,1465351,1505440,37163,39482,0.02468580614305452,0.9539043642768609,0.9118710868317993,0.9258902791145333,0.9836665500632349,0.0019928119830250014,20.668545106034816,4.821679386827105,False,False,DeepLabv3plus,external_test1
case_00065,94912,5826,6796,1188824,1296358,101708,100738,0.07845672260286125,0.9376525098050839,0.882623170346123,0.9421668089499494,0.9331812640106973,0.004876742142049973,26.832815729997478,9.692292890664358,False,False,DeepLabv3plus,external_test1
case_00066,61277,3126,4216,1227739,1296358,65493,64403,0.05052076664007936,0.9434778592104452,0.8930033955609962,0.9514618884213468,0.9356267081978227,0.0025396773813537634,17.65201594727043,6.088993219701218,False,False,DeepLabv3plus,external_test1
case_00067,52807,1220,12607,1438806,1505440,65414,54027,0.04345174832607078,0.8842357314489999,0.7924933217276465,0.9774186980583782,0.8072736723025652,0.000847206925430513,43.04474349181933,13.357219971665842,False,False,DeepLabv3plus,external_test1
case_00068,20271,361,4860,1479948,1505440,25131,20632,0.01669345839090233,0.8859121998120753,0.7951906480464459,0.9825029081039163,0.806613346066611,0.00024386800323445982,22.82761391068316,7.821313590379093,False,False,DeepLabv3plus,external_test1
case_00069,105207,4119,12302,1383812,1505440,117509,109326,0.07805624933574237,0.9276081733418564,0.8649899694149373,0.9623236924427858,0.8953101464568671,0.0029677267818068766,41.36178578841787,11.1799307687555,False,False,DeepLabv3plus,external_test1
case_00070,19496,755,803,995118,1016172,20299,20251,0.019975948953523615,0.9615782983970407,0.9259998100123492,0.9627178904745445,0.9604414010542391,0.0007581287975474784,7.0710678118654755,2.749635007271769,False,False,DeepLabv3plus,external_test1
case_00071,142533,1290,11001,1350616,1505440,153534,143823,0.10198613030077586,0.9586658461041778,0.920613083242908,0.9910306418305834,0.9283481183320959,0.0009542083547228876,17.804493814764857,7.281516608276945,False,False,DeepLabv3plus,external_test1
case_00072,42314,2412,14430,1446284,1505440,56744,44726,0.03769263471144649,0.8340199073617818,0.715295151802015,0.9460716361847695,0.7456999859015931,0.001664945578644519,104.66645563743913,24.071036409734297,False,False,DeepLabv3plus,external_test1
case_00073,9042,29,5413,1281874,1296358,14455,9071,0.011150469237664287,0.7686814588115277,0.624275062137531,0.9968029985668614,0.6255274991352473,2.262261653182807e-05,23.40939982143925,11.667553546060581,False,False,DeepLabv3plus,external_test1
case_00074,58084,249,8213,949626,1016172,66297,58333,0.0652419078659912,0.9321030249538634,0.8728398401106002,0.9957314041794525,0.8761180747243466,0.00026213975523095144,26.048016641662986,9.350122927689881,False,False,DeepLabv3plus,external_test1
case_00075,59059,7549,1797,1437035,1505440,60856,66608,0.04042406206823254,0.9266773363459486,0.8633725604853446,0.8866652654335816,0.9704712764558959,0.005225725883714619,32.990907002964775,9.828304169847414,False,False,DeepLabv3plus,external_test1
case_00076,9483,3884,7400,1484673,1505440,16883,13367,0.011214661494313955,0.6269752066115702,0.45663793518563106,0.7094336799581058,0.5616892732334301,0.002609238342905243,40.311288741492746,17.11618011148283,False,False,DeepLabv3plus,external_test1
case_00077,46693,3383,1583,1453781,1505440,48276,50076,0.032067701137209054,0.9495078900276558,0.9038696064577324,0.9324426871155843,0.9672093794017731,0.0023216329802273456,13.0,5.423933165156079,False,False,DeepLabv3plus,external_test1
case_00078,22831,4207,1754,987380,1016172,24585,27038,0.02419373885523317,0.8845282141681033,0.7929633231453181,0.8444041719062061,0.9286556843603824,0.004242693782794652,31.064449134018133,9.624921913145538,False,False,DeepLabv3plus,external_test1
case_00079,90739,3237,4715,917481,1016172,95454,93976,0.09393488503914692,0.9580214327192103,0.9194252768742844,0.9655550353281689,0.9506044796446456,0.003515734459411025,18.0,6.450822713099353,False,False,DeepLabv3plus,external_test1
case_00080,8269,406,1694,1005803,1016172,9963,8675,0.009804442555000532,0.8873269664127053,0.79747323753496,0.9531988472622478,0.8299708923015157,0.00040349470139901353,12.649110640673518,4.981521078218653,False,False,DeepLabv3plus,external_test1
case_00081,79822,3123,3304,929923,1016172,83126,82945,0.08180308058084655,0.9612996850744561,0.9254831940080465,0.9623485442160468,0.9602531097370257,0.0033471018577862187,19.783798732778653,5.62597469462367,False,False,DeepLabv3plus,external_test1
case_00082,97240,12205,16154,1379841,1505440,113394,109445,0.07532282920607929,0.8727377164679432,0.7742099857482941,0.8884827995796976,0.8575409633666684,0.008767670033892559,58.728187440104094,23.14232889480489,False,False,DeepLabv3plus,external_test1
case_00083,59926,1963,1999,952284,1016172,61925,61889,0.06093948662234346,0.9680003876782917,0.9379852241422489,0.9682819240899029,0.9677190149374243,0.0020571193831366514,9.899494936611665,4.03265387824408,False,False,DeepLabv3plus,external_test1
case_00084,28996,562,12605,1211077,1253240,41601,29558,0.03319475918419457,0.8149636729015304,0.6877119749543439,0.9809865349482374,0.6970024759020216,0.00046383452496989616,64.58318522301673,17.421301168864197,False,False,DeepLabv3plus,external_test1
case_00085,41667,1181,6613,966711,1016172,48280,42848,0.047511641729943356,0.91447195154069,0.8424213016315886,0.9724374533233756,0.8630281690140845,0.0012201774578155414,23.259406699226016,7.747964223365176,False,False,DeepLabv3plus,external_test1
case_00086,92062,5435,102447,1096414,1296358,194509,97497,0.15004265796948066,0.6305486873557392,0.46043892289841154,0.9442546950162569,0.47330457716609514,0.004932617808792312,178.0,58.49666284302289,False,False,DeepLabv3plus,external_test1
case_00087,92055,1152,24930,1387303,1505440,116985,93207,0.07770817833988734,0.8759134505594884,0.7792224281977704,0.9876404132736811,0.7868957558661367,0.0008296991980294644,110.6584510905833,24.86796117813562,False,False,DeepLabv3plus,external_test1
case_00088,26817,27,236523,1242073,1505440,263340,26844,0.17492560314592412,0.18482755768753617,0.10182369089521466,0.9989941886455074,0.10183413078149921,2.1737380243136625e-05,328.3881072855376,129.78396681666896,False,False,DeepLabv3plus,external_test1
case_00089,27679,3536,7911,1466314,1505440,35590,31215,0.023640928897863747,0.8286505501085248,0.7074323978939835,0.8867211276629825,0.7777184602416409,0.002405687655202912,50.21652945285781,16.356316970103013,False,False,DeepLabv3plus,external_test1
case_00090,45539,9359,2412,958862,1016172,47951,54898,0.047187877642761264,0.8855506616496028,0.794608270807887,0.8295202011002222,0.949698650705929,0.009666181584576248,60.60528029800704,13.457055493816402,False,False,DeepLabv3plus,external_test1
case_00091,71618,8062,2375,1171185,1253240,73993,79680,0.0590413647824838,0.9320830594834486,0.8728048260313205,0.898820281124498,0.9679023691430271,0.006836566045959837,22.823232829122265,9.183454029444974,False,False,DeepLabv3plus,external_test1
case_00092,55915,1030,5377,953850,1016172,61292,56945,0.06031656058226363,0.9458122245997446,0.8971952119636726,0.9819123715866187,0.9122724009658683,0.0010786695710455765,26.616685697181513,6.636256666075615,False,False,DeepLabv3plus,external_test1
case_00093,94495,2210,15691,903776,1016172,110186,96705,0.1084324307302307,0.9134761782774504,0.8407327662906153,0.9771469934336384,0.857595338790772,0.0024393312920950212,41.375941228174334,11.878563093467815,False,False,DeepLabv3plus,external_test1
case_00094,11771,5776,1365,1234328,1253240,13136,17547,0.010481631610864638,0.7672652608936544,0.6224090524534687,0.6708269219809654,0.8960870889159561,0.004657673872513918,34.20526275297414,12.173331063596521,False,False,DeepLabv3plus,external_test1
case_00095,34702,156,8473,972841,1016172,43175,34858,0.042487885909078385,0.889418579319006,0.8008585077658028,0.9955247002122899,0.8037521713954835,0.00016032937408851208,45.18008630189629,9.180228003211804,False,False,DeepLabv3plus,external_test1
case_00096,72739,5095,15683,1202841,1296358,88422,77834,0.06820801044156012,0.875024059282071,0.7778157981971192,0.9345401752447516,0.8226346384383977,0.004217938698739006,43.91126301076109,16.946288719020647,False,False,DeepLabv3plus,external_test1
case_00097,44092,8432,1906,1241928,1296358,45998,52524,0.03548248246240622,0.8950691216175067,0.8100679772184457,0.8394638641382987,0.9585634158006869,0.006743657826545955,26.218287560729937,10.426003558168452,False,False,DeepLabv3plus,external_test1
case_00098,48303,9815,17384,1429938,1505440,65687,58118,0.04363309065788075,0.7803077420136505,0.6397578872082859,0.8311194466430366,0.7353509826906389,0.0068171415513633244,69.0,25.284704496707597,False,False,DeepLabv3plus,external_test1
case_00099,6745,422,1778,1496495,1505440,8523,7167,0.005661467743649697,0.8597833014659019,0.7540525433202907,0.9411190177201061,0.791388008917048,0.00028191275802198784,10.770329614269007,5.324537621472761,False,False,DeepLabv3plus,external_test1
case_00100,7615,1223,12829,1231573,1253240,20444,8838,0.01631291691934506,0.5201147462605014,0.3514561314441316,0.8616202760805612,0.37248092349833695,0.0009920538353466429,61.66036003787198,29.017458503592625,False,False,DeepLabv3plus,external_test1
case_00101,77294,6174,8270,1413702,1505440,85564,83468,0.056836539483473274,0.9145487245018694,0.8425516143800824,0.9260315330426031,0.9033472020943387,0.004348267031768971,35.53160706935336,11.55069248105616,False,False,DeepLabv3plus,external_test1
case_00102,23021,742,60191,1169286,1253240,83212,23763,0.0663974976859979,0.43039962608086,0.2742096862567597,0.9687749863232756,0.27665480940249004,0.0006341728574017033,156.54072952429985,55.60509437114512,False,False,DeepLabv3plus,external_test1
case_00103,81319,3410,3439,928004,1016172,84758,84729,0.08340910790692914,0.959589821048222,0.9223187551038926,0.9597540393489832,0.9594256589348498,0.0036611002196660133,14.866068747318506,5.770030415420108,False,False,DeepLabv3plus,external_test1
case_00104,145966,5340,24452,1077482,1253240,170418,151306,0.13598193482493376,0.9073988884882694,0.8304942022553738,0.9647072819319789,0.8565175040195284,0.004931558464826167,154.52214670052825,28.911178145599063,False,False,DeepLabv3plus,external_test1
case_00105,102965,794,11433,900980,1016172,114398,103759,0.11257739831445858,0.9439532080107446,0.8938554760747274,0.992347651769967,0.9000594415986294,0.0008804866851339693,38.23408554736357,8.942317891458032,False,False,DeepLabv3plus,external_test1
case_00106,58281,4764,1309,951818,1016172,59590,63045,0.05864164728018485,0.9504790638887757,0.905631351586537,0.9244349274327861,0.9780332270515187,0.004980231699948358,19.193712781635174,5.780405291542486,False,False,DeepLabv3plus,external_test1
case_00107,66752,4609,8564,936247,1016172,75316,71361,0.07411737383041454,0.9101904184023398,0.8351829840475445,0.9354129006039713,0.8862924212650698,0.004898730517741291,40.3050822268431,12.796789671673483,False,False,DeepLabv3plus,external_test1
case_00108,66494,259,19363,930056,1016172,85857,66753,0.08449061773006931,0.8714238909638949,0.7721445492126898,0.9961200245681842,0.7744738343990589,0.0002784003267710399,99.18422637562081,22.80583536019084,False,False,DeepLabv3plus,external_test1
case_00001,61595,7155,5772,941650,1016172,67367,68750,0.06629487921336152,0.9050302313450929,0.8265344462038056,0.8959272727272727,0.9143200676889278,0.007541064813107013,38.0,10.850499974956561,False,False,DeepLabv3plus,external_test2
case_00002,44414,3853,22086,1435087,1505440,66500,48267,0.04417313210755659,0.7739855533385033,0.6313021477406792,0.9201732032237346,0.6678796992481203,0.002677665503773611,68.59300255857006,24.194727535830108,False,False,DeepLabv3plus,external_test2
case_00003,45671,16855,686,1190028,1253240,46357,62526,0.03698972263891992,0.8389004711479294,0.7225052205277479,0.7304321402296644,0.985201803395388,0.013965728243748565,55.8179967718568,19.198112932566385,False,False,DeepLabv3plus,external_test2
case_00004,530,160,21658,668852,691200,22188,690,0.032100694444444446,0.046332721391730045,0.02371576874888133,0.7681159420289855,0.023886785649900846,0.00023915863990481485,179.07875291231258,79.6455383923041,False,False,DeepLabv3plus,external_test2
case_00005,27096,3114,1729,519711,551650,28825,30210,0.0522523339073688,0.9179639197086474,0.8483671999749522,0.8969215491559086,0.9400173460537727,0.005956103858843782,15.297058540778355,6.252576319303633,False,False,DeepLabv3plus,external_test2
case_00006,17770,529,3035,669866,691200,20805,18299,0.03009982638888889,0.9088584288052373,0.8329427205399831,0.9710913164653806,0.8541216053833213,0.0007890870307803608,19.010519036176174,6.068875115352997,False,False,DeepLabv3plus,external_test2
case_00007,27920,1554,2832,658894,691200,30752,29474,0.04449074074074074,0.9271743100986285,0.8642357456819166,0.9472755649046617,0.9079084287200833,0.002352948301758806,22.144713582499147,6.144533920048056,False,False,DeepLabv3plus,external_test2
case_00008,92657,1241,17577,904697,1016172,110234,93898,0.10847966682805667,0.9078145513687222,0.8311908499663602,0.9867835310656244,0.8405482881869477,0.0013698509169501666,46.31413967108891,15.766624472588429,False,False,DeepLabv3plus,external_test2
case_00009,109855,4695,5793,895829,1016172,115648,114550,0.11380750502867625,0.954439221887245,0.9128491063044797,0.959013531209079,0.9499083425567239,0.005213631174738264,28.430616156969382,7.973458141408944,False,False,DeepLabv3plus,external_test2
case_00010,113036,1692,6481,894963,1016172,119517,114728,0.11761493133052278,0.9651091805588167,0.9325710137036028,0.9852520744717942,0.9457734046202633,0.0018870133998025998,16.0,6.064609195237977,False,False,DeepLabv3plus,external_test2
case_00011,75706,3041,5704,931721,1016172,81410,78747,0.08011439008356853,0.9453973288710453,0.896448828314644,0.9613826558472068,0.9299348974327478,0.003253234513170197,31.38470965295043,8.071250652312447,False,False,DeepLabv3plus,external_test2
case_00012,54556,1284,33744,926588,1016172,88300,55840,0.08689473829233633,0.7569862633550715,0.6089926772637971,0.9770057306590257,0.6178482446206115,0.0013838115602152021,113.20732468834251,34.01996060209854,False,False,DeepLabv3plus,external_test2
case_00013,41570,12293,12052,950257,1016172,53622,53863,0.052768625783824,0.773503279527376,0.6306606993855723,0.7717728310714219,0.7752415053522808,0.012771284608591761,103.17094008441599,24.17752870574174,False,False,DeepLabv3plus,external_test2
case_00014,52724,1947,3210,958291,1016172,55934,54671,0.055043831162441006,0.9533746214004791,0.9109034052625213,0.9643869693256022,0.9426109343154432,0.0020276223186335056,13.416407864998739,5.457578487979532,False,False,DeepLabv3plus,external_test2
case_00015,73590,7928,1854,932800,1016172,75444,81518,0.07424333675795043,0.9376791834966425,0.8826704409154152,0.9027454059226183,0.9754254811515827,0.008427515711236405,24.512884625113713,7.322453772259861,False,False,DeepLabv3plus,external_test2
case_00016,80060,1870,10588,923654,1016172,90648,81930,0.08920537074432282,0.9278123515164157,0.8653451220303077,0.9771756377395338,0.8831965404642133,0.0020204770486772898,25.185306854450296,8.561491528384462,False,False,DeepLabv3plus,external_test2
case_00017,131358,1307,22045,1098530,1253240,153403,132665,0.12240512591363187,0.9183690591048282,0.8490595307349234,0.9901481174386613,0.8562935535810904,0.001188357911217753,41.472242986922716,15.064406998455508,False,False,DeepLabv3plus,external_test2
case_00018,107053,68,41656,1356663,1505440,148709,107121,0.09878108725688171,0.8369073212680296,0.7195534255966984,0.9993652038349157,0.7198824549959989,5.0120473402612604e-05,76.94439875857913,30.683319580890867,False,False,DeepLabv3plus,external_test2
case_00019,66596,3601,4446,941529,1016172,71042,70197,0.06991139295316147,0.9430256515551654,0.8921935077636215,0.9487015114606038,0.9374173024408097,0.003810057875636156,26.0,6.9549851557934526,False,False,DeepLabv3plus,external_test2
case_00020,216,0,72584,1432640,1505440,72800,216,0.048357955149325116,0.005916511449545305,0.0029670329670329672,1.0,0.0029670329670329672,0.0,272.0066174458153,156.95382844666858,False,False,DeepLabv3plus,external_test2
case_00021,34458,145,14946,1455891,1505440,49404,34603,0.03281698373897332,0.8203602080778982,0.6954328038910977,0.9958096118833627,0.697473888753947,9.958544981030688e-05,66.02061882164892,17.079878522494777,False,False,DeepLabv3plus,external_test2
case_00022,67716,28332,13674,1395718,1505440,81390,96048,0.054063928153895206,0.7632637879146519,0.6171597309564171,0.7050224887556222,0.8319941024695908,0.01989536884238615,88.9122930639011,34.59758756975104,False,False,DeepLabv3plus,external_test2
case_00023,2095,3177,2720,1245248,1253240,4815,5272,0.0038420414286170247,0.41538614057698026,0.26213713713713716,0.3973823975720789,0.43509865005192105,0.00254480645613473,79.93745112411199,25.791540879525638,False,False,DeepLabv3plus,external_test2
case_00024,21228,1050,10915,1472247,1505440,32143,22278,0.021351232862153256,0.7801400194777751,0.6395324315367698,0.9528683005655804,0.6604237314500825,0.0007126872585771912,53.13614109246361,16.958231728416,False,False,DeepLabv3plus,external_test2
case_00025,9200,11105,2964,1229971,1253240,12164,20305,0.009706041939293352,0.5666943854137793,0.39537582190897763,0.4530903718295986,0.7563301545544229,0.008947880709964579,98.33810996034542,25.622034926337644,False,False,DeepLabv3plus,external_test2
case_00026,168334,11676,10882,1062348,1253240,179216,180010,0.14300213845711915,0.9372038772249225,0.8818284684533663,0.9351369368368424,0.9392799750022319,0.0108712654465822,50.0,14.99170428900895,False,False,DeepLabv3plus,external_test2
case_00027,72632,22632,1482,1408694,1505440,74114,95264,0.049230789669465404,0.8576320419416925,0.750749384987493,0.762428619415519,0.9800037779636775,0.015811911472299114,100.05691900566978,27.198970735567464,False,False,DeepLabv3plus,external_test2
case_00028,67695,12,118153,1319580,1505440,185848,67707,0.12345095121691997,0.5339669894105815,0.36422576132572904,0.9998227657406177,0.3642492789806724,9.093719877052907e-06,165.17747860102298,65.26198588046937,False,False,DeepLabv3plus,external_test2
case_00029,62771,2536,15670,1424463,1505440,78441,65307,0.052105032415772135,0.8733478030998693,0.775170727490522,0.961168021804707,0.8002320215193585,0.0017771561157365913,43.41658669218482,16.911629028114316,False,False,DeepLabv3plus,external_test2
case_00030,80725,1258,9701,924488,1016172,90426,81983,0.08898690379187775,0.9364360329217152,0.880469874787313,0.9846553553785541,0.8927189082785925,0.0013589040622373739,31.871604484446483,9.454863430123396,False,False,DeepLabv3plus,external_test2
case_00031,14963,68,16323,1221886,1253240,31286,15031,0.024964093070760588,0.646112658419155,0.4772277859284302,0.9954760162331182,0.4782650386754459,5.564857596930818e-05,59.62548706220722,25.400177206465674,False,False,DeepLabv3plus,external_test2
case_00032,22546,1385,4934,1224375,1253240,27480,23931,0.021927164788867255,0.8770885608138336,0.7810843582192968,0.9421252768375747,0.8204512372634644,0.0011299112387416787,25.079872407968907,8.899698978840826,False,False,DeepLabv3plus,external_test2
case_00033,88825,22184,493,904670,1016172,89318,111009,0.08789653720039521,0.8868000818661489,0.7966224821079443,0.8001603473592231,0.9944803958888466,0.023934729741685316,53.85164807134504,16.323167681846062,False,False,DeepLabv3plus,external_test2
case_00034,50557,16358,31046,1407479,1505440,81603,66915,0.054205415028164526,0.680819833286201,0.5160931391063791,0.7555406112231936,0.6195483009203093,0.011488674616546698,105.15060602468395,39.6586660004971,False,False,DeepLabv3plus,external_test2
case_00035,79235,1016,63231,872690,1016172,142466,80251,0.14019870651818786,0.7115307767256204,0.552229547957235,0.9873397216234066,0.5561677874019064,0.001162862564752903,164.54406699853558,37.57709336309906,False,False,DeepLabv3plus,external_test2
case_00036,61094,2967,9391,1431988,1505440,70485,64061,0.0468201987458816,0.9081503723633553,0.8317540706856178,0.9536847692043521,0.8667659785770022,0.0020676606583481714,25.314026498144862,10.341073973669912,False,False,DeepLabv3plus,external_test2
case_00037,19579,7663,46874,1431324,1505440,66453,27242,0.04414191199914975,0.41793051923795294,0.2641669814884775,0.7187064092210558,0.29462928686440043,0.00532527396008442,124.06449935416659,52.484759417809926,False,False,DeepLabv3plus,external_test2
case_00038,150624,5340,7592,1089684,1253240,158216,155964,0.12624557147872714,0.958838882169457,0.9209322800753259,0.9657613295375856,0.9520149668807201,0.004876605444264236,24.51411131803401,8.084249926586976,False,False,DeepLabv3plus,external_test2
case_00039,77494,1387,32596,1141763,1253240,110090,78881,0.08784430755481791,0.8201681739526171,0.6951568484978964,0.9824165515143064,0.7039149786538287,0.0012133140882648822,100.71295788946662,26.13787907942501,False,False,DeepLabv3plus,external_test2
case_00040,77300,8136,44202,1375802,1505440,121502,85436,0.08070863003507281,0.7470836675719298,0.5962757833351332,0.9047708226040545,0.6362035192836332,0.00587887607681847,111.13077824598358,32.19686966781862,False,False,DeepLabv3plus,external_test2
case_00041,115018,403,46102,1091717,1253240,161120,115421,0.12856276531231048,0.8318332543818096,0.7120843471208435,0.9965084343403713,0.7138654419066535,0.00036900706882027616,77.98942174669178,27.63784891250535,False,False,DeepLabv3plus,external_test2
case_00042,114294,7014,17208,1366924,1505440,131502,121308,0.08735120629184823,0.904188916577667,0.8251321147015507,0.9421802354337719,0.8691426746361272,0.00510503385160029,86.23048697846926,21.979259323064852,False,False,DeepLabv3plus,external_test2
case_00043,100136,3810,41732,1107562,1253240,141868,103946,0.1132009830519294,0.8147298363803527,0.6873790139897582,0.963346352914013,0.7058392308342967,0.003428195059799959,96.17692030835673,35.200987066534616,False,False,DeepLabv3plus,external_test2
case_00044,58821,3517,22872,1420230,1505440,81693,62338,0.0542651982144755,0.8167824982121904,0.690306302077221,0.943581763932112,0.7200249715397892,0.002470242255119765,82.37778822596128,21.65448601420164,False,False,DeepLabv3plus,external_test2
case_00045,36582,1577,10487,1456794,1505440,47069,38159,0.03126594218301626,0.8584502745576571,0.7520042757883485,0.9586729211981446,0.7771994306231278,0.0010813434990136256,35.0,13.030518675916865,False,False,DeepLabv3plus,external_test2
case_00046,5494,0,63010,1436936,1505440,68504,5494,0.04550430438941439,0.1484904997432363,0.08019969636809529,1.0,0.08019969636809529,0.0,190.2997576565174,100.63955001024922,False,False,DeepLabv3plus,external_test2
case_00047,80526,5250,23465,1396199,1505440,103991,85776,0.06907681475183335,0.8486828584527342,0.7371408170924836,0.938794068270845,0.7743554730697849,0.003746122762940357,76.45518605683768,24.214460208657044,False,False,DeepLabv3plus,external_test2
case_00048,5889,0,15506,1274963,1296358,21395,5889,0.016503928698708228,0.43168157161706494,0.27525122692217807,1.0,0.27525122692217807,0.0,81.83327582598307,33.742351554378565,False,False,DeepLabv3plus,external_test2
case_00049,57745,21903,458,1425334,1505440,58203,79648,0.038661786587310024,0.8377886268507302,0.7208573639927096,0.7250025110486139,0.9921309898115217,0.015134356017708225,74.28828515805036,25.36623695173687,False,False,DeepLabv3plus,external_test2
case_00050,21445,1881,1796,991050,1016172,23241,23326,0.022871128116106327,0.9210385036613911,0.8536342647878353,0.9193603704021264,0.9227227744072974,0.0018943914531825475,18.745593213741312,6.716013601792312,False,False,DeepLabv3plus,external_test2
case_00051,140896,3300,34979,1074065,1253240,175875,144196,0.14033624844403306,0.8804046602160146,0.7863597041998046,0.9771144830647175,0.8011144278606965,0.00306302877854766,77.10123176334169,23.656990013451026,False,False,DeepLabv3plus,external_test2
case_00052,27993,2196,13339,1252830,1296358,41332,30189,0.03188316807548532,0.7827910683575453,0.6431032898364272,0.9272582728808506,0.677271847478951,0.001749764546710586,41.41859089958511,20.122340987128215,False,False,DeepLabv3plus,external_test2
case_00053,14401,726,1127,1236986,1253240,15528,15127,0.012390284382879577,0.9395530908497798,0.8859972929740372,0.9520063462682621,0.9274214322514168,0.000586566180177618,8.0,3.178955608065659,False,False,DeepLabv3plus,external_test2
case_00054,230,0,187178,1318032,1505440,187408,230,0.12448719311297694,0.0024515290079834577,0.0012272688465807223,1.0,0.0012272688465807223,0.0,384.41351432358294,241.660466279089,False,False,DeepLabv3plus,external_test2
case_00055,17373,1384,5724,1228759,1253240,23097,18757,0.01842982988094858,0.8301715487169685,0.709652383481067,0.9262142133603455,0.7521756072217171,0.001125072450926437,39.316532750283216,12.082022585032238,False,False,DeepLabv3plus,external_test2
case_00056,36598,5111,2216,1209315,1253240,38814,41709,0.030970923366633686,0.9090073643555258,0.8331929425156517,0.877460500131866,0.9429071984335549,0.004208572609611454,23.0,8.40208832831762,False,False,DeepLabv3plus,external_test2
case_00057,38134,2483,20062,1444761,1505440,58196,40617,0.038657136783930277,0.7718417617115156,0.6284546548229206,0.9388679616909176,0.6552684033266891,0.0017156747583683195,45.425616591889785,17.89921272189028,False,False,DeepLabv3plus,external_test2
case_00058,107662,6283,19030,1120265,1253240,126692,113945,0.10109157064887811,0.8948083628037251,0.8096409099454784,0.9448593619728817,0.8497931992548858,0.005577214641542127,48.04163056034261,15.817783729190328,False,False,DeepLabv3plus,external_test2
case_00059,128071,6215,10841,1108113,1253240,138912,134286,0.11084229676678051,0.9375690890855717,0.8824753491769278,0.9537181835783328,0.9219577862243723,0.005577352449189108,35.474635618015334,11.950291989049708,False,False,DeepLabv3plus,external_test2
case_00060,0,0,99032,1197326,1296358,99032,0,0.07639247800376131,0.0,0.0,nan,0.0,0.0,nan,nan,True,False,DeepLabv3plus,external_test2
case_00061,45861,17827,3019,1438733,1505440,48880,63688,0.03246891274311829,0.8148141567763485,0.6874990630668446,0.7200885567139806,0.9382364975450082,0.012239111330806832,85.88451309160388,19.30759490235627,False,False,DeepLabv3plus,external_test2
case_00062,18862,751,6075,1479752,1505440,24937,19613,0.016564592411520883,0.8467789001122334,0.7342728122080349,0.9617090705144546,0.7563860929542447,0.0005072600325700117,20.591260281974,10.274975328597503,False,False,DeepLabv3plus,external_test2
case_00063,0,6,10700,1494734,1505440,10700,6,0.007107556594749708,0.0,0.0,0.0,0.0,4.014076026599944e-06,554.0038357259206,494.64552901588036,False,False,DeepLabv3plus,external_test2
case_00064,64137,2753,8042,1430508,1505440,72179,66890,0.04794545116377936,0.92237666194479,0.8559360486841403,0.95884287636418,0.8885825517117167,0.0019207946075418224,25.495097567963924,8.73194673149892,False,False,DeepLabv3plus,external_test2
case_00065,23541,3927,5758,1472214,1505440,29299,27468,0.019462084174726325,0.8293903147955678,0.7085114067296695,0.8570336391437309,0.8034745213147206,0.0026603149699114107,69.01448971084463,18.271850009066483,False,False,DeepLabv3plus,external_test2
case_00066,28487,7274,3462,1214017,1253240,31949,35761,0.02549312182822125,0.8414414414414414,0.7262830482115086,0.7965940549760913,0.8916398009327365,0.005955992470263025,38.89471746892897,10.436677704954853,False,False,DeepLabv3plus,external_test2
case_00067,74897,4948,11294,1414301,1505440,86191,79845,0.05725302901477309,0.9021778409501554,0.8217886963868377,0.9380299329951781,0.8689654372266246,0.003486350879937206,48.17725348009125,13.873549866145796,False,False,DeepLabv3plus,external_test2
case_00068,33154,3485,5512,1463289,1505440,38666,36639,0.02568418535444787,0.8805258614965805,0.7865531066878603,0.9048827751849122,0.8574458180313453,0.0023759624863816785,23.600847442411894,9.822579291924884,False,False,DeepLabv3plus,external_test2
case_00069,1688,0,87033,1207637,1296358,88721,1688,0.06843865660565986,0.03734141512460043,0.01902593523517544,1.0,0.01902593523517544,0.0,263.9268371968983,132.7892304964117,False,False,DeepLabv3plus,external_test2
case_00070,47348,2,44466,1204542,1296358,91814,47350,0.07082457160753435,0.6804633382196545,0.5156835409950336,0.9999577613516367,0.5156947742174396,1.6603793634769672e-06,89.49169202211637,39.91161340591188,False,False,DeepLabv3plus,external_test2
case_00071,80256,1631,45102,1378451,1505440,125358,81887,0.0832700074396854,0.7745036068421434,0.6319917473166967,0.9800823085471443,0.6402144258842675,0.0011818138342504286,79.23540644214299,31.766652727164985,False,False,DeepLabv3plus,external_test2
case_00072,66430,1522,4264,1433224,1505440,70694,67952,0.04695902858964821,0.9582678187614501,0.9198792511354824,0.9776018365905345,0.9396837072453108,0.0010608149456419465,13.0,5.387705806344911,False,False,DeepLabv3plus,external_test2
case_00073,0,0,45551,1250807,1296358,45551,0,0.03513767030403638,0.0,0.0,nan,0.0,0.0,nan,nan,True,False,DeepLabv3plus,external_test2
case_00074,127599,4009,14904,1358928,1505440,142503,131608,0.09465870443192688,0.9310024041355509,0.8709115976848313,0.969538325937633,0.8954127281530915,0.002941441900836209,32.33258115198442,12.26481464932937,False,False,DeepLabv3plus,external_test2
case_00075,29228,20856,3387,1451969,1505440,32615,50084,0.02166476246147306,0.7068525616996578,0.5466140524770436,0.5835795862950244,0.8961520772650621,0.01416054181589802,238.85626924230613,47.73946107771306,False,False,DeepLabv3plus,external_test2
case_00076,111700,3757,61843,1075940,1253240,173543,115457,0.13847547157767068,0.7730103806228373,0.6300056401579244,0.9674597469187662,0.6436445146159742,0.0034796799472444585,89.82315901216128,36.99005094885903,False,False,DeepLabv3plus,external_test2
case_00077,11649,67,12820,1480904,1505440,24469,11716,0.016253719842703795,0.6438579521901341,0.4747717639387023,0.9942813246841925,0.47607176427316195,4.5240588775877445e-05,63.829440793102194,19.482660706288723,False,False,DeepLabv3plus,external_test2
case_00078,3088,0,22238,1480114,1505440,25326,3088,0.016822988627909447,0.21735764059970436,0.12193003237779357,1.0,0.12193003237779357,0.0,100.67794926548834,55.208996959643414,False,False,DeepLabv3plus,external_test2
case_00079,19091,906,79478,1405965,1505440,98569,19997,0.06547520990540971,0.32203161108580874,0.19191756722794673,0.9546932039805971,0.19368158345930261,0.0006439822840900126,160.68570137777132,50.58269051613242,False,False,DeepLabv3plus,external_test2
case_00080,91062,2963,13571,1397844,1505440,104633,94025,0.06950326814751834,0.9167715370133597,0.846332577419235,0.9684871044934857,0.8702990452342951,0.002115209304350992,39.057607215607945,12.872110129312547,False,False,DeepLabv3plus,external_test2
case_00081,23950,1481,4985,1222824,1253240,28935,25431,0.023088155500941558,0.8810653717396902,0.787414518674382,0.9417639888325272,0.8277172973907033,0.0012096658920775461,25.0,8.427416575320192,False,False,DeepLabv3plus,external_test2
case_00082,12729,0,261630,1021999,1296358,274359,12729,0.21163829744561302,0.08867664270188931,0.046395416224727454,1.0,0.046395416224727454,0.0,397.77033690869314,229.92813903795113,False,False,DeepLabv3plus,external_test2
case_00083,44055,466,157051,1303868,1505440,201106,44521,0.13358619406950792,0.35871463642026324,0.21855714087274025,0.9895330293569327,0.21906357841138505,0.0003572704537334762,166.0011750511437,53.02021701528257,False,False,DeepLabv3plus,external_test2
case_00084,21473,10909,6954,1466104,1505440,28427,32382,0.018882851525135507,0.7062441414922134,0.5458867195444377,0.6631153109752331,0.7553734126006966,0.00738585239263297,55.62998294457475,24.130740865188873,False,False,DeepLabv3plus,external_test2
case_00085,101987,5165,6308,1391980,1505440,108295,107152,0.07193577957274949,0.9467479240834172,0.898880662788648,0.9517974466178886,0.9417516967542361,0.003696824595872297,21.22262107357099,7.478929738123989,False,False,DeepLabv3plus,external_test2
case_00086,67808,3457,24907,1157068,1253240,92715,71265,0.07398024320960071,0.8270276863032077,0.7050700827683734,0.9514909141935031,0.731359542684571,0.0029788242390297493,75.43208866258443,23.452181651898336,False,False,DeepLabv3plus,external_test2
case_00087,41960,2607,7746,1453127,1505440,49706,44567,0.03301758954192794,0.8901806455719029,0.802095081528492,0.9415038032625036,0.8441636824528226,0.0017908491523863563,43.936248173426364,11.278911682388115,False,False,DeepLabv3plus,external_test2
case_00088,147539,1905,27549,1328447,1505440,175088,149444,0.11630353916462961,0.9092416156187988,0.8335866390196223,0.9872527501940527,0.8426562642785342,0.0014319518443239082,49.0,14.938004224351943,False,False,DeepLabv3plus,external_test2
case_00089,27851,7017,5761,1464811,1505440,33612,34868,0.022327027314273568,0.8134053738317757,0.6854955819734673,0.7987553057244465,0.8286028799238367,0.004767540772427213,90.15403098250916,19.67123182470659,False,False,DeepLabv3plus,external_test2
case_00090,49416,3403,15959,1436662,1505440,65375,52819,0.04342584227866936,0.8361845778973552,0.7184855622437407,0.9355724265889168,0.7558852772466539,0.0023630877772878307,54.182770955853385,21.439735731069398,False,False,DeepLabv3plus,external_test2
case_00091,28062,185,32830,1444363,1505440,60892,28247,0.04044797534275694,0.6296233971662235,0.4594528218478314,0.9934506319255142,0.4608487157590488,0.00012806774160498648,81.74564155332453,32.99449793772402,False,False,DeepLabv3plus,external_test2
case_00092,49529,4148,15932,1435831,1505440,65461,53677,0.04348296843447763,0.8314559586362034,0.7115315548276804,0.9227229539653855,0.7566184445700493,0.0028805975642700347,48.60041152089147,15.053470239864671,False,False,DeepLabv3plus,external_test2
case_00093,148158,957,32634,1323691,1505440,180792,149115,0.12009246466149431,0.8981803962935009,0.8151791756763449,0.9935821345941053,0.8194942254082039,0.0007224560788979411,63.86234264488604,20.3285792463491,False,False,DeepLabv3plus,external_test2
case_00094,53452,2836,4715,1444437,1505440,58167,56288,0.038637873312785634,0.9340264732864445,0.8762192023343114,0.9496162592382035,0.918940292605773,0.0019595473694320282,18.973665961010276,7.168278631936056,False,False,DeepLabv3plus,external_test2
case_00001,38753,9940,170,642337,691200,38923,48693,0.05631221064814815,0.8846101168736303,0.7930949798415979,0.7958638818721376,0.9956324024355779,0.015238924567323392,75.9357466184991,22.078596066277665,False,False,UNet,train
case_00002,32200,24897,1774,632329,691200,33974,57097,0.049152199074074074,0.7071405826223496,0.5469586044062441,0.5639525719389811,0.9477835992229352,0.03788194624071476,132.5745073534124,30.38453026969586,False,False,UNet,train
case_00003,9149,1875,204,540422,551650,9353,11024,0.01695459077313514,0.8979732050841636,0.8148379052369077,0.8299165457184325,0.9781888164225382,0.0034575149779548847,16.0,5.069097581988975,False,False,UNet,train
case_00004,58644,4399,5257,1437140,1505440,63901,63043,0.04244672653842066,0.9239349634484497,0.8586237188872621,0.9302222292720841,0.9177321168682806,0.0030515997139168626,22.090722034374522,8.426459946262055,False,False,UNet,train
case_00005,25304,6562,2715,656619,691200,28019,31866,0.040536747685185184,0.8450864156299575,0.7317312975333276,0.7940751898575285,0.9031014668617724,0.009894734619960464,31.425126961314582,12.24000655289745,False,False,UNet,train
case_00006,25442,4635,521,660602,691200,25963,30077,0.037562210648148145,0.907994289793005,0.8314922543957122,0.8458955347940287,0.9799329815506682,0.0069674416786799295,20.615528128088304,6.867855677416728,False,False,UNet,train
case_00007,26501,3475,442,660782,691200,26943,29976,0.03898003472222222,0.9311829090461884,0.8712275626273916,0.8840739258073125,0.9835949968451917,0.005231408927568697,15.0,5.405445071964386,False,False,UNet,train
case_00008,98097,3491,23984,1379868,1505440,122081,101588,0.0810932352003401,0.8771622352672923,0.7812012232026248,0.9656357050045281,0.8035402724420672,0.0025235676350101456,94.6012556957432,27.764637522613075,False,False,UNet,train
case_00009,4682,12700,231,534037,551650,4913,17382,0.008906009244992295,0.42000448531060774,0.265826378243343,0.2693591071223104,0.9529818847954407,0.0232287187441128,165.5294535724685,61.36301762025691,False,False,UNet,train
case_00010,31341,3533,5754,650572,691200,37095,34874,0.05366753472222222,0.8709583292806625,0.7714138032883725,0.8986924356253942,0.8448847553578649,0.005401273495845468,38.92941855249417,13.63203347142901,False,False,UNet,train
case_00011,11791,8926,93,670390,691200,11884,20717,0.017193287037037038,0.7233520444158155,0.566602594906295,0.5691461118887869,0.9921743520700101,0.013139687568083189,56.00681555610445,17.223762442953394,False,False,UNet,train
case_00012,40434,38256,21215,1153335,1253240,61649,78690,0.0491916951262328,0.576233263739944,0.40472448826385066,0.513839115516584,0.6558743856348035,0.03210497561663356,178.39282496782207,64.6157186998542,False,False,UNet,train
case_00013,35646,7234,5031,1457529,1505440,40677,42880,0.02702000743968541,0.8532139736946037,0.7440045083592495,0.8312966417910448,0.8763183125599233,0.004938682913208485,42.67081421702848,13.481824260019996,False,False,UNet,train
case_00014,8053,11355,1735,1232097,1253240,9788,19408,0.007810156075452428,0.5516509110837101,0.3808825616043135,0.41493198680956306,0.8227421332243564,0.00913183621080669,454.5708687355378,99.49430713266217,False,False,UNet,train
case_00015,22638,33127,879,495006,551650,23517,55765,0.04263029094534578,0.5710754017305315,0.39965397923875434,0.40595355509728326,0.9626227835183059,0.06272473032361167,305.6926491680291,126.2719527311846,False,False,UNet,train
case_00016,32190,9747,3672,645591,691200,35862,41937,0.051883680555555554,0.8275170632013265,0.7057817536012629,0.7675799413405823,0.8976074953990296,0.014873240984041823,60.08452355146899,13.370488461377272,False,False,UNet,train
case_00017,18953,6494,829,525374,551650,19782,25447,0.03585969364633373,0.8380906055849123,0.7213046125742122,0.7448029237238182,0.9580932160549995,0.012209796415652004,38.67025539523485,10.032707593533424,False,False,UNet,train
case_00018,36165,1152,2345,651538,691200,38510,37317,0.05571469907407407,0.9538818626610575,0.9118299631889466,0.969129351234022,0.9391067255258374,0.0017650032940599671,12.521931725677204,4.24832248075611,False,False,UNet,train
case_00019,82432,4720,35525,1130563,1253240,117957,87152,0.09412163671762791,0.8037872545817102,0.6719433960726134,0.9458417477510557,0.6988309299151386,0.004157553667235394,138.00362314084367,48.28068476712444,False,False,UNet,train
case_00020,30186,16580,1356,643078,691200,31542,46766,0.045633680555555556,0.7709557133370792,0.6272806616516354,0.6454689304195356,0.9570097013505802,0.02513423622543803,113.78262279148227,26.309623800437375,False,False,UNet,train
case_00021,14889,8206,81,668024,691200,14970,23095,0.02165798611111111,0.782293445422304,0.6424318260269244,0.6446849967525439,0.9945891783567135,0.012134924507933692,139.97224146665465,26.27742182026703,False,False,UNet,train
case_00022,18741,10604,1353,660502,691200,20094,29345,0.029071180555555555,0.7581464026375938,0.6104957977718418,0.6386437212472312,0.9326664676022693,0.01580078258874157,86.6856075486642,23.59482387237812,False,False,UNet,train
case_00023,6336,8131,968,536215,551650,7304,14467,0.013240279162512462,0.5820587019429516,0.41049562682215746,0.43796225893412594,0.8674698795180723,0.014937190683866512,75.90779679478935,21.705215013666574,False,False,UNet,train
case_00024,34168,4052,8697,1458523,1505440,42865,38220,0.02847340312466787,0.842769932786582,0.7282648080653068,0.8939822082679225,0.7971071970138808,0.002770456215920551,54.594848343374444,16.305562633620767,False,False,UNet,train
case_00025,10328,31247,1539,508536,551650,11867,41575,0.021511828151907914,0.3865124808203286,0.23955095792549982,0.24841852074564041,0.8703126316676498,0.057888077245856207,110.72488428533127,38.20262646504891,False,False,UNet,train
case_00026,18599,1626,17356,1467859,1505440,35955,20225,0.02388338293123605,0.6621217515129939,0.49490433995902183,0.9196044499381953,0.5172854957585872,0.0011065101038799307,125.96240796615025,27.390183061768013,False,False,UNet,train
case_00027,14283,4582,7160,1479415,1505440,21443,18865,0.01424367626740355,0.7086930634117297,0.5488184438040346,0.7571163530347204,0.6660914983910834,0.0030876073199608894,117.29232180360373,30.634039523380213,False,False,UNet,train
case_00028,70156,20541,31470,894005,1016172,101626,90697,0.10000865995126809,0.7295643266795963,0.5742630988728543,0.7735206236148936,0.690335150453624,0.02246032457634717,116.62975458885927,34.45310130534783,False,False,UNet,train
case_00029,26077,7296,10195,972604,1016172,36272,33373,0.03569474459048271,0.7488549070285017,0.5985356224752112,0.7813801576124412,0.7189292015880018,0.007445657720175528,177.72450590731714,48.74172039001018,False,False,UNet,train
case_00030,24618,13152,881,1214589,1253240,25499,37770,0.020346461970572275,0.7782010147149473,0.6369304804532872,0.6517871326449564,0.9654496254755088,0.010712357085085535,52.354560450833695,20.03885307238027,False,False,UNet,train
case_00031,14995,31946,637,1205662,1253240,15632,46941,0.01247326928601066,0.47928020072555255,0.3151666736727059,0.3194435568053514,0.9592502558853634,0.025812696750505813,259.9111118051763,109.77025056186643,False,False,UNet,train
case_00032,30822,10319,979,1463320,1505440,31801,41141,0.021124056754171536,0.8451098132763017,0.7317663817663818,0.7491796504703337,0.9692148045658942,0.007002393394854507,72.72963611725645,24.07364054137665,False,False,UNet,train
case_00033,25662,1132,5584,983794,1016172,31246,26794,0.0307487315139563,0.8842866988283942,0.7925752053863735,0.9577517354631634,0.821289125008001,0.0011493249239029125,23.233183965499588,8.685240370971393,False,False,UNet,train
case_00034,24372,1875,6800,1472393,1505440,31172,26247,0.020706238707620363,0.8489176056705968,0.7374950827609162,0.9285632643730712,0.7818555113563455,0.001271817607110783,32.86635046710131,11.77179625005663,False,False,UNet,train
case_00035,22831,15241,14,653114,691200,22845,38072,0.033051215277777775,0.7495772936946994,0.5994591188363179,0.5996795545282623,0.9993871744364193,0.022803749504380157,56.15865896017322,24.29163854334191,False,False,UNet,train
case_00036,6783,3434,2095,1240928,1253240,8878,10217,0.007084038173055441,0.7104477611940299,0.5509259259259259,0.6638935108153078,0.7640234287001577,0.0027596471123354778,260.24216250770036,53.00149909036502,False,False,UNet,train
case_00037,71386,5553,11915,1416586,1505440,83301,76939,0.05533332447656499,0.8909885172241637,0.8034078375762487,0.9278259400304137,0.856964502226864,0.0039046816098848285,57.0,16.80900446289511,False,False,UNet,train
case_00038,105422,13233,93012,1293773,1505440,198434,118655,0.1318112976936975,0.6649363427933482,0.49805590857337234,0.8884749905187308,0.5312698428696695,0.01012466660443793,147.35874561670718,56.88552511658235,False,False,UNet,train
case_00039,88791,12913,2954,1400782,1505440,91745,101704,0.06094231586778616,0.9179783818991052,0.8483919050622026,0.8730335090065288,0.9678020600577688,0.009134219191551218,43.248105502423435,13.084164608165944,False,False,UNet,train
case_00040,59991,7965,26399,1411085,1505440,86390,67956,0.05738521628228292,0.777357365918132,0.6358009644427959,0.8827918064630055,0.6944206505382567,0.005612910045452944,86.39589048800919,29.35138445765395,False,False,UNet,train
case_00041,22825,1224,54937,1174254,1253240,77762,24049,0.06204876958922473,0.44837984107807605,0.288975261438736,0.9491039128446089,0.2935238291196214,0.0010412785266929708,210.741531606569,68.28693126383982,False,False,UNet,train
case_00042,58281,6918,5140,1435101,1505440,63421,65199,0.04212788287809544,0.906250971855077,0.8285730533558907,0.8938940781300326,0.918954289588622,0.00479744025564157,27.302928725724694,10.146401673837403,False,False,UNet,train
case_00043,37066,6109,3877,1458388,1505440,40943,43175,0.027196699968115634,0.8812858127867995,0.7877667261752954,0.8585060799073538,0.905307378550668,0.004171398097776916,35.70783665649112,10.200868697112085,False,False,UNet,train
case_00044,140112,3934,22125,1339269,1505440,162237,144046,0.1077671644170475,0.9149185557148127,0.8431796161785149,0.9726892798133929,0.8636254368608887,0.0029288201411104653,156.60906717075147,43.31894093074813,False,False,UNet,train
case_00045,70502,2728,13520,1209608,1296358,84022,73230,0.06481388628758414,0.8966753999949126,0.8127031700288184,0.9627475078519733,0.8390897622051368,0.0022502012643359597,83.2310030061627,22.34906439195785,False,False,UNet,train
case_00046,43898,8542,3119,1449881,1505440,47017,52440,0.03123140078648103,0.8827533506942699,0.7901150128692022,0.8371090770404271,0.933662292362337,0.005857011306047696,49.0,12.464108740807987,False,False,UNet,train
case_00047,13726,4382,604,1486728,1505440,14330,18108,0.009518811775959188,0.8462913866452926,0.733539974348012,0.7580075104926,0.9578506629448709,0.0029387503269376505,32.04371192512337,10.677948269919675,False,False,UNet,train
case_00048,73432,11540,8740,1411728,1505440,82172,84972,0.05458337761717504,0.8786674962906237,0.7835922827386034,0.8641905568893282,0.8936377354816726,0.008108100512342018,198.32875493753355,38.33540290878165,False,False,UNet,train
case_00049,46619,5565,19270,1433986,1505440,65889,52184,0.043767270698267614,0.7896640214104833,0.6524337335908417,0.8933581174306301,0.7075384358542397,0.003865788707729007,83.94740760220387,24.748612908853275,False,False,UNet,train
case_00050,22379,2762,3721,1476578,1505440,26100,25141,0.017337124030183868,0.873480220916844,0.7753793915875545,0.8901396125850205,0.8574329501915708,0.0018670488190679628,25.298221281347036,9.815310713816128,False,False,UNet,train
case_00051,55038,40657,13838,1395907,1505440,68876,95695,0.04575140822616643,0.6688663251727218,0.5024787050477938,0.5751397669679712,0.7990882165050235,0.028301558440835217,137.80441759005674,48.05881464696041,False,False,UNet,train
case_00052,9733,22897,969,1471841,1505440,10702,32630,0.007108885110001063,0.44922920705252467,0.2896812405131105,0.2982837879252222,0.9094561764156233,0.01531840362658874,168.0013392738515,71.32778386147938,False,False,UNet,train
case_00053,34652,40430,44445,1385913,1505440,79097,75082,0.0525407854182166,0.4495034991795251,0.2899093928568441,0.4615220692043366,0.4380949972818185,0.028345215701973507,128.3160161476345,60.20636779045548,False,False,UNet,train
case_00054,64103,16781,8909,1415647,1505440,73012,80884,0.048498777765968754,0.8330690856162604,0.7138975198512133,0.7925300430245784,0.8779789623623514,0.011715073986266674,146.27827385490176,36.57711363983148,False,False,UNet,train
case_00055,64973,3594,13614,1423259,1505440,78587,68567,0.05220201402912106,0.883061282737812,0.7906085348194838,0.9475841148074147,0.826765241070406,0.002518829900487296,41.3906450298629,14.59008467572399,False,False,UNet,train
case_00056,67961,1068,23654,1160557,1253240,91615,69029,0.07310251827263732,0.8461069196484151,0.7332628421609141,0.984528241753466,0.7418108388364351,0.000919401700204455,70.71067811865476,22.889082511250937,False,False,UNet,train
case_00057,93243,10341,1734,1400122,1505440,94977,103584,0.06308919651397599,0.9391874537295843,0.8853472340910385,0.9001679796107507,0.9817429482927446,0.007331635073022121,46.36645974728523,11.483641511242446,False,False,UNet,train
case_00058,115897,3064,56815,1077464,1253240,172712,118961,0.13781239028438289,0.7947050292622218,0.6593448479883488,0.974243659686788,0.6710419658159248,0.0028356507189077934,105.80170130957252,38.39410403217909,False,False,UNet,train
case_00059,10033,1622,4256,1489529,1505440,14289,11655,0.009491577213306408,0.7734350909651557,0.6305700458802087,0.8608322608322608,0.702148505843656,0.0010877503351437916,66.70306946566942,22.73712765044851,False,False,UNet,train
case_00060,60660,24609,7841,1412330,1505440,68501,85269,0.04550231161653736,0.7889705404175067,0.6514874879175169,0.7113957006649544,0.8855345177442665,0.01712598795077592,71.44185295288801,23.99860719641173,False,False,UNet,train
case_00061,21581,15504,2136,1466219,1505440,23717,37085,0.01575419810819428,0.7098779645406401,0.5502409423523112,0.5819333962518538,0.9099380191423874,0.01046349418885986,66.47223000553998,22.16982976895803,False,False,UNet,train
case_00062,125387,13846,14449,1351758,1505440,139836,139233,0.09288712934424487,0.8986093045089207,0.8158860504157937,0.9005551844749449,0.8966718155553649,0.010139103283235843,55.60575509783138,16.61522817573799,False,False,UNet,train
case_00063,58690,16848,11400,1418502,1505440,70090,75538,0.046557816983738974,0.806026313621007,0.6750787917826497,0.776959940692102,0.8373519760308176,0.011737903647194065,101.8967333822574,28.500317161598563,False,False,UNet,train
case_00064,4382,17996,5611,1225251,1253240,9993,22378,0.007973732086431968,0.27073615272929474,0.15656150630604881,0.19581732058271517,0.4385069548684079,0.014474999738587747,116.98290348469371,45.59408106900338,False,False,UNet,train
case_00065,25038,8289,11221,1460892,1505440,36259,33327,0.024085317249442025,0.7196275112810048,0.5620454341384574,0.7512827437213071,0.6905320058468243,0.005641918865000296,67.0,27.505374690547324,False,False,UNet,train
case_00066,34484,17026,19980,1433950,1505440,54464,51510,0.03617812732490169,0.6508011399022402,0.4823611693943209,0.6694622403416812,0.6331521739130435,0.011734170654786847,167.2979377850692,52.776552109348195,False,False,UNet,train
case_00067,75199,11010,8778,1410453,1505440,83977,86209,0.05578236263152301,0.8837272161047325,0.7916767557665786,0.8722871161943648,0.8954713790680782,0.007745541037649239,54.45181356024793,16.05481916761697,False,False,UNet,train
case_00068,22582,6955,1318,1474585,1505440,23900,29537,0.015875757253693272,0.8451821771431779,0.7318748987198185,0.7645326201035989,0.9448535564853556,0.004694439569636999,41.00914498161482,11.753683939304278,False,False,UNet,train
case_00069,83445,5193,23914,1392888,1505440,107359,88638,0.07131403443511532,0.8514926248871156,0.7413906461013576,0.9414133892912746,0.7772520235844224,0.0037143770639898547,79.47295017976639,23.39257389399611,False,False,UNet,train
case_00070,11825,5961,3164,1484490,1505440,14989,17786,0.009956557551280689,0.7215865751334859,0.5644391408114559,0.6648487574496795,0.7889118687037161,0.00399946056596292,159.13785739340005,36.70407278133823,False,False,UNet,train
case_00071,14975,4156,2745,1483564,1505440,17720,19131,0.011770645127006058,0.8127323546172424,0.6845401353081002,0.7827609638806127,0.8450902934537246,0.002793536418143199,26.393160161484438,10.814720372006404,False,False,UNet,train
case_00072,14530,27052,141,1463717,1505440,14671,41582,0.00974532362631523,0.5165946705064619,0.3482491671260456,0.3494300418450291,0.9903892031899666,0.018146339238339408,159.43336536785782,51.0478091846206,False,False,UNet,train
case_00073,14083,18605,1189,1471563,1505440,15272,32688,0.010144542459347433,0.5872810675562969,0.415709773592703,0.43083088595203134,0.9221451021477213,0.012485169457403461,100.64986799413722,34.56138609920723,False,False,UNet,train
case_00074,41810,12216,4535,1446879,1505440,46345,54026,0.03078501966202572,0.8331091649978579,0.7139563873567732,0.7738866471698812,0.9021469414176286,0.008372312974823435,44.68109017911336,16.80391526320284,False,False,UNet,train
case_00075,5448,8788,30391,1460813,1505440,35839,14236,0.023806329046657457,0.21759360958562157,0.12207856230533086,0.3826917673503793,0.15201317001032394,0.005979854395853024,247.29334807066687,69.60918346576564,False,False,UNet,train
case_00076,59345,5542,16979,1423574,1505440,76324,64887,0.050698799022212776,0.8405152573099829,0.724904111597,0.9145899795028279,0.7775404852995126,0.0038779217362341478,50.635955604688654,15.21289423896408,False,False,UNet,train
case_00077,44111,28936,643,1179550,1253240,44754,73047,0.035710638026235995,0.7489070551183776,0.5986022526801466,0.6038714800060235,0.9856325691558296,0.023944009281034285,83.86166454939939,25.43640431857139,False,False,UNet,train
case_00078,72478,20300,27272,1385390,1505440,99750,92778,0.0662596981613349,0.7529086678301338,0.603731778425656,0.7811981288667572,0.7265964912280701,0.01444130640468382,100.29938710354722,31.47197466790011,False,False,UNet,train
case_00079,67961,1068,23654,1160557,1253240,91615,69029,0.07310251827263732,0.8461069196484151,0.7332628421609141,0.984528241753466,0.7418108388364351,0.000919401700204455,70.71067811865476,22.889082511250937,False,False,UNet,train
case_00080,115897,3064,56815,1077464,1253240,172712,118961,0.13781239028438289,0.7947050292622218,0.6593448479883488,0.974243659686788,0.6710419658159248,0.0028356507189077934,105.80170130957252,38.39410403217909,False,False,UNet,train
case_00081,27923,7242,3161,1467114,1505440,31084,35165,0.02064778403656074,0.8429712146598439,0.7285654646975943,0.7940565903597326,0.8983078110925234,0.004911975126767212,42.720018726587654,13.443298232010394,False,False,UNet,train
case_00082,25708,28487,297,1450948,1505440,26005,54195,0.0172740195557445,0.6410972568578553,0.4717756734933568,0.474361103422825,0.9885791194001153,0.01925532382294592,171.65430129234394,59.47691531590202,False,False,UNet,train
case_00083,30819,41744,800,1179877,1253240,31619,72563,0.025229804347132234,0.5916377109289512,0.420089145754672,0.4247205876273032,0.9746987570764414,0.034170990839221003,118.84864324004712,43.498565047090494,False,False,UNet,train
case_00084,70434,8851,5059,1421096,1505440,75493,79285,0.05014680093527474,0.910129346547959,0.8350801479654747,0.8883647600428832,0.9329871643728558,0.006189739899450819,98.29038610159185,22.100168311826035,False,False,UNet,train
case_00085,22582,6955,1318,1474585,1505440,23900,29537,0.015875757253693272,0.8451821771431779,0.7318748987198185,0.7645326201035989,0.9448535564853556,0.004694439569636999,41.00914498161482,11.753683939304278,False,False,UNet,train
case_00086,11776,4193,2729,1486742,1505440,14505,15969,0.009635056860452757,0.7728555489925838,0.6297999786073377,0.737428768238462,0.8118579800068941,0.0028123291759868806,43.86337120129781,12.466153378044458,False,False,UNet,train
case_00087,23672,15092,11723,1202753,1253240,35395,38764,0.028242794676199293,0.6384120605725536,0.4688731752728425,0.6106696935300795,0.6687950275462636,0.012392381624919428,119.87743318485516,36.41403486157133,False,False,UNet,train
case_00088,11825,5961,3164,1484490,1505440,14989,17786,0.009956557551280689,0.7215865751334859,0.5644391408114559,0.6648487574496795,0.7889118687037161,0.00399946056596292,159.13785739340005,36.70407278133823,False,False,UNet,train
case_00089,27630,6917,1882,1469011,1505440,29512,34547,0.01960357104899564,0.8626422516742378,0.7584616651568805,0.799780009841665,0.9362293304418542,0.00468654297499607,47.35182657793538,13.57359037352519,False,False,UNet,train
case_00090,53463,18748,8247,1424982,1505440,61710,72211,0.040991338080561164,0.7984259376796768,0.6644833329190385,0.7403719654900223,0.8663587749149246,0.012985807595603057,220.85151418706192,47.33468168130133,False,False,UNet,train
case_00091,41810,12216,4535,1446879,1505440,46345,54026,0.03078501966202572,0.8331091649978579,0.7139563873567732,0.7738866471698812,0.9021469414176286,0.008372312974823435,44.68109017911336,16.80391526320284,False,False,UNet,train
case_00092,75517,39252,16224,1374447,1505440,91741,114769,0.06093965883728345,0.7313640985908673,0.5764964540089929,0.6579912694194425,0.8231543148646734,0.027765457852060447,201.1024608235311,57.87678167068448,False,False,UNet,train
case_00093,59345,5542,16979,1423574,1505440,76324,64887,0.050698799022212776,0.8405152573099829,0.724904111597,0.9145899795028279,0.7775404852995126,0.0038779217362341478,50.635955604688654,15.21289423896408,False,False,UNet,train
case_00094,31258,2904,8695,1462583,1505440,39953,34162,0.026539084918694868,0.8434999662686365,0.729355764519215,0.9149932673731046,0.7823692839085926,0.0019815938319480146,38.118189775249355,12.266924381569108,False,False,UNet,train
case_00095,72478,20300,27272,1385390,1505440,99750,92778,0.0662596981613349,0.7529086678301338,0.603731778425656,0.7811981288667572,0.7265964912280701,0.01444130640468382,100.29938710354722,31.47197466790011,False,False,UNet,train
case_00096,22017,6917,495,1476011,1505440,22512,28934,0.014953767669252844,0.8559266026513237,0.7481395902001428,0.7609386880486625,0.9780117270788913,0.0046644206596679,26.596836670195113,11.432785500610725,False,False,UNet,train
case_00097,70434,8851,5059,1421096,1505440,75493,79285,0.05014680093527474,0.910129346547959,0.8350801479654747,0.8883647600428832,0.9329871643728558,0.006189739899450819,98.29038610159185,22.100168311826035,False,False,UNet,train
case_00098,11776,4193,2729,1486742,1505440,14505,15969,0.009635056860452757,0.7728555489925838,0.6297999786073377,0.737428768238462,0.8118579800068941,0.0028123291759868806,43.86337120129781,12.466153378044458,False,False,UNet,train
case_00099,8943,5227,870,1490400,1505440,9813,14170,0.006518360080773727,0.7457782596005504,0.5946143617021277,0.631122088920254,0.9113420972179761,0.003494855334919736,35.234205365202584,11.756155336722184,False,False,UNet,train
case_00100,17464,51332,45988,1390656,1505440,63452,68796,0.04214847486449144,0.26410985421329625,0.15214664064678005,0.2538519681376824,0.2752316711845174,0.03559807709911594,133.94719045584083,62.09773519302281,False,False,UNet,train
case_00101,52426,5361,3020,1444633,1505440,55446,57787,0.03683042831331704,0.925984474490652,0.8621704737941356,0.9072282693339332,0.9455325902680085,0.0036972566783034966,151.58743313269156,25.7531658033781,False,False,UNet,train
case_00102,53463,18748,8247,1424982,1505440,61710,72211,0.040991338080561164,0.7984259376796768,0.6644833329190385,0.7403719654900223,0.8663587749149246,0.012985807595603057,220.85151418706192,47.33468168130133,False,False,UNet,train
case_00103,16386,15350,1736,1471968,1505440,18122,31736,0.012037676692528431,0.6573067511733323,0.48954349904397704,0.5163221578018654,0.9042048339035427,0.010320590485693039,88.2677464995334,34.80376594875522,False,False,UNet,train
case_00104,27727,4906,6396,1466411,1505440,34123,32633,0.022666462960994792,0.830696866199293,0.7104204565835661,0.849661385713848,0.8125604431028924,0.003334427591062973,39.67987540105915,16.82314778752698,False,False,UNet,train
case_00105,54504,14481,18779,1417676,1505440,73283,68985,0.048678791582527366,0.7662158742654708,0.6210291235586345,0.7900848010437052,0.7437468444250371,0.010111321593931391,125.26523725459272,50.99875560284476,False,False,UNet,train
case_00106,59348,23014,6762,1416316,1505440,66110,82362,0.043914071633542356,0.7994504014224905,0.6659036847538261,0.7205750224618149,0.8977159279987899,0.015989383949476493,144.2879057573805,32.2879500412523,False,False,UNet,train
case_00107,27663,15573,9972,1452232,1505440,37635,43236,0.024999335742374323,0.684126571947917,0.5199030221019395,0.6398140438523453,0.7350338780390594,0.010609719955988705,139.6638462200297,41.52776910718389,False,False,UNet,train
case_00108,9212,18777,1315,1476136,1505440,10527,27989,0.0069926400255074924,0.47834666112784296,0.31435981435981436,0.3291293007967416,0.8750831195972262,0.012560597171875553,157.39676758302954,60.61634112793128,False,False,UNet,train
case_00109,12248,13703,5331,1474158,1505440,17579,25951,0.011676984801785525,0.5627383413737652,0.39153506809027555,0.47196639821201497,0.6967404289208715,0.009209865706541136,326.05106938284064,108.96258774841141,False,False,UNet,train
case_00110,23788,2791,24986,1453875,1505440,48774,26579,0.03239850143479647,0.6313749950234231,0.46132066324057014,0.8949922871439858,0.487718866609259,0.0019160191835328071,400.70599985000734,60.20527529072823,False,False,UNet,train
case_00111,5956,2893,5538,1491053,1505440,11494,8849,0.007634977149537677,0.5855576856904094,0.41398484743170916,0.6730704034354165,0.5181834000348008,0.0019364823092668678,165.05270634902453,42.75927523963977,False,False,UNet,train
case_00112,47641,27201,10624,1419974,1505440,58265,74842,0.03870297056010203,0.7158301216314694,0.55742634497929,0.6365543411453461,0.8176606882347893,0.018795930001554752,80.25583703992102,22.452967218322037,False,False,UNet,train
case_00113,49235,28700,5017,1422488,1505440,54252,77935,0.03603730470825805,0.7449295316483466,0.5935360208313242,0.6317444023866042,0.9075241465752415,0.019776900029493078,157.03820571516317,44.1313606455122,False,False,UNet,train
case_00114,33437,21181,3202,1447620,1505440,36639,54618,0.02433773514719949,0.7328095378984626,0.5782947077135939,0.6121974440660588,0.9126067851196812,0.014420605650459117,97.30493284227506,28.34887407303276,False,False,UNet,train
case_00115,9981,11913,6683,1476863,1505440,16664,21894,0.011069189074290572,0.5177135743555163,0.3492668929558736,0.4558783228281721,0.5989558329332694,0.008001875366072532,123.45037495085522,39.4803944996244,False,False,UNet,train
case_00116,2384,3956,32064,1467036,1505440,34448,6340,0.022882346689339993,0.11689712660586447,0.06207686699302156,0.3760252365930599,0.06920575940548072,0.0026893416143663595,68.25613486623024,34.198954892635214,False,False,UNet,train
case_00117,36538,9863,19110,1439929,1505440,55648,46401,0.0369646083537039,0.7160873697929426,0.557738395078689,0.7874399258636667,0.6565914318573893,0.006803044850571668,92.02925196824543,30.567952134937457,False,False,UNet,train
case_00118,18610,11445,14404,1460981,1505440,33014,30055,0.0219298012541184,0.5901472989899951,0.4185879124586698,0.6191981367492929,0.5637002483794754,0.007772886379349454,109.78880355568542,35.58500799671401,False,False,UNet,train
case_00119,10841,6228,12514,1475857,1505440,23355,17069,0.015513736847699012,0.5363645359192559,0.36646046716019337,0.6351280098424044,0.4641832584029116,0.004202188133609071,52.0,23.37582903045916,False,False,UNet,train
case_00120,33059,40443,36557,1395381,1505440,69616,73502,0.046242958869167815,0.46198242010089574,0.3003752532732443,0.449770074283693,0.4748764651804183,0.0281671012603216,141.1261001662063,48.489413008406885,False,False,UNet,train
case_00121,0,30,4686,1500724,1505440,4686,30,0.0031127112339249655,0.0,0.0,0.0,0.0,1.9989951717603283e-05,256.9518254587853,206.67043755241008,False,False,UNet,train
case_00122,13911,11875,4464,1475190,1505440,18375,25786,0.012205733871824848,0.6300129073164104,0.4598677685950413,0.5394787869386489,0.757061224489796,0.007985528541119587,76.05754366701402,26.569082631395144,False,False,UNet,train
case_00123,52562,11815,65224,1375839,1505440,117786,64377,0.07824024869805506,0.5770875534548728,0.40556785827269853,0.8164717212669121,0.44624997877506667,0.008514370296918396,133.94327096250151,53.592351103153355,False,False,UNet,train
case_00124,37398,4567,14236,1449239,1505440,51634,41965,0.034298278244234245,0.7991111016143335,0.6654329994128219,0.891171214106994,0.7242901963822288,0.003141409514061711,93.28771896206158,23.983009175004153,False,False,UNet,train
case_00125,14692,15736,1434,1473578,1505440,16126,30428,0.010711818471676056,0.6311809941143618,0.46111355219383593,0.48284474825818324,0.9110752821530448,0.010565938411913136,161.47693276241242,69.84349918969305,False,False,UNet,train
case_00126,27461,24626,7736,1193417,1253240,35197,52087,0.02808480418754588,0.6292333073644655,0.4590374939404577,0.5272140841284774,0.7802085405006108,0.02021767704424228,133.3397867516752,49.04220269951353,False,False,UNet,train
case_00127,2412,2566,5672,1242590,1253240,8084,4978,0.006450480354920047,0.36931557188791914,0.2264788732394366,0.48453194053836884,0.2983671449777338,0.0020607859577434474,131.93104262906604,36.32641441947908,False,False,UNet,train
case_00128,26579,7885,5625,1213151,1253240,32204,34464,0.025696594427244583,0.7973540529189416,0.6629998253885105,0.771210538532962,0.8253322568625016,0.0064576310608368635,91.36154659589229,25.068058026323207,False,False,UNet,train
case_00129,0,7292,2738,1243210,1253240,2738,7292,0.0021847371612779675,0.0,0.0,0.0,0.0,0.005831258166720245,180.8337634313117,122.08081470954117,False,False,UNet,train
case_00130,239,1917,2414,1248670,1253240,2653,2156,0.0021169129616035237,0.09939696402578499,0.052297592997811816,0.11085343228200371,0.09008669430833019,0.0015328801594771096,49.23413135687794,23.153237850131003,False,False,UNet,train
case_00131,4298,1882,7505,1239555,1253240,11803,6180,0.009417988573617184,0.47800700661736084,0.3140664961636829,0.6954692556634304,0.3641447089722952,0.0015159851043589003,227.99012849251835,60.76235065176665,False,False,UNet,train
case_00132,0,0,3331,1249909,1253240,3331,0,0.0026579106954773227,0.0,0.0,nan,0.0,0.0,nan,nan,True,False,UNet,train
case_00133,22518,8459,11043,1211220,1253240,33561,30977,0.026779387826753057,0.6978214385323376,0.5358876725368872,0.7269264292862446,0.670957361222848,0.006935431371696979,233.37516199790034,70.657267604586,False,False,UNet,train
case_00134,6563,2999,8466,1235212,1253240,15029,9562,0.011992116434202548,0.533772518401041,0.3640448191701797,0.6863626856306212,0.436689067802249,0.002422042769770257,45.970069746954465,18.048725215936468,False,False,UNet,train
case_00135,40522,43793,1658,1419467,1505440,42180,84315,0.028018386651078753,0.6406893553104865,0.47133402347248554,0.4806025025203107,0.960692271218587,0.029928379098724766,167.70509831248424,52.04795750057012,False,False,UNet,train
case_00136,7822,5287,462,1239669,1253240,8284,13109,0.006610066707095209,0.7312672369466648,0.5763760960872448,0.596689297429247,0.9442298406566876,0.004246736430845749,68.34423951093844,20.941431183125516,False,False,UNet,train
case_00137,41564,59810,34302,1117564,1253240,75866,101374,0.060535890970604196,0.4690137666440984,0.30634747486659397,0.41000651054511017,0.5478607017636359,0.05079949107080673,172.15458038189655,59.943919186006596,False,False,UNet,train
case_00138,22737,12541,8791,1209171,1253240,31528,35278,0.025157192556892534,0.6806873634104721,0.5159409108443577,0.644509325925506,0.7211684851560518,0.010265103395890356,280.5232282734965,54.05717568355402,False,False,UNet,train
case_00139,48846,22128,6248,1176018,1253240,55094,70974,0.04396125243369187,0.7749151251705428,0.6325399497552511,0.6882238566235522,0.8865938214687625,0.018468533884852097,91.69787262466551,25.586170652319293,False,False,UNet,train
case_00140,18479,18708,2174,1213879,1253240,20653,37187,0.016479684657368102,0.638969571230982,0.46947486090292423,0.49692096700459837,0.8947368421052632,0.015177833288846953,125.11653171118304,40.270493239424894,False,False,UNet,train
case_00141,100928,26042,123926,1002344,1253240,224854,126970,0.17941814815996937,0.5737414161626267,0.4022702633760602,0.7948964322280854,0.4488601492524038,0.025323176317063826,178.4740877550576,78.393576673563,False,False,UNet,train
case_00142,7377,3179,9017,1233667,1253240,16394,10556,0.013081293287798028,0.5474582560296846,0.3768967455167833,0.6988442591890868,0.44998170062217885,0.002570247225604481,74.2494763691574,25.435890412945078,False,False,UNet,train
case_00143,34412,27389,1808,1189631,1253240,36220,61801,0.028901088378921833,0.7021352567307005,0.5409926268295367,0.5568194689406321,0.9500828271673109,0.022504971159060656,120.96693424303936,27.753547833942992,False,False,UNet,train
case_00144,19378,17853,2438,1213571,1253240,21816,37231,0.017407679295266668,0.6563584940809863,0.4884922735637399,0.5204802449571594,0.8882471580491382,0.014497849643989398,187.140585162359,57.80739227255698,False,False,UNet,train
case_00145,30219,30712,566,1191743,1253240,30785,60931,0.024564329258561807,0.6589689912338087,0.4913898238938485,0.49595444026850044,0.9816144226084131,0.02512321516947454,129.6919426949878,35.45691214505672,False,False,UNet,train
case_00146,44787,7202,13678,1439773,1505440,58465,51989,0.03883582208523754,0.8109620294421207,0.6820320709031934,0.8614706957240955,0.7660480629436415,0.004977280187978369,96.23458797748508,27.035676381325928,False,False,UNet,train
case_00147,7905,11825,2054,1231456,1253240,9959,19730,0.00794660240656219,0.532520462124019,0.36288101358795444,0.400658895083629,0.7937543930113465,0.009511124194771736,99.30005006527327,32.057444849791466,False,False,UNet,train
case_00148,0,0,5383,1247857,1253240,5383,0,0.004295266668794485,0.0,0.0,nan,0.0,0.0,nan,nan,True,False,UNet,train
case_00149,19099,26442,345,1207354,1253240,19444,45541,0.015514985158469248,0.5877971839655305,0.41622717168635315,0.41938033859599044,0.9822567372968525,0.021431419780903814,120.50726119201282,50.48664011785382,False,False,UNet,train
case_00150,20776,27019,4454,1200991,1253240,25230,47795,0.020131818326896683,0.5690106128038342,0.39763440448621024,0.43468982111099486,0.8234641300039636,0.02200226382521315,100.03719605215285,38.184103350485515,False,False,UNet,train
case_00151,0,39986,12936,1200318,1253240,12936,39986,0.010322045258689476,0.0,0.0,0.0,0.0,0.03223887047046531,182.05437649677233,104.53149009185603,False,False,UNet,train
case_00152,21035,6328,10381,1215496,1253240,31416,27363,0.025067824199674443,0.7157318089793974,0.557307121661721,0.768738807879253,0.6695632798573975,0.005179142004085695,116.0,29.80011742285649,False,False,UNet,train
case_00153,124464,3283,61038,1064455,1253240,185502,127747,0.1480179375059845,0.7946649470548989,0.659289668141007,0.9743007663585055,0.6709577255231749,0.003074724323757326,120.41739905876443,41.32185460333106,False,False,UNet,train
case_00154,2159,3966,1563,1245552,1253240,3722,6125,0.0029699020139797644,0.4385091906164314,0.28082726326742974,0.3524897959183673,0.5800644814615799,0.0031740239036172346,82.75264213873743,25.221070853933433,False,False,UNet,train
case_00155,34947,7348,4090,1206855,1253240,39037,42295,0.03114886214930899,0.8593665469925736,0.7534116632532069,0.8262678803641093,0.89522760458027,0.006051706345644015,56.006249501833246,13.858282310032768,False,False,UNet,train
case_00156,49016,10398,28358,1165468,1253240,77374,59414,0.06173917206600492,0.7166710530163465,0.558446885111425,0.8249907429225435,0.6334944555018481,0.008842844337705146,148.67010340132674,42.70069208705073,False,False,UNet,train
case_00157,53817,10584,12704,1428335,1505440,66521,64401,0.04418708151769582,0.8221230961946808,0.6979703002399326,0.8356547258582941,0.8090227146314698,0.0073555217493131994,64.5170514755412,18.233504793624356,False,False,UNet,train
case_00158,20838,2753,5771,1223878,1253240,26609,23591,0.021232166225144424,0.830199203187251,0.7096928002179688,0.8833029545165529,0.7831184937427186,0.0022443587354306228,31.144823004794873,12.073275070565153,False,False,UNet,train
case_00159,10046,2749,8282,1232163,1253240,18328,12795,0.014624493313331844,0.645567586672236,0.4766332969587702,0.7851504493942947,0.5481230903535574,0.0022260695498950533,76.9912304370028,24.68182749628257,False,False,UNet,train
case_00160,0,58446,4870,1189924,1253240,4870,58446,0.003885927675465194,0.0,0.0,0.0,0.0,0.046817850477022034,298.2052771453436,164.93957061863193,False,False,UNet,train
case_00161,21005,9148,8299,1214788,1253240,29304,30153,0.023382592320704734,0.7065610441159157,0.5462654738375117,0.6966139355951315,0.7167963417963418,0.007474247019451997,75.92759709091287,27.60294070728233,False,False,UNet,train
case_00162,85159,10247,50694,1107140,1253240,135853,95406,0.1084014235102614,0.7364816072023143,0.5828815879534566,0.8925958535102614,0.6268466651454145,0.009170502252129299,112.0,44.67366545819824,False,False,UNet,train
case_00163,88386,53929,12856,1098069,1253240,101242,142315,0.08078420733458874,0.725793140825351,0.5696038563906916,0.6210589185960721,0.8730171272791925,0.046813449328905084,149.32112915632968,29.826517048843545,False,False,UNet,train
case_00164,58290,11676,5356,1177918,1253240,63646,69966,0.0507851648527018,0.8725264197826542,0.7738774859934681,0.8331189434868365,0.9158470288784841,0.009815113391627732,56.792330193827304,16.76897987144063,False,False,UNet,train
case_00165,731,6648,132530,1113331,1253240,133261,7379,0.1063331843860713,0.01039533560864619,0.005224824707488439,0.09906491394497899,0.005485475870659833,0.005935825582443956,330.0060605504087,116.42756764689611,False,False,UNet,train
case_00166,30335,57222,7753,1157930,1253240,38088,87557,0.03039162490823785,0.48286839906084605,0.31827720071346133,0.34646002032961387,0.7964450745641672,0.04709040515096054,176.944194454046,56.68733426056808,False,False,UNet,train
case_00167,45387,33682,3002,1423369,1505440,48389,79069,0.03214276224891062,0.7121875441321848,0.5530211646013817,0.5740176301711164,0.9379611068631301,0.023116555288730457,251.4801860063637,74.32796587652994,False,False,UNet,train
case_00168,28416,7548,2413,1467063,1505440,30829,35964,0.020478398342012965,0.8508676058868444,0.7404434948015739,0.7901234567901234,0.9217295403678355,0.0051186380679379175,43.92151946022781,13.137756075168657,False,False,UNet,train
case_00169,15753,32049,26992,1430646,1505440,42745,47802,0.028393692209586565,0.34795189238737895,0.21061849881006497,0.32954688088364503,0.3685343315007603,0.021910924697219857,177.10519462353574,60.28165676097658,False,False,UNet,train
case_00170,120947,9994,11369,1363130,1505440,132316,130941,0.08789191199914975,0.9188511606528981,0.8498840559342281,0.9236755485294904,0.9140769067988754,0.0072782938758626315,78.7369023282934,20.64838311727831,False,False,UNet,train
case_00171,17599,3797,1939,1482105,1505440,19538,21396,0.01297826549048783,0.8598719890555528,0.7541889865009642,0.8225369227893065,0.9007574982086191,0.002555350218251271,29.00773797371132,11.480347244574352,False,False,UNet,train
case_00172,35490,4360,1434,1464156,1505440,36924,39850,0.02452704857051759,0.924531742516998,0.859655072182928,0.8905897114178168,0.9611634709132272,0.0029689836542468725,17.710161449869027,5.874035457397576,False,False,UNet,train
case_00173,34376,17378,6864,1446822,1505440,41240,51754,0.027393984482941863,0.7393165150439813,0.5864410249411444,0.6642191907871855,0.8335596508244423,0.011868597186176753,100.2082468491709,25.903438471630054,False,False,UNet,train
case_00174,44286,21891,13770,1425493,1505440,58056,66177,0.038564140716335425,0.7129506652821714,0.5539419865661,0.6692053130241624,0.7628152128978917,0.015124528114170116,106.15172331792263,26.214852645821416,False,False,UNet,train
case_00175,58672,24023,8765,1413980,1505440,67437,82695,0.04479554150281645,0.7816055204753151,0.6415044828340258,0.7094987605054719,0.8700268398653558,0.01670580659428388,276.1925856465973,51.73256173109806,False,False,UNet,train
case_00176,22583,1,31166,1451690,1505440,53749,22584,0.03570318312254225,0.5916969069733929,0.42014883720930235,0.9999557208643287,0.42015665407728514,6.888518286605069e-07,126.70042012634347,36.2327002739751,False,False,UNet,train
case_00177,60473,2458,17695,1424814,1505440,78168,62931,0.051923690083962165,0.8571712060326437,0.7500434103142907,0.9609413484610129,0.7736285948214103,0.0017221664826326025,58.53033042835441,15.486866556081456,False,False,UNet,train
case_00178,59344,12197,19930,1413969,1505440,79274,71541,0.05265835901796152,0.7869774226701588,0.6487739283488756,0.8295103507079856,0.7485934858844009,0.008552300363351811,73.36620151408493,28.132996249450166,False,False,UNet,train
case_00179,43857,51034,454,1410095,1505440,44311,94891,0.0294339196513976,0.6301202568928608,0.4599821700141591,0.4621829256726138,0.9897542370968834,0.03492778529479601,296.6695971434704,106.4599387879524,False,False,UNet,train
case_00180,50731,11796,5038,1437875,1505440,55769,62527,0.037044983526410884,0.8576959491445189,0.7508473321986235,0.8113454987445423,0.9096630744678943,0.008137018675271838,48.18138356262117,15.767273959025356,False,False,UNet,train
case_00181,80942,10851,37921,1375726,1505440,118863,91793,0.07895565416090977,0.7684756190186844,0.6240035771003901,0.8817883716623272,0.6809688464871323,0.007825746424468313,117.03247388864847,41.9780399025652,False,False,UNet,train
case_00182,54170,2553,14629,1434088,1505440,68799,56723,0.045700260388989264,0.8631156291327416,0.759193855813432,0.954991802267158,0.7873660954374336,0.0017770619103867982,50.041912168506514,14.638030210554529,False,False,UNet,train
case_00183,59667,6735,5951,1433087,1505440,65618,66402,0.043587256881709,0.9039084987123163,0.824665183199038,0.8985723321586699,0.9093084214697187,0.0046776615442742225,51.03526363911169,11.386188162935097,False,False,UNet,train
case_00184,66510,286,38453,1400191,1505440,104963,66796,0.06972247316399192,0.7744572336820778,0.6319299945842716,0.9957183064854183,0.6336518582738679,0.00020421613493116987,75.58934279148932,29.642392139195593,False,False,UNet,train
case_00185,50869,822,16486,1437263,1505440,67355,51691,0.04474107237751089,0.8546108227071888,0.7461313932851255,0.9840978119982202,0.7552371761561874,0.0005715934732647931,49.738817790525644,14.130428895526942,False,False,UNet,train
case_00186,66105,5741,34383,1399211,1505440,100488,71846,0.06674992028908491,0.7671730476864693,0.622287699215845,0.9200929766444896,0.6578397420587533,0.0040862605982268435,96.1737969260728,30.653259439461824,False,False,UNet,train
case_00187,36455,6413,2627,1459945,1505440,39082,42868,0.025960516526729725,0.8896888346552776,0.8012968458072316,0.8504012316879723,0.9327823550483598,0.004373420406203669,140.55049594132961,26.374011024489196,False,False,UNet,train
case_00188,39686,22190,5715,1437849,1505440,45401,61876,0.03015796046338612,0.7398790048192996,0.5871491766655323,0.6413795332600686,0.8741217153807185,0.015198224157025942,329.9969696830563,74.2598485157233,False,False,UNet,train
case_00189,35771,3037,1849,1464783,1505440,37620,38808,0.02498937187798916,0.9360705500601874,0.879823892564626,0.9217429396000825,0.9508506113769272,0.0020690547887343134,22.310057197809257,6.3299809240952,False,False,UNet,train
case_00190,60844,8967,1275,1434354,1505440,62119,69811,0.04126301944946328,0.922367922383082,0.8559209971021017,0.8715531936227815,0.9794748788615399,0.006212755166730062,27.51363298439521,9.581921690520995,False,False,UNet,train
case_00191,29034,442,17131,1458833,1505440,46165,29476,0.030665453289403764,0.7676789042979336,0.6229536335743557,0.9850047496268151,0.6289180114805588,0.00030289013379931814,68.90674954199102,20.989376080100904,False,False,UNet,train
case_00192,19252,2825,11686,1471677,1505440,30938,22077,0.02055080242321182,0.7262850136753749,0.5702099931878092,0.8720387733840649,0.622276811687892,0.0019159010974552765,37.656340767525464,17.293389623941895,False,False,UNet,train
case_00193,18783,11756,7942,1466959,1505440,26725,30539,0.01775228504623233,0.6560142497904442,0.48811101582599203,0.6150496086970759,0.7028250701590272,0.007950145903706934,50.340836176410555,25.959641767461182,False,False,UNet,train
case_00194,47494,15322,2880,1439744,1505440,50374,62816,0.03346131363588054,0.8391907412315576,0.7229359473940575,0.7560812531839022,0.9428276491841029,0.010530106538122669,50.0,15.355281533051198,False,False,UNet,train
case_00195,23079,6715,4998,1470648,1505440,28077,29794,0.01865036135614837,0.7976015620950044,0.6633421476201425,0.7746190508156005,0.8219895287958116,0.004545260711145467,70.19248601341052,16.85154667716872,False,False,UNet,train
case_00196,53439,3065,13777,1435159,1505440,67216,56504,0.044648740567541714,0.8638700290979632,0.7603619754983566,0.9457560526688376,0.7950339204951202,0.0021311005796037334,61.71709649683789,17.67609388331824,False,False,UNet,train
case_00197,72374,36181,6662,1390223,1505440,79036,108555,0.05250026570305027,0.7716148429295648,0.6281538314658427,0.6667035143475657,0.9157092970292019,0.02536518405725166,247.72969139770066,58.40800493865194,False,False,UNet,train
case_00198,38617,4655,14663,1447505,1505440,53280,43272,0.03539164629609948,0.799921285939183,0.6665573487529127,0.8924246625993714,0.7247935435435435,0.003205569634200088,58.64280560392329,21.205945477230514,False,False,UNet,train
case_00199,40899,2432,16050,1446059,1505440,56949,43331,0.037828807524710385,0.8156960510570402,0.6887556625856756,0.9438739009023562,0.7181688879523784,0.0016789886854664613,84.63115546980436,29.21223277762293,False,False,UNet,train
case_00200,41848,3530,21561,1438501,1505440,63409,45378,0.04211991178658731,0.7693566326858908,0.6251661960889765,0.9222089999559258,0.6599694049740573,0.0024479362787623847,65.19202405202648,25.83316069017945,False,False,UNet,train
case_00201,33376,2177,5031,1464856,1505440,38407,35553,0.025512142629397386,0.9025419145484045,0.8223930613049477,0.9387674739121874,0.8690082537037519,0.0014839475321959355,26.14858089765625,9.35107764683254,False,False,UNet,train
case_00202,25124,7589,34,1472693,1505440,25158,32713,0.01671139334679562,0.8682759931571945,0.767215317433658,0.7680127166569866,0.9986485412194928,0.005126725853587357,34.63810467872903,11.790175557676582,False,False,UNet,train
case_00203,47014,5251,12188,1440987,1505440,59202,52265,0.03932537995536189,0.8435501090008702,0.7294307479869052,0.8995312350521382,0.7941285767372724,0.0036307993566757337,53.3924101097894,16.327677814711365,False,False,UNet,train
case_00204,74409,10002,6394,1414635,1505440,80803,84411,0.05367400892762249,0.9007590155797934,0.8194372556577281,0.8815083342218432,0.9208692746556439,0.007020735808490163,37.384365215373485,10.620267488373225,False,False,UNet,train
case_00205,96109,4676,8637,1396018,1505440,104746,100785,0.06957832925921989,0.9352263162248031,0.8783334247226334,0.9536042069752443,0.917543390678403,0.003338345134626121,31.684241898882327,9.256516830172947,False,False,UNet,train
case_00206,65959,2000,48018,1389463,1505440,113977,67959,0.0757100914018493,0.7250791487116348,0.5687248333721341,0.9705704910313572,0.5787044754643481,0.0014373360987679873,132.0,47.18384392299029,False,False,UNet,train
case_00207,39205,42277,3720,1420238,1505440,42925,81482,0.028513258582208524,0.6302700008841946,0.460141780709373,0.4811492108686581,0.9133372160745487,0.028907053944745867,335.534694651577,110.39058807338033,False,False,UNet,train
case_00208,10119,10405,65,1484851,1505440,10184,20524,0.006764799659900096,0.6590465025400547,0.49147603089028125,0.49303254726174234,0.9936174391201885,0.006958674634978893,315.55812716751655,112.40477892932311,False,False,UNet,train
case_00209,30299,11523,4773,1458845,1505440,35072,41822,0.02329684344776278,0.7880718911748641,0.650262903745037,0.724475156616135,0.8639085310218978,0.007836813641210907,81.32896078540448,23.36560246848337,False,False,UNet,train
case_00210,0,14397,3142,1235701,1253240,3142,14397,0.0025071015926717947,0.0,0.0,0.0,0.0,0.01151669709094807,137.3702983875654,91.06489448679346,False,False,UNet,train
case_00211,7195,18372,11574,1216099,1253240,18769,25567,0.014976381219878076,0.3245669433417539,0.1937212245227646,0.2814174521844565,0.383344877191113,0.014882488126493048,175.58556723085255,45.44313973488715,False,False,UNet,train
case_00212,2043,10104,17315,1223778,1253240,19358,12147,0.015446363027033928,0.12969369941279163,0.06934356119747472,0.16818967646332428,0.10553776216551297,0.008188789527685791,110.17826322501737,43.26017124503849,False,False,UNet,train
case_00213,44614,8577,14356,1185693,1253240,58970,53191,0.04705403593884651,0.795534989880618,0.6604882526240988,0.8387509165084319,0.7565541800915719,0.007181793061870431,70.14412479705469,25.03595839835743,False,False,UNet,train
case_00214,12384,3266,1607,1235983,1253240,13991,15650,0.011163863266413457,0.8355993387537533,0.7176218346178362,0.7913099041533547,0.885140447430491,0.002635467125654328,43.853162614512115,11.334190298426867,False,False,UNet,train
case_00215,12464,21681,2673,1216422,1253240,15137,34145,0.012078293064377134,0.5058236272878536,0.33853006681514475,0.3650314833797042,0.8234128294906521,0.017511467139648317,120.53732574566983,39.11709089748589,False,False,UNet,train
case_00216,37567,23632,9656,1434585,1505440,47223,61199,0.031368237857370605,0.6929774400029515,0.5301954696210571,0.6138498995081619,0.7955233678504119,0.016206092783172876,165.34535603646444,47.349158208962855,False,False,UNet,train
case_00217,47175,20609,9560,1175896,1253240,56735,67784,0.04527065845328907,0.7577156899750239,0.6099374224244932,0.6959606986899564,0.831497312064863,0.017224332535175364,131.42094456497207,32.729521561122745,False,False,UNet,train
case_00218,38430,11122,16530,1187158,1253240,54960,49552,0.04385432957773451,0.7354179424372321,0.5815501952120093,0.7755489183080401,0.699235807860262,0.009281637013052041,129.11220059629196,32.378630672317165,False,False,UNet,train
case_00219,25372,5241,8479,1214148,1253240,33851,30613,0.02701078803740704,0.7871680317696699,0.6490330502404584,0.8287982229771665,0.7495199550973384,0.0042980541894342165,54.0,20.102924495235474,False,False,UNet,train
case_00220,1670,830,2682,1248058,1253240,4352,2500,0.003472599023331525,0.48744892002335083,0.3222693940563489,0.668,0.3837316176470588,0.0006645912203496231,28.284271247461902,13.11207298831253,False,False,UNet,train
case_00221,11428,2,19434,1222376,1253240,30862,11430,0.024625770004149245,0.5404331788517923,0.3702695697252462,0.999825021872266,0.370293564901821,1.6361551009589504e-06,65.93935911631841,27.590477655354693,False,False,UNet,train
case_00222,84395,25775,14302,1128768,1253240,98697,110170,0.07875347100315981,0.8081219149027851,0.6780239732630632,0.7660433874920577,0.8550918467633262,0.022324850611887128,107.86333819212106,34.41031437448981,False,False,UNet,train
case_00223,19704,40237,2492,1190807,1253240,22196,59941,0.017710893364399478,0.47978377588662846,0.31560232569314306,0.3287232445237817,0.8877275184717968,0.03268526551447389,159.67435141110855,66.31559811326308,False,False,UNet,train
case_00224,46288,16037,1426,1189489,1253240,47714,62325,0.03807251603842839,0.8413017202991666,0.7260748850998415,0.7426875250701965,0.9701135934945718,0.013302906780940435,80.32214401384685,25.725651818012082,False,False,UNet,train
case_00225,65487,25529,11916,1150308,1253240,77403,91016,0.061762312087070316,0.7776676028239095,0.6362161426961489,0.7195108552342445,0.8460524785861013,0.0217113426435807,143.00244333941305,43.92595685857757,False,False,UNet,train
case_00226,22119,11220,2861,1217040,1253240,24980,33339,0.01993233538667773,0.7585521013734804,0.6110220994475138,0.6634572122739134,0.8854683746997598,0.009134873723804407,157.15851857254637,36.352045140334035,False,False,UNet,train
case_00227,30742,30022,7387,1437289,1505440,38129,60764,0.025327479009459027,0.6217224677176342,0.4510865577907881,0.5059245605950892,0.8062629494610402,0.020460556759950687,91.0,30.47285990279508,False,False,UNet,train
case_00228,57032,92610,17489,1086109,1253240,74521,149642,0.05946267275222623,0.508844010831404,0.3412413017333708,0.38112294676628217,0.7653144751143973,0.0785683441091558,156.32210237409925,51.64888040002207,False,False,UNet,train
case_00229,35976,16301,1175,1199788,1253240,37151,52277,0.029643962848297213,0.8045802209598784,0.6730524582803262,0.6881802704822388,0.968372318376356,0.013404446549553528,96.66408634419813,26.61238466093211,False,False,UNet,train
case_00230,61038,11272,4730,1176200,1253240,65768,72310,0.05247837604928027,0.884108981879807,0.7922897196261682,0.8441156133314894,0.9280805254835178,0.009492434347925677,42.432295333144694,12.926326674860494,False,False,UNet,train
case_00231,19822,35500,3455,1194463,1253240,23277,55322,0.018573457597906226,0.5043830074173972,0.33724075743913434,0.35830230288131304,0.8515702195300081,0.02886265684414897,147.78700890132393,50.70635503473386,False,False,UNet,train
case_00232,9365,3656,5023,1235196,1253240,14388,13021,0.011480642175481153,0.6833521835893319,0.5190090888938151,0.7192227939482375,0.6508896302474284,0.002951119262026457,56.08029957123981,17.866142399132997,False,False,UNet,train
case_00233,19346,18847,4626,1210421,1253240,23972,38193,0.019128020171714916,0.622408107455964,0.4518087764777318,0.5065326106878224,0.807024862339396,0.01533188857108458,206.0952342804265,58.18324749764824,False,False,UNet,train
case_00234,25513,43734,6315,1177678,1253240,31828,69247,0.025396572085155278,0.5048330447687361,0.3376432598396019,0.3684347336346701,0.8015897951489255,0.035806099825447926,190.58331419330864,62.02689548158321,False,False,UNet,train
case_00235,17736,9666,16627,1209211,1253240,34363,27402,0.027419329098975456,0.5743058366388731,0.40282541052488136,0.6472520253996059,0.5161365422110992,0.00793025055030163,81.10048784001748,38.53280974980777,False,False,UNet,train
case_00236,14767,33547,2982,1201944,1253240,17749,48314,0.01416249082378475,0.4470581111968878,0.28787819713038054,0.3056463964896303,0.83199053467801,0.027152767604134712,192.8569394545077,61.38462596387264,False,False,UNet,train
case_00237,27646,9590,2669,1213335,1253240,30315,37236,0.024189301330950177,0.818522301668369,0.6927953890489914,0.7424535395853475,0.9119577766782121,0.007841854569985894,35.0,13.501063755833622,False,False,UNet,train
case_00238,20293,6593,5670,1472884,1505440,25963,26886,0.017246120735466042,0.7679615508335068,0.6233259614203219,0.7547794391132931,0.7816122944189808,0.004456304491384455,59.07449663179165,17.135096476076463,False,False,UNet,train
case_00239,48534,11202,8135,1185369,1253240,56669,59736,0.045217994957071274,0.8338817061122804,0.7150918654506343,0.812474889513861,0.8564470874728688,0.009361751204065618,98.490978157335,20.396281204131576,False,False,UNet,train
case_00240,0,436,1918,1250886,1253240,1918,436,0.0015304331173598034,0.0,0.0,0.0,0.0,0.0003484314988468196,83.64115210317458,59.777837166494635,False,False,UNet,train
case_00241,15121,6571,4525,1227023,1253240,19646,21692,0.01567616737416616,0.7315786927282404,0.5767631689361864,0.6970772635072838,0.7696732159218161,0.005326712030052027,71.740407704652,21.718272681163704,False,False,UNet,train
case_00242,59802,11053,7145,1427440,1505440,66947,70855,0.04447005526623446,0.8679409587669265,0.7666923076923077,0.8440053630654153,0.8932737837393759,0.0076837356872782835,111.7821496306325,27.37485556246446,False,False,UNet,train
case_00243,67280,13392,19532,1405236,1505440,86812,80672,0.05766553300031885,0.8034200281817965,0.6714302822242625,0.8339944466481555,0.7750080634013731,0.009440106920207412,166.34812687610432,48.96068084568374,False,False,UNet,train
case_00244,32623,1406,11517,1459894,1505440,44140,34029,0.029320331597406737,0.8346787089511187,0.7162648750713564,0.9586823003908431,0.7390801993656547,0.0009621569835078355,76.17868672228494,21.53344375233864,False,False,UNet,train
case_00245,2515,37483,2211,1463231,1505440,4726,39998,0.0031392815389520673,0.11246757892853948,0.05958444881423393,0.06287814390719536,0.5321625052898857,0.024976777720471723,321.31487295319704,133.09234807026513,False,False,UNet,train
case_00246,87325,4110,14265,1399740,1505440,101590,91435,0.06748193219258157,0.9048050770625566,0.8261589403973509,0.9550500355443758,0.859582636086229,0.0029276632118816113,363.0,54.72553250645283,False,False,UNet,train
case_00247,18031,11804,4468,1471137,1505440,22499,29835,0.014945132320119035,0.6890740245347193,0.5256391569250503,0.6043572984749456,0.8014133961509401,0.007959858146750275,56.0410542167991,19.778823812815016,False,False,UNet,train
case_00248,80874,9591,14479,1400496,1505440,95353,90465,0.06333895738123074,0.8704646482041568,0.7706395792041469,0.8939810976620792,0.8481537025578639,0.0068017079797204,49.4539696575687,15.875866934901682,False,False,UNet,train
case_00249,30213,1512,6792,652683,691200,37005,31725,0.05353732638888889,0.8791793976429507,0.7844068852714385,0.9523404255319149,0.8164572355087151,0.0023112374750647743,42.79005206556006,10.53849482691431,False,False,UNet,train
case_00250,25530,5151,1894,658625,691200,27424,30681,0.03967592592592593,0.8787539798640392,0.7837298541826554,0.8321110785176493,0.9309364060676779,0.0077601480017355255,22.48996971246676,10.159134550124104,False,False,UNet,train
case_00251,4974,997,244,684985,691200,5218,5971,0.007549189814814815,0.8890874966484941,0.8003218020917136,0.8330262937531402,0.9532387888079724,0.0014533909053007221,23.08679276123039,5.285231854867372,False,False,UNet,train
case_00252,17087,13438,92,660583,691200,17179,30525,0.024853877314814816,0.7163759852423277,0.5580886435640331,0.5597706797706797,0.9946446242505385,0.019937064275445424,64.44452148700799,23.062425300766417,False,False,UNet,train
case_00253,20302,4609,1811,664478,691200,22113,24911,0.0319921875,0.8634739707383464,0.7597485218172293,0.8149813335474289,0.9181024736580292,0.006888491332218381,36.67693843970342,11.068625126940965,False,False,UNet,train
case_00254,33388,8299,4816,1249855,1296358,38204,41687,0.029470254358749667,0.8358388304064288,0.7179751843967056,0.8009211504785665,0.8739399015809863,0.006596171851776492,184.37623649328714,44.80893506730435,False,False,UNet,train
case_00255,53978,6250,8381,1436831,1505440,62359,60228,0.04142244127962589,0.880648029562678,0.786748094273346,0.8962276681941954,0.8656007953944098,0.004331011218358498,160.1873858846127,34.60864836061249,False,False,UNet,train
case_00256,89294,18759,11953,1385434,1505440,101247,108053,0.06725409182697417,0.8532632584806498,0.744079462693532,0.8263907526861818,0.8819421810028939,0.01335927468659935,152.44300300623058,31.47957465321057,False,False,UNet,train
case_00257,7526,5132,11465,1481317,1505440,18991,12658,0.012614916569242214,0.47559164586558816,0.3119844132156034,0.594564702164639,0.3962929808856827,0.003452523429999953,76.2876022514947,32.226143543609005,False,False,UNet,train
case_00258,32939,28012,3277,781080,845308,36216,60951,0.042843555248501135,0.6779873825475727,0.5128448651678396,0.5404177125888009,0.9095151314336205,0.03462152635299818,156.9407525236057,53.25106966138019,False,False,UNet,train
case_00259,56725,44484,10373,904590,1016172,67098,101209,0.06603016024846188,0.6740658439637092,0.5083705257120325,0.5604738709008092,0.8454052281737161,0.0468709499996839,240.33563308052425,46.70193520603452,False,False,UNet,train
case_00260,45468,1513,7115,962076,1016172,52583,46981,0.05174616108296627,0.9133421718693504,0.8405057675244011,0.9677954917945553,0.8646901089705799,0.0015701715150338994,25.495097567963924,9.19276294571418,False,False,UNet,train
case_00261,41782,5116,5829,1452713,1505440,47611,46898,0.03162596981613349,0.8841909236157403,0.7924213401103799,0.8909121924175871,0.8775703093822856,0.0035093279115726195,45.09711580427382,13.544820393774888,False,False,UNet,train
case_00262,23887,13924,1885,976476,1016172,25772,37811,0.02536184819105427,0.7513643583976849,0.601748286981056,0.6317473751024834,0.9268586062393295,0.014058966074313409,106.86225601261886,26.260389236733143,False,False,UNet,train
case_00263,53667,10650,41597,1399526,1505440,95264,64317,0.06327983845254544,0.6725988682863248,0.5067035519383651,0.8344139185596343,0.5633502687269063,0.007552248797313243,121.0,48.683743413213435,False,False,UNet,train
case_00264,28561,10121,2011,1464747,1505440,30572,38682,0.020307684132213837,0.8248187830305831,0.701865185658467,0.7383537562690657,0.9342208556849405,0.006862309033757597,39.527150953200845,15.186662132503036,False,False,UNet,train
case_00265,7844,22590,960,1474046,1505440,8804,30434,0.005848124136465086,0.3998165044089913,0.2498566605083774,0.2577380561214431,0.8909586551567469,0.01509385047533268,211.9810117213293,74.9513358546549,False,False,UNet,train
case_00266,40266,30128,1548,1433498,1505440,41814,70394,0.027775268360080773,0.7177028375873378,0.5597008701453949,0.572008978037901,0.9629789065863108,0.02058449357964398,70.19792624881855,28.969510126228055,False,False,UNet,train
case_00267,47872,14486,7992,945822,1016172,55864,62358,0.054974945186444815,0.8098661839589925,0.6804832977967307,0.7676962057795311,0.8569382786767865,0.01508474364474731,116.51115313090594,29.411097796425594,False,False,UNet,train
case_00268,14651,2054,1643,1234892,1253240,16294,16705,0.013001500111710447,0.8879663020091518,0.7985066492260737,0.8770428015564202,0.8991653369338407,0.0016605413655891204,29.154759474226502,8.500748221550886,False,False,UNet,train
case_00269,36629,7284,2260,1207067,1253240,38889,43913,0.03103076824869937,0.8847370836453226,0.7932991142009399,0.8341265684421469,0.9418858803260562,0.005998265740300786,124.93336264630723,21.309768256957515,False,False,UNet,train
case_00270,38505,20626,5697,1188412,1253240,44202,59131,0.03527017969423255,0.7452604685821567,0.5939563151724564,0.6511812754731021,0.8711144292113479,0.017059844272884723,176.0213054082868,59.11697176696299,False,False,UNet,train
case_00271,20206,16987,583,1215464,1253240,20789,37193,0.016588203376847212,0.6969749232520437,0.5348898771706904,0.5432742720404378,0.971956323055462,0.013783103750169378,131.56823098928143,37.62399824009275,False,False,UNet,train
case_00272,34240,7679,2178,972075,1016172,36418,41919,0.035838421054703334,0.8741718472752339,0.776470054652244,0.8168133781817314,0.9401944093580098,0.007837681703774621,31.31452021011886,11.617940416123405,False,False,UNet,train
case_00273,76728,7858,22821,1145833,1253240,99549,84586,0.079433308863426,0.8333885464469004,0.7143668475983874,0.9071004657981226,0.7707561100563541,0.006811182543679373,52.258939083359635,22.483273327877374,False,False,UNet,train
case_00274,18091,64754,2253,1420342,1505440,20344,82845,0.01351365713678393,0.3506381494151508,0.21259019013372818,0.21837165791538415,0.8892548171451042,0.04360256845348718,257.9731555559166,90.47401258828653,False,False,UNet,train
case_00275,22203,149,38001,1236005,1296358,60204,22352,0.04644087512862959,0.5378894326275497,0.36788560634931156,0.9933339298496778,0.36879609328283836,0.00012053514367950919,127.68435677200951,51.62792905146041,False,False,UNet,train
case_00276,53717,6074,3121,1442528,1505440,56838,59791,0.03775507492826018,0.9211602603126152,0.853843463886063,0.8984128046026995,0.9450895527639959,0.004193008155449185,28.003570290448756,8.889891290038037,False,False,UNet,train
case_00277,89883,12642,17818,1132897,1253240,107701,102525,0.0859380485780856,0.855108312007078,0.7468901390193031,0.876693489392831,0.8345604961885219,0.011035852991473883,75.14117997464007,23.9206559029913,False,False,UNet,train
case_00278,44742,10126,1211,1449361,1505440,45953,54868,0.030524630672760122,0.8875531883238611,0.7978387631733804,0.8154479842531166,0.9736469871390334,0.00693805426153162,41.21865955325979,10.665720663433873,False,False,UNet,train
case_00279,75789,3525,115480,1058446,1253240,191269,79314,0.15261960997095528,0.5601904036838974,0.38907255870304014,0.9555563960965278,0.39624298762475885,0.0033192996795581046,131.60470337915308,51.992617185186,False,False,UNet,train
case_00280,55439,8693,14722,1174386,1253240,70161,64132,0.0559836902748077,0.8256424385485468,0.7030588175615695,0.8644514438969625,0.7901683271333076,0.007347776437583627,47.00797782062948,20.27846519660673,False,False,UNet,train
case_00281,49086,8515,5664,1442175,1505440,54750,57601,0.03636810500584547,0.8737972959742236,0.7758792381253458,0.8521727053349768,0.8965479452054794,0.0058696206632705816,41.48493702538308,14.70827639804923,False,False,UNet,train
case_00282,28004,8725,472,1468239,1505440,28476,36729,0.01891540014879371,0.8589525343148532,0.7527754630251875,0.7624492907511775,0.983424638291895,0.005907388399446432,39.0,12.456144413397928,False,False,UNet,train
case_00283,25787,2486,9056,1468111,1505440,34843,28273,0.023144728451482622,0.8171303631408835,0.6908033968228455,0.9120715877338804,0.7400912665384726,0.0016904699247992482,45.00388840889766,15.683687470829376,False,False,UNet,train
case_00284,33023,3559,6271,1253505,1296358,39294,36582,0.0303110714787119,0.8704465180030576,0.7706111590787109,0.9027117161445519,0.8404082048149845,0.0028312003207473925,34.97497443760108,15.921835396191586,False,False,UNet,train
case_00285,88458,36165,8121,1372696,1505440,96579,124623,0.0641533372303114,0.799793853581794,0.6663804013740734,0.7098047711899088,0.9159133973223993,0.0256696721678008,240.81735731913346,49.352600833526516,False,False,UNet,train
case_00286,45404,806,30181,1219967,1296358,75585,46210,0.05830565322233519,0.7455806888624328,0.5943632103258237,0.9825578879030513,0.600701197327512,0.0006602374069544461,74.90326538199068,25.007743815080218,False,False,UNet,train
case_00287,36183,20475,5276,1443506,1505440,41459,56658,0.027539456902965245,0.7375480293934792,0.5842186844059806,0.6386212008895478,0.8727417448563641,0.01398583724788778,104.32017834200052,29.941802150070753,False,False,UNet,train
case_00288,1263,3850,33588,1257657,1296358,34851,5113,0.02688377747504933,0.06320688619757782,0.032634815637838814,0.24701740661060043,0.0362399931135405,0.0030519053798353873,104.29429416420666,67.72817270963989,False,False,UNet,train
case_00289,74304,45118,57920,1075898,1253240,132224,119422,0.10550572915004308,0.5905438592308243,0.4189870419866698,0.6221969151412637,0.5619554695062924,0.04024741841329651,138.5225612334995,46.811625563332456,False,False,UNet,train
case_00290,49914,572,50313,1195559,1296358,100227,50486,0.07731429126830705,0.6623715273400437,0.49518348396313455,0.9886701263716674,0.4980095183932473,0.00047820849054158786,120.18651878623518,43.18322407220552,False,False,UNet,train
case_00291,90355,150,21887,1393048,1505440,112242,90505,0.07455760442129876,0.8913078861832727,0.8039273257883124,0.9983426330037014,0.805001692770977,0.00010766595989945435,42.02974084481309,15.804320218906184,False,False,UNet,train
case_00292,24445,69576,17912,1393507,1505440,42357,94021,0.02813596025082368,0.358488905835252,0.21838957233344947,0.2599951074759894,0.5771183039403168,0.04755437661431375,139.35350624740076,79.54041028089968,False,False,UNet,train
case_00293,55191,7703,20981,1212483,1296358,76172,62894,0.05875846024014971,0.7937382250154603,0.6580149031296573,0.8775240881483131,0.7245575802132017,0.006312971956734465,162.29386655425523,39.02499208096745,False,False,UNet,train
case_00294,21316,371,9198,1474555,1505440,30514,21687,0.02026915718992454,0.8166893354533438,0.6901732232475312,0.9828929773597086,0.6985645933014354,0.00025153804326454347,35.0,15.013511222674897,False,False,UNet,train
case_00295,5393,6825,1421,1239601,1253240,6814,12218,0.005437107018607769,0.5667297183690626,0.39541022069066645,0.44139793746930756,0.7914587613736425,0.005475655995622684,102.18060264277506,31.024790844742864,False,False,UNet,train
case_00296,34919,10272,479,1207570,1253240,35398,45191,0.02824518847148192,0.8665946965466751,0.7645938252682286,0.7726981036047,0.9864681620430533,0.008434591679380413,38.0,14.712023592691832,False,False,UNet,train
case_00297,55408,5236,13966,1430830,1505440,69374,60644,0.04608220852375385,0.8523127566952268,0.7426350355180271,0.9136600488094453,0.7986853864560209,0.003646071977193249,50.51779920465966,17.861956080352584,False,False,UNet,train
case_00298,71876,8462,13846,1159056,1253240,85722,80338,0.06840030640579618,0.8656630133686619,0.7631444831393868,0.8946700191690109,0.8384778703250041,0.007247853994542268,46.555338651878984,19.549540328408398,False,False,UNet,train
case_00299,43893,7565,40834,1160948,1253240,84727,51458,0.06760636430372474,0.6446084370525388,0.47558835001950334,0.8529869019394457,0.5180520967342169,0.006474040083422264,92.44214230447001,44.350592738609606,False,False,UNet,train
case_00300,26331,6324,4088,1468697,1505440,30419,32655,0.020206052715485173,0.8349240574563211,0.716626296165256,0.8063389986219568,0.8656103093461324,0.004287396586218095,28.85425685062105,11.42860864268034,False,False,UNet,train
case_00301,100445,12684,44775,1347536,1505440,145220,113129,0.09646349240089276,0.7775915525122993,0.6361143479582532,0.8878802075506722,0.6916747004544829,0.0093249621384776,134.39047184800103,53.75539591157964,False,False,UNet,train
case_00302,78094,26175,1485,1399686,1505440,79579,104269,0.052860957593793174,0.8495496279535268,0.7384496094710365,0.7489666151972303,0.9813392980560198,0.01835732936099662,83.5011952031949,21.61723915916507,False,False,UNet,train
case_00303,10224,16443,94015,1132558,1253240,104239,26667,0.08317560882193355,0.1562036881426367,0.08471851643161367,0.3833952075599055,0.0980822916566736,0.014310692505924712,233.01502050083707,102.9100408520223,False,False,UNet,train
case_00304,8674,5749,3024,1487993,1505440,11698,14423,0.007770485705175896,0.6641399640136288,0.4971628360176535,0.6014005408028843,0.7414942725252179,0.0038487235412808904,304.7887790413036,120.1461947994143,False,False,UNet,train
case_00305,8745,3827,540,1492328,1505440,9285,12572,0.006167632054415985,0.8002013085052844,0.6669463087248322,0.6955933821189946,0.9418416801292407,0.002557890058182474,74.51845409024533,23.93801195066133,False,False,UNet,train
case_00306,22172,21224,10288,1199556,1253240,32460,43396,0.02590086495802879,0.5845813119595022,0.413009462782207,0.5109226656834731,0.6830560690080099,0.017385605924081324,266.59308533346,58.55856259868662,False,False,UNet,train
case_00307,19498,47990,54860,1130892,1253240,74358,67488,0.059332609875203474,0.2749178686744779,0.1593650897440089,0.28891062114746324,0.2622179187175556,0.040708060688007794,286.51265241372425,88.28996434101079,False,False,UNet,train
case_00308,45592,8853,6143,1444852,1505440,51735,54445,0.034365368264427675,0.8587681295912601,0.7524922426883212,0.8373955367802369,0.8812602686769112,0.006089956352905163,37.72922855519853,14.961415133782824,False,False,UNet,train
case_00309,40899,49421,3872,1411248,1505440,44771,90320,0.029739478159209267,0.605502957265843,0.4342088500084933,0.4528232949512843,0.9135154452659088,0.0338344963848757,210.77369380121235,91.45320859660433,False,False,UNet,train
case_00310,60144,2272,115402,1075422,1253240,175546,62416,0.14007372889470493,0.5054924735882199,0.33823347467635445,0.9635990771597026,0.34261105351303933,0.002108205112026234,122.90728114729487,61.610192657917736,False,False,UNet,train
case_00311,28179,13654,523,1463084,1505440,28702,41833,0.019065522372196834,0.7990075848869356,0.6652894513174048,0.6736069610116415,0.9817782732910598,0.0092460544795353,66.55748333684733,19.729847762656576,False,False,UNet,train
case_00312,11983,1986,24243,1215028,1253240,36226,13969,0.02890587596948709,0.477457914134874,0.3135925887155867,0.8578280478201732,0.33078451940595155,0.0016318629037956835,202.5331831692708,66.36912236416228,False,False,UNet,train
case_00313,41280,5101,2897,1456162,1505440,44177,46381,0.02934490912955681,0.9116809116809117,0.837696335078534,0.8900196201030595,0.9344228897390044,0.0034908158216556497,26.279215232066374,9.003072628595996,False,False,UNet,train
case_00314,58407,16582,2044,1428407,1505440,60451,74989,0.040155037729833136,0.8624778499704666,0.7582075214518453,0.7788742348877835,0.966187490694943,0.011475519882850319,71.07596602758453,21.199334346909353,False,False,UNet,train
case_00315,9089,1803,909,1493639,1505440,9998,10892,0.0066412477415240725,0.8701771182383916,0.7701889670366918,0.8344656628718325,0.9090818163632727,0.0012056636098223804,19.924858845171276,6.705329345039004,False,False,UNet,train
case_00316,9564,3008,1222,1491646,1505440,10786,12572,0.007164682750557976,0.8189057282301567,0.6933449325793823,0.760738148265988,0.8867049879473391,0.0020125059043765315,78.3989775521533,24.38602554561003,False,False,UNet,train
case_00317,37225,2428,5910,1459877,1505440,43135,39653,0.028652752683600808,0.8992849205198821,0.8170006364813555,0.9387688195092427,0.8629882925698389,0.001660392325814382,43.835135283997936,11.764403270440955,False,False,UNet,train
case_00318,19259,3881,1643,1480657,1505440,20902,23140,0.013884312891911998,0.8745742700149857,0.777105273776379,0.8322817631806396,0.9213950818103531,0.002614281345442151,28.595317977106752,7.897537947501868,False,False,UNet,train
case_00319,40302,6596,3609,1454933,1505440,43911,46898,0.02916821660112658,0.8876212710193924,0.7979487991763518,0.8593543434688047,0.9178110268497643,0.0045130818478456465,48.0,13.479891235304027,False,False,UNet,train
case_00320,9223,5200,1963,1489054,1505440,11186,14423,0.007430385800828994,0.7202936467648092,0.5628585377761504,0.639464743811967,0.824512783836939,0.003479997376617362,292.5190567920936,112.90534603363929,False,False,UNet,train
case_00321,13482,2315,2466,1487177,1505440,15948,15797,0.010593580614305452,0.849393605292172,0.738213875047911,0.853453187314047,0.845372460496614,0.0015542211707078655,171.64496042308255,41.46733688525834,False,False,UNet,train
case_00322,45411,9034,4315,1446680,1505440,49726,54445,0.03303087469444149,0.8718549308348773,0.7728216473791695,0.8340710809073377,0.9132244700961267,0.006205889343648546,41.7612260356422,14.88675459631477,False,False,UNet,train
case_00323,115476,17228,45964,1326772,1505440,161440,132704,0.10723775108938251,0.7851664490861618,0.6463160722681174,0.8701772365565469,0.7152874132804757,0.012818452380952382,147.26293374160613,44.26889732442435,False,False,UNet,train
case_00324,41275,5106,2798,1456261,1505440,44073,46381,0.029275826336486344,0.9126185685541822,0.8392809939201692,0.8899118173389966,0.9365144192589567,0.0034939888474284694,22.825424421026653,8.904012086461588,False,False,UNet,train
case_00325,57434,2165,16037,1429804,1505440,73471,59599,0.048803672016154744,0.8632148493274217,0.7593474007086572,0.9636738871457575,0.7817234010698099,0.0015119042381504068,62.360226851538386,16.22196221391676,False,False,UNet,train
case_00326,8683,2209,1054,1493494,1505440,9737,10892,0.006467876501222234,0.841824615832081,0.7268541771304202,0.7971905986044804,0.8917531067063778,0.001476897485663932,21.93171219946131,8.047219332710032,False,False,UNet,train
case_00327,102319,412,66675,1336034,1505440,168994,102731,0.11225555319375066,0.7531070015640813,0.6039868717754979,0.9959895260437454,0.6054593654212576,0.000308280319593908,140.03570973148243,43.85367245974301,False,False,UNet,train
case_00328,143242,4251,28937,1329010,1505440,172179,147493,0.11437121373153364,0.8961810856127531,0.8118914016890552,0.9711782932071352,0.8319365311681448,0.003188422971946228,156.0,42.31006599808906,False,False,UNet,train
case_00329,28033,12459,1382,1463566,1505440,29415,40492,0.01953913805930492,0.8020083825654083,0.6694607632421072,0.6923095920181764,0.9530171681115077,0.008440913941159534,80.0,26.5361667817591,False,False,UNet,train
case_00330,37570,13840,13086,1440944,1505440,50656,51410,0.03364863428632161,0.7361903082319283,0.58251674522451,0.7307916747714452,0.7416692987997473,0.009513439795873477,151.39679271000645,44.232583334185506,False,False,UNet,train
case_00331,13090,2707,2528,1487115,1505440,15618,15797,0.010374375597831864,0.8333598599395193,0.714324693042292,0.8286383490536178,0.8381354846971443,0.0018169955873923193,176.5116119654112,42.85492192197807,False,False,UNet,train
case_00332,58023,1576,31244,1414597,1505440,89267,59599,0.059296285471357214,0.7795332715327878,0.638717347511641,0.9735566032987131,0.6499938387085933,0.0011128583866519134,78.12808658604807,29.13132825851731,False,False,UNet,train
case_00333,34385,18501,4729,1447825,1505440,39114,52886,0.025981772770751407,0.7475,0.5968063872255489,0.6501720682222139,0.879096998517155,0.012617248824613353,58.74860872337977,25.47888532686136,False,False,UNet,train
case_00334,111180,14250,21287,1358723,1505440,132467,125430,0.08799221490062706,0.862204678612004,0.7577853963753348,0.8863908155943554,0.8393033736704236,0.010378936803564236,92.22797840135064,28.71134645756892,False,False,UNet,train
case_00335,29104,11388,347,1464601,1505440,29451,40492,0.019563051333829313,0.8322205224254036,0.7126521217463699,0.7187592610886101,0.9882177175647686,0.007715504654844989,85.59666345567317,24.67062009135346,False,False,UNet,train
case_00336,67384,9233,3527,1425296,1505440,70911,76617,0.04710317249442023,0.91350794425465,0.8407865841485327,0.879491496665231,0.9502615955211462,0.006436258869635957,41.43669871020132,12.353261487571835,False,False,UNet,train
case_00337,39816,7807,7431,1450386,1505440,47247,47623,0.031384180040386865,0.8393802044903552,0.7232172049260726,0.8360666064716629,0.8427201727093784,0.0053538866254329845,86.0,23.55745619777963,False,False,UNet,train
case_00338,23216,2828,2942,1476454,1505440,26158,26044,0.017375650972473164,0.8894678364813609,0.8009383840474712,0.8914145292581784,0.8875296276473736,0.0019117382622109915,27.950719387228922,8.378502321657814,False,False,UNet,train
case_00339,64347,10678,24672,1405743,1505440,89019,75025,0.05913154958018918,0.7845090341615664,0.6454256396882554,0.8576741086304566,0.7228456846291241,0.0075387190672829615,65.73773639000703,27.514585284083864,False,False,UNet,train
case_00340,73922,2851,8531,1420136,1505440,82453,76773,0.054770034009990434,0.9285166995339957,0.8665713213917284,0.9628645487345812,0.8965349956945169,0.0020035320069684403,33.12023534291515,9.691715868219942,False,False,UNet,train
case_00341,19286,8400,1593,1476161,1505440,20879,27686,0.013869034966521416,0.794234531040873,0.6586973598825097,0.6965975583327313,0.9237032424924565,0.0056582383613741705,50.892911419375295,16.005906584220146,False,False,UNet,train
case_00342,19712,9220,775,1475733,1505440,20487,28932,0.013608645977255819,0.7977498532952912,0.6635473120813277,0.6813217198949261,0.9621711329135549,0.00620895072099925,67.0,16.764203614896388,False,False,UNet,train
case_00343,47057,2162,8495,1447726,1505440,55552,49219,0.036900839621638856,0.89828292180088,0.8153480957826524,0.9560738739104817,0.8470802131336406,0.001491149661215211,36.00972034751675,10.976385095111453,False,False,UNet,train
case_00344,18298,7123,1881,1478138,1505440,20179,25421,0.013404054628547137,0.8025438596491228,0.6702073108197202,0.7197985917155107,0.9067842806878438,0.004795790100191145,34.0,13.530219555780013,False,False,UNet,train
case_00345,9125,7184,221,1488910,1505440,9346,16309,0.006208151769582315,0.7113623075423894,0.5520266182698125,0.5595070206634374,0.9763535202225551,0.0048018373177086465,42.053536886441734,15.04264792195137,False,False,UNet,train
case_00346,5534,0,27680,1220026,1253240,33214,5534,0.02650250550572915,0.2856405491896356,0.16661648702354429,1.0,0.16661648702354429,0.0,129.85665966086125,41.056998525023985,False,False,UNet,train
case_00347,41838,1242,5536,1456824,1505440,47374,43080,0.03146854075884791,0.9250668848254361,0.8605808787230541,0.9711699164345404,0.883142652087643,0.0008518132924024015,77.08955722675712,14.636437752830085,False,False,UNet,train
case_00348,61271,3228,2333,1438608,1505440,63604,64499,0.04224944202359443,0.956589619290727,0.9167913574335648,0.9499527124451542,0.9633199169863531,0.0022388121811357186,14.317821063276353,5.514015960054273,False,False,UNet,train
case_00349,81969,37865,17872,1367734,1505440,99841,119834,0.06632014560527155,0.7462751792420621,0.5952463944926147,0.6840212293672914,0.8209953826584269,0.02693869304118742,181.68485842410786,43.55417720473514,False,False,UNet,train
case_00350,5908,4320,1900,1493312,1505440,7808,10228,0.005186523541290254,0.6551341760922599,0.48713720316622694,0.5776300351974971,0.7566598360655737,0.00288455374885152,96.65298275399162,27.144231177879114,False,False,UNet,train
case_00351,17135,4155,1356,1482794,1505440,18491,21290,0.012282787756403443,0.8614665292476308,0.7566457652565575,0.8048379520901832,0.9266670272024228,0.0027943123805860186,24.039533756525415,8.158840264362519,False,False,UNet,train
case_00352,35375,621,21075,1196169,1253240,56450,35996,0.045043247901439466,0.7653116413906497,0.6198419512537016,0.9827480831203467,0.6266607617360496,0.0005188880254681273,44.52411238038254,23.714885749058737,False,False,UNet,train
case_00353,80459,895,23951,1400135,1505440,104410,81354,0.06935513869699224,0.8662496500936673,0.7640567874269978,0.9889986970523883,0.7706062637678384,0.0006388157284283705,66.09821374850205,19.219161750024956,False,False,UNet,train
case_00354,60744,4815,27627,1412254,1505440,88371,65559,0.05870111063875013,0.7892418631845645,0.6518575751722362,0.9265547064476273,0.6873748175306379,0.00339785853758709,99.20181449953424,31.92232331125012,False,False,UNet,train
case_00355,29441,9226,2287,1464486,1505440,31728,38667,0.02107556594749708,0.8364514525179345,0.7188797187087952,0.7613986086326842,0.9279185577407968,0.006260381947083284,42.00952246016001,15.104750359643882,False,False,UNet,train
case_00356,40570,3487,3572,1457811,1505440,44142,44057,0.029321660112658094,0.9199650789691494,0.8517919754771253,0.9208525319472501,0.9190793348738163,0.0023862347036675614,29.30125981827862,8.481328229368268,False,False,UNet,train
case_00357,7884,6110,3162,1488284,1505440,11046,13994,0.007337389733234137,0.6297124600638978,0.4595476801119142,0.563384307560383,0.7137425312330256,0.004088613846147669,48.355429596356004,19.897330639651702,False,False,UNet,train
case_00358,83564,28863,11047,1381966,1505440,94611,112427,0.062846078222978,0.8072334547281176,0.6767740576963571,0.743273412970194,0.883237678494044,0.020458184514211147,101.08115514596813,31.33573613842897,False,False,UNet,train
case_00359,28513,3068,3923,1469936,1505440,32436,31581,0.021545860346476778,0.8907946326756955,0.803092609283461,0.9028529812228872,0.8790541373782217,0.002082818512373354,21.0,8.88495420430912,False,False,UNet,train
case_00360,14285,15168,389,1475598,1505440,14674,29453,0.009747316399192263,0.6474494073922995,0.47868775551236514,0.4850100159576274,0.9734905274635409,0.010174635053388661,239.03110909149854,72.10567069344705,False,False,UNet,train
case_00361,15499,3951,546,1485444,1505440,16045,19450,0.010658013603996173,0.8733060994506269,0.7751050210042009,0.7968637532133676,0.9659707073854783,0.0026527549776922846,31.131973151760157,9.770698500804086,False,False,UNet,train
case_00362,20623,5456,5706,1473655,1505440,26329,26079,0.017489239026464022,0.7870172492749199,0.64882806355199,0.7907895241381955,0.783280793041893,0.003688702200172942,38.0,16.889458745539894,False,False,UNet,train
case_00363,89987,702,12417,1402334,1505440,102404,90689,0.0680226378998831,0.9320586453159876,0.8727620119100731,0.9922592596676554,0.8787449708995743,0.0005003435407216921,30.460628434857398,9.69609109459878,False,False,UNet,train
case_00364,45005,3804,11353,1445278,1505440,56358,48809,0.03743623126793496,0.855876843496534,0.7480635617166983,0.922063553852773,0.7985556620178147,0.0026251102422085153,67.0596732586382,17.35313780639518,False,False,UNet,train
case_00365,21321,5855,9836,1468428,1505440,31157,27176,0.0206962748432352,0.7310098914850942,0.5760564141359559,0.7845525463644392,0.6843085021022564,0.003971422040408796,35.43440870915367,17.000040233630124,False,False,UNet,train
case_00366,27899,3860,1855,1471826,1505440,29754,31759,0.019764321394409607,0.9070928096499927,0.8299815553043375,0.8784596492332882,0.9376554412852054,0.0026157326152040474,24.59840467681056,8.01047836234593,False,False,UNet,train
case_00367,71094,12234,4635,1417477,1505440,75729,83328,0.050303565734934635,0.8939436805673437,0.8082261860100269,0.8531826036866359,0.9387949134413501,0.008556974101759027,43.266615305567875,13.74689541859697,False,False,UNet,train
case_00368,22474,2138,2150,1478678,1505440,24624,24612,0.016356679774683813,0.9129092533918272,0.8397728121963979,0.9131318056232732,0.9126868096166342,0.0014437985543105964,16.23565643495602,6.922422299070027,False,False,UNet,train
case_00369,19901,24255,18663,1233539,1296358,38564,44156,0.029747955425893157,0.4811653771760155,0.31679905760995875,0.4506975269499049,0.5160512394979774,0.01928376188787671,80.55583808713453,40.54764132484204,False,False,UNet,train
case_00370,86321,8250,19411,1391458,1505440,105732,94571,0.07023328727813795,0.8619042151141021,0.7573213314382973,0.9127639551236637,0.8164131956266788,0.005894086480894587,66.16265792263823,18.215579028347822,False,False,UNet,train
case_00371,2593,5,4521,1498321,1505440,7114,2598,0.004725528749070039,0.5339785831960461,0.364236550077258,0.9980754426481909,0.36449254990160246,3.337057489491606e-06,47.05581229833385,15.579875177401677,False,False,UNet,train
case_00372,764,0,47440,1457236,1505440,48204,764,0.032019874588160274,0.03120405162555138,0.015849307111443035,1.0,0.015849307111443035,0.0,226.08935966281328,103.12427235251444,False,False,UNet,train
case_00373,26670,2763,728,1475279,1505440,27398,29433,0.01819933042831332,0.9385722580985729,0.8842545008454626,0.9061257771888697,0.9734287174246296,0.0018693650112784346,147.1621548645475,21.82179516597166,False,False,UNet,train
case_00374,53940,15353,5819,1430328,1505440,59759,69293,0.03969537145286428,0.8359421008585687,0.7181275961231228,0.7784336080123534,0.9026255459428705,0.010619908541372543,45.27692569068709,14.404356992111087,False,False,UNet,train
case_00375,22825,16707,732,1465176,1505440,23557,39532,0.015647916888085873,0.7235809729112841,0.5668835684482416,0.5773803500961247,0.9689264337564206,0.011274169418233424,102.98470549345451,26.404888164440784,False,False,UNet,train
case_00376,14632,24227,280,1214101,1253240,14912,38859,0.011898758418180078,0.5442338807163712,0.37384705792176604,0.37654082709282277,0.9812231759656652,0.01956428345317234,182.02485448319973,57.00165902838867,False,False,UNet,train
case_00377,87870,742,47489,1117139,1253240,135359,88612,0.10800724522038875,0.784655156247907,0.64562347080477,0.9916264162867332,0.6491625972414099,0.0006637558022723349,115.67409320021531,37.369061811915735,False,False,UNet,train
case_00378,7411,1591,1858,1242380,1253240,9269,9002,0.007396029491557882,0.8112309123748016,0.6824125230202578,0.8232614974450122,0.7995468766857267,0.0012789687219396594,20.06982586956925,8.023249157668827,False,False,UNet,train
case_00379,36775,21560,2408,1192497,1253240,39183,58335,0.03126536018639686,0.7542197337927357,0.6054195545165698,0.6304105596982943,0.9385447770716893,0.017758639009535795,112.4348698565595,31.6046424748457,False,False,UNet,train
case_00380,71976,1882,60074,1371508,1505440,132050,73858,0.08771521947071953,0.6991083396468326,0.537407042379715,0.9745186709631997,0.5450662627792503,0.0013703318066972964,107.71072363608039,40.1631404278545,False,False,UNet,train
case_00381,40546,594,31586,1432714,1505440,72132,41140,0.047914231055372514,0.7159050780422346,0.5575172565519897,0.9855614973262032,0.5621083569012366,0.00041442592938851944,68.0,34.94188846512239,False,False,UNet,train
case_00382,38311,1342,11028,1454759,1505440,49339,39653,0.03277380699330428,0.8609987414599065,0.7559243108857363,0.9661564068292436,0.7764851334643994,0.0009216393643023389,58.16869935253891,15.383790455472823,False,False,UNet,train
case_00383,16982,3963,1420,1483075,1505440,18402,20945,0.012223668827718142,0.8631916029176303,0.7593114241001565,0.8107901647171163,0.9228344745136399,0.0026650294074529366,21.091461756323973,10.098892692024297,False,False,UNet,train
case_00384,125153,300,94383,1285604,1505440,219536,125453,0.14582846211074504,0.7255477710883536,0.5693016612383777,0.997608666193714,0.5700796224764959,0.00023329890878323733,151.46616654431253,49.96426964684909,False,False,UNet,train
case_00385,52532,19421,24179,1409308,1505440,76711,71953,0.050955866723349987,0.7067211967927676,0.5464569550201805,0.730087696134977,0.6848040046407947,0.013593200669966103,89.06457655435199,37.45303131176959,False,False,UNet,train
case_00386,37100,3551,8923,1455866,1505440,46023,40651,0.03057112870655755,0.8560814084962042,0.7483761649251623,0.9126466753585397,0.8061186797905395,0.002433163379623507,38.03286859104335,13.305255032753069,False,False,UNet,train
case_00387,21772,2095,2772,1478801,1505440,24544,23867,0.01630353916462961,0.8994649976245068,0.8172979466196179,0.9122218963422298,0.8870599739243807,0.0014146840831496608,19.697715603592208,7.355354340358119,False,False,UNet,train
case_00388,77460,1009,29975,1396996,1505440,107435,78469,0.07136451801466681,0.8333333333333334,0.7142857142857143,0.9871414189042806,0.7209940894494345,0.0007217427691603392,94.77367430733618,29.738199033775604,False,False,UNet,train
case_00389,60371,3708,3941,1437420,1505440,64312,64079,0.04271973642257413,0.9404241730339354,0.8875477800646868,0.9421339284320916,0.93872061201642,0.002572984495478542,20.396078054371138,7.366353245758566,False,False,UNet,train
case_00390,13381,0,11100,1480959,1505440,24481,13381,0.016261690934211925,0.7068300670857324,0.5465871492177607,1.0,0.5465871492177607,0.0,48.01926682254078,20.549846470237934,False,False,UNet,train
case_00391,74303,41441,30132,1359564,1505440,104435,115744,0.06937174513763418,0.6749326684197857,0.5093572623323919,0.6419598424108377,0.7114760377268157,0.029579480444395272,189.08622368045818,56.065205306911146,False,False,UNet,train
case_00392,82267,1259,49119,1372795,1505440,131386,83526,0.08727415240726964,0.7655877754615843,0.6202043047231331,0.9849268491248234,0.6261473825217299,0.0009162667551639164,125.69168528321734,40.646926872848866,False,False,UNet,train
case_00393,87870,742,47489,1117139,1253240,135359,88612,0.10800724522038875,0.784655156247907,0.64562347080477,0.9916264162867332,0.6491625972414099,0.0006637558022723349,115.67409320021531,37.369061811915735,False,False,UNet,train
case_00394,73495,5074,9913,1164758,1253240,83408,78569,0.06655389231112956,0.9074745179871216,0.8306209172487059,0.9354198220672275,0.8811504891617111,0.004337374939307525,44.28317965096906,12.529999636984464,False,False,UNet,train
case_00395,56418,3112,72592,1121118,1253240,129010,59530,0.10294117647058823,0.5984724726848414,0.427014426060762,0.947723836720981,0.4373149368266026,0.002768116844417957,147.5020320920238,59.685538918799935,False,False,UNet,train
case_00396,119538,8352,10192,1115158,1253240,129730,127890,0.10351568733841882,0.9280180110239888,0.8657029880795469,0.9346938775510204,0.9214368303399368,0.0074338457156589615,32.7566787083184,12.936800829732094,False,False,UNet,train
case_00397,55227,42522,359,1155132,1253240,55586,97749,0.04435383486004277,0.7203443440832165,0.5629204550087659,0.5649878771138324,0.9935415392364984,0.03550441112374692,169.1685549976709,47.72287951369253,False,False,UNet,train
case_00398,116937,4412,23437,1108454,1253240,140374,121349,0.11200887300118094,0.8935936085097603,0.8076540549500643,0.9636420572068991,0.8330388818442162,0.0039645384080383445,85.0411665018772,22.824228434849154,False,False,UNet,train
case_00399,56555,78,64336,1132271,1253240,120891,56633,0.09646276850403754,0.6371532863162164,0.46751647116203326,0.998622711140148,0.4678181171468513,6.888335663298153e-05,131.52186130069785,56.23616290571423,False,False,UNet,train
case_00400,70779,13716,2330,1166415,1253240,73109,84495,0.05833599310586959,0.8981878632522017,0.8151914771091275,0.8376708680987041,0.9681297788234007,0.011622438525892464,118.8839299217973,22.90554485070472,False,False,UNet,train
case_00401,41370,4365,28538,1178967,1253240,69908,45735,0.05578181353930612,0.7154778066982005,0.5569991787055861,0.9045588717612332,0.5917777650626538,0.0036887365506890714,72.00520707807121,36.789070174033846,False,False,UNet,train
case_00402,107347,8800,15475,1121618,1253240,122822,116147,0.09800357473428872,0.898417786407442,0.8155703453829907,0.9242339449146341,0.8740046571461139,0.007784730957928837,52.86771389542412,19.88872958921764,False,False,UNet,train
case_00403,123234,1075,64664,1064267,1253240,187898,124309,0.14992978200504292,0.7894377768595835,0.6521249067327078,0.991352194933593,0.6558558366773463,0.001009065633383458,141.0595325753248,53.40205229753493,False,False,UNet,train
case_00404,29687,4572,3239,1215742,1253240,32926,34259,0.026272701158596916,0.8837389298206445,0.7916955570963785,0.8665460171049943,0.9016278928506347,0.0037465767007507905,27.644133333130295,10.744919643143293,False,False,UNet,train
case_00405,33909,85,41258,1177988,1253240,75167,33994,0.059978136669752005,0.6212658366999203,0.45060596396109076,0.997499558745661,0.45111551611744516,7.215172574195317e-05,109.18789259780561,42.9360843472399,False,False,UNet,train
case_00406,53829,28867,5382,1165162,1253240,59211,82696,0.04724633749321758,0.7586517930757468,0.6111514793705579,0.6509262842217278,0.9091047271621827,0.02417612972549243,102.98057783220736,33.13007262080308,False,False,UNet,train
case_00407,69992,645,21068,1161535,1253240,91060,70637,0.07265966614535124,0.8657179786885347,0.7632299220326045,0.9908688081317156,0.7686360641335384,0.0005549914815260975,41.43669871020132,19.6148120570609,False,False,UNet,train
case_00408,29519,3578,3334,1216809,1253240,32853,33097,0.026214452140052982,0.8951933282789992,0.8102714720979386,0.8918935250929088,0.8985176391805924,0.0029318568617987574,27.459060435491963,9.95721930837208,False,False,UNet,train
case_00409,16464,6072,19230,1211474,1253240,35694,22536,0.02848137627270116,0.5654817104585266,0.3941962361729637,0.7305644302449414,0.461253992267608,0.004987080570261822,81.92919364647253,32.12347733184752,False,False,UNet,train
case_00410,3638,1233,1022,1247347,1253240,4660,4871,0.0037183620056812743,0.7634036302591544,0.6173426098761242,0.7468692260316157,0.7806866952789699,0.0009875218247929647,108.00347214780365,27.847691166966058,False,False,UNet,train
case_00411,69106,64262,12841,1107031,1253240,81947,133368,0.06538811400849,0.641906044632283,0.4726521623155893,0.5181602783276348,0.8433011580655789,0.054864154400308035,253.40308429454043,83.4599302104687,False,False,UNet,train
case_00412,81272,12750,7935,1151283,1253240,89207,94022,0.07118109859244838,0.8871084817359698,0.7971203546593172,0.8643934398332305,0.9110495813108836,0.010953297715786408,88.5047820876567,27.20141003349745,False,False,UNet,train
case_00413,90941,6744,20021,1135534,1253240,110962,97685,0.08854010405030162,0.8717211366566497,0.7726114216777394,0.9309617648564262,0.8195688614120149,0.005903991847868908,97.72921693616807,25.961469298526673,False,False,UNet,train
case_00414,73715,16793,3819,1158913,1253240,77534,90508,0.061866841147745044,0.8773401887623332,0.7814835625006626,0.8144583904185265,0.9507441896458328,0.01428333273794639,71.5122367151245,22.517412201323264,False,False,UNet,train
case_00415,81409,17374,20722,1133735,1253240,102131,98783,0.08149356867000734,0.8103865335417144,0.6812183590644743,0.8241195347377586,0.7971037197325004,0.015093270923952467,98.29241878244997,22.8547383168309,False,False,UNet,train
case_00416,47488,14016,17755,1173981,1253240,65243,61504,0.05205946187482047,0.7493352899871397,0.5991496233866186,0.7721123829344433,0.7278635255889521,0.011798009590933311,96.56603957913983,38.38497204491943,False,False,UNet,train
case_00417,56813,4856,3193,1188378,1253240,60006,61669,0.04788069324311385,0.9338483665502363,0.8759057691714718,0.9212570335176506,0.9467886544678865,0.004069612498470543,22.52994019346751,7.539757953394942,False,False,UNet,train
case_00418,31835,17779,618,1203008,1253240,32453,49614,0.025895279435702658,0.7758295051604177,0.6337593565854436,0.6416535655258596,0.980957076387391,0.014563556132232732,197.87909937005094,65.10865461753491,False,False,UNet,train
case_00419,45827,32564,2480,1172369,1253240,48307,78391,0.03854568957262775,0.7234052629086489,0.5666679032038678,0.5845951703639448,0.9486616846419773,0.027025569056536754,98.92824183924375,31.568411758129756,False,False,UNet,train
case_00420,34624,28837,746,1189033,1253240,35370,63461,0.028222846382177397,0.7006708421446712,0.5392558443783388,0.5455949323206378,0.9789086796720384,0.023678225097916856,140.73023839957068,43.34926008167775,False,False,UNet,train
case_00421,25049,12108,1682,1214401,1253240,26731,37157,0.021329513899971276,0.7841535186576509,0.6449445145343597,0.6741394622816697,0.9370768022146572,0.009871921037676853,46.813385431157975,20.298063330756975,False,False,UNet,train
case_00422,46875,17475,4,1188886,1253240,46879,64350,0.03740624301809709,0.8428557300703953,0.728392951487087,0.7284382284382285,0.9999146739478231,0.014485713646246854,60.70171558488376,21.03712727957251,False,False,UNet,train
case_00423,117896,5335,77513,1052496,1253240,195409,123231,0.15592304746098112,0.7399949786593021,0.5872952616267485,0.9567073220212446,0.6033294269967094,0.005043338680753353,154.15446763646875,48.83145245521643,False,False,UNet,train
case_00424,59139,12346,205,1181550,1253240,59344,71485,0.04735246241741406,0.9040656123642312,0.8249267680290138,0.8272924389732111,0.9965455648422755,0.010340934218725919,33.25957367724054,14.422430416382463,False,False,UNet,train
case_00425,30310,15137,1170,1206623,1253240,31480,45447,0.025118891832370496,0.7880198109896396,0.6501919900465496,0.6669307104979426,0.9628335451080051,0.012389503666841278,50.279688123837026,19.953014465611343,False,False,UNet,train
case_00426,101878,13698,6723,1130941,1253240,108601,115576,0.08665618716287384,0.9089068013221695,0.8330239822075405,0.8814805842043331,0.9380944926842294,0.011967091807984876,43.266615305567875,16.16142961667261,False,False,UNet,train
case_00427,22349,0,215214,1015677,1253240,237563,22349,0.18955906290894003,0.17197359106159008,0.0940760977088183,1.0,0.0940760977088183,0.0,178.05420465367044,121.81358085946295,False,False,UNet,train
case_00428,102749,20692,17468,1112331,1253240,120217,123441,0.09592496249720724,0.8433870424939874,0.7291869220560787,0.8323733605528147,0.8546960912350167,0.018262647801500942,65.0,24.37476738640625,False,False,UNet,train
case_00429,54544,28027,440,1170229,1253240,54984,82571,0.04387347993999553,0.7930500527061902,0.6570695450000602,0.6605709026171416,0.991997672050051,0.023389826547916305,60.411091555064345,29.35263422442877,False,False,UNet,train
case_00430,77326,10124,27220,1138570,1253240,104546,87450,0.08342057387252243,0.8054959478322465,0.6743350483997558,0.8842309891366495,0.7396361410288295,0.00881348731690076,109.91131752949904,29.782081342225574,False,False,UNet,train
case_00431,16780,31270,137,1205053,1253240,16917,48050,0.013498611598736075,0.5165699508981483,0.34822670014734264,0.34921956295525497,0.9919016374061594,0.025292743077658508,290.00206894091656,98.3803595260319,False,False,UNet,train
case_00432,63165,52303,27989,1109783,1253240,91154,115468,0.07273467173087357,0.6114063362081482,0.44030615445743326,0.547034676273946,0.6929481975557847,0.04500785656139047,187.55679067092248,68.74212122214715,False,False,UNet,train
case_00433,16959,39780,2027,1194474,1253240,18986,56739,0.015149532411988126,0.44791020138659626,0.28858523636116123,0.2988949399883678,0.893237122089961,0.03222999479847746,140.4000000000001,53.863521847043074,False,False,UNet,train
case_00434,95431,9940,11090,1136779,1253240,106521,105371,0.08499648910025215,0.9007513261472826,0.8194245283828921,0.9056666445226865,0.8958890735160203,0.008668209038134015,98.6154146165801,23.55548971548895,False,False,UNet,train
case_00435,74893,5798,13635,1411114,1505440,88528,80691,0.05880539908598151,0.8851606498088276,0.7939804507770922,0.9281456420170775,0.8459809325863004,0.004091997244712445,65.93935911631841,18.67797905674431,False,False,UNet,train
case_00436,20305,8988,4,1476143,1505440,20309,29293,0.013490408119885217,0.8187169872182574,0.6930743762159948,0.6931690164885809,0.9998030429858683,0.006051991373151594,125.15069648427502,29.833020479807598,False,False,UNet,train
case_00437,46236,13638,7156,1438410,1505440,53392,59874,0.03546604315017536,0.8164144580015186,0.6897806952110995,0.7722216654975449,0.8659724303266407,0.00939225149581832,49.96393496566487,17.422944016302104,False,False,UNet,train
case_00438,101571,2287,75696,1073686,1253240,177267,103858,0.14144696945517218,0.722603823921743,0.5656849749935953,0.9779795489995956,0.5729831271471848,0.0021255180195042067,145.2290798273833,49.660605189353326,False,False,UNet,train
case_00439,28293,28269,1104,1195574,1253240,29397,56562,0.023456799974466185,0.658290580392978,0.4906357298928311,0.5002121565715498,0.962445147464027,0.023098551039634985,149.66671675506822,47.299632494253665,False,False,UNet,train
case_00440,66046,12374,4795,1170025,1253240,70841,78420,0.05652628387220325,0.8849733018002023,0.7936790242143844,0.8422086202499363,0.9323132084527321,0.010465164466478744,35.0,14.246899989700927,False,False,UNet,train
case_00441,13586,29717,0,1209937,1253240,13586,43303,0.010840700903258753,0.4776318796252351,0.3137426968108445,0.3137426968108445,1.0,0.023972011545156956,243.19774808199676,87.5511290944499,False,False,UNet,train
case_00442,78512,5966,8147,1160615,1253240,86659,84478,0.06914796846573681,0.9175339055844148,0.8476329284750337,0.9293780629276261,0.9059878373856148,0.005114089806022899,42.05948168962618,12.276227461437532,False,False,UNet,train
case_00443,31187,4182,13461,1204410,1253240,44648,35369,0.03562605725958316,0.7795093542622192,0.6386852344869957,0.8817608640334756,0.698508331840172,0.00346022479050002,55.10898293381942,21.942596359659476,False,False,UNet,train
case_00444,73573,614,13388,1165665,1253240,86961,74187,0.0693889438575213,0.9131109290838235,0.8401141878389952,0.991723617345357,0.8460459286346753,0.0005264606496387228,38.0,12.404764767210638,False,False,UNet,train
case_00445,91789,4317,21977,1135157,1253240,113766,96106,0.09077750470779739,0.8747141114584127,0.7773261180694935,0.9550808482300793,0.8068227765764816,0.0037885901740627695,102.14594664287303,28.366011999549688,False,False,UNet,train
case_00446,123262,6133,9334,1114511,1253240,132596,129395,0.10580255976508889,0.9409636208877404,0.8885092518507306,0.9526024962324665,0.9296057196295514,0.005472746028176655,118.36858370971756,18.34103213598611,False,False,UNet,train
case_00447,31032,2160,31527,1188521,1253240,62559,33192,0.04991781302862979,0.6481812200394774,0.47948824920038935,0.9349240780911063,0.4960437347144296,0.0018140879043169412,126.84774323512458,42.517503269681036,False,False,UNet,train
case_00448,18027,5958,4280,1224975,1253240,22307,23985,0.017799463789856692,0.778838676229154,0.6377852467716257,0.7515947467166979,0.8081319765096158,0.004840230946769645,44.10215414239989,17.911834298350097,False,False,UNet,train
case_00449,40054,9512,2073,1201601,1253240,42127,49566,0.03361447129041524,0.873654477441026,0.775654059915955,0.808094258160836,0.9507916538087212,0.007853932704875598,33.97567729470657,12.839972794991999,False,False,UNet,train
case_00450,120308,9841,1678,1121413,1253240,121986,130149,0.09733650378219655,0.9543141570983799,0.9126203281573577,0.9243866645152863,0.9862443231190464,0.0086991957597498,58.0,11.798453023694353,False,False,UNet,train
case_00451,62374,23770,3254,1163842,1253240,65628,86144,0.05236666560275765,0.8219434414780065,0.6977113581959328,0.7240666790490342,0.9504175047235935,0.02001495437903962,71.0,20.986140837958605,False,False,UNet,train
case_00452,113830,11665,7656,1120089,1253240,121486,125495,0.09693753790175864,0.9217713103437106,0.8548940676374943,0.9070480895653213,0.9369803928024628,0.010307010180657635,35.0,11.018686859536462,False,False,UNet,train
case_00453,111177,3989,16457,1121617,1253240,127634,115166,0.10184322236762312,0.9157907742998352,0.8446624070261276,0.9653630411753469,0.8710610025541784,0.003543868813776757,40.311288741492746,14.755483161521681,False,False,UNet,train
case_00454,34664,27298,7945,1183333,1253240,42609,61962,0.033999074399157385,0.6629753947079018,0.4958587838127798,0.5594396565637003,0.813537046163956,0.022548571777857993,203.08926404751156,65.91341171761474,False,False,UNet,train
case_00455,41681,5128,26473,1179958,1253240,68154,46809,0.05438224123072995,0.7251202560823917,0.5687754155181354,0.890448418039266,0.611570854241864,0.004327112125195977,74.43117626371358,29.425437557954425,False,False,UNet,train
case_00456,83716,18185,34954,1116385,1253240,118670,101901,0.09469056206313237,0.7590843764592807,0.6117131270322604,0.8215424775026742,0.7054520940423021,0.016028098751068687,143.91888687982572,41.17504933796223,False,False,UNet,train
case_00457,30164,6316,17833,1198927,1253240,47997,36480,0.03829833072675625,0.7141352083999195,0.5553734833281166,0.8268640350877193,0.6284559451632393,0.005240436990714735,50.24937810560445,20.449608021445883,False,False,UNet,train
case_00458,76180,12522,2111,1162427,1253240,78291,88702,0.06247087549072803,0.912373572544957,0.8388666820829617,0.8588306915289396,0.9730364920616674,0.010657483856746123,53.009433122794285,13.580863662981418,False,False,UNet,train
case_00459,42572,5744,26888,1178036,1253240,69460,48316,0.055424340110433755,0.7229316668930852,0.5660869102707303,0.8811159864227172,0.6128995105096459,0.004852252952406697,72.9150180480991,24.81825955154105,False,False,UNet,train
case_00460,52536,4086,128412,1068206,1253240,180948,56622,0.14438415626695605,0.4422780654122995,0.2839261973475145,0.927837236409876,0.29033755554081836,0.003810529221518019,212.85929505560603,59.990467692394766,False,False,UNet,train
case_00461,64414,16817,993,1171016,1253240,65407,81231,0.0521903226836041,0.8785444427774519,0.7833965752091847,0.7929731260233163,0.9848181387313284,0.014157714089438498,57.149875621505686,17.578515514917715,False,False,UNet,train
case_00462,104005,25355,6764,1117116,1253240,110769,129360,0.08838610322045258,0.8662427278671048,0.7640460168669743,0.8039965986394558,0.9389359838944109,0.022193123501603105,91.51955668357286,21.802412442457168,False,False,UNet,train
case_00463,97268,494,85276,1070202,1253240,182544,97762,0.14565765535731384,0.6940129715382475,0.5314087785050099,0.9949469118880546,0.5328468752739066,0.0004613821290076735,154.5477272560163,63.587921178309124,False,False,UNet,train
case_00464,28732,21223,376,1202909,1253240,29108,49955,0.023226197695573075,0.7268127948597953,0.5708609008364626,0.5751576418776899,0.9870825889789748,0.017337182591419878,144.5634686329474,42.70950183767105,False,False,UNet,train
case_00465,25223,10,28284,1199723,1253240,53507,25233,0.04269493472918196,0.6406654813309627,0.4713081824466992,0.9996036935758729,0.47139626590913336,8.335187912643896e-06,70.0,36.84544376478487,False,False,UNet,train
case_00466,140047,6606,16762,1089825,1253240,156809,146653,0.12512288149117487,0.9229953008943459,0.8570021111893034,0.9549548935241693,0.8931056253148735,0.006025002941361563,152.1167313239107,40.67440866235635,False,False,UNet,train
case_00467,78768,10701,18774,1144997,1253240,97542,89469,0.07783185981934825,0.8423889503825979,0.7276960172944209,0.8803943265265064,0.8075290644030264,0.009259339377588263,55.119860595781994,18.60602402452594,False,False,UNet,train
case_00468,58693,9067,15375,1170105,1253240,74068,67760,0.05910120966454949,0.8276644950221395,0.7059962711252782,0.866189492325856,0.7924204784792352,0.007689293843476609,73.58328402735559,25.960135569121654,False,False,UNet,train
case_00469,148887,14540,1906,1087907,1253240,150793,163427,0.120322524017746,0.9476608745464961,0.9005280252581155,0.911030613056594,0.98736015597541,0.013188842638240206,36.27645487689095,9.96798770602437,False,False,UNet,train
case_00470,85145,2455,55400,1110240,1253240,140545,87600,0.1121453193322907,0.7464112735321835,0.5954195804195804,0.9719748858447489,0.6058201999359636,0.002206354841173907,137.00310214846147,42.920323840140476,False,False,UNet,train
case_00471,60521,33900,1470,1157349,1253240,61991,94421,0.04946458778845233,0.7738664552591873,0.6311436944030201,0.6409696995371792,0.9762868803535997,0.028457526512089413,61.66887274322438,25.92858191102373,False,False,UNet,train
case_00472,43852,4309,16979,1188100,1253240,60831,48161,0.048538986945836395,0.80468291250734,0.6731961928154744,0.9105292664188867,0.7208824448061022,0.0036136929526697633,71.62282962455227,19.614557846936854,False,False,UNet,train
case_00473,14077,146,22644,1216373,1253240,36721,14223,0.029300852191120615,0.5526460427135679,0.3818319906691621,0.9897349363706672,0.38335012663053836,0.00012001456615145346,52.0,23.508322162006355,False,False,UNet,train
case_00474,26849,6199,7592,1212600,1253240,34441,33048,0.027481567776323768,0.7956555883180962,0.6606545275590551,0.8124243524570322,0.7795650532795215,0.005086154484865839,32.43908099464212,14.639718648803214,False,False,UNet,train
case_00475,1727,2541,2190,1246782,1253240,3917,4268,0.0031254987073505475,0.42199144777031156,0.26742025394859087,0.40463917525773196,0.4408986469236661,0.002033901561085484,64.86600078674364,28.507593442654827,False,False,UNet,train
case_00476,16239,7704,26056,1203241,1253240,42295,23943,0.03374852382624238,0.4903227754461185,0.3247864957299146,0.678235810048866,0.38394609291878473,0.006361973500035097,115.17984584584035,39.6299634287015,False,False,UNet,train
case_00477,26990,16718,560,1208972,1253240,27550,43708,0.021983020012128564,0.7575289792023352,0.6096954910996657,0.6175070925231079,0.9796733212341198,0.0136396641891506,120.650872875251,29.57068940046945,False,False,UNet,train
case_00478,120443,32528,4532,1095737,1253240,124975,152971,0.09972152181545434,0.8666647478287149,0.7647028945480403,0.7873583881912258,0.9637367473494699,0.02883010640230797,147.20594092613103,31.192160759854843,False,False,UNet,train
case_00479,57156,5568,4267,1186249,1253240,61423,62724,0.04901136254827487,0.9207793986161567,0.8531892343747668,0.9112301511383203,0.9305309086172932,0.004671858179569515,33.550681458715246,10.8940635622837,False,False,UNet,train
case_00480,90154,10592,13214,1139280,1253240,103368,100746,0.08248061025821071,0.8833690976611109,0.791102141102141,0.8948643122307586,0.8721654670691122,0.009211460058162995,102.17925389814772,20.8798150448416,False,False,UNet,train
case_00481,91971,33732,54113,1073424,1253240,146084,125703,0.11656506335578182,0.6767873371426889,0.5114728389019887,0.7316531825016109,0.629576134278908,0.0304672512274693,160.37449595899233,66.29930984666105,False,False,UNet,train
case_00482,39469,17297,3003,1193471,1253240,42472,56766,0.0338897577479174,0.7954412624196376,0.6603590490053373,0.6952929570517563,0.9292945940855152,0.014285973861218665,123.25075963261426,32.04609393603588,False,False,UNet,train
case_00483,65276,41056,17315,1129593,1253240,82591,106332,0.06590198206249402,0.6910328546550711,0.5279222302199001,0.6138885754053343,0.7903524597111066,0.035071144296881476,167.36113102209492,43.10578710399947,False,False,UNet,train
case_00484,74906,4477,43272,1130585,1253240,118178,79383,0.09429797963678146,0.7583075607027703,0.6107048224695284,0.9436025345476992,0.6338404779231329,0.003944277933716396,79.42538220045368,26.605783077163206,False,False,UNet,train
case_00485,57350,2043,26650,1419397,1505440,84000,59393,0.055797640556913594,0.799899576687844,0.6665272015155214,0.9656020069705185,0.6827380952380953,0.0014372748761819001,66.20231928467753,22.914770473048193,False,False,UNet,train
case_00486,83039,13855,5864,1402682,1505440,88903,96894,0.05905449569561059,0.8938680387735001,0.8081025321629459,0.8570086899085598,0.9340404710752168,0.009780895239587811,51.41493950540304,15.011959323950116,False,False,UNet,train
case_00487,60016,5150,56110,1384164,1505440,116126,65166,0.07713758103943033,0.6620920945215454,0.4948712028760843,0.920971058527453,0.5168179391350775,0.0037068654026375606,91.92388155425118,42.303910076001024,False,False,UNet,train
case_00488,46498,20524,1755,1436663,1505440,48253,67022,0.03205242321181847,0.806731728475385,0.6760690347063698,0.6937721942048879,0.9636292044017989,0.014084671356524591,165.31361643554797,36.11044187241386,False,False,UNet,train
case_00489,44462,3812,5252,1451914,1505440,49714,48274,0.03302290360293336,0.9074988774135608,0.8306617344841759,0.9210340970294568,0.8943557146880154,0.0026186246587613328,27.0,10.262033344683282,False,False,UNet,train
case_00490,32248,17083,51,1456058,1505440,32299,49331,0.021454857051758956,0.7901016783045449,0.6530314689562998,0.6537065942308082,0.998421003746246,0.011596310197055136,40.85339643163099,19.350383700258536,False,False,UNet,train
case_00491,18235,1200,14053,1471952,1505440,32288,19435,0.0214475502178765,0.7051021789146028,0.5445234113712375,0.9382557242089015,0.5647609018830525,0.0008145798939960032,77.06217033977718,21.113031071423435,False,False,UNet,train
case_00492,18636,10149,81,1476574,1505440,18717,28785,0.012432909979806568,0.7846406467096122,0.6456038245686967,0.6474205315268369,0.9956723833947748,0.006826422944960157,52.618865182895696,19.360552681470818,False,False,UNet,train
case_00493,83102,13079,30096,1126963,1253240,113198,96181,0.09032427946761992,0.793794984215227,0.6580929227016796,0.8640168016552126,0.7341295782611,0.01147238435075199,100.64790112068906,30.76101068101681,False,False,UNet,train
case_00494,85565,8725,45501,1113449,1253240,131066,94290,0.1045817241709489,0.7593762757592432,0.6120923378472147,0.9074663272881536,0.652839027665451,0.007775086573027,146.35504612611578,50.31040198138964,False,False,UNet,train
case_00495,7393,8824,795,1488428,1505440,8188,16217,0.00543894143904772,0.6058594550297071,0.43457559369856574,0.4558796324844299,0.9029066927210552,0.0058934634917836145,249.1224595554829,91.86989876927612,False,False,UNet,train
case_00496,10257,2372,1633,1491178,1505440,11890,12629,0.007898023169305983,0.8366572861862229,0.7191838451830038,0.8121783197402803,0.8626576955424726,0.0015881624317900305,24.899186938124423,10.40862033311879,False,False,UNet,train
case_00497,86583,10933,33882,1374042,1505440,120465,97516,0.08001979487724518,0.7944086869956556,0.6589369701213108,0.8878850650149719,0.718739882953555,0.007894005306954999,120.66862812359949,28.221342215683215,False,False,UNet,train
case_00498,28079,10189,5772,1461400,1505440,33851,38268,0.022485784886810502,0.7786852285805405,0.6375794732061763,0.733746210933417,0.8294880505745769,0.0069238082100369054,50.695167422546305,17.896206389188134,False,False,UNet,train
case_00499,129695,3271,88253,1032021,1253240,217948,132966,0.17390763141936103,0.7391839596026377,0.5862742350340613,0.9753997262458072,0.5950731367115092,0.003159495098967248,186.73240922018834,65.1509290006044,False,False,UNet,train
case_00500,92876,12807,37747,1109810,1253240,130623,105683,0.10422824040088091,0.7860655252088394,0.6475353831137141,0.878816839037499,0.7110233266729443,0.011408165028678524,100.83154122034254,36.00049083784169,False,False,UNet,train
case_00501,101903,5354,46380,1099603,1253240,148283,107257,0.11831971529794771,0.7975502856695625,0.6632712172198103,0.9500825120971126,0.6872197082605558,0.004845437424261759,150.22314562682283,44.55640446119092,False,False,UNet,train
case_00502,56449,685,30811,1165295,1253240,87260,57134,0.06962752545402318,0.7818745931271383,0.6418670760134175,0.9880106416494556,0.6469057987623195,0.0005874886361687165,165.0969921312341,37.83059292290393,False,False,UNet,train
case_00503,31087,7032,1354,1213767,1253240,32441,38119,0.02588570425457215,0.8811507936507936,0.7875509842170597,0.8155250662399328,0.9582626922721248,0.005760161992268998,37.33630940518894,11.971160144650224,False,False,UNet,train
case_00504,94381,2972,37922,1117965,1253240,132303,97353,0.10556876575915228,0.8219336747134846,0.6976972833117723,0.9694719217692316,0.7133700671942436,0.002651353287472891,93.9153874370389,31.177362155923905,False,False,UNet,train
case_00505,21535,16971,7897,1206837,1253240,29432,38506,0.023484727586096838,0.6339603756366099,0.46408637372583667,0.559263491403937,0.7316865996194618,0.013867371352368998,154.61337913677937,51.27404500925094,False,False,UNet,train
case_00506,54649,18431,1711,1178449,1253240,56360,73080,0.04497143404296065,0.8443912237330037,0.7306895214664866,0.7477969348659004,0.9696415897799858,0.015399204598623087,137.28088766504564,30.48729933124143,False,False,UNet,train
case_00507,91456,10509,165433,985842,1253240,256889,101965,0.20497989211962592,0.5097114704030051,0.34202200465224125,0.8969352228705928,0.35601368684529117,0.010547487782919874,188.7532773632829,84.52941784820595,False,False,UNet,train
case_00508,32602,23033,21818,1175787,1253240,54420,55635,0.04342344642686157,0.5924674026623052,0.42092623913857435,0.5859980228273569,0.5990812201396546,0.01921305950851671,138.16421340119226,43.454795829458384,False,False,UNet,train
case_00509,66120,11791,3487,1171842,1253240,69607,77911,0.0555416360792825,0.8964329776705215,0.8123049706380993,0.8486606512559202,0.9499044636315314,0.009961702656144262,55.110786022429274,14.531289317324726,False,False,UNet,train
case_00510,45006,632,55358,1152244,1253240,100364,45638,0.08008362324853978,0.6165121025739373,0.4456216087765852,0.9861518909680529,0.4484277230879598,0.0005481942550629903,108.18964830333815,45.979223993900355,False,False,UNet,train
case_00511,61858,10301,5446,1175635,1253240,67304,72159,0.05370399923398551,0.8870883316721998,0.7970878165066684,0.857245804404163,0.9190835611553548,0.00868596619041837,38.681878272567715,12.023181406565616,False,False,UNet,train
case_00512,107806,2065,64871,1078498,1253240,172677,109871,0.13778446267275224,0.7630986593428373,0.6169438371999862,0.9812052315897735,0.6243217104767861,0.001911040818536263,137.05838172107534,45.738385706415485,False,False,UNet,train
case_00513,44362,1144,14213,1445721,1505440,58575,45506,0.038908890424062065,0.8524514560774781,0.7428456605100554,0.9748604579615875,0.7573538198890312,0.0007906750111447854,38.54600095496193,17.779859835849795,False,False,UNet,train
case_00514,49553,25835,53129,1124723,1253240,102682,75388,0.08193322907024991,0.5565564104004044,0.38557544916236763,0.6573062025786597,0.48258701622484956,0.02245432216368058,121.51131634543344,42.227005006041374,False,False,UNet,train
case_00515,67791,2043,9024,1426582,1505440,76815,69834,0.05102494951642045,0.9245340916064889,0.8596591341398463,0.970744909356474,0.8825229447373559,0.0014300463732610028,40.65805386586336,10.34870332941861,False,False,UNet,train
case_00516,37553,16695,2155,1449037,1505440,39708,54248,0.02637634180040387,0.7993741751458129,0.6657979185504317,0.6922467187730423,0.9457288203888385,0.011390213217696005,47.968667341093685,19.51240158996633,False,False,UNet,train
case_00517,74163,14698,29308,1387271,1505440,103471,88861,0.06873140078648103,0.7711977206081151,0.627601147509076,0.8345956043708713,0.716751553575398,0.010483826675197526,93.19654113177356,34.339215777950315,False,False,UNet,train
case_00518,28302,6351,1078,1469709,1505440,29380,34653,0.019515889042406205,0.8839816969375166,0.7920853040776916,0.8167258246039304,0.9633083730428863,0.0043026706231454005,23.769728648009426,10.057483720898796,False,False,UNet,train
case_00519,22786,1952,1458,1479244,1505440,24244,24738,0.016104261876926346,0.9303825895226818,0.8698274545732173,0.9210930552186919,0.9398614090084144,0.0013178539504562529,13.683199950847612,5.245669545354406,False,False,UNet,train
case_00520,28426,2601,4110,1470303,1505440,32536,31027,0.02161228610904453,0.8944197095794724,0.8090047528246578,0.9161697876043446,0.8736783870174576,0.0017658992032067262,23.422022872666332,9.30569075346369,False,False,UNet,train
case_00521,72744,16845,65234,1350617,1505440,137978,89589,0.091652938675736,0.6393194092289304,0.469852670468858,0.8119746843920571,0.5272144834683791,0.012318441024320968,156.03332888295495,57.04630110616857,False,False,UNet,train
case_00522,82059,9430,31679,1382272,1505440,113738,91489,0.07555133382931237,0.7996900992559458,0.6662363600935308,0.8969274994808119,0.7214739137315584,0.0067758758699779115,113.59599464364832,39.808910984606634,False,False,UNet,train
case_00523,98584,57,30011,1376788,1505440,128595,98641,0.08542020937400362,0.8676794169937861,0.7662842396542611,0.9994221469774232,0.7666238967300439,4.139899552963478e-05,60.963092423455635,23.550004410941845,False,False,UNet,train
case_00524,46289,21302,65724,1372125,1505440,112013,67591,0.0744054894250186,0.5154562259192446,0.3472152420957882,0.6848396975928748,0.41324667672502297,0.01528748904678896,126.19112472676741,62.26314473043359,False,False,UNet,train
case_00525,19260,11831,1250,1220899,1253240,20510,31091,0.01636558041556286,0.7464971609077343,0.5955288952104141,0.6194718728892605,0.9390541199414919,0.009597397645875414,128.95166040336017,36.521020988840704,False,False,UNet,train
case_00526,67409,3498,24650,1409883,1505440,92059,70907,0.06115089276224891,0.8272768552949695,0.7054323597433992,0.9506677761010902,0.7322369350090703,0.0024749165299377874,103.4780168977269,31.14724453955859,False,False,UNet,train
case_00527,80103,3850,7425,1414062,1505440,87528,83953,0.05814114146030396,0.934249275429931,0.8766114382017554,0.9541410074684645,0.9151700027419797,0.002715260185399376,26.268788679504823,9.410946501248842,False,False,UNet,train
case_00528,25327,6367,232,1473514,1505440,25559,31694,0.016977760654692316,0.8847396642970674,0.7933032637975318,0.7991102416861235,0.9909229625572206,0.0043023729610691674,24.020815280171306,10.346995686794857,False,False,UNet,train
case_00529,68362,31393,111,1405574,1505440,68473,99755,0.045483712403018385,0.8127303421546949,0.6845372799551399,0.6852989825071425,0.9983789230791699,0.021846709075434578,181.4960018079521,51.94661454362611,False,False,UNet,train
case_00530,10872,4531,1628,1488409,1505440,12500,15403,0.008303220320969284,0.7792710461240727,0.638365333803065,0.7058365253522041,0.86976,0.003034951170174287,34.9857113690718,13.332390009293743,False,False,UNet,train
case_00531,13313,1171,4319,1486637,1505440,17632,14484,0.011712190455946434,0.8290571677668452,0.7080253151092911,0.9191521679094173,0.7550476406533575,0.0007870639222265238,28.3159140519307,8.570529366421658,False,False,UNet,train
case_00532,46684,5054,2999,1450703,1505440,49683,51738,0.033002311616537355,0.9205982981828221,0.8528783090048778,0.9023155127759094,0.9396373004850754,0.003471733263175104,28.178005607210743,8.752294426635524,False,False,UNet,train
case_00533,42604,51,101356,1361429,1505440,143960,42655,0.09562652779253906,0.45659780832194624,0.2958385123358632,0.9988043605673427,0.29594331758821896,3.7459235537797106e-05,134.9518432626987,58.52718014755186,False,False,UNet,train
case_00534,21097,1918,16310,1466115,1505440,37407,23015,0.024847885003719844,0.6983218033166727,0.5364780673871583,0.9166630458396697,0.5639853503354987,0.0013065101397584386,92.4550074569148,22.767952950092596,False,False,UNet,train
case_00535,49648,14493,2624,1438675,1505440,52272,64141,0.034722074609416516,0.8529631570357262,0.7436231558451284,0.7740446828081882,0.9498010407101316,0.009973382293031501,81.61071225815299,22.29976189910734,False,False,UNet,train
case_00536,13865,8301,441,1230633,1253240,14306,22166,0.011415211771089336,0.7603092783505154,0.6133056133056133,0.6255075340611748,0.9691737732419964,0.006700114776089767,211.04643272513053,49.12510155952846,False,False,UNet,train
case_00537,126832,9448,15584,1353576,1505440,142416,136280,0.09460091401849294,0.9101817033613686,0.8351683084865406,0.930672145582624,0.8905740927985619,0.006931646104544014,123.0,27.07869532428024,False,False,UNet,train
case_00538,84735,12679,5476,1402550,1505440,90211,97414,0.05992334466999681,0.9032378414390406,0.8235494217125086,0.8698441702424703,0.9392978683309131,0.00895897413068839,82.77559860374531,19.99042593152584,False,False,UNet,train
case_00539,56185,7642,8254,1433359,1505440,64439,63827,0.042804097141035176,0.876070041944085,0.7794703181143436,0.8802701051279239,0.8719098682474898,0.005303257943610033,38.897300677553446,13.161930182926527,False,False,UNet,train
case_00540,71328,62606,102945,1268561,1505440,174273,133934,0.11576216919970242,0.4628577546908409,0.30111575952279435,0.5325608135350247,0.4092888743523093,0.047030913476671224,304.0080590712707,99.95468045090864,False,False,UNet,train
case_00541,53361,9525,2213,1440341,1505440,55574,62886,0.036915453289403766,0.90091170015195,0.8196900105992412,0.8485354450911172,0.9601792204987945,0.0065695726363677745,47.64757746151798,13.101684264625254,False,False,UNet,train
case_00542,87967,17217,25688,1374568,1505440,113655,105184,0.07549620044638113,0.8039426244864947,0.6721605843877988,0.8363154091877092,0.7739826668426378,0.012370445147777853,79.07591289387686,25.9211715352452,False,False,UNet,train
case_00543,38278,11250,1677,1202035,1253240,39955,49528,0.03188136350579299,0.8555368058737414,0.7475441851381701,0.7728557583589081,0.9580277812539106,0.009272347387464611,44.963781532006905,14.892971415078366,False,False,UNet,train
case_00544,26323,6289,1214,1219414,1253240,27537,32612,0.021972646899237176,0.8752597715672746,0.7781883758055933,0.8071568747700233,0.9559138613501834,0.005130933023742294,36.68310180082195,10.188366479899457,False,False,UNet,train
case_00545,74868,9597,8210,1160565,1253240,83078,84465,0.06629057483004054,0.8937168368717284,0.8078554086862693,0.8863789735393358,0.901177206962132,0.00820142852015362,33.06055050963308,12.660592063961069,False,False,UNet,train
case_00546,0,4292,9895,1239053,1253240,9895,4292,0.007895534773866139,0.0,0.0,0.0,0.0,0.0034519783326429914,308.2985565973347,256.94866794686124,False,False,UNet,train
case_00547,16245,13414,10855,1212726,1253240,27100,29659,0.02162395071973445,0.5724202329146039,0.4009725033321815,0.5477258167841127,0.5994464944649447,0.010940023162118518,101.08310468367019,34.56324862796579,False,False,UNet,train
case_00548,71046,3717,32432,1398245,1505440,103478,74763,0.06873605058986078,0.7971903209699227,0.6627734502542096,0.9502828939448658,0.6865807224724096,0.0026512844142708575,133.01405884722524,38.87713298550784,False,False,UNet,train
case_00549,54844,8036,3227,1439333,1505440,58071,62880,0.03857410458072059,0.9068796454762672,0.8296246993510521,0.8722010178117048,0.9444300941950371,0.005552143233688161,45.53404253215887,12.22612044092533,False,False,UNet,train
case_00550,121562,28261,4506,1351111,1505440,126068,149823,0.08374163035391646,0.8812320807855276,0.7876808636095614,0.8113707508193001,0.9642573849033855,0.020488309172579985,84.84072903779409,21.491866933509318,False,False,UNet,train
case_00551,23411,6153,260,1475616,1505440,23671,29564,0.015723642257413115,0.8795341410726026,0.7849718347639485,0.7918752536869165,0.9890160956444595,0.0041524691095575625,26.832815729997478,10.25686356092913,False,False,UNet,train
case_00552,82915,15147,3894,1403484,1505440,86809,98062,0.05766354022744181,0.8970038567433508,0.8132429675546314,0.8455364973180233,0.9551428999297308,0.010677195126851169,56.557925930828674,16.70512894225384,False,False,UNet,train
case_00553,16159,3502,1939,1483840,1505440,18098,19661,0.01202173450951217,0.8559019041817845,0.7481018518518519,0.8218808809317939,0.8928610896231628,0.0023545358095179185,92.18486827982552,24.57863097694234,False,False,UNet,train
case_00554,74176,1728,9850,1419686,1505440,84026,75904,0.05581491125518121,0.9276058275495529,0.8649858898710264,0.9772344013490725,0.8827743793587699,0.0012156908543183055,34.0,9.37659987221677,False,False,UNet,train
case_00555,53062,2828,15433,1434117,1505440,68495,55890,0.045498326070783295,0.8531896932909917,0.743967584089284,0.9494006083378064,0.7746842835243448,0.0019680641917401154,43.40448972435884,19.136050394008066,False,False,UNet,train
case_00556,89690,24571,3514,1135465,1253240,93204,114261,0.07437043184066898,0.8646277685392717,0.76153682869879,0.7849572470046647,0.962297755461139,0.02118123920292129,90.09438400271077,21.7947354316091,False,False,UNet,train
case_00557,59884,20465,1624,1171267,1253240,61508,80349,0.04907918674794932,0.8442868522526206,0.7305332243543606,0.7452986347060947,0.9735969304805879,0.01717248508892939,99.08602758765389,20.783515648219872,False,False,UNet,train
case_00558,7947,3668,2091,1239534,1253240,10038,11615,0.00800963901567138,0.7340322357179144,0.5798190573471472,0.6842014636246233,0.7916915720263,0.002950445703916178,41.665286731850685,14.139838921803953,False,False,UNet,train
case_00559,0,0,96465,1156775,1253240,96465,0,0.076972487312885,0.0,0.0,nan,0.0,0.0,nan,nan,True,False,UNet,train
case_00560,44077,11099,3586,1194478,1253240,47663,55176,0.03803182151862373,0.857203979035191,0.750093597903407,0.7988437001594896,0.9247634433417955,0.009206380015544424,51.49997379867895,17.013339403871658,False,False,UNet,train
case_00561,127065,8590,22644,1094941,1253240,149709,135655,0.11945756598895663,0.8905468103895375,0.8026898464298574,0.9366776012679223,0.8487465683425847,0.007784103935458088,64.14239327903027,19.65429528254523,False,False,UNet,train
case_00562,52715,23274,1081,1176170,1253240,53796,75989,0.04292553700807507,0.8123434911584544,0.6839885818087453,0.6937188277250654,0.9799055691873002,0.019403990515605565,90.1287945165681,31.13085498901182,False,False,UNet,train
case_00563,8631,3131,1471,1240007,1253240,10102,11762,0.008060706648367432,0.789517014270033,0.6522330537293131,0.7338037748682197,0.8543852702435162,0.002518626250665654,32.32873489735736,9.222359080195218,False,False,UNet,train
case_00564,69748,7369,7052,1169071,1253240,76800,77117,0.0612811592352622,0.9063066457896138,0.8286661359883092,0.9044438969358248,0.9081770833333334,0.006263812859134337,132.26619513661043,23.810130296228017,False,False,UNet,train
case_00565,35871,706,35415,1181248,1253240,71286,36577,0.05688136350579298,0.6651214967134235,0.49826369596621845,0.9806982530005195,0.503198383974413,0.0005973159699954482,97.30878685915265,39.58610356456497,False,False,UNet,train
case_00566,84152,24481,44970,1099637,1253240,129122,108633,0.10303054482780633,0.70788837248428,0.5478538830621797,0.7746449053234284,0.6517247254534472,0.021777962811733286,138.14164694388714,43.92547510084018,False,False,UNet,train
case_00567,52716,6735,15454,1178335,1253240,68170,59451,0.05439500813890396,0.826133630045212,0.7037714438288499,0.8867134278649644,0.7733020390200969,0.005683208586834533,61.006555615733696,22.011107732120514,False,False,UNet,train
case_00568,49945,6790,7133,1189372,1253240,57078,56735,0.04554434904726948,0.877667753244357,0.7820035072336694,0.8803207896360271,0.8750306597988717,0.0056764886361546345,38.48376280978771,14.43578580424188,False,False,UNet,train
case_00569,85970,4322,45154,1117794,1253240,131124,90292,0.1046280042130797,0.7765473136539365,0.6347178949544467,0.9521330793425774,0.6556389371892255,0.003851651700893669,101.83319694480774,34.51421577851176,False,False,UNet,train
case_00570,27834,12737,3194,1209475,1253240,31028,40571,0.02475822667645463,0.7774968924146985,0.6359876613732435,0.6860565428508048,0.8970607193502643,0.010421268977885997,121.5226247310757,38.242529736005444,False,False,UNet,train
case_00571,66418,5195,15266,1166361,1253240,81684,71613,0.06517825795537965,0.8665270683705487,0.7644885415347783,0.9274573052378758,0.8131090544047794,0.004434273735101011,66.76898814913112,18.901665878389984,False,False,UNet,train
case_00572,131154,1510,7634,1112942,1253240,138788,132664,0.1107433532284319,0.9663144865390566,0.9348244451096951,0.9886178616655611,0.944995244545638,0.0013549260084777092,29.133290532544194,8.129287003233404,False,False,UNet,train
case_00573,73300,37332,24794,1370014,1505440,98094,110632,0.06515968753321288,0.7023561990360568,0.5412550027321194,0.6625569455492082,0.7472424409240117,0.02652652581525794,138.68309197591464,31.828428328313873,False,False,UNet,train
case_00574,66483,5103,2199,1431655,1505440,68682,71586,0.04562254224678499,0.9479425100521858,0.9010367960967677,0.928715111893387,0.9679828776098541,0.0035517463622962253,20.23239632646265,6.730035003810142,False,False,UNet,train
case_00575,36483,8343,1936,1458678,1505440,38419,44826,0.025520113720905516,0.8765211123791219,0.7801847654078098,0.813880337304243,0.9496082667430178,0.005687035154915983,37.08096297291921,11.738152315441166,False,False,UNet,train
case_00576,101860,10237,3032,1390311,1505440,104892,112097,0.06967531087256881,0.9388494347639742,0.8847466754683876,0.9086773062615413,0.9710940777180338,0.00730928179541151,23.01521020650987,9.957228467970229,False,False,UNet,train
case_00577,21011,18321,2554,1463554,1505440,23565,39332,0.015653230949091296,0.6681081768605815,0.5016234541374206,0.5341960744432015,0.8916189263738595,0.01236339097427246,86.03371130638942,30.902583989551314,False,False,UNet,train
case_00578,17411,9643,544,1477842,1505440,17955,27054,0.01192674566904028,0.7736674887244773,0.6308790492064642,0.6435647224070378,0.9697020328599276,0.006482754447944013,48.373546489791295,17.557913133906126,False,False,UNet,train
case_00579,22433,16228,3551,1211028,1253240,25984,38661,0.020733458874597044,0.6940366617681182,0.531436558324647,0.5802488295698508,0.8633389778325123,0.013222995039339795,162.09441670025925,48.012041500035494,False,False,UNet,train
case_00580,42301,5099,23796,1182044,1253240,66097,47400,0.05274089559860841,0.7454117729984052,0.5941485476712175,0.8924261603375527,0.6399836603779294,0.004295186005392779,95.70606008217162,27.40512585592308,False,False,UNet,train
case_00581,104343,7261,12104,1129532,1253240,116447,111604,0.09291675975870543,0.9150847836668113,0.8434620234746338,0.9349396078993585,0.8960557163344698,0.006387266635174566,72.00694410957877,17.655166980150987,False,False,UNet,train
case_00582,98570,9753,16288,1128629,1253240,114858,108323,0.09164884619067377,0.8833189205174276,0.7910216594040654,0.9099637196163326,0.8581901130091069,0.008567422886166506,56.801847779059166,18.701855203406552,False,False,UNet,train
case_00583,61658,10166,11944,1169472,1253240,73602,71824,0.05872937346398136,0.8479639129179102,0.736056728106198,0.8584595678324793,0.8377218010380153,0.008617898033125416,57.750745616386496,17.091756941856314,False,False,UNet,train
case_00584,101079,24892,6235,1121034,1253240,107314,125971,0.08562924898662666,0.866570932550314,0.7645568279805758,0.8023989648411142,0.9418994725758055,0.021722170541553294,187.83362698939598,41.94413672059174,False,False,UNet,train
case_00585,126958,14516,2822,1108944,1253240,129780,141474,0.10355558392646261,0.9360820485596526,0.8798442091256861,0.8973945742680633,0.9782555093234705,0.012920798248268741,46.640979719112444,15.835817758524087,False,False,UNet,train
case_00586,31962,18147,390,1202741,1253240,32352,50109,0.0258146883278542,0.7752028231527631,0.6329234242262223,0.6378494881159074,0.9879451038575667,0.014863771287783973,70.77673650071713,23.45923399238864,False,False,UNet,train
case_00587,18457,24262,355,1210166,1253240,18812,42719,0.015010692285595735,0.5999252409354634,0.42849514788503507,0.43205599382008003,0.9811290665532639,0.01965444724196146,131.80083590911838,45.562252405159,False,False,UNet,train
case_00588,40616,28610,3067,1180947,1253240,43683,69226,0.034856053110338,0.7194466340150032,0.5618247963149959,0.5867159737670817,0.9297896206762356,0.023653287939303397,170.8909008492426,55.99595302294678,False,False,UNet,train
case_00589,32298,3219,16530,1201193,1253240,48828,35517,0.038961412020044044,0.765854526053708,0.6205544988183757,0.9093673452149674,0.6614647333497173,0.0026726734705399815,113.43467911247488,32.024160921412616,False,False,UNet,train
case_00590,46607,11363,12966,1182304,1253240,59573,57970,0.047535188790654624,0.7930204265672988,0.6570288710950716,0.8039848197343453,0.782351065079818,0.0095194053282867,72.94792565438014,26.690523314733426,False,False,UNet,train
case_00591,47014,26587,2729,1429110,1505440,49743,73601,0.03304216707407801,0.7623232585289921,0.6159308266736538,0.6387684949932746,0.9451380093681523,0.018264103037926162,214.03410942047518,59.1439015066567,False,False,UNet,train
case_00592,19621,25207,383,1460229,1505440,20004,44828,0.013287809544053565,0.6052875123395854,0.4339873039746964,0.4376951905059338,0.9808538292341532,0.016969428504492956,227.32443725306746,94.24696905258266,False,False,UNet,train
case_00593,47306,142,27852,1430140,1505440,75158,47448,0.04992427463067276,0.771675121935305,0.6282337317397079,0.9970072500421514,0.6294206870858724,9.928112078597088e-05,83.64685368296733,34.25724372630853,False,False,UNet,train
case_00594,90545,10465,21315,1383115,1505440,111860,101010,0.07430385800828994,0.8507070042749095,0.7402002861230329,0.8963963963963963,0.8094493116395495,0.0075094361285322694,70.00357124637428,20.518220140205997,False,False,UNet,train
case_00595,31269,1148,6713,1466310,1505440,37982,32417,0.02522983313848443,0.8883364820523019,0.7991055456171735,0.9645864824012093,0.8232583855510505,0.0007823051835214364,34.0,9.963099357298056,False,False,UNet,train
case_00596,117465,14235,19069,1354671,1505440,136534,131700,0.09069375066425762,0.875839751858452,0.7791057843455883,0.8919134396355353,0.8603351546135029,0.010398814820009554,74.06740356104163,23.142434873571144,False,False,UNet,train
case_00597,45393,896,24490,1434661,1505440,69883,46289,0.04642031565522372,0.7814791860345006,0.6413342940702751,0.9806433493918641,0.6495571168953823,0.0006241479787984734,59.06098521193701,26.913745504525256,False,False,UNet,train
case_00598,45428,10167,4056,1445789,1505440,49484,55595,0.03287012434902753,0.8646446958954691,0.7615630919850463,0.8171238420721287,0.9180341120362138,0.0069830406962847775,46.0,14.553051763240695,False,False,UNet,train
case_00599,46873,2660,4968,1450939,1505440,51841,49533,0.03443577957274949,0.9247538816659104,0.860039265334581,0.9462984273110855,0.9041685152678381,0.0018299407195519536,25.967283475770184,8.568362545840515,False,False,UNet,train
case_00600,57014,3385,4359,1440682,1505440,61373,60399,0.04076748326070783,0.9364057418782643,0.880416319219247,0.943956025762016,0.9289752822902579,0.0023440740630455512,52.025932030503256,11.117499811510587,False,False,UNet,train
case_00001,118842,15081,22212,1349305,1505440,141054,133923,0.09369619513232012,0.8643777479571019,0.7611490056681718,0.8873905154454426,0.8425283933812583,0.011053323619562206,86.33501535147896,25.868200709853305,False,False,UNet,internal_val
case_00002,16325,8598,1208,1479309,1505440,17533,24923,0.011646428951004357,0.7690314678726211,0.6247369025295626,0.6550174537575734,0.931101351736725,0.005778586968137121,44.01476906150674,16.0884653691646,False,False,UNet,internal_val
case_00003,60233,19626,4107,1421474,1505440,64340,79859,0.042738335636093104,0.8354149473990804,0.7173498797132173,0.7542418512628508,0.9361672365557974,0.013618763444590938,123.3308555145549,34.43872122325361,False,False,UNet,internal_val
case_00004,46178,30953,8074,1420235,1505440,54252,77131,0.03603730470825805,0.7029524367688361,0.541963499794613,0.5986957254540975,0.85117599351176,0.021329421136337953,167.8514207909437,54.85855174030684,False,False,UNet,internal_val
case_00005,72024,3634,14124,1415658,1505440,86148,75658,0.05722446593686895,0.8902512885801516,0.8022097970639994,0.9519680668270375,0.836049589079259,0.0025604315391054133,53.225933528685054,14.574886034501812,False,False,UNet,internal_val
case_00006,49401,6190,5660,1444189,1505440,55061,55591,0.036574689127431184,0.8929074937642338,0.8065337708772101,0.8886510406360741,0.897204918181653,0.004267849989554455,49.41102717688827,12.971946185540114,False,False,UNet,internal_val
case_00007,34925,7413,4511,1458591,1505440,39436,42338,0.02619566372621958,0.8541834813021254,0.7454801596618925,0.8249090651424252,0.8856121310477736,0.005056602846922655,100.97025697230102,27.729101316018422,False,False,UNet,internal_val
case_00008,32139,375,16639,1456287,1505440,48778,32514,0.03240115846529918,0.7907051124341878,0.6538563261652391,0.98846650673556,0.6588831030382549,0.0002574378956820457,66.34299776962675,18.967298800527132,False,False,UNet,internal_val
case_00009,28880,10990,693,1464877,1505440,29573,39870,0.019644090764161973,0.8317613006350532,0.7119788970243818,0.7243541509907199,0.9765664626517432,0.007446470447540327,33.04541288222481,14.490083529450953,False,False,UNet,internal_val
case_00010,36138,3551,1276,1464475,1505440,37414,39689,0.024852534807099584,0.9373954320843547,0.8821677041376785,0.9105293658192446,0.9658951194739936,0.0024188944882447584,21.78857416407715,6.460543138345279,False,False,UNet,internal_val
case_00011,6970,2711,3402,1492357,1505440,10372,9681,0.0068896800935274735,0.6951578317458734,0.532752426813422,0.7199669455634748,0.672001542614732,0.0018132954487688855,70.7647474671479,16.77928121441109,False,False,UNet,internal_val
case_00012,40912,11415,8066,1445047,1505440,48978,52327,0.03253400999043469,0.8076995212477173,0.6774295034192704,0.7818525808855848,0.8353138143656336,0.007837485632992828,101.48989454504948,26.25749969042895,False,False,UNet,internal_val
case_00013,38845,13848,2347,1450400,1505440,41192,52693,0.027362100116909344,0.8275017308409224,0.7057594476744186,0.7371946937923444,0.943022917071276,0.00945741431779316,65.0,16.865863711874848,False,False,UNet,internal_val
case_00014,20031,9895,1558,1473956,1505440,21589,29926,0.01434065788075247,0.7776764049306027,0.6362279252953882,0.669351065962708,0.927833618972625,0.006668459299484921,69.77965107660535,24.7106346189584,False,False,UNet,internal_val
case_00015,91412,11979,8368,1393681,1505440,99780,103391,0.06627962589010522,0.899852833327591,0.8179386000232644,0.8841388515441383,0.9161354980958107,0.008521975442141057,80.1538322171842,19.518892194203122,False,False,UNet,internal_val
case_00016,75869,26507,11849,1391215,1505440,87718,102376,0.0582673504091827,0.7982261407514177,0.6642066097614358,0.7410818941939518,0.8649194008071319,0.018696895442124762,161.22095911587724,39.80364133238951,False,False,UNet,internal_val
case_00017,41494,7580,6572,1449794,1505440,48066,49074,0.03192820703581677,0.8543133621577105,0.7456780361571362,0.8455393894934181,0.8632713352473682,0.005201135741408863,57.0087712549569,16.671060775514373,False,False,UNet,internal_val
case_00018,20312,7264,437,1477427,1505440,20749,27576,0.013782681475183335,0.8406414899120538,0.725091921607825,0.7365825355381491,0.9789387440358571,0.0048926005478581065,69.65772751957915,20.014236532742988,False,False,UNet,internal_val
case_00019,25695,26321,129,1453295,1505440,25824,52016,0.017153788925496866,0.6602004110996916,0.4927605714833637,0.49398262073208243,0.9950046468401487,0.017789075003244084,99.28242543370907,35.93799729085439,False,False,UNet,internal_val
case_00020,66496,1313,14950,1422681,1505440,81446,67809,0.05410112658093315,0.8910388261699775,0.8034896506724344,0.9806367886268784,0.8164427964540922,0.0009220544468586244,37.233638148069446,12.684398281154412,False,False,UNet,internal_val
case_00021,13843,13876,4113,1473608,1505440,17956,27719,0.011927409926665957,0.6061521620142309,0.43487685348077404,0.49940474043075145,0.7709400757406994,0.00932850370155242,235.8460594854234,81.5261627072828,False,False,UNet,internal_val
case_00022,74161,6472,5941,1418866,1505440,80102,80633,0.05320836433202253,0.9227735091921486,0.856619770369857,0.9197350960524847,0.9258320641182493,0.00454067736915735,63.63961030678928,14.45656127387646,False,False,UNet,internal_val
case_00023,51351,19149,9101,1425839,1505440,60452,70500,0.04015570198745882,0.7842720997006537,0.6451049609929523,0.7283829787234043,0.8494508039436247,0.013252013165507257,98.69799512868536,25.42335746872037,False,False,UNet,internal_val
case_00024,49829,30019,5437,1420155,1505440,55266,79848,0.03671086194069508,0.7375845582249064,0.5842645248285161,0.6240481915639715,0.9016212499547642,0.020700274587739126,152.12560553708587,44.64177776208875,False,False,UNet,internal_val
case_00025,31452,5458,1673,1466857,1505440,33125,36910,0.022003533850568604,0.8981794816877275,0.8151776689215458,0.8521267949065294,0.9494943396226415,0.003707087138282229,38.698711777839655,9.61396773416435,False,False,UNet,internal_val
case_00026,28243,12784,853,1463560,1505440,29096,41027,0.019327239876713784,0.8055274303723458,0.6743791786055396,0.6884003217393424,0.9706832554302997,0.008659228472496925,80.95677859203639,26.044718786242672,False,False,UNet,internal_val
case_00027,16278,34287,3979,1450896,1505440,20257,50565,0.013455866723349984,0.45968766767388664,0.29843795834555586,0.32192227825571046,0.8035740731598954,0.023086043942059667,219.74325589602742,83.75345431161578,False,False,UNet,internal_val
case_00028,42303,19743,2579,1440815,1505440,44882,62046,0.029813210755659476,0.7912427053718389,0.6545918762088975,0.6818005995551687,0.9425382113096564,0.013517436486603066,299.3946843646249,57.61277607789898,False,False,UNet,internal_val
case_00029,18568,3156,1892,1481824,1505440,20460,21724,0.013590711021362525,0.8803337758391807,0.7862466124661247,0.8547228871294421,0.9075268817204301,0.0021252811485676574,24.041630560342615,8.627126779990734,False,False,UNet,internal_val
case_00030,48753,352,15307,1441028,1505440,64060,49105,0.04255234350090339,0.8616268280828878,0.7568931255045643,0.992831687200896,0.7610521386200437,0.0002442104094687036,38.617351636509504,15.005301114924707,False,False,UNet,internal_val
case_00031,26887,9434,1830,1467289,1505440,28717,36321,0.019075486236581996,0.8268089424644054,0.7047521690126078,0.7402604553839377,0.936274680502838,0.006388469604658423,85.30674318574742,18.886031835418372,False,False,UNet,internal_val
case_00032,39372,5388,11468,1449212,1505440,50840,44760,0.03377085768944627,0.8236820083682008,0.7002205306964502,0.8796246648793565,0.7744295830055075,0.0037041110958339063,86.97815803344523,22.773588205635352,False,False,UNet,internal_val
case_00033,27449,10681,1766,1465544,1505440,29215,38130,0.019406286534169412,0.8151755883881505,0.6880138359735312,0.7198793600839234,0.939551600205374,0.007235346915273755,115.23278481026927,25.57042661044373,False,False,UNet,internal_val
case_00034,56522,61033,12933,1374952,1505440,69455,117555,0.046136013391433736,0.6044810437944494,0.43315860462264727,0.4808132363574497,0.8137931034482758,0.04250253310445443,339.21436912480243,79.95371275691919,False,False,UNet,internal_val
case_00035,53426,1255,5252,1445507,1505440,58678,54681,0.03897730895950686,0.9425982939157896,0.8914287621176981,0.9770487006455625,0.9104945635502233,0.0008674543566944666,19.97370059580995,6.343306101440313,False,False,UNet,internal_val
case_00036,22668,12545,625,1469602,1505440,23293,35213,0.015472552874907003,0.774894882576146,0.6325129750544115,0.6437395280152216,0.9731679045206715,0.008464072726929246,130.77757739598357,32.2696014807637,False,False,UNet,internal_val
case_00037,44246,2392,10139,1448663,1505440,54385,46638,0.03612565097247317,0.8759589400433565,0.779294432604752,0.9487113512586303,0.8135699181759677,0.0016484557787265128,37.95523213371746,14.784975026479968,False,False,UNet,internal_val
case_00038,32523,6526,1337,1465054,1505440,33860,39049,0.0224917632054416,0.892153232111262,0.8053038181548061,0.8328766421675331,0.9605138806851743,0.0044346892455727855,131.51653306726757,29.459140219160773,False,False,UNet,internal_val
case_00039,27547,26744,4996,1446153,1505440,32543,54291,0.021616935912424275,0.6344749752401133,0.46463811628181556,0.5073953325597245,0.8464800417908613,0.01815741358696501,363.1659400270557,149.08891019595157,False,False,UNet,internal_val
case_00040,63919,41091,4756,1395674,1505440,68675,105010,0.04561789244340525,0.7360336240895875,0.5823205728549824,0.6086944100561851,0.9307462686567164,0.028599666612146038,142.3946917779833,46.896479433196966,False,False,UNet,internal_val
case_00041,26714,15438,1682,1461606,1505440,28396,42152,0.018862259538739504,0.7573283438226456,0.609435597937674,0.6337540330233441,0.9407663051133962,0.010451956746041418,198.91291934170584,46.90612319512258,False,False,UNet,internal_val
case_00042,50412,32290,5637,1417101,1505440,56049,82702,0.03723097566160059,0.7266542223119112,0.5706652780765008,0.6095620420304225,0.8994272868383022,0.022278322412654695,174.09048645405613,40.81770366656881,False,False,UNet,internal_val
case_00043,55232,2287,21879,1426042,1505440,77111,57519,0.051221569773621,0.8205006313600238,0.6956346507468703,0.9602392252994663,0.7162661617668037,0.0016011717188406873,65.10267148332727,20.681492708737977,False,False,UNet,internal_val
case_00044,92150,1560,24060,1387670,1505440,116210,93710,0.07719337867998724,0.877953506097561,0.7824573320879681,0.983352897236154,0.7929610188451941,0.0011229242098140697,65.04800601300661,19.920429771349433,False,False,UNet,internal_val
case_00045,29655,31727,632,1443426,1505440,30287,61382,0.020118370708895737,0.6470017126836771,0.47819847131292936,0.48312208790850736,0.979132961336547,0.021507599550690672,253.4685324845989,81.56654201918195,False,False,UNet,internal_val
case_00046,17284,9090,19976,1459090,1505440,37260,26374,0.024750239132745246,0.5432316057453562,0.37290183387270764,0.6553423826495791,0.4638754696725711,0.006191338936642646,145.67377937878155,47.80917890363668,False,False,UNet,internal_val
case_00047,23098,9366,3618,1469358,1505440,26716,32464,0.017746306727601233,0.7806015545792497,0.6401529848678011,0.711495810744209,0.8645755352597694,0.00633383917485616,141.0,42.40978639313524,False,False,UNet,internal_val
case_00048,23266,15461,2813,1463900,1505440,26079,38727,0.017323174620044637,0.7180199364256395,0.560086663456909,0.6007694889870117,0.8921354346408988,0.01045113396932865,162.64254722012538,61.5791602783695,False,False,UNet,internal_val
case_00049,53026,6327,8904,1437183,1505440,61930,59353,0.041137474758210224,0.8744176842591295,0.7768580511888891,0.8934005020807709,0.8562247699015016,0.004383066275952366,57.75853614716914,15.904626734376452,False,False,UNet,internal_val
case_00050,8934,0,9680,1234626,1253240,18614,8934,0.014852701796942326,0.6486133294613039,0.4799613194369829,1.0,0.4799613194369829,0.0,37.64306044943742,20.054932699542345,False,False,UNet,internal_val
case_00051,28935,19750,1353,1455402,1505440,30288,48685,0.020119034966521416,0.7327820900814203,0.5782605220032775,0.5943309027421178,0.9553288431061807,0.013388450817271712,128.1118588019207,32.87833300857384,False,False,UNet,internal_val
case_00052,42071,7105,4209,1452055,1505440,46280,49176,0.03074184291635668,0.8814741870600067,0.7880678093097312,0.8555189523344721,0.9090535868625756,0.0048692398366183285,136.39525999359782,21.059678987496532,False,False,UNet,internal_val
case_00053,41348,28048,1097,1434947,1505440,42445,69396,0.028194414921883303,0.7394068364910901,0.5865546933738102,0.5958268488097297,0.9741547885498881,0.019171630798464793,209.3430034207665,51.26912289861088,False,False,UNet,internal_val
case_00054,35892,12049,2136,1455363,1505440,38028,47941,0.025260388989265598,0.8349986623085065,0.7167362262116341,0.7486702405039528,0.9438308614704954,0.008211054564089703,85.44586925233936,16.79980809621399,False,False,UNet,internal_val
case_00055,36581,8591,4562,1203506,1253240,41143,45172,0.032829306437713444,0.8476162891733766,0.735533035750191,0.8098158151067033,0.8891184405609702,0.0070877165771386285,47.43416490252569,15.277991266630616,False,False,UNet,internal_val
case_00056,28781,10928,3413,1462318,1505440,32194,39709,0.021385110001062812,0.8005507419718232,0.6674319372941886,0.7247979047571079,0.8939864571038082,0.007417634257958277,43.840620433565945,16.19002912476648,False,False,UNet,internal_val
case_00057,108123,8550,12004,1376763,1505440,120127,116673,0.07979527579976618,0.9132010135135135,0.8402667143312325,0.9267182638656759,0.9000724233519525,0.006171890395888871,41.84961538208659,14.072854670519577,False,False,UNet,internal_val
case_00058,17609,1117,5696,1228818,1253240,23305,18726,0.01859579968721075,0.8379053555708882,0.7210302186553108,0.9403503150699563,0.7555889294142888,0.0009081780744510889,43.18564576337837,11.715434779635011,False,False,UNet,internal_val
case_00059,21164,5869,3835,1222372,1253240,24999,27033,0.01994749609013437,0.8134993849938499,0.6856291304911235,0.7828949802093738,0.8465938637545501,0.00477837818473736,84.90994699644804,21.11298855604086,False,False,UNet,internal_val
case_00060,29768,12964,10752,1199756,1253240,40520,42732,0.032332194950687815,0.7151299668476433,0.5565776680876524,0.6966207994009174,0.734649555774926,0.010690019130549509,86.66483426993143,27.45367993010629,False,False,UNet,internal_val
case_00061,32252,4933,5113,1210942,1253240,37365,37185,0.029814720245124635,0.8652448021462106,0.7624946805995555,0.8673389807718166,0.8631607118961595,0.004057160481134985,36.00346887968714,12.569951304918657,False,False,UNet,internal_val
case_00062,32363,5677,2525,1464875,1505440,34888,38040,0.023174620044638113,0.8875329091706889,0.7978059903858006,0.8507623554153523,0.9276255445998625,0.0038604551216141966,29.732137494637012,9.273019992233944,False,False,UNet,internal_val
case_00063,57203,21978,7685,1418574,1505440,64888,79181,0.04310234881496439,0.7941056021767348,0.658520019340133,0.7224334120559225,0.8815651584268278,0.015256651616880196,110.12674282233729,35.25131162185782,False,False,UNet,internal_val
case_00064,35684,7708,4394,1205454,1253240,40078,43392,0.03197950911238071,0.8550137774050557,0.7467459088435944,0.8223635693215339,0.8903637906083138,0.006353644443198848,71.50268414745703,18.269924451598754,False,False,UNet,internal_val
case_00065,5947,3392,1999,1241902,1253240,7946,9339,0.006340365771919185,0.6881110789702054,0.5245193155759393,0.6367919477460113,0.7484268814497861,0.0027238547684321937,75.65842749330182,24.994195728980678,False,False,UNet,internal_val
case_00066,32133,1922,9501,1461884,1505440,41634,34055,0.027655701987458817,0.8490797870232134,0.7377399210212141,0.9435618851857289,0.7717970889177115,0.001313015522548753,84.04165507419884,20.382761712034473,False,False,UNet,internal_val
case_00067,0,882,58157,1194201,1253240,58157,882,0.046405317417254476,0.0,0.0,0.0,0.0,0.0007380240535594599,302.8594477329987,183.73850764181927,False,False,UNet,internal_val
case_00068,15385,12422,2942,1222491,1253240,18327,27807,0.014623695381570968,0.6669701304894438,0.5003414745194966,0.5532779515949221,0.8394718175369673,0.010059008205436334,90.69725585586119,20.735469380718143,False,False,UNet,internal_val
case_00069,2343,0,9315,1241582,1253240,11658,2343,0.009302288468290192,0.3346903792586244,0.20097786927431807,1.0,0.20097786927431807,0.0,40.236793317368054,20.40395282452547,False,False,UNet,internal_val
case_00070,7507,2,21160,1224571,1253240,28667,7509,0.022874309789026843,0.4150265369305617,0.26185077958770797,0.9997336529497935,0.2618690480343252,1.6332223558742517e-06,87.19861225660947,36.429384630602705,False,False,UNet,internal_val
case_00071,73912,6175,3652,1421701,1505440,77564,80087,0.05152247847805293,0.9376661105860413,0.8826472730746725,0.9228963502191367,0.9529163013769274,0.004324605217820035,23.038898072502594,7.4627429908220035,False,False,UNet,internal_val
case_00072,76417,15513,8839,1404671,1505440,85256,91930,0.05663194813476459,0.8625625049383134,0.7583383778741478,0.8312520395953443,0.896324012386225,0.010923232482551557,69.0452726516267,18.32715315005111,False,False,UNet,internal_val
case_00073,20300,18808,1047,1465285,1505440,21347,39108,0.014179907535338506,0.671573897940617,0.5055410285145063,0.5190753809962156,0.9509532955450415,0.01267306024622446,142.73594117700242,36.02039725619385,False,False,UNet,internal_val
case_00074,10857,19582,2958,1472043,1505440,13815,30439,0.009176719098735254,0.4906675102815565,0.3250890798574722,0.35668057426328065,0.785884907709012,0.013127964468281237,191.65605543213414,65.26528550829694,False,False,UNet,internal_val
case_00075,90500,20324,48521,1346095,1505440,139021,110824,0.09234575937931767,0.7244491584782565,0.5679500454987606,0.8166101205515051,0.6509807870753339,0.014873914955807845,182.21949521449127,65.27367475876825,False,False,UNet,internal_val
case_00076,16561,1581,6011,1481287,1505440,22572,18142,0.014993623126793495,0.8135285159895859,0.6856705171200265,0.9128541505897917,0.7336966152755626,0.0010661771647914717,107.55575042276884,33.65596650274625,False,False,UNet,internal_val
case_00077,34579,4456,4275,1462130,1505440,38854,39035,0.025809065788075247,0.8879045821617944,0.7984068344493188,0.8858460356090688,0.8899727183816338,0.0030383489273728237,23.262626743233774,10.43124189775163,False,False,UNet,internal_val
case_00078,19092,17638,1384,1467326,1505440,20476,36730,0.013601339143373366,0.6674824319127364,0.5009182977383638,0.5197930846719303,0.9324086735690564,0.011877729022387075,190.62731519410391,71.21248871626798,False,False,UNet,internal_val
case_00079,20516,14731,795,1469398,1505440,21311,35247,0.014155994260814115,0.7254853424802857,0.5692247932967094,0.5820637217351832,0.9626953216648679,0.009925687052810099,52.33925766020558,19.82706440336203,False,False,UNet,internal_val
case_00080,77045,47769,22009,1358617,1505440,99054,124814,0.06579737485386332,0.6883073954294495,0.5247474850670535,0.6172785104235102,0.7778080642881661,0.033965781798169205,318.37524984251775,73.91771728483786,False,False,UNet,internal_val
case_00081,40488,8076,2060,1454816,1505440,42548,48564,0.02826283345732809,0.8887523048555623,0.7997787610619469,0.8337039782554979,0.9515840932593777,0.005520571580130317,23.794926318732514,10.248725395787002,False,False,UNet,internal_val
case_00082,25205,3843,13437,1462955,1505440,38642,29048,0.02566824317143161,0.7447185699512483,0.5932682123102272,0.8677017350592123,0.6522695512654625,0.0026199926642932426,68.0,26.160028936589438,False,False,UNet,internal_val
case_00083,11949,1067,2543,1489881,1505440,14492,13016,0.00962642151131895,0.8687654500508943,0.7679799472973842,0.9180239704978488,0.8245238752415126,0.0007156520549341761,72.76191598379263,15.816218906570537,False,False,UNet,internal_val
case_00084,58769,28915,6508,1411248,1505440,65277,87684,0.04336074503135296,0.7684180935009578,0.6239277220995414,0.6702363030883628,0.9003017908298482,0.020077588439641903,167.08156577595594,41.64315869462548,False,False,UNet,internal_val
case_00085,18091,2213,7114,1478022,1505440,25205,20304,0.016742613455202466,0.7950515282691336,0.6598220147348457,0.8910066981875493,0.7177544138067844,0.00149503288329218,48.959149617270015,15.708815768877411,False,False,UNet,internal_val
case_00086,19498,1322,5939,1478681,1505440,25437,20820,0.016896721224359656,0.8430291631536848,0.7286520423035241,0.9365033621517771,0.7665212092620985,0.0008932414326187177,51.28594893039666,13.381806195926584,False,False,UNet,internal_val
case_00087,56208,4350,18496,1426386,1505440,74704,60558,0.049622701668615155,0.831098165042658,0.7110076656462672,0.928168037253542,0.7524095095309488,0.0030403931962290735,48.373546489791295,17.54453573779297,False,False,UNet,internal_val
case_00088,50813,22475,1897,1430255,1505440,52710,73288,0.03501301944946328,0.8065683582279084,0.6758395956640287,0.6933331514026853,0.9640106241699867,0.015470872082217618,153.27240145698354,45.96922944494655,False,False,UNet,internal_val
case_00089,41439,2165,8625,1453211,1505440,50064,43604,0.0332553937719205,0.8848059102361532,0.7934097914951463,0.9503485918723052,0.8277205177372963,0.0014875880872022075,33.0,11.079481406980067,False,False,UNet,internal_val
case_00090,79306,6876,14246,1405012,1505440,93552,86182,0.062142629397385483,0.8824818899039693,0.7896801688772056,0.9202153581954469,0.8477210535317257,0.004870074680144601,96.73153215369706,30.975565356916533,False,False,UNet,internal_val
case_00091,38372,18330,5702,1443036,1505440,44074,56702,0.02927649059411202,0.7615305231404302,0.614896480994808,0.6767309795068956,0.87062667332214,0.012543059028333765,123.7641821238821,31.875849040367036,False,False,UNet,internal_val
case_00092,68019,16950,10142,1410329,1505440,78161,84969,0.05191904028058242,0.8339238644026237,0.7151538728433094,0.8005154821170074,0.8702421923977431,0.011875743985583758,146.09927766428802,26.555043294884157,False,False,UNet,internal_val
case_00093,11626,706,2809,1490299,1505440,14435,12332,0.00958855882665533,0.8686815855344268,0.7678488871276666,0.9427505676289328,0.8054035330793211,0.00047350612506329626,16.1245154965971,7.376769874940194,False,False,UNet,internal_val
case_00094,28408,1069,11896,1464067,1505440,40304,29477,0.026772239345307685,0.8142044396039037,0.6866313779518043,0.9637344370186925,0.7048431917427551,0.0007296250996494523,44.93439401967329,15.520537349243476,False,False,UNet,internal_val
case_00095,40593,12541,931,1451375,1505440,41524,53134,0.027582633648634287,0.8576771112848359,0.7508184592619994,0.7639741032107502,0.9775792312879299,0.008566748365343367,42.43111960767073,14.85284604903064,False,False,UNet,internal_val
case_00096,19956,33338,1336,1450810,1505440,21292,53294,0.014143373365926241,0.5351138283323948,0.36529379461834155,0.37445115772882503,0.9372534285177532,0.022462719351439345,212.101362467674,72.51060200349465,False,False,UNet,internal_val
case_00097,68997,7416,50286,1378741,1505440,119283,76413,0.07923464236369433,0.7051447142506745,0.5445741481779651,0.9029484511797731,0.5784311259777168,0.0053500433212110895,173.11382658353926,42.62861639415252,False,False,UNet,internal_val
case_00098,58796,7575,8286,1430783,1505440,67082,66371,0.04455973004570093,0.8811491686211625,0.7875483879609414,0.8858688282533034,0.8764795325124475,0.0052664218504711625,42.0,12.36089008027965,False,False,UNet,internal_val
case_00099,25597,17433,2813,1459597,1505440,28410,43030,0.01887155914549899,0.7166013437849944,0.558362236328338,0.5948640483383686,0.9009855684618092,0.011802739280854147,276.2598410934701,106.6078770370188,False,False,UNet,internal_val
case_00100,53376,37406,6222,1408436,1505440,59598,90782,0.039588425975130195,0.7098816331959037,0.5502453507071874,0.5879579652353991,0.8956005235075003,0.02587142993494448,253.12496913435547,90.47272444795142,False,False,UNet,internal_val
case_00101,6226,8,9322,1489884,1505440,15548,6234,0.010327877564034435,0.5716646772564503,0.4002314219593726,0.998716714789862,0.4004373552868536,5.3695167166479185e-06,60.49990828367324,21.796304661002143,False,False,UNet,internal_val
case_00102,40529,26264,6161,1432486,1505440,46690,66793,0.03101418854288447,0.714274384709604,0.5555418482879623,0.6067851421556151,0.8680445491539944,0.0180044558697515,181.35544934722205,53.30501977645792,False,False,UNet,internal_val
case_00103,92933,974,14063,1397470,1505440,106996,93907,0.07107290891699437,0.9251529345007292,0.860729832360841,0.9896280362486289,0.8685651800067292,0.0006964883828026006,32.526911934581186,12.148904063564943,False,False,UNet,internal_val
case_00104,120938,49717,12893,1321892,1505440,133831,170655,0.08889826230205122,0.7943747824202098,0.6588903175191231,0.7086695379566963,0.9036620812816164,0.03624721039304933,150.0803117634752,42.728599438174584,False,False,UNet,internal_val
case_00105,87379,5879,7089,1405093,1505440,94468,93258,0.0627510893825061,0.9309205970403673,0.8707684335356314,0.9369598318642904,0.9249587161790236,0.004166631230102369,38.0,10.9747515153399,False,False,UNet,internal_val
case_00106,105905,23296,3359,1372880,1505440,109264,129201,0.07257944521203104,0.8882225903172374,0.7989212432106216,0.8196917980510987,0.9692579440620882,0.01668557545753544,79.81227975693966,23.07209239840601,False,False,UNet,internal_val
case_00107,113131,13203,4143,1374963,1505440,117274,126334,0.07790014879370816,0.9287954418574103,0.8670570292082129,0.8954913166685137,0.9646724764227365,0.009511110342711175,50.34475405564961,12.906181114583747,False,False,UNet,internal_val
case_00108,21292,8696,3667,1471785,1505440,24959,29988,0.01657920607928579,0.7750013649516807,0.6326548804041005,0.7100173402694411,0.8530790496414119,0.005873766701497689,138.1291061633927,31.025921368891506,False,False,UNet,internal_val
case_00109,106508,1884,49250,1347798,1505440,155758,108392,0.1034634392602827,0.8064205943592656,0.6756321284936755,0.9826186434423204,0.6838043631787774,0.0013958843638723789,119.54496271901877,33.82091935988644,False,False,UNet,internal_val
case_00110,64653,1798,12867,1426122,1505440,77520,66451,0.051493251142523115,0.8981392085906189,0.815111324037419,0.972942468886849,0.8340170278637771,0.001259174183427643,45.530204449989554,11.791038873153624,False,False,UNet,internal_val
case_00111,133813,12122,29384,1330121,1505440,163197,145935,0.10840485173769795,0.8657337318685869,0.7632544105316594,0.9169356220235036,0.81994767060669,0.009031151587305726,117.74866876501865,32.42479058412501,False,False,UNet,internal_val
case_00112,82098,37736,21391,1364215,1505440,103489,119834,0.06874335742374323,0.7352399887158958,0.5813276686139139,0.6850977185106063,0.7933017035626975,0.026916775265326678,180.22763384120648,44.157967757484734,False,False,UNet,internal_val
case_00113,82777,9333,874,1412456,1505440,83651,92110,0.05556581464555213,0.9419268210808996,0.8902284263959391,0.8986754966887417,0.9895518284300248,0.006564265161708242,31.064449134018133,9.059580126147303,False,False,UNet,internal_val
case_00114,87218,1152,36723,1380347,1505440,123941,88370,0.08232875438410032,0.8216060401957506,0.6972252644032839,0.9869639017766211,0.7037057954994715,0.0008338768251008506,127.30966092840143,37.499041330016134,False,False,UNet,internal_val
case_00115,76767,22724,16436,1389513,1505440,93203,99491,0.06191080348602402,0.7967762358973295,0.6622012128322133,0.7715974309234,0.823653745051125,0.016090783629093417,117.27744881263405,36.700804967031466,False,False,UNet,internal_val
case_00116,92860,9871,33818,1368891,1505440,126678,102731,0.08414682750557977,0.8095584741662272,0.6800489201678518,0.9039141057713835,0.7330396753974644,0.007159321188138344,140.49002336614993,42.732291936322824,False,False,UNet,internal_val
case_00117,118293,2358,37358,1347431,1505440,155651,120651,0.10339236369433522,0.8562587313881188,0.7486472289553127,0.9804560260586319,0.7599886926521513,0.001746939706872704,141.76741515595182,48.77867279824258,False,False,UNet,internal_val
case_00118,67959,65,73963,1363453,1505440,141922,68024,0.09427277075140823,0.6473950444399988,0.47862832512835685,0.9990444548982712,0.47884753597046265,4.7670804492496616e-05,138.1788695175456,55.51384091104108,False,False,UNet,internal_val
case_00119,23635,4638,2395,1474772,1505440,26030,28273,0.01729062599638644,0.8704859768336924,0.7706730142167731,0.835956566335373,0.9079907798693815,0.0031350335606762157,35.57094034399934,9.999033064457326,False,False,UNet,internal_val
case_00120,99863,10958,4962,1389657,1505440,104825,110821,0.06963080561164842,0.9261753058252877,0.8625014034875587,0.9011198238600987,0.9526639637491057,0.007823706014857759,151.43050754718593,30.621217209208215,False,False,UNet,internal_val
case_00121,47178,50883,16015,1391364,1505440,63193,98061,0.04197643213944096,0.5851389732967864,0.41356639433360215,0.48110869764738273,0.7465700314908297,0.035280364597742274,222.03603311174518,76.6469898150193,False,False,UNet,internal_val
case_00122,100225,12904,46630,1345681,1505440,146855,113129,0.09754955361887555,0.7710089851683181,0.6273511977415983,0.8859355249317151,0.6824759116134963,0.009498117526691373,136.31393572113384,54.76527006541989,False,False,UNet,internal_val
case_00123,81574,22695,1476,1399695,1505440,83050,104269,0.055166595812519925,0.8709634367042318,0.7714218166343563,0.7823418273887732,0.9822275737507525,0.015955539619935462,83.10084002867752,18.375009755154743,False,False,UNet,internal_val
case_00124,92527,1380,14396,1397137,1505440,106923,93907,0.07102441811031991,0.9214459991037196,0.8543345983029095,0.9853046098799877,0.8653610542165857,0.0009867595460048037,40.311288741492746,12.883678860426413,False,False,UNet,internal_val
case_00125,34340,17070,5502,1448528,1505440,39842,51410,0.02646535232224466,0.7526410380046464,0.60338768625246,0.6679634312390585,0.861904522865318,0.011647122880899127,139.8177385026664,41.51665462076827,False,False,UNet,internal_val
case_00126,108390,2,86563,1310485,1505440,194953,108392,0.129499016898714,0.7146318548187707,0.55597445564361,0.9999815484537604,0.5559801593204516,1.5261502021767481e-06,143.78386506491321,50.748865037528226,False,False,UNet,internal_val
case_00127,118325,52330,10106,1324679,1505440,128431,170655,0.0853112711233925,0.7912439900229365,0.6545936346888986,0.6933579443907298,0.9213118328129501,0.038002656482274265,147.51169149989832,42.51593464498062,False,False,UNet,internal_val
case_00128,92209,1049,20623,1391559,1505440,112832,93258,0.0749495164204485,0.894842059294483,0.8096960862654876,0.9887516352484506,0.8172238372093024,0.0007532629426227625,56.42558279173066,16.184503333237874,False,False,UNet,internal_val
case_00129,51853,1611,13346,1438630,1505440,65199,53464,0.04330893293655011,0.8739539704878522,0.776126328393953,0.9698675744426156,0.7953036089510576,0.0011185627960875993,44.242324691196295,15.039188633341304,False,False,UNet,internal_val
case_00130,39573,50747,4552,1410568,1505440,44125,90320,0.029310367733021574,0.5886868236081669,0.4171199089299266,0.43814216120460586,0.8968385269121814,0.034726941145475136,194.98025430393986,87.09263229728984,False,False,UNet,internal_val
case_00131,101222,27979,3607,1372632,1505440,104829,129201,0.06963346264215113,0.8650343972994915,0.7621679416902596,0.7834459485607697,0.9655915824819468,0.019976281779880353,95.61432439343871,27.593322770291874,False,False,UNet,internal_val
case_00132,26791,15042,312,1463295,1505440,27103,41833,0.018003374428738443,0.777271672275734,0.6356863210345237,0.640427413764253,0.9884883592222263,0.010174946578486502,73.44385106220498,22.124445219551024,False,False,UNet,internal_val
case_00133,116440,9894,8063,1371043,1505440,124503,126334,0.08270206716973111,0.9284116777030502,0.8663883866455352,0.921683790586857,0.9352385083090368,0.007164700489595108,44.578015902026436,13.082152615587924,False,False,UNet,internal_val
case_00134,52373,1468,16715,1434884,1505440,69088,53841,0.04589223084281008,0.8520853500801275,0.7422898123476388,0.9727345331624598,0.7580621815655396,0.001022033596221539,56.45261249351481,18.61805850084245,False,False,UNet,internal_val
case_00135,60566,14423,1747,1428704,1505440,62313,74989,0.04139188542884472,0.8822304117929819,0.7892775229357798,0.8076651242182187,0.9719641166369778,0.009994269388626227,69.0,19.872263972490163,False,False,UNet,internal_val
case_00136,46224,9179,3610,1446427,1505440,49834,55403,0.03310261451801467,0.8784743008637647,0.7832850388897361,0.834323051098316,0.9275594975318056,0.006305964663514715,37.492655510795544,14.819749301754966,False,False,UNet,internal_val
case_00137,81700,17791,21065,1384884,1505440,102765,99491,0.06826243490275269,0.8078870342536192,0.6776933541258834,0.8211798052085113,0.795017758964628,0.012683622364410858,124.4347156151085,39.245759807607776,False,False,UNet,internal_val
case_00138,64887,1564,20484,1418505,1505440,85371,66451,0.056708337761717506,0.8547773050019102,0.7463852303445103,0.9764638605890055,0.760059036440946,0.0011013549341616499,57.95250884955439,14.581467599216829,False,False,UNet,internal_val
case_00139,117851,2800,37403,1347386,1505440,155254,120651,0.10312865341694123,0.8542868016164984,0.7456375669075126,0.9767925669907419,0.7590851121388177,0.002073788352123337,142.98177096977435,51.36115230918912,False,False,UNet,internal_val
case_00140,77928,19149,4336,1404027,1505440,82264,97077,0.05464448931873738,0.8690483492341405,0.7684221943932238,0.8027442133564078,0.9472916464066906,0.013455117286969426,110.5350623105628,27.426506690462386,False,False,UNet,internal_val
case_00141,67122,11743,617,1425958,1505440,67739,78865,0.04499614730577107,0.9156912498976836,0.8444930927757228,0.8510999809801559,0.9908915100606741,0.0081679013925705,32.0,10.663169978249096,False,False,UNet,internal_val
case_00142,50850,2614,7585,1444391,1505440,58435,53464,0.038815894356467213,0.9088553070179358,0.8329374764533407,0.9511072871464911,0.8701976555146744,0.0018064899568418908,36.677301827876,10.02597222685766,False,False,UNet,internal_val
case_00143,114865,17839,56690,1316046,1505440,171555,132704,0.11395671697311086,0.7550475088658019,0.606487005924158,0.8655730045816252,0.6695520387047885,0.01337371662474651,146.98093890421862,48.722079209667044,False,False,UNet,internal_val
case_00144,53148,693,22891,1428708,1505440,76039,53841,0.05050948559889468,0.8184170003079766,0.692644529010061,0.9871287680392266,0.698957114112495,0.0004848184659168421,74.09925747649949,21.955771708937807,False,False,UNet,internal_val
case_00145,80347,208,61721,1363164,1505440,142068,80555,0.09436975236475714,0.7218211954739627,0.5647263066153111,0.9974179132269878,0.5655531154095222,0.00015256291019619003,115.97413504743201,42.187446196749,False,False,UNet,internal_val
case_00146,47067,8336,4563,1445474,1505440,51630,55403,0.03429562121373153,0.879485766072146,0.7848947737050995,0.8495388336371676,0.9116211504938989,0.005733899202784408,44.29332989010658,14.77189673417507,False,False,UNet,internal_val
case_00147,142969,4524,26245,1331702,1505440,169214,147493,0.11240168987139973,0.9028471110521713,0.8228999988488414,0.9693273579085109,0.8449005401444325,0.0033856548218639663,151.96479765046382,40.999330626203395,False,False,UNet,internal_val
case_00148,45357,14603,17095,1428385,1505440,62452,59960,0.0414842172388139,0.7410547985491619,0.5886314969826747,0.7564543028685791,0.7262697751873439,0.010119973277671055,93.8725100025939,34.02010991491364,False,False,UNet,internal_val
case_00149,77326,19751,3658,1404705,1505440,80984,97077,0.053794239557870126,0.868533817062692,0.7676180076438179,0.7965429504414022,0.954830583819026,0.01386564414766058,109.40703718253584,27.491114462098952,False,False,UNet,internal_val
case_00150,70151,8714,943,1425632,1505440,71094,78865,0.04722473163991923,0.9356023979887836,0.8789970930232558,0.8895073860394345,0.9867358708189158,0.0060752426541434215,26.754169164350042,8.323644447217761,False,False,UNet,internal_val
case_00151,55480,40045,9800,1400115,1505440,65280,95525,0.043362737804229994,0.6900282951400765,0.5267505340612391,0.5807903690133472,0.8498774509803921,0.027805938229085655,186.41390973328157,48.2829171852925,False,False,UNet,internal_val
case_00152,16544,9399,1610,1477887,1505440,18154,25943,0.012058932936550111,0.7503458285144115,0.6004427830000363,0.6377057395058398,0.9113143108956704,0.006319564629802203,48.77703500189635,15.644931900881437,False,False,UNet,internal_val
case_00153,92075,1458,12257,1399650,1505440,104332,93533,0.0693033266021894,0.9306850630480378,0.8703563663862369,0.9844119187880214,0.8825192654219223,0.0010406050068945435,33.157174496687276,14.348708241799214,False,False,UNet,internal_val
case_00154,65799,5094,16127,1418420,1505440,81926,70893,0.05441997024125837,0.861136377021182,0.7561365203401517,0.9281452329567094,0.8031516246368674,0.003578468494163036,74.34883304018267,21.463370041666458,False,False,UNet,internal_val
case_00155,40361,69,39050,1425960,1505440,79411,40430,0.05274936231267935,0.6735758212965512,0.5078132863613488,0.9982933465248578,0.5082545239324526,4.838611276488767e-05,87.20091742636656,33.19816563954274,False,False,UNet,internal_val
case_00156,34985,26589,5708,1438158,1505440,40693,61574,0.02703063556169625,0.6841894257189514,0.5199756249814215,0.5681781271315816,0.8597301747229253,0.018152622944440235,143.27203857773364,48.052089222878706,False,False,UNet,internal_val
case_00157,116030,4587,25608,1107015,1253240,141638,120617,0.11301745874692797,0.884863968275152,0.7935031629338348,0.9619705348333982,0.8192010618619298,0.004126476922495641,74.06314801561476,19.98334922917871,False,False,UNet,internal_val
case_00158,57899,4344,4028,1439169,1505440,61927,62243,0.04113548198533319,0.9325763066763308,0.8736702328318571,0.9302090194881352,0.9349556736157089,0.0030093251671443207,27.586228448267445,7.6204540862767525,False,False,UNet,internal_val
case_00159,127467,18483,18920,1340570,1505440,146387,145950,0.09723868105005845,0.8720551965710807,0.7731364105052465,0.873360739979445,0.8707535505201964,0.013599911114577578,119.8204907316476,31.04945992723825,False,False,UNet,internal_val
case_00160,129556,33937,25213,1316734,1505440,154769,163493,0.10280648846848763,0.8141468349975806,0.6865494472883745,0.7924253637770424,0.8370926994423948,0.02512602995103915,274.49347195624927,65.51537340760419,False,False,UNet,internal_val
case_00161,160788,9352,19710,1315590,1505440,180498,170140,0.11989717291954512,0.9171167985215521,0.84692125362128,0.9450335018220289,0.8908021141508493,0.007058422179989765,169.11709609676527,34.44009659150662,False,False,UNet,internal_val
case_00162,34368,8859,3834,1458379,1505440,38202,43227,0.02537596981613349,0.8441218730427734,0.7302862242621279,0.7950586439031161,0.8996387623684624,0.006037875245870131,54.08511750090881,15.306814767458176,False,False,UNet,internal_val
case_00163,7317,2636,2447,1493040,1505440,9764,9953,0.006485811457115528,0.7422021605720951,0.5900806451612903,0.7351552295790214,0.7493854977468251,0.0017624137848036606,73.63386249412775,20.472246910459695,False,False,UNet,internal_val
case_00164,98029,152,19151,1388108,1505440,117180,98181,0.07783770857689447,0.910369101183594,0.835483925953704,0.9984518389505098,0.8365676736644478,0.00010948957688041145,137.9978231476463,31.891381561044806,False,False,UNet,internal_val
case_00165,58576,8064,14289,1424511,1505440,72865,66640,0.048401131894994155,0.8397691839002186,0.7237949313595868,0.8789915966386554,0.8038976188842379,0.005629024658394848,41.43669871020132,21.964690683660397,False,False,UNet,internal_val
case_00166,44331,12326,3494,1445289,1505440,47825,56657,0.031768120948028486,0.8485863593729064,0.7369952286745025,0.7824452406587006,0.926941975953999,0.008456279607440923,54.75946627707977,18.491388806409006,False,False,UNet,internal_val
case_00167,27580,74135,24847,1126678,1253240,52427,101715,0.041833168427436083,0.3578518508907371,0.2179169102890283,0.27114978125153616,0.5260648139317528,0.061737339619074745,202.95023934321378,75.36954123273239,False,False,UNet,internal_val
case_00168,78575,37435,6045,1131185,1253240,84620,116010,0.06752098560531103,0.7832826596221901,0.6437671541518168,0.6773123006637359,0.9285629874734106,0.032033509609625026,157.41553283436417,41.298949948103285,False,False,UNet,internal_val
case_00169,99115,5453,22410,1378462,1505440,121525,104568,0.08072390796046339,0.8767631019093912,0.7805682874198681,0.9478521153699029,0.8155934992799836,0.003940270898140421,132.24104051302422,28.24208678805266,False,False,UNet,internal_val
case_00170,51580,5320,8495,1440045,1505440,60075,56900,0.03990527686257838,0.8818978414191067,0.7887453169202538,0.9065026362038664,0.8585934248855597,0.0036807311647922844,30.217555712338953,13.364645736855909,False,False,UNet,internal_val
case_00171,52101,8299,4255,1440785,1505440,56356,60400,0.0374349027526836,0.8924766179040049,0.8058309488825304,0.8625993377483444,0.9244978351905742,0.005727066201821288,143.85440036640597,31.907882807875275,False,False,UNet,internal_val
case_00172,88861,5038,3399,1408142,1505440,92260,93899,0.0612844085450101,0.9546785274953131,0.9132870151493351,0.9463466064601327,0.9631584652070236,0.0035650094113984063,73.0,11.595825703842795,False,False,UNet,internal_val
case_00173,34892,5888,6841,1457819,1505440,41733,40780,0.027721463492400893,0.8457333995855199,0.732701959219672,0.8556154977930358,0.8360769654709702,0.004022663005642523,41.109560917161474,16.82459260390837,False,False,UNet,internal_val
case_00174,36521,436,14575,1453908,1505440,51096,36957,0.03394090764161973,0.829523128116021,0.7087052705115268,0.9882025056146332,0.7147526225144826,0.0002997915211256759,54.86298855400739,17.746890019185592,False,False,UNet,internal_val
case_00175,37106,5959,3581,1458794,1505440,40687,43065,0.027026650015942184,0.8860922724233451,0.7954808558075719,0.8616277719725995,0.9119866296360016,0.004068262703677685,29.415131239560193,10.809487828335588,False,False,UNet,internal_val
case_00176,112883,38808,37247,1064302,1253240,150130,151691,0.11979349526028533,0.7480128950603172,0.5974605426118621,0.7441641231187084,0.7519016852061546,0.035180535032770986,170.41419886159443,52.145585709046934,False,False,UNet,internal_val
case_00177,43744,10879,1849,1448968,1505440,45593,54623,0.030285497927516208,0.8729943322423566,0.7746139679841337,0.8008348131739377,0.959445528918913,0.0074521508075846305,29.410882339705484,13.88252705767442,False,False,UNet,internal_val
case_00178,67925,306,12604,1424605,1505440,80529,68231,0.05349200233818684,0.9132159182575962,0.8402919527432424,0.9955152350104791,0.8434849557302339,0.00021475025457730343,28.698183656774898,12.192207019914504,False,False,UNet,internal_val
case_00179,10831,196,13197,1481216,1505440,24028,11027,0.015960782229779997,0.6179432320638996,0.4471185601056803,0.9822254466309966,0.4507657732645247,0.00013230620516102204,67.774214689915,28.7676598440977,False,False,UNet,internal_val
case_00180,132076,15162,100998,1257204,1505440,233074,147238,0.15482118184716762,0.6945665663981152,0.5320582026780967,0.8970238661215175,0.5666698130207574,0.011916382550303922,149.43627144521767,61.475650688030406,False,False,UNet,internal_val
case_00181,34513,2625,17244,1198858,1253240,51757,37138,0.04129855414764929,0.7764891163732494,0.6346401382810489,0.9293176800043083,0.6668276754835095,0.002184799951393403,415.77166967839423,73.54530057176898,False,False,UNet,internal_val
case_00182,100586,1200,21026,1382628,1505440,121612,101786,0.08078169837389733,0.9005094047395232,0.8190241995896167,0.9882105594089561,0.8271058777094366,0.0008671597915347861,33.046907975057714,15.78205134650096,False,False,UNet,internal_val
case_00183,110490,3947,14578,1124225,1253240,125068,114437,0.09979572946921579,0.9226529717542431,0.8564120451110336,0.9655094069225862,0.883439408961525,0.003498580003758292,44.617656112843754,12.607868393569092,False,False,UNet,internal_val
case_00184,27707,11487,8926,1457320,1505440,36633,39194,0.024333749601445423,0.7307950993709365,0.5757896924355778,0.7069194264428229,0.7563399121011111,0.007820632663106862,52.481899716290826,25.357330802862684,False,False,UNet,internal_val
case_00185,98780,7098,2197,1397365,1505440,100977,105878,0.06707474226804123,0.9550651422494018,0.9139949109414758,0.9329605772681766,0.9782425700902185,0.00505388892409412,28.080229493778496,8.695189928038483,False,False,UNet,internal_val
case_00186,85199,31282,75269,1313690,1505440,160468,116481,0.10659209267722393,0.615268515141777,0.4443233376792699,0.7314411792481177,0.5309407483111898,0.02325847675639344,185.05134369385823,57.80196792504786,False,False,UNet,internal_val
case_00187,39745,1143,65583,1398969,1505440,105328,40888,0.06996492719736423,0.5436477540077693,0.37329413643151654,0.9720455879475641,0.37734505544584535,0.000816363262367582,242.23748075629186,50.77264028221687,False,False,UNet,internal_val
case_00188,72496,4527,12404,1416013,1505440,84900,77023,0.05639547242002338,0.8954379550774133,0.8106723920068883,0.9412253482725939,0.8538987043580684,0.0031868162811325273,39.28230206279871,14.308509500184037,False,False,UNet,internal_val
case_00189,72918,3973,81968,1094381,1253240,154886,76891,0.12358845871501069,0.6292082475828059,0.45901082091666195,0.9483294533820603,0.47078496442544837,0.00361723087456321,120.2039926301816,49.975709111893984,False,False,UNet,internal_val
case_00190,66262,2819,4461,1431898,1505440,70723,69081,0.046978292060792855,0.9479270979371119,0.9010089472682277,0.95919283160348,0.9369229246496896,0.001964847422871549,16.0312195418814,6.4373538069603065,False,False,UNet,internal_val
case_00191,91820,31300,24037,1358283,1505440,115857,123120,0.07695889573812308,0.7684421513367395,0.6239594446747352,0.7457764782326186,0.7925287207505805,0.02252474303442112,162.5367632786181,42.31508090588728,False,False,UNet,internal_val
case_00192,55058,820,25376,1424186,1505440,80434,55878,0.05342889786374747,0.8078232290627384,0.6776035641322273,0.9853251726976627,0.6845115249769997,0.0005754361736020761,59.89441441947246,27.628401652964,False,False,UNet,internal_val
case_00193,85424,31057,76614,1312345,1505440,162038,116481,0.10763497714953768,0.6134159608500677,0.4423936404360548,0.7333728247525347,0.5271849813006826,0.023118173115716664,168.96118691857637,53.70793902599178,False,False,UNet,internal_val
case_00194,25108,2720,461,1477151,1505440,25569,27828,0.016984403230949092,0.9404273648332303,0.887553466011524,0.9022567198505103,0.9819703547264266,0.0018379980417212042,14.0,5.120324230459418,False,False,UNet,internal_val
case_00195,50116,0,131242,1324082,1505440,181358,50116,0.1204684344776278,0.4330162350847179,0.2763374099846712,1.0,0.2763374099846712,0.0,134.00272802150735,65.67519660806032,False,False,UNet,internal_val
case_00196,26965,8223,644,1469608,1505440,27609,35188,0.018339488787331278,0.8587989872127649,0.7525396293815584,0.7663123792201887,0.9766742728820312,0.00556423569406786,36.04161059214788,12.780601468660175,False,False,UNet,internal_val
case_00197,38408,0,81942,1385090,1505440,120350,38408,0.07994340525029227,0.4838559316695852,0.319135853759867,1.0,0.319135853759867,0.0,116.15419647447041,57.89103919237178,False,False,UNet,internal_val
case_00198,80557,852,11715,1412316,1505440,92272,81409,0.06129237963651823,0.9276432079502076,0.8650508998754349,0.9895343266714982,0.873038408184498,0.0006029007166876125,127.05233911941677,18.69600692487996,False,False,UNet,internal_val
case_00199,104363,1398,34258,1365421,1505440,138621,105761,0.09208005632904666,0.8540972739399793,0.7453488455138231,0.9867815168162177,0.7528657274150381,0.001022812823058503,133.4541119636259,33.72334846184028,False,False,UNet,internal_val
case_00200,123968,604,34601,1346267,1505440,158569,124572,0.10533066744606229,0.8756626557086399,0.7788255545852626,0.9951513983880808,0.7817921535735232,0.0004484468074522356,132.5745073534124,30.592413860493394,False,False,UNet,internal_val
case_00201,61683,171,20252,1423334,1505440,81935,61854,0.05442594855988947,0.8579654911015446,0.7512605656103086,0.9972354253564846,0.7528284615854031,0.00012012602695459448,36.76955262170047,18.6410253432285,False,False,UNet,internal_val
case_00202,122559,5155,14636,1363090,1505440,137195,127714,0.09113282495483048,0.9252913264554998,0.8609694415173867,0.9596363750254475,0.8933197273953133,0.00376760010085913,41.19465984809196,13.056290205851296,False,False,UNet,internal_val
case_00203,55286,12501,1081,1436572,1505440,56367,67787,0.03744220958656606,0.8906036051999936,0.8027821339373875,0.8155841090474575,0.9808221122287863,0.008626894573289268,37.00202665699653,14.089199848192411,False,False,UNet,internal_val
case_00204,59440,25,114927,1331048,1505440,174367,59465,0.11582460941651611,0.5083991925827089,0.34084132299646774,0.999579584629614,0.3408901913779557,1.8781839914114403e-05,185.44662226558185,81.5868168860012,False,False,UNet,internal_val
case_00205,35782,2253,4386,1463019,1505440,40168,38035,0.026681900308215538,0.9151055586102835,0.8434973244383678,0.9407650847903247,0.8908086038637721,0.0015375984800091724,25.0,7.582285177658494,False,False,UNet,internal_val
case_00206,69985,878,25186,1409391,1505440,95171,70863,0.06321806249335743,0.8430201043159835,0.7286385074285,0.9876098951497961,0.7353605615155877,0.0006225762602737492,73.28197335004711,23.971882064003378,False,False,UNet,internal_val
case_00207,60020,3384,4174,1437862,1505440,64194,63404,0.04264135402274418,0.9407670966629571,0.888158868270739,0.946627972998549,0.9349783468860018,0.0023479683551593552,19.9473016344477,7.836496739999702,False,False,UNet,internal_val
case_00208,34353,4870,1761,1464456,1505440,36114,39223,0.02398899989371878,0.9119821601603462,0.838205153230529,0.8758381561838717,0.9512377471340754,0.003314444854307349,31.827660925679098,8.65191646248227,False,False,UNet,internal_val
case_00209,53666,3235,9639,1438900,1505440,63305,56901,0.042050828993516844,0.8929005207726736,0.8065223925458371,0.9431468691235655,0.8477371455651213,0.00224320191937648,45.425421716340665,12.59737700091053,False,False,UNet,internal_val
case_00210,45494,3932,30557,1425457,1505440,76051,49426,0.05051745669040281,0.725136877674793,0.5687958691221885,0.9204467284425202,0.5982038368989231,0.0027508257024504877,108.6824896290865,31.119347568754037,False,False,UNet,internal_val
case_00211,6949,1359,11772,1485360,1505440,18721,8308,0.012435567010309278,0.5141884642421103,0.34606573705179283,0.8364227250842562,0.37118743656855935,0.0009140933828114123,76.48529270389177,32.05013964811684,False,False,UNet,internal_val
case_00212,127908,7284,31825,1338423,1505440,159733,135192,0.10610386332235094,0.8673934051029922,0.765838208086602,0.9461210722527961,0.8007612703699298,0.005412768158298946,146.3851079010556,36.89395676506971,False,False,UNet,internal_val
case_00213,55018,38684,6508,1405230,1505440,61526,93702,0.040869114677436494,0.7088669569922952,0.5490270432092605,0.5871592922242855,0.8942235802750057,0.02679106927420885,242.17837318212062,61.42845054358086,False,False,UNet,internal_val
case_00214,55201,52509,2709,1395021,1505440,57910,107710,0.0384671591029865,0.6665982369279072,0.49992302049466125,0.5124965184291153,0.9532205145916076,0.036274895857080686,189.7217693349254,56.51799125784935,False,False,UNet,internal_val
case_00215,136057,2970,19705,1346708,1505440,155762,139027,0.10346609629078542,0.923080576276591,0.857149157069778,0.9786372431254361,0.8734928930034284,0.002200524865930985,48.0,14.702403324343626,False,False,UNet,internal_val
case_00216,29559,8283,1518,1466080,1505440,31077,37842,0.020643134233180996,0.8577895790710834,0.7509908536585366,0.7811162200729348,0.9511535862534993,0.0056180194429729996,55.20868604758991,14.01074664542048,False,False,UNet,internal_val
case_00217,84984,7126,1034,1412296,1505440,86018,92110,0.057138112445530874,0.9541902452169226,0.9123937129605771,0.9226359787210944,0.9879792601548513,0.005020353355098061,28.30194339616981,7.085774436666854,False,False,UNet,internal_val
case_00218,46238,4242,17794,1437166,1505440,64032,50480,0.04253374428738442,0.807566019281822,0.6772417025514837,0.9159667194928685,0.722107696151924,0.0029429557765740166,65.94919422787729,21.03137749549853,False,False,UNet,internal_val
case_00219,88679,4065,12260,1400436,1505440,100939,92744,0.0670495004782655,0.915712788422319,0.8445297322006781,0.9561696713534029,0.878540504661231,0.0028942663622169014,41.98928267563382,12.020138821372601,False,False,UNet,internal_val
case_00220,77405,18269,148849,1260917,1505440,226254,95674,0.15029094484004676,0.48088392435575655,0.3165550888873439,0.809049480527625,0.3421154985105236,0.014281738543104756,146.63219291819925,56.17955950333117,False,False,UNet,internal_val
case_00221,70778,5029,11902,1417731,1505440,82680,75807,0.054920820491019234,0.8931710487295488,0.8069639375662703,0.9336604799029113,0.8560474117077891,0.003534679074474964,32.984845004941285,14.827573533395993,False,False,UNet,internal_val
case_00222,48040,6909,4500,1445991,1505440,52540,54949,0.034900095653098095,0.8938589064927573,0.8080876045013373,0.8742652277566471,0.9143509706889988,0.004755316952302292,85.14786781695307,16.013236593989802,False,False,UNet,internal_val
case_00223,48619,19068,9315,1428438,1505440,57934,67687,0.03848310128600276,0.7740584774838601,0.6313991844367679,0.7182915478600027,0.8392135878758588,0.01317300239169993,126.71815635192974,37.51764814711691,False,False,UNet,internal_val
case_00224,35261,9439,917,1459823,1505440,36178,44700,0.024031512381762144,0.871955290684735,0.7729793717254533,0.7888366890380313,0.9746531040964121,0.0064243137030699764,41.78080427277515,13.418102069268494,False,False,UNet,internal_val
case_00225,39611,2145,4556,1459128,1505440,44167,41756,0.029338266553300033,0.9220115684973755,0.8553074797028848,0.9486301369863014,0.8968460615391582,0.001467898195614372,32.0,7.878125629563381,False,False,UNet,internal_val
case_00226,68072,17150,34300,1385918,1505440,102372,85222,0.0680013816558614,0.72573749693487,0.5695353156741019,0.7987608833399826,0.6649474465674208,0.012223213700262567,112.755263188667,38.306762432609254,False,False,UNet,internal_val
case_00227,101384,13792,7800,1382464,1505440,109184,115176,0.07252630460197683,0.9037618113745766,0.8244210252406974,0.8802528304507884,0.9285609613130129,0.009877844750532853,41.53165646783738,12.992211113158417,False,False,UNet,internal_val
case_00228,45614,11521,388,1447917,1505440,46002,57135,0.030557179296418324,0.8845322241290711,0.7929697686142934,0.798354773781395,0.9915655841050389,0.00789413459153455,33.0,12.312453174173001,False,False,UNet,internal_val
case_00229,96670,59291,7962,1341517,1505440,104632,155961,0.06950260388989266,0.7419232289432179,0.5897281040488522,0.6198344457909349,0.9239047327777353,0.0423262859720961,241.1131325597812,65.56402854858764,False,False,UNet,internal_val
case_00230,31605,5270,47121,1421444,1505440,78726,36875,0.052294345839090234,0.5467945779015753,0.3762679175198819,0.8570847457627119,0.40145568173157536,0.003693802682247458,113.1759686841927,42.21621283779924,False,False,UNet,internal_val
case_00231,72531,1475,10627,1420807,1505440,83158,74006,0.0552383356360931,0.9229976330457357,0.8570061323597178,0.9800691835797097,0.8722071237884509,0.0010370657858286894,27.0,8.991417659544624,False,False,UNet,internal_val
case_00232,54654,247,17936,1432603,1505440,72590,54901,0.04821846104793283,0.8573781678706732,0.7503603937559208,0.9955009926959436,0.7529136244661799,0.00017238371078619536,57.201398584300364,18.200499165474714,False,False,UNet,internal_val
case_00233,77962,11484,5989,1410005,1505440,83951,89446,0.05576509193325539,0.8992312439084874,0.8169120343689422,0.8716096862911701,0.9286607663994473,0.00807885252717397,48.615789572431886,16.290867690348396,False,False,UNet,internal_val
case_00234,68755,6343,21530,1408812,1505440,90285,75098,0.05997249973429695,0.8314639352291348,0.7115432379848491,0.9155370316120269,0.7615329235199646,0.004482194529927817,86.32033322185086,26.888216926891946,False,False,UNet,internal_val
case_00235,24920,4396,1919,1474205,1505440,26839,29316,0.01782801041555957,0.8875434066423292,0.7978229550184088,0.8500477554918816,0.928499571519058,0.0029730806350056573,25.96150997149434,10.234213756701504,False,False,UNet,internal_val
case_00236,91757,21528,23660,1368495,1505440,115417,113285,0.07666662238282496,0.802415370219762,0.670028113476213,0.8099660149181268,0.7950042021539288,0.015487513515963405,138.2931668593933,49.48917146657017,False,False,UNet,internal_val
case_00237,126635,1936,24212,1352657,1505440,150847,128571,0.1002012700605803,0.9064197725271815,0.828855304582316,0.9849421720294623,0.8394929962147076,0.0014292115786808288,137.19146997015613,31.40474536434177,False,False,UNet,internal_val
case_00238,47786,3767,5675,1448212,1505440,53461,51553,0.035511876926347115,0.9100881787190279,0.8350108338575523,0.9269295676294299,0.8938478517049812,0.002594390139251325,24.031222920256962,9.817093440370716,False,False,UNet,internal_val
case_00239,102512,10941,9117,1382870,1505440,111629,113453,0.07415041449675842,0.9108858105046161,0.836354736069185,0.9035635902091615,0.9183276747081851,0.007849701286616335,98.77214457807732,20.905070003467863,False,False,UNet,internal_val
case_00240,77607,54754,90167,1282912,1505440,167774,132361,0.11144515889042406,0.517147283722325,0.34875161777394303,0.5863282991213424,0.4625686935997234,0.04093248987415394,228.61878315198487,71.57815563221133,False,False,UNet,internal_val
case_00241,57476,21794,280,1425890,1505440,57756,79270,0.038364863428632164,0.8389064849006758,0.7225141420490258,0.7250662293427527,0.9951520188378696,0.015054390322749992,67.41364722840584,23.274280406575922,False,False,UNet,internal_val
case_00242,86893,1477,36058,1381012,1505440,122951,88370,0.08167113933467957,0.822379224024115,0.6983396020188382,0.9832861830938101,0.7067286967979114,0.0010683629309166294,120.44313970078868,36.88255013588847,False,False,UNet,internal_val
case_00243,65560,3747,8812,1427321,1505440,74372,69307,0.04940216813689021,0.9125898704751564,0.8392324530523945,0.9459361969209459,0.8815145484859893,0.0026183242165990716,32.63125258614307,11.971763834135793,False,False,UNet,internal_val
case_00244,111664,13813,15141,1364822,1505440,126805,125477,0.08423118822404081,0.8852316059013327,0.7940946393776046,0.8899160802378125,0.8805961910019321,0.010019330714801234,142.30249470757707,33.313722984541506,False,False,UNet,internal_val
case_00245,32851,10687,2225,1459677,1505440,35076,43538,0.02329950047826549,0.8357544457730175,0.7178506653846994,0.7545362671689099,0.9365663131485916,0.007268268265545131,35.3234617713998,15.173850924975802,False,False,UNet,internal_val
case_00246,66922,23734,25064,1389720,1505440,91986,90656,0.06110240195557445,0.7328215853965682,0.5783097131005877,0.7381971408400988,0.7275237536146805,0.01679149091516243,143.80890097626084,45.94053953989503,False,False,UNet,internal_val
case_00247,136207,970,40382,1327881,1505440,176589,137177,0.1173005898607716,0.8682075177042764,0.7671083977720082,0.9929288437566064,0.7713221095311712,0.0007299539225992982,145.07756315692214,39.40717116013835,False,False,UNet,internal_val
case_00248,36739,9523,2955,1456223,1505440,39694,46262,0.026367042193644382,0.8548327051049374,0.7464697157486234,0.7941507068436298,0.9255554995717237,0.006497032910204087,68.9132719147477,18.07079251033147,False,False,UNet,internal_val
case_00249,104102,15799,14562,1370977,1505440,118664,119901,0.07882346689339993,0.8727348940540314,0.7742055435324215,0.8682329588577243,0.8772837591855996,0.011392611351797262,48.65179708421758,17.091032600197888,False,False,UNet,internal_val
case_00250,73891,712,172683,1258154,1505440,246574,74603,0.16378865979381443,0.46012634777708245,0.2988078581076163,0.9904561478760908,0.29967068709596306,0.0005655883946345362,147.02975884583924,55.31082584207551,False,False,UNet,internal_val
case_00251,18199,301,45139,1441801,1505440,63338,18500,0.04207274949516421,0.4447567144847137,0.28597243828469965,0.9837297297297297,0.28733145978717356,0.00020872310003037232,188.27652498018787,57.814210679590666,False,False,UNet,internal_val
case_00252,21208,15552,847,1467833,1505440,22055,36760,0.014650201934318206,0.7211765706027374,0.5639375648150611,0.5769314472252448,0.9615960099750623,0.010484129204488383,50.15974481593781,24.495091904179507,False,False,UNet,internal_val
case_00253,32626,5432,12249,1455133,1505440,44875,38058,0.029808560952279732,0.7868038054815333,0.648537976822311,0.8572704818960534,0.727041782729805,0.0037191087010848543,184.08240789219462,59.711806503469646,False,False,UNet,internal_val
case_00254,19263,10210,37,1475930,1505440,19300,29473,0.012820172175576575,0.7899042503024214,0.6527617756692646,0.6535812438503037,0.9980829015544042,0.0068701468233140885,137.04064868389474,28.88033081645621,False,False,UNet,internal_val
case_00255,53703,2732,9538,1439467,1505440,63241,56435,0.04200831650547348,0.8974731775794645,0.8140148242462826,0.9515903251528307,0.8491801204914533,0.001894329423332009,41.23105625617661,12.333602874883328,False,False,UNet,internal_val
case_00256,60178,501,26416,1418345,1505440,86594,60679,0.05752072483792114,0.8172305853754592,0.6909466674321143,0.9917434367738427,0.6949442224634501,0.0003531038604612481,88.56974594507898,28.307357516288143,False,False,UNet,internal_val
case_00257,55219,2113,5892,1442216,1505440,61111,57332,0.040593447762780316,0.9324147480222554,0.873386688599266,0.9631444917323658,0.9035852792459622,0.001462963078356801,24.020824298928627,7.6910855892739995,False,False,UNet,internal_val
case_00001,22320,1914,2954,524462,551650,25274,24234,0.04581528142844195,0.9016724569766502,0.8209504193026335,0.921020054468928,0.8831209939067817,0.003636184020548049,24.207331490690077,7.598412063848159,False,False,UNet,external_test1
case_00002,15514,4921,389,670376,691200,15903,20435,0.0230078125,0.8538719797457207,0.7450057625816365,0.7591876682162956,0.9755392064390367,0.007287164018202361,22.01362932732714,9.3304256631672,False,False,UNet,external_test1
case_00003,16598,5937,4261,1478644,1505440,20859,22535,0.013855749814007865,0.7649905516891736,0.6194208090759815,0.736543155092079,0.7957236684404814,0.003999108165873065,146.0129424196035,33.2144247871345,False,False,UNet,external_test1
case_00004,74086,10654,12971,1407729,1505440,87057,84740,0.05782827611860984,0.8624830468518077,0.7582155540317876,0.8742742506490442,0.8510056629564539,0.0075113703421431305,100.22935979681272,23.88247178027044,False,False,UNet,external_test1
case_00005,9987,9147,472,671594,691200,10459,19134,0.015131655092592592,0.6749569154867705,0.5093848821789249,0.52195045468799,0.9548714026197533,0.0134368283972906,60.34477940756477,22.078999594325083,False,False,UNet,external_test1
case_00006,55880,10563,3744,481463,551650,59624,66443,0.10808302365630382,0.8865127273592613,0.7961588328322908,0.8410216275604654,0.9372064940292499,0.021468377687357987,70.28440940105467,14.517357694112627,False,False,UNet,external_test1
case_00007,3649,11336,599,675616,691200,4248,14985,0.006145833333333333,0.3794519835699059,0.23415041067761808,0.24351017684351017,0.8589924670433146,0.016501880771873437,67.28418595572157,28.03413374573652,False,False,UNet,external_test1
case_00008,47997,7717,80713,1369013,1505440,128710,55714,0.08549659900095653,0.5205070923524053,0.3518145235180719,0.8614890332770937,0.37290808794965424,0.0056053111358073116,125.23796918021735,56.30633021733003,False,False,UNet,external_test1
case_00009,26271,22341,5088,637500,691200,31359,48612,0.04536892361111111,0.6570131672731365,0.48921787709497205,0.5404221179955566,0.8377499282502631,0.03385815673775955,99.46959284092478,35.49948693240484,False,False,UNet,external_test1
case_00010,21105,8883,1905,1473547,1505440,23010,29988,0.01528456796684026,0.7964451488735425,0.6617439563540589,0.7037815126050421,0.9172099087353325,0.005992188501312035,133.2835317194349,26.767417450883556,False,False,UNet,external_test1
case_00011,17419,5721,5376,1476924,1505440,22795,23140,0.015141752577319588,0.7584195058234462,0.6108500490952448,0.7527657735522904,0.7641588067558676,0.003858644517062412,35.56947410388225,13.661571149816835,False,False,UNet,external_test1
case_00012,10189,7619,10,673382,691200,10199,17808,0.014755497685185186,0.7276038133323812,0.5718374677292626,0.5721585804132974,0.999019511716835,0.011187942455297422,29.538100087412282,14.98494201439377,False,False,UNet,external_test1
case_00013,12770,7887,75,670468,691200,12845,20657,0.018583622685185184,0.762342546713629,0.6159560100327995,0.6181923803069177,0.9941611521992993,0.011626655659647234,51.94803898291654,15.046483107131541,False,False,UNet,external_test1
case_00014,4686,5818,39,680657,691200,4725,10504,0.0068359375,0.6154048197517894,0.4444655221473964,0.4461157654226961,0.9917460317460317,0.008475181179212645,215.397885131919,62.18176331874699,False,False,UNet,external_test1
case_00015,12856,3170,1390,673784,691200,14246,16026,0.020610532407407407,0.8493657505285412,0.7381717960496096,0.8021964307999501,0.9024287519303664,0.004682740629348523,22.620778132708256,7.727492015252015,False,False,UNet,external_test1
case_00016,12141,3229,998,535282,551650,13139,15370,0.02381763799510559,0.8517310323055877,0.7417521994134897,0.7899154196486662,0.9240429256412208,0.005996163495267506,19.91354500458746,8.079928604688712,False,False,UNet,external_test1
case_00017,27182,8249,2009,1468000,1505440,29191,35431,0.019390344351153152,0.8412614898950822,0.7260149572649572,0.767181281928255,0.9311774176972355,0.005587810728406929,32.292401487923165,13.16638384096788,False,False,UNet,external_test1
case_00018,77693,1940,31527,1394280,1505440,109220,79633,0.07255021787650122,0.8227880944438267,0.6989294710327456,0.9756382404279633,0.7113440761765244,0.0013894658434917134,123.5011381427526,25.251144572308696,False,False,UNet,external_test1
case_00019,35466,3027,8852,504305,551650,44318,38493,0.08033717030726004,0.8565528734105372,0.7490970535431408,0.9213623256176448,0.8002617446635678,0.00596650713930917,57.05255586134243,13.377312435322704,False,False,UNet,external_test1
case_00020,2083,5141,90,683886,691200,2173,7224,0.00314380787037037,0.4433329786101947,0.28479628110473065,0.28834440753045404,0.9585826046939715,0.007461246075988314,36.93597066691532,14.92474972413075,False,False,UNet,external_test1
case_00021,87906,3293,12551,1401690,1505440,100457,91199,0.06672932830268892,0.917331051467212,0.8472867469879518,0.9638921479402186,0.8750609713608808,0.0023438006011460635,32.781846832285666,12.99809729870874,False,False,UNet,external_test1
case_00022,18158,15150,4522,1467610,1505440,22680,33308,0.01506536295036667,0.6486389940701579,0.479989426381179,0.5451543172811336,0.8006172839506173,0.010217432355876879,129.53376763588335,40.27567274535589,False,False,UNet,external_test1
case_00023,22793,6976,986,660445,691200,23779,29769,0.03440248842592593,0.8513109733323373,0.7411152658104373,0.765662266115758,0.9585348416670171,0.010452173365836556,28.64175152958534,12.234072705275064,False,False,UNet,external_test1
case_00024,22585,2949,3353,662313,691200,25938,25534,0.03752604166666667,0.8775645010879701,0.7818395818188112,0.8845069319338921,0.8707302027912714,0.004432839993867078,29.75732006606591,9.026219247582619,False,False,UNet,external_test1
case_00025,34373,4012,2755,510510,551650,37128,38385,0.0673035439137134,0.9103862911021944,0.8355128828390861,0.8954800052103686,0.9257972419737126,0.007797528579924668,23.853720883753127,8.514698013755206,False,False,UNet,external_test1
case_00026,74783,34140,21592,1374925,1505440,96375,108923,0.06401782867467319,0.728531208292336,0.5729839482051872,0.686567575259587,0.7759584954604409,0.024228832594663838,152.42703172337903,49.19975564472705,False,False,UNet,external_test1
case_00027,26450,2336,3979,518885,551650,30429,28786,0.05515997462158977,0.8933547243097189,0.8072638486189532,0.9188494407003405,0.8692365835222978,0.004481784118444959,25.16291743996793,9.41066930125421,False,False,UNet,external_test1
case_00028,27397,1910,1043,660850,691200,28440,29307,0.04114583333333333,0.94886314440577,0.9027018121911038,0.9348278568260142,0.9633263009845289,0.002881887862876456,12.649110640673518,4.245048417683964,False,False,UNet,external_test1
case_00029,25420,996,2958,522276,551650,28378,26416,0.05144203752379226,0.9278388144687375,0.865391162252332,0.9622955784373107,0.8957643244767073,0.0019034077879190937,14.032101962856375,5.1590617475008695,False,False,UNet,external_test1
case_00030,6153,2,3904,1495381,1505440,10057,6155,0.006680438941439048,0.7590673575129534,0.6116910229645094,0.9996750609260764,0.6118126677935766,1.3374500044470212e-06,19.235384061671343,9.564770657985875,False,False,UNet,external_test1
case_00031,46073,5191,14861,1439315,1505440,60934,51264,0.04047587416303539,0.8212802367243622,0.6967561436672968,0.8987398564294632,0.7561131716283191,0.0035936160874375047,91.71422680573761,26.710946516406057,False,False,UNet,external_test1
case_00032,34338,2758,1853,652251,691200,36191,37096,0.05235966435185185,0.9370829751524827,0.8816144188554264,0.9256523614405866,0.9487994252714763,0.0042106291669274775,16.15549442140351,5.643270609227162,False,False,UNet,external_test1
case_00033,34486,14362,5383,497419,551650,39869,48848,0.07227227408683042,0.777438371450793,0.6359093507403515,0.7059859154929577,0.8649828187313452,0.02806278466766058,151.2157384552809,43.31006037944278,False,False,UNet,external_test1
case_00034,18358,4336,2672,665834,691200,21030,22694,0.03042534722222222,0.8397218918671667,0.7237246708192068,0.808936282717899,0.872943414170233,0.006470000149215871,23.0,9.839687510673961,False,False,UNet,external_test1
case_00035,2752,3342,4106,1495240,1505440,6858,6094,0.004555478796896589,0.4249536751080914,0.2698039215686274,0.45159172957006893,0.4012831729367162,0.002230108195614254,105.37243587308193,32.14366556864515,False,False,UNet,external_test1
case_00036,30751,30580,8828,1435281,1505440,39579,61331,0.026290652566691466,0.6094737885244277,0.4383044228110435,0.5013940747745839,0.7769524242653932,0.020861459579046036,336.2600918992359,104.86747876967077,False,False,UNet,external_test1
case_00037,26989,2640,16010,1459801,1505440,42999,29629,0.02856241364650866,0.7432119843586495,0.591358268147856,0.9108981065847649,0.6276657596688295,0.0018052010303321638,63.63961030678928,26.35980459842174,False,False,UNet,external_test1
case_00038,52308,2009,17074,619809,691200,69382,54317,0.10037905092592593,0.84573036160357,0.7326973988317855,0.9630134212125118,0.7539131186763137,0.0032308488979090346,75.20304955788563,19.503749422494824,False,False,UNet,external_test1
case_00039,17994,4180,782,668244,691200,18776,22174,0.027164351851851853,0.8788278388278389,0.7838473601672765,0.8114909353296653,0.9583510864933958,0.006216315895922811,25.641723944121438,7.576122034184732,False,False,UNet,external_test1
case_00040,50013,25623,707,614857,691200,50720,75636,0.07337962962962963,0.791620500807243,0.6551091783136633,0.6612327463112804,0.9860607255520505,0.04000593305021234,65.3161505459119,23.076742620635063,False,False,UNet,external_test1
case_00041,24784,12743,2287,1465626,1505440,27071,37527,0.01798211818471676,0.7673302579027215,0.6224945998894861,0.660431156234178,0.915518451479443,0.008619634204992123,154.44007061056118,40.53176330240985,False,False,UNet,external_test1
case_00042,576,4127,8430,1240107,1253240,9006,4703,0.007186173438447544,0.08403238748267561,0.043858981192416054,0.1224750159472677,0.06395736175882745,0.0033169001972297813,56.39663854995939,28.729189827001015,False,False,UNet,external_test1
case_00043,21847,20881,1909,646563,691200,23756,42728,0.03436921296296296,0.6572107574754829,0.4894370141362547,0.5113040629095675,0.9196413537632598,0.03128502166473891,114.29193975962691,36.570437166630526,False,False,UNet,external_test1
case_00044,0,0,3198,1250042,1253240,3198,0,0.00255178577128084,0.0,0.0,nan,0.0,0.0,nan,nan,True,False,UNet,external_test1
case_00045,18563,16713,6002,1211962,1253240,24565,35276,0.01960119370591427,0.6204107551678615,0.4497068656427152,0.5262217938541784,0.7556686342357012,0.013602457932325472,232.45502602179278,37.39680256627992,False,False,UNet,external_test1
case_00046,5795,31107,3037,1213301,1253240,8832,36902,0.007047333312055153,0.2534219617789828,0.14509627181451715,0.15703755893989485,0.6561367753623188,0.024997428496120244,327.88717485590007,158.78799591182917,False,False,UNet,external_test1
case_00047,14071,6563,3961,1228645,1253240,18032,20634,0.014388305512112605,0.7278228934981638,0.5721081520634276,0.6819327323834448,0.7803349600709849,0.005313275173088257,54.78617951883928,16.251468950388247,False,False,UNet,external_test1
case_00048,66748,45359,6073,1135060,1253240,72821,112107,0.058106188758737354,0.7218809482609448,0.564799458453207,0.5953954703988155,0.9166037269468972,0.03842618595600376,176.14241339778783,51.48825662970202,False,False,UNet,external_test1
case_00049,17494,7540,9273,1471133,1505440,26767,25034,0.017780183866510788,0.67543097623598,0.5099250881744251,0.6988096189182712,0.6535659580827138,0.005099166617636219,117.61354047804117,37.427037931123245,False,False,UNet,external_test1
case_00050,47472,65942,6570,1385456,1505440,54042,113414,0.03589781060686577,0.5669787884578635,0.3956527537004934,0.41857266298693285,0.8784278894193405,0.0454334372790923,190.24457942343588,69.53047044661969,False,False,UNet,external_test1
case_00051,23654,18207,1778,1461801,1505440,25432,41861,0.01689339993623127,0.7030151724547873,0.5420380851990192,0.5650605575595423,0.9300880780119535,0.012301960529943081,96.74709297958259,27.011934048251444,False,False,UNet,external_test1
case_00052,53046,9424,5314,1228574,1296358,58360,62470,0.045018428551372384,0.8780269800546222,0.7825740587749321,0.8491435889226829,0.9089444825222756,0.007612290165250671,26.996291201783613,12.358144121329673,False,False,UNet,external_test1
case_00053,59198,2133,10113,1224914,1296358,69311,61331,0.05346594073550671,0.9062629169792257,0.8285930239068361,0.9652215029919616,0.8540924240019622,0.001738319722064436,34.032330714775064,12.60229242258674,False,False,UNet,external_test1
case_00054,58867,4094,5110,1437369,1505440,63977,62961,0.04249721011797215,0.9274921615276749,0.8647882358126074,0.9349756198281476,0.9201275458367851,0.002840170021707113,22.0,9.713098878032916,False,False,UNet,external_test1
case_00055,99598,49041,4705,1352096,1505440,104303,148639,0.06928406313104474,0.7875165057602138,0.6495069908180301,0.6700664024919436,0.954891038608669,0.03500086001583,118.76004322268656,38.26282497699708,False,False,UNet,external_test1
case_00056,89371,6492,14849,1394728,1505440,104220,95863,0.06922892974811351,0.8933392642053548,0.8072386010549896,0.9322783555699279,0.8575225484551909,0.004633105436690883,35.0,13.154390337496118,False,False,UNet,external_test1
case_00057,95817,29642,8769,1162130,1296358,104586,125459,0.0806767883563028,0.8330283205459801,0.7138376493727091,0.7637315776468806,0.916155125925076,0.024872207100015774,109.37572837340836,31.561460248110865,False,False,UNet,external_test1
case_00058,72706,2777,19701,1201174,1296358,92407,75483,0.07128200697646792,0.8661147179700994,0.763846865019331,0.9632102592636753,0.7868018656595279,0.002306572277443185,106.46572153598247,29.254761192609294,False,False,UNet,external_test1
case_00059,31570,7400,6941,1459529,1505440,38511,38970,0.02558122542246785,0.814909461674475,0.6876347716233583,0.8101103412881704,0.8197657812053699,0.0050445522584937645,94.81033698917012,27.310612130402767,False,False,UNet,external_test1
case_00060,52043,11509,6880,1435008,1505440,58923,63552,0.03914005207779785,0.8498550724637681,0.7389112903225806,0.8189042044310171,0.8832374454796939,0.007956353088142068,46.861498055439924,16.829709945925455,False,False,UNet,external_test1
case_00061,46302,20336,2345,1436457,1505440,48647,66638,0.03231414071633543,0.80326148241315,0.6712088485568908,0.6948287763738408,0.9517955886282813,0.013959430063159282,148.77951428624965,37.920720238322076,False,False,UNet,external_test1
case_00062,28034,7774,9160,1460472,1505440,37194,35808,0.024706398129450528,0.7680337524999316,0.6234210994484967,0.7828976764968723,0.7537237188793892,0.005294753059092277,148.82131548766196,35.56407775072717,False,False,UNet,external_test1
case_00063,73460,1606,5263,1425111,1505440,78723,75066,0.0522923530662132,0.95533490691792,0.9144891633158635,0.9786054938320944,0.933145332367923,0.0011256612208307604,17.972071354391282,6.318391921308012,False,False,UNet,external_test1
case_00064,35035,9780,2128,1458497,1505440,37163,44815,0.02468580614305452,0.8547415160164922,0.746330656327887,0.7817694968202611,0.9427387455264645,0.006660868487349458,47.80167361086848,14.281707889601286,False,False,UNet,external_test1
case_00065,94576,7970,7132,1186680,1296358,101708,102546,0.07845672260286125,0.9260626474879317,0.8623060230857601,0.9222787822050592,0.9298776890706729,0.0066714100364123384,40.941252974818966,12.161613383264035,False,False,UNet,external_test1
case_00066,49341,10067,16152,1220798,1296358,65493,59408,0.05052076664007936,0.7900817447418356,0.6530042350449974,0.8305447077834635,0.7533782236269525,0.008178801087040414,84.48076704197234,21.418923793345733,False,False,UNet,external_test1
case_00067,46700,1128,18714,1438898,1505440,65414,47828,0.04345174832607078,0.8247823245792197,0.7018123891677437,0.9764154888349921,0.7139144525636714,0.0007833191900701793,85.02675822622017,26.83757620351367,False,False,UNet,external_test1
case_00068,23489,12571,1642,1467738,1505440,25131,36060,0.01669345839090233,0.7677272801555785,0.6230173465598642,0.6513865779256794,0.9346623691854682,0.00849214589656619,66.86403348812584,17.947602857884103,False,False,UNet,external_test1
case_00069,101623,2855,15886,1385076,1505440,117509,104478,0.07805624933574237,0.9155761373413759,0.8442972981954737,0.9726736729263578,0.8648103549515356,0.002057018684646427,39.604282125534006,11.939015471457305,False,False,UNet,external_test1
case_00070,19410,3401,889,992472,1016172,20299,22811,0.019975948953523615,0.9004871259568545,0.8189873417721519,0.8509052650037263,0.9562047391497118,0.003415094093323145,138.08858804226938,24.27544364088991,False,False,UNet,external_test1
case_00071,136094,2317,17440,1349589,1505440,153534,138411,0.10198613030077586,0.932326294336262,0.8732314839173313,0.9832600010114803,0.886409524926075,0.0017138765565061476,152.6469144701013,35.554612841140006,False,False,UNet,external_test1
case_00072,46282,3245,10462,1445451,1505440,56744,49527,0.03769263471144649,0.8710184340036322,0.7715081098201337,0.9344801825267026,0.815628084026505,0.00223994544058933,106.33528451656747,27.638092906924868,False,False,UNet,external_test1
case_00073,14246,8280,209,1273623,1296358,14455,22526,0.011150469237664287,0.7704496903815473,0.6266109522762261,0.6324247536180414,0.985541335178139,0.006459147064949532,55.42572543317439,15.168066791264811,False,False,UNet,external_test1
case_00074,54555,13869,11742,936006,1016172,66297,68424,0.0652419078659912,0.8098960073039838,0.6805254097747174,0.7973079621185549,0.8228879134802479,0.014600868535333596,132.05471005325307,29.830774208387545,False,False,UNet,external_test1
case_00075,54368,11288,6488,1433296,1505440,60856,65656,0.04042406206823254,0.8594915897306185,0.7536039033045021,0.8280735957109784,0.8933876692520047,0.00781401427677449,87.80091115700337,21.14117612506081,False,False,UNet,external_test1
case_00076,16531,23488,352,1465069,1505440,16883,40019,0.011214661494313955,0.581034058556817,0.40947709989844194,0.41307878757590144,0.9791506248889416,0.015779039700864663,341.4596576870718,119.86558214905965,False,False,UNet,external_test1
case_00077,45101,17370,3175,1439794,1505440,48276,62471,0.032067701137209054,0.8144870741419632,0.6870334826188953,0.7219509852571593,0.9342323307647692,0.011920415272405852,63.52401076457892,20.963386943944723,False,False,UNet,external_test1
case_00078,24038,12195,547,979392,1016172,24585,36233,0.02419373885523317,0.790489657667138,0.6535617183251767,0.6634283664063146,0.9777506609721375,0.012298467002895358,77.85865418848663,25.81015696312574,False,False,UNet,external_test1
case_00079,89489,2228,5965,918490,1016172,95454,91717,0.09393488503914692,0.9562271933152038,0.9161257959501239,0.9757078840345846,0.9375091667190479,0.0024198505948618363,18.832111647887412,6.855445002389328,False,False,UNet,external_test1
case_00080,9043,27949,920,978260,1016172,9963,36992,0.009804442555000532,0.38517729741241613,0.23852606035028487,0.24445826124567474,0.9076583358426177,0.02777653549113554,178.35848163734067,59.11353295898655,False,False,UNet,external_test1
case_00081,78451,5510,4675,927536,1016172,83126,83961,0.08180308058084655,0.9390437317086309,0.8850918362742001,0.9343742928264314,0.9437600750667661,0.0059053894448933926,57.28001396647874,13.207407571603355,False,False,UNet,external_test1
case_00082,111872,23261,1522,1368785,1505440,113394,135133,0.07532282920607929,0.9002804524256922,0.8186454941275475,0.8278658802809085,0.9865777730744131,0.016709936309575978,74.51929576626621,20.995928842437998,False,False,UNet,external_test1
case_00083,58713,1944,3212,952303,1016172,61925,60657,0.06093948662234346,0.9579383596286567,0.9192722604080227,0.9679509372372521,0.948130803391199,0.002037208395729827,12.083045973594572,5.208279210746253,False,False,UNet,external_test1
case_00084,29264,191,12337,1211448,1253240,41601,29455,0.03319475918419457,0.8236883584778203,0.7002297090352221,0.9935155321677135,0.7034446287348862,0.00015763771222286507,43.27181492560649,17.50368288255291,False,False,UNet,external_test1
case_00085,42486,2318,5794,965574,1016172,48280,44804,0.047511641729943356,0.9128529070516952,0.8396774576070201,0.9482635478975091,0.8799917149958575,0.0023948952982357536,26.570660511172846,8.35790046550537,False,False,UNet,external_test1
case_00086,119157,8741,75352,1093108,1296358,194509,127898,0.15004265796948066,0.7391712959085875,0.5862583025830258,0.9316564762545153,0.612604044028811,0.007933028935906826,173.9683879329805,58.44679939974451,False,False,UNet,external_test1
case_00087,62895,2571,54090,1385884,1505440,116985,65466,0.07770817833988734,0.6894453853363369,0.5260714644183478,0.960727705984786,0.5376330298756251,0.0018516984706022162,121.1342138417685,47.3678553845368,False,False,UNet,external_test1
case_00088,64390,1812,198950,1240288,1505440,263340,66202,0.17492560314592412,0.39078478615775836,0.24284184166063238,0.9726292257031509,0.2445127971443761,0.0014588197407616134,153.68188022261486,64.12511120710033,False,False,UNet,external_test1
case_00089,31095,7614,4495,1462236,1505440,35590,38709,0.023640928897863747,0.8370233785111509,0.7197250254606055,0.8033015577772611,0.8737004776622647,0.005180120420451066,55.93290202055376,15.869083924766384,False,False,UNet,external_test1
case_00090,46252,20122,1699,948099,1016172,47951,66374,0.047187877642761264,0.8091318609228078,0.6794470641810997,0.6968391237532768,0.9645679964964234,0.020782445330146733,155.61169055225557,48.844072461600184,False,False,UNet,external_test1
case_00091,38677,1766,35316,1177481,1253240,73993,40443,0.0590413647824838,0.675958614422035,0.5105268020961206,0.9563336053210691,0.5227116078547971,0.0014975658195441667,114.20617140438837,32.63975121199294,False,False,UNet,external_test1
case_00092,51076,609,10216,954271,1016172,61292,51685,0.06031656058226363,0.9041840374589518,0.8251239883039047,0.9882170842604238,0.8333224564380344,0.0006377764745308311,29.0,11.760018829329141,False,False,UNet,external_test1
case_00093,89936,1390,20250,904596,1016172,110186,91326,0.1084324307302307,0.8926118543808805,0.8060514806051481,0.9847797998379432,0.8162198464414717,0.00153424004344438,112.70954968629279,25.37222776224428,False,False,UNet,external_test1
case_00094,10258,37554,2878,1202550,1253240,13136,47812,0.010481631610864638,0.3366148191901293,0.20236733083448413,0.21454864887475947,0.7809074299634592,0.030282944011147454,273.545526925164,123.57549196213635,False,False,UNet,external_test1
case_00095,41035,2318,2140,970679,1016172,43175,43353,0.042487885909078385,0.9484791050295858,0.902006902160772,0.9465319585726478,0.9504342790966995,0.002382330058571609,17.66196346369138,5.172112475351571,False,False,UNet,external_test1
case_00096,56025,26753,32397,1181183,1296358,88422,82778,0.06820801044156012,0.6544976635514018,0.48643368786629043,0.6768102635966078,0.6336092827576847,0.02214769656670552,119.95248432125187,45.74172814528489,False,False,UNet,external_test1
case_00097,43451,21821,2547,1228539,1296358,45998,65272,0.03548248246240622,0.7810011683292891,0.6406906619089046,0.6656912611839686,0.9446280273055351,0.017451773889119934,108.36611806399902,29.74609428861088,False,False,UNet,external_test1
case_00098,55081,23874,10606,1415879,1505440,65687,78955,0.04363309065788075,0.7616183404543632,0.6150109980906868,0.6976252295611424,0.8385373057073698,0.01658201094215466,91.39333842654432,31.9801774169809,False,False,UNet,external_test1
case_00099,8207,4454,316,1492463,1505440,8523,12661,0.005661467743649697,0.7748300604229608,0.632426600909301,0.6482110417818497,0.9629238531033674,0.002975448872582782,38.64509504007312,13.50463070458171,False,False,UNet,external_test1
case_00100,13407,13567,7037,1219229,1253240,20444,26974,0.01631291691934506,0.56548146273567,0.3941959954132487,0.4970341810632461,0.6557914302484836,0.01100506490936051,139.92494251401826,52.981253775517544,False,False,UNet,external_test1
case_00101,80911,32484,4653,1387392,1505440,85564,113395,0.056836539483473274,0.8133434526711534,0.6854076307942532,0.7135323426958861,0.9456196531251461,0.02287805413993898,216.54568055401646,51.8046349180357,False,False,UNet,external_test1
case_00102,31504,14524,51708,1155504,1253240,83212,46028,0.0663974976859979,0.4875270813989477,0.3223377261193419,0.6844529416876683,0.3785992404941595,0.012413378141377813,194.17183096659468,65.72623485030505,False,False,UNet,external_test1
case_00103,79066,3916,5692,927498,1016172,84758,82982,0.08340910790692914,0.9427208775485871,0.8916480591830751,0.9528090429249717,0.9328440973123481,0.004204360252261615,23.750693692707475,8.339229431748805,False,False,UNet,external_test1
case_00104,143436,19897,26982,1062925,1253240,170418,163333,0.13598193482493376,0.8595389976359621,0.7536767989911463,0.8781813840436409,0.841671654402704,0.01837513460199368,108.93117092916977,32.706031950117016,False,False,UNet,external_test1
case_00105,100744,25902,13654,875872,1016172,114398,126646,0.11257739831445858,0.8358971805977332,0.7180612972202424,0.7954771567992672,0.8806447665168972,0.028723383020579436,152.55490814785344,42.94743338361489,False,False,UNet,external_test1
case_00106,56438,2073,3152,954509,1016172,59590,58511,0.05864164728018485,0.9557582069584508,0.9152652319867668,0.9645707644716378,0.9471052189964759,0.002167090746010274,13.601470508735444,4.976424151479825,False,False,UNet,external_test1
case_00107,63133,34156,12183,906700,1016172,75316,97289,0.07411737383041454,0.7315315315315315,0.5767045454545454,0.6489222830946972,0.8382415423017685,0.03630311120936679,131.9400835230262,35.872794935581126,False,False,UNet,external_test1
case_00108,76758,1887,9099,928428,1016172,85857,78645,0.08449061773006931,0.9332166174271438,0.8747948577680525,0.9760061033759299,0.8940214542786261,0.002028345237903291,25.975874947760214,9.683876128445233,False,False,UNet,external_test1
case_00001,63487,8397,3880,940408,1016172,67367,71884,0.06629487921336152,0.9118354625819564,0.8379573412174648,0.8831868009570976,0.9424050351062093,0.008850079837268985,37.3101342472292,10.528783693134203,False,False,UNet,external_test2
case_00002,49076,1795,17424,1437145,1505440,66500,50871,0.04417313210755659,0.836254270646071,0.7185884764624058,0.9647146704409192,0.7379849624060151,0.001247446036665879,55.39085295490551,18.725978721369334,False,False,UNet,external_test2
case_00003,38809,9429,7548,1197454,1253240,46357,48238,0.03698972263891992,0.8205296263016015,0.6956763345642276,0.8045316970023633,0.8371766939189335,0.007812687725322173,79.65791935045301,25.4243291829035,False,False,UNet,external_test2
case_00004,10612,336,11576,668676,691200,22188,10948,0.032100694444444446,0.6405118300338001,0.4711418930918132,0.969309462915601,0.4782765458806562,0.0005022331438001112,61.15878443548168,25.54940719951141,False,False,UNet,external_test2
case_00005,24644,1755,4181,521070,551650,28825,26399,0.0522523339073688,0.8925105026799942,0.8058862001308045,0.9335202090988295,0.8549522983521249,0.0033567637354755416,21.953359090068208,8.033167224957017,False,False,UNet,external_test2
case_00006,19895,4818,910,665577,691200,20805,24713,0.03009982638888889,0.8741596730963574,0.7764508449439956,0.8050418807914863,0.9562605142994473,0.007186807777504307,90.38387290086246,16.799961972572575,False,False,UNet,external_test2
case_00007,29752,16258,1000,644190,691200,30752,46010,0.04449074074074074,0.7751752169041974,0.6328866198681131,0.6466420343403608,0.9674817898022893,0.024616623867435437,98.44210949093906,25.852492985206517,False,False,UNet,external_test2
case_00008,85788,4545,24446,901393,1016172,110234,90333,0.10847966682805667,0.8554547856825898,0.7474189529443539,0.9496861612035469,0.778235390170002,0.005016899611231674,83.38465086573187,28.269469148778892,False,False,UNet,external_test2
case_00009,99078,758,16570,899766,1016172,115648,99836,0.11380750502867625,0.9195856768948043,0.8511416937271274,0.9924075483793421,0.8567203929164361,0.0008417321470610444,116.21961682122841,30.910442837492106,False,False,UNet,external_test2
case_00010,99709,5561,19808,891094,1016172,119517,105270,0.11761493133052278,0.8871420500295836,0.7971745630726427,0.9471739336943099,0.8342662550097476,0.006201939430438686,132.2338835677202,37.28687028606108,False,False,UNet,external_test2
case_00011,77080,2758,4330,932004,1016172,81410,79838,0.08011439008356853,0.956042865647946,0.9157874726737002,0.9654550464691,0.9468124309052942,0.002950483652523316,23.0,7.1367450425569245,False,False,UNet,external_test2
case_00012,69775,3453,18525,924419,1016172,88300,73228,0.08689473829233633,0.8639369025803576,0.760465597855111,0.9528459059376195,0.7902038505096263,0.003721418471513312,116.21101496846157,34.821035386638464,False,False,UNet,external_test2
case_00013,45121,7996,8501,954554,1016172,53622,53117,0.052768625783824,0.8454454323162106,0.7322697912947516,0.8494643899316603,0.8414643243444855,0.008307100929821827,48.79087905991186,14.539051770224985,False,False,UNet,external_test2
case_00014,50863,2881,5071,957357,1016172,55934,53744,0.055043831162441006,0.9274968544284178,0.8647963954773442,0.9463940160762132,0.9093395787892874,0.003000297842826466,24.388503268389172,8.36375244856344,False,False,UNet,external_test2
case_00015,71505,8270,3939,932458,1016172,75444,79775,0.07424333675795043,0.9213433922393521,0.8541582053181069,0.896333437793795,0.9477890885955146,0.008791063941968347,33.58272256172506,9.640585191717243,False,False,UNet,external_test2
case_00016,77112,3064,13536,922460,1016172,90648,80176,0.08920537074432282,0.9028239591626469,0.822861533208127,0.9617840750349231,0.8506751389992058,0.0033105570466027893,59.01355542903269,13.918028951166942,False,False,UNet,external_test2
case_00017,85907,583,67496,1099254,1253240,153403,86490,0.12240512591363187,0.7162109773940882,0.557888379463068,0.9932593363394612,0.5600086047860863,0.0005300785480030223,120.45743732826432,51.689518978949955,False,False,UNet,external_test2
case_00018,67974,50,80735,1356681,1505440,148709,68024,0.09878108725688171,0.627260269548246,0.45694042041153815,0.9992649653063624,0.4570940561768286,3.6853289266626915e-05,138.69751090788216,57.058618198747354,False,False,UNet,external_test2
case_00019,62326,4815,8716,940315,1016172,71042,67141,0.06991139295316147,0.9020791269548353,0.82162489948192,0.9282852504430974,0.8773120126122576,0.005094537259424629,74.2024258363566,15.589353756144876,False,False,UNet,external_test2
case_00020,45820,31916,26980,1400724,1505440,72800,77736,0.048357955149325116,0.608758037944412,0.4375644600634096,0.5894308943089431,0.6293956043956044,0.022277752959571143,165.5357804709318,42.63801497645209,False,False,UNet,external_test2
case_00021,46420,5993,2984,1450043,1505440,49404,52413,0.03281698373897332,0.9118320123358574,0.8379515136198711,0.8856581382481445,0.9396000323860416,0.004115969660090822,23.194827009486403,9.20671207771577,False,False,UNet,external_test2
case_00022,49082,4441,32308,1419609,1505440,81390,53523,0.054063928153895206,0.7276096447340138,0.5718446715056331,0.917026325131252,0.6030470573780563,0.003118570274920122,101.36812716681615,32.83377183301598,False,False,UNet,external_test2
case_00023,2434,12259,2381,1236166,1253240,4815,14693,0.0038420414286170247,0.24953865080992413,0.14255593299754013,0.16565711563329477,0.5055036344755971,0.009819572661553557,403.1997022378224,206.99617860449465,False,False,UNet,external_test2
case_00024,28373,10083,3770,1463214,1505440,32143,38456,0.021351232862153256,0.8037790903553874,0.6719319850329181,0.7378042438111088,0.882711632392745,0.006843833931651256,159.3047394147456,34.6986852720642,False,False,UNet,external_test2
case_00025,9450,10764,2714,1230312,1253240,12164,20214,0.009706041939293352,0.5837296930014207,0.41215980460572227,0.46749777382012464,0.7768826044064453,0.008673119132107944,127.33714489991922,39.79354125314433,False,False,UNet,external_test2
case_00026,111079,13529,68137,1060495,1253240,179216,124608,0.14300213845711915,0.73120622465638,0.5763002931334146,0.8914275166923472,0.6198051513257745,0.012596552777219132,155.63097378092831,47.91733403571349,False,False,UNet,external_test2
case_00027,59474,8856,14640,1422470,1505440,74114,68330,0.049230789669465404,0.8350509673977142,0.716813306014222,0.8703936777403776,0.8024664705723615,0.006187269706551827,122.59732270310073,35.25972514568802,False,False,UNet,external_test2
case_00028,116367,1389,69481,1318203,1505440,185848,117756,0.12345095121691997,0.7665709279192633,0.6214957513739272,0.9882044227045755,0.6261407171451939,0.001052598075768874,159.33470945539426,64.74719571863861,False,False,UNet,external_test2
case_00029,62468,1386,15973,1425613,1505440,78441,63854,0.052105032415772135,0.8780069573772796,0.7825422476104577,0.9782942337206753,0.7963692456750934,0.0009712690758718121,54.0,16.238461001446005,False,False,UNet,external_test2
case_00030,63285,98,27141,925648,1016172,90426,63383,0.08898690379187775,0.8229037312510972,0.6990963722327781,0.9984538440906868,0.6998540242850507,0.00010586057082612293,94.04121366439522,35.414508393650806,False,False,UNet,external_test2
case_00031,27249,4466,4037,1217488,1253240,31286,31715,0.024964093070760588,0.8650338883509786,0.7621671514880286,0.8591833517263124,0.8709646487246692,0.0036548020629254456,60.02957538053885,14.389923935901207,False,False,UNet,external_test2
case_00032,24790,14615,2690,1211145,1253240,27480,39405,0.021927164788867255,0.7412723331090678,0.5889060458486756,0.6291079812206573,0.9021106259097526,0.011923214984988904,118.96595027350382,30.335290462581387,False,False,UNet,external_test2
case_00033,73970,27776,15348,899078,1016172,89318,101746,0.08789653720039521,0.7742955240128963,0.6317146907612687,0.7270064670847011,0.8281645357038895,0.02996804243170985,102.36697521308143,33.079130549627536,False,False,UNet,external_test2
case_00034,76025,13729,5578,1410108,1505440,81603,89754,0.054205415028164526,0.8873287931044544,0.7974761884781605,0.8470374579405932,0.9316446699263508,0.009642255398616555,41.25286523616163,16.136738134990484,False,False,UNet,external_test2
case_00035,96247,8149,46219,865557,1016172,142466,104396,0.14019870651818786,0.7797635926144971,0.6390266573714437,0.9219414536955439,0.6755787345752671,0.009326936063160835,105.37905579254995,40.23634946064224,False,False,UNet,external_test2
case_00036,64435,3615,6050,1431340,1505440,70485,68050,0.0468201987458816,0.9302342368354567,0.8695681511470985,0.9468772961058045,0.9141661346385755,0.0025192427637103602,24.103861253765878,8.34978960530625,False,False,UNet,external_test2
case_00037,61700,78046,4753,1360941,1505440,66453,139746,0.04414191199914975,0.5984510109166388,0.426992574343075,0.44151532065318505,0.9284757648262681,0.054236765168830574,238.41181708783384,73.63419977726899,False,False,UNet,external_test2
case_00038,139288,9123,18928,1085901,1253240,158216,148411,0.12624557147872714,0.9085175147654968,0.8323702185384161,0.9385288152495435,0.8803660818122061,0.008331324244948056,138.0,28.136595430127713,False,False,UNet,external_test2
case_00039,81191,198,28899,1142952,1253240,110090,81389,0.08784430755481791,0.8480407773176171,0.7361725663716814,0.9975672388160562,0.7374965936960669,0.0001732056160608844,69.0307897805712,23.50604584979564,False,False,UNet,external_test2
case_00040,99749,45942,21753,1337996,1505440,121502,145691,0.08070863003507281,0.7466438117765061,0.5957155825231122,0.6846613723565629,0.8209659100261724,0.033196573834955036,154.74752205116877,47.56470975514105,False,False,UNet,external_test2
case_00041,123625,1715,37495,1090405,1253240,161120,125340,0.12856276531231048,0.8631222509250855,0.7592041023121565,0.9863172171692995,0.7672852532274081,0.0015703402556495622,55.455386807922075,22.187370389004222,False,False,UNet,external_test2
case_00042,103137,6529,28365,1367409,1505440,131502,109666,0.08735120629184823,0.8553124792675645,0.7472017155566503,0.9404646836758886,0.7842998585572843,0.004752033934573467,154.0,43.15026345383039,False,False,UNet,external_test2
case_00043,104341,22988,37527,1088384,1253240,141868,127329,0.1132009830519294,0.7752018038834014,0.6329220653176105,0.819459824549003,0.7354794597795133,0.02068434331618936,125.83877481714275,44.02163494708781,False,False,UNet,external_test2
case_00044,54420,10568,27273,1413179,1505440,81693,64988,0.0542651982144755,0.7420183936569835,0.5898483649646112,0.8373853634517142,0.6661525467298299,0.0074226670890263505,98.26519844074963,32.08084769427165,False,False,UNet,external_test2
case_00045,39568,3133,7501,1455238,1505440,47069,42701,0.03126594218301626,0.8815417177230701,0.7881757698896459,0.926629352942554,0.8406382119866579,0.002148287369949073,26.41117019918487,11.009837284099838,False,False,UNet,external_test2
case_00046,57538,31103,10966,1405833,1505440,68504,88641,0.04550430438941439,0.7322918323841039,0.5776501651490357,0.649112713078598,0.8399217563937872,0.021645362075972764,157.9267235008522,40.27609689031924,False,False,UNet,external_test2
case_00047,95899,5550,8092,1395899,1505440,103991,101449,0.06907681475183335,0.933596183800623,0.8754621557225148,0.9452927086516377,0.9221855737515746,0.003960186920822663,30.309988126037467,10.095785809350303,False,False,UNet,external_test2
case_00048,21173,6031,222,1268932,1296358,21395,27204,0.016503928698708228,0.8713348011275952,0.7720046671042077,0.778304661079253,0.9896237438653891,0.004730333350850181,156.1312997460045,25.44482098189151,False,False,UNet,external_test2
case_00049,57231,16904,972,1430333,1505440,58203,74135,0.038661786587310024,0.8649216400429204,0.7619928901433954,0.7719835435354421,0.983299829905675,0.011680187833782581,78.33418285474276,21.03772856950214,False,False,UNet,external_test2
case_00050,21922,10714,1319,982217,1016172,23241,32636,0.022871128116106327,0.7846520035077045,0.6456192018848476,0.6717122196347591,0.9432468482423304,0.010790276464326324,317.79718363426144,56.319697138522535,False,False,UNet,external_test2
case_00051,140142,1735,35733,1075630,1253240,175875,141877,0.14033624844403306,0.8820841410911654,0.7890434097179213,0.9877710974999472,0.7968272921108742,0.0016104105850849061,128.05388255150956,35.59382310526168,False,False,UNet,external_test2
case_00052,37898,5906,3434,1249120,1296358,41332,43804,0.03188316807548532,0.890293177974065,0.8022778271730386,0.8651721303990503,0.916916674731443,0.004705878603311804,44.72581457028494,11.428810180081209,False,False,UNet,external_test2
case_00053,14594,2460,934,1235252,1253240,15528,17054,0.012390284382879577,0.8958320545086244,0.811318656882366,0.8557523161721591,0.9398505924781041,0.001987538296469615,89.9947209963541,22.456442959925024,False,False,UNet,external_test2
case_00054,77630,37643,109778,1280389,1505440,187408,115273,0.12448719311297694,0.5129492766311727,0.34494403490764314,0.6734447789161382,0.4142299154785281,0.02856000461293808,151.3315895212827,59.29473569384497,False,False,UNet,external_test2
case_00055,22300,12018,797,1218125,1253240,23097,34318,0.01842982988094858,0.7768004876774363,0.6350562437704684,0.6498047671775744,0.965493354115253,0.009769595892510058,66.03658893460039,19.170510535269713,False,False,UNet,external_test2
case_00056,32217,2564,6597,1211862,1253240,38814,34781,0.030970923366633686,0.8755214348800869,0.7786021557349316,0.9262815905235617,0.8300355541814809,0.002111285496193263,57.0,11.370185240948805,False,False,UNet,external_test2
case_00057,32962,1302,25234,1445942,1505440,58196,34264,0.038657136783930277,0.7130002163097555,0.5540018151870651,0.962000933924819,0.5663963158979999,0.0008996409727730776,69.06518659932803,18.75848236826845,False,False,UNet,external_test2
case_00058,104503,3661,22189,1122887,1253240,126692,108164,0.10109157064887811,0.8899325544163232,0.8016923277561698,0.9661532487703857,0.8248587124680327,0.003249750565444171,52.23983154643591,17.526688983405364,False,False,UNet,external_test2
case_00059,118680,10396,20232,1103932,1253240,138912,129076,0.11084229676678051,0.8857113005059928,0.7948669863637582,0.9194583036350678,0.8543538355217691,0.009329389551370871,127.56860864896083,31.866903075161627,False,False,UNet,external_test2
case_00060,13639,0,85393,1197326,1296358,99032,13639,0.07639247800376131,0.24210311437725768,0.13772316019064546,1.0,0.13772316019064546,0.0,120.25008233064162,57.29765021247886,False,False,UNet,external_test2
case_00061,42294,18392,6586,1438168,1505440,48880,60686,0.03246891274311829,0.772027818848913,0.6287013913663931,0.6969317470256732,0.8652618657937807,0.012627011588949305,133.0214000835825,47.299158168898536,False,False,UNet,external_test2
case_00062,19376,8901,5561,1471602,1505440,24937,28277,0.016564592411520883,0.7282294133122862,0.5726106743897393,0.6852212045125013,0.7769980350483218,0.006012145872044839,153.0498025224544,38.750696220332124,False,False,UNet,external_test2
case_00063,7783,28188,2917,1466552,1505440,10700,35971,0.007107556594749708,0.33352617256968997,0.20013886031680725,0.21636874148619722,0.7273831775700934,0.018858129172966535,239.23586498280426,96.49604521572628,False,False,UNet,external_test2
case_00064,53745,11495,18434,1421766,1505440,72179,65240,0.04794545116377936,0.7822062451334968,0.6423142194708034,0.8238044144696505,0.7446071572063897,0.008020172180782147,74.76625950200415,25.662548291035804,False,False,UNet,external_test2
case_00065,27994,9702,1305,1466439,1505440,29299,37696,0.019462084174726325,0.8357041570266438,0.71777646727007,0.7426252122241087,0.9554592306904672,0.006572542866839956,83.19013734085955,21.857968647553285,False,False,UNet,external_test2
case_00066,29490,17181,2459,1204110,1253240,31949,46671,0.02549312182822125,0.7501907911472908,0.6002442499491146,0.6318698977952047,0.9230335847757364,0.014067900279294615,51.77392989131889,19.27843385068867,False,False,UNet,external_test2
case_00067,81732,27084,4459,1392165,1505440,86191,108816,0.05725302901477309,0.8382468321649992,0.7215360847495034,0.7511027790030878,0.9482660602615123,0.019083332100286843,99.7085701908704,27.129465460142615,False,False,UNet,external_test2
case_00068,33081,15765,5585,1451009,1505440,38666,48846,0.02568418535444787,0.7560334582685803,0.6077602836618838,0.6772509519715023,0.8555578544457663,0.01074807707254151,60.538004520314985,18.73852600660678,False,False,UNet,external_test2
case_00069,59099,28149,29622,1179488,1296358,88721,87248,0.06843865660565986,0.6716978558723411,0.5056815264824164,0.6773679625894004,0.6661218877154225,0.02330915664226916,162.6637369699041,46.42415450832736,False,False,UNet,external_test2
case_00070,63979,3789,27835,1200755,1296358,91814,67768,0.07082457160753435,0.801832286849394,0.6692154011903392,0.9440886554125841,0.6968327270350927,0.0031455887041071146,72.17929061636288,27.8698889869637,False,False,UNet,external_test2
case_00071,115493,47103,9865,1332979,1505440,125358,162596,0.0832700074396854,0.8021628454544824,0.6696760426995089,0.7103065266058206,0.9213053813877056,0.03413058064665723,218.94586811064346,50.41959724084069,False,False,UNet,external_test2
case_00072,67795,8518,2899,1426228,1505440,70694,76313,0.04695902858964821,0.9223370315699252,0.8558677978084128,0.8883807477100887,0.9589922765722693,0.005936939360695203,30.65124143471615,10.456395276874764,False,False,UNet,external_test2
case_00073,40966,22978,4585,1227829,1296358,45551,63944,0.03513767030403638,0.7482716105758254,0.5977907163390681,0.6406543225322157,0.899343592895875,0.018370539979389307,131.04387065612823,41.42706187576438,False,False,UNet,external_test2
case_00074,126806,46621,15697,1316316,1505440,142503,173427,0.09465870443192688,0.8027474440540626,0.6704913178655274,0.7311779596025993,0.8898479330259714,0.03420627659238835,208.10453921628965,56.7211771429832,False,False,UNet,external_test2
case_00075,32195,21877,420,1450948,1505440,32615,54072,0.02166476246147306,0.7427872691407016,0.5908206709241723,0.5954098239384524,0.9871224896520007,0.014853767419754553,240.7612796365118,82.10339036354125,False,False,UNet,external_test2
case_00076,81133,6209,92410,1073488,1253240,173543,87342,0.13847547157767068,0.6219828660137608,0.4513607637189016,0.9289116347232718,0.46750949332442104,0.0057506874613896305,142.4598111866634,54.840628732518,False,False,UNet,external_test2
case_00077,24463,12563,6,1468408,1505440,24469,37026,0.016253719842703795,0.7956093991381413,0.6605908403542882,0.6606978879706152,0.9997547917773509,0.00848294801181117,166.40883360468104,34.98275951931425,False,False,UNet,external_test2
case_00078,4662,0,20664,1480114,1505440,25326,4662,0.016822988627909447,0.31092436974789917,0.18407960199004975,1.0,0.18407960199004975,0.0,89.10667763978185,41.963781280537816,False,False,UNet,external_test2
case_00079,86738,2366,11831,1404505,1505440,98569,89104,0.06547520990540971,0.9243524641264327,0.8593451230990241,0.9734467588435984,0.8799724051172275,0.0016817462297538297,29.966648127543394,11.805980580688104,False,False,UNet,external_test2
case_00080,96588,5719,8045,1395088,1505440,104633,102307,0.06950326814751834,0.9334879675268194,0.8752718573292736,0.9440996217267635,0.9231122112526641,0.004082646645826298,25.495097567963924,9.915093731208303,False,False,UNet,external_test2
case_00081,27413,17505,1522,1206800,1253240,28935,44918,0.023088155500941558,0.7423665930970983,0.5902885443583118,0.6102898615254464,0.9473993433557975,0.014297907792584365,218.95600684492715,52.843269911751726,False,False,UNet,external_test2
case_00082,57487,463,216872,1021536,1296358,274359,57950,0.21163829744561302,0.3459852125581913,0.20917903224632672,0.9920103537532355,0.20953203649233304,0.00045303371138327925,217.64072687627285,78.11261611981108,False,False,UNet,external_test2
case_00083,84846,2438,116260,1301896,1505440,201106,87284,0.13358619406950792,0.5884115260584625,0.41684353260228746,0.9720681911919711,0.4218969100872177,0.0018691531463566847,139.70413578977605,48.85551973599682,False,False,UNet,external_test2
case_00084,21530,7607,6897,1469406,1505440,28427,29137,0.018882851525135507,0.7480369675491627,0.5974912582560915,0.7389230188420222,0.7573785485629859,0.00515025934098075,43.382023926967726,17.97321685598738,False,False,UNet,external_test2
case_00085,101220,9601,7075,1387544,1505440,108295,110821,0.07193577957274949,0.9238941930301758,0.8585533012146298,0.9133647954810009,0.9346691906366869,0.006871870850913828,106.92614214501401,22.352050562382953,False,False,UNet,external_test2
case_00086,69114,3371,23601,1157154,1253240,92715,72485,0.07398024320960071,0.8367312348668281,0.7192931332348105,0.9534938263088915,0.745445720757159,0.0029047198466211413,64.34589937371882,21.555842126543755,False,False,UNet,external_test2
case_00087,46905,7980,2801,1447754,1505440,49706,54885,0.03301758954192794,0.8969222973295982,0.8131088999063898,0.8546050833561082,0.9436486540860258,0.005481770708110135,29.154759474226502,10.581851447399963,False,False,UNet,external_test2
case_00088,120254,810,54834,1329542,1505440,175088,121064,0.11630353916462961,0.812109997568816,0.6836575742760008,0.9933093239939206,0.6868203417709952,0.0006088614141219768,144.2497833620557,43.12277789339303,False,False,UNet,external_test2
case_00089,25120,9343,8492,1462485,1505440,33612,34463,0.022327027314273568,0.7380095482923247,0.584798044465138,0.7288976583582393,0.7473521361418541,0.006347888476099109,78.84149025446746,23.60994274570434,False,False,UNet,external_test2
case_00090,47798,50263,17577,1389802,1505440,65375,98061,0.04342584227866936,0.5849139724418121,0.41334163510264793,0.48743129276674724,0.7311357552581262,0.03490328561557985,218.55205329623422,77.60581287996253,False,False,UNet,external_test2
case_00091,43912,1522,16980,1443026,1505440,60892,45434,0.04044797534275694,0.8259879991723568,0.7035600986958054,0.9665008583879914,0.7211456348945674,0.0010536167714745373,66.37317442301575,21.648198876673774,False,False,UNet,external_test2
case_00092,57353,10220,8108,1429759,1505440,65461,67573,0.04348296843447763,0.8622307079393238,0.7578256101267161,0.8487561600047356,0.8761399917508135,0.007097325724889044,134.8569424555486,30.84615208507649,False,False,UNet,external_test2
case_00093,115043,5404,65749,1319244,1505440,180792,120447,0.12009246466149431,0.7637988441071707,0.6178596747513373,0.9551337932866738,0.6363279348643746,0.004079574347298301,162.27630711112468,50.952162422335725,False,False,UNet,external_test2
case_00094,52444,11905,5723,1435368,1505440,58167,64349,0.038637873312785634,0.8561167520976852,0.748430186094303,0.8149932399881894,0.9016108790207505,0.0082258150328238,91.07923094789085,19.317604237547997,False,False,UNet,external_test2
