arch,mask_variant,split,n_total,n_malignant,n_benign,prevalence,threshold_probability_pt,tp,fp,tn,fn,net_benefit_model,net_benefit_treat_all_correct,net_benefit_treat_all_WRONG_flat_at_prevalence,net_benefit_treat_none,delta_nb_model_minus_treat_all,standardised_net_benefit_model
densenet121,gt,train,600,352,248,0.5866666666666667,0.01,352,238,10,0,0.5826599326599327,0.5824915824915825,0.5866666666666667,0.0,0.00016835016835015093,0.9931703397612488
densenet121,gt,train,600,352,248,0.5866666666666667,0.02,352,223,25,0,0.5790816326530612,0.5782312925170068,0.5866666666666667,0.0,0.0008503401360544505,0.9870709647495362
densenet121,gt,train,600,352,248,0.5866666666666667,0.03,352,213,35,0,0.5756872852233677,0.5738831615120275,0.5866666666666667,0.0,0.0018041237113401998,0.981285145267104
densenet121,gt,train,600,352,248,0.5866666666666667,0.04,351,206,42,1,0.5706944444444444,0.5694444444444444,0.5866666666666667,0.0,0.0012499999999999734,0.9727746212121211
densenet121,gt,train,600,352,248,0.5866666666666667,0.05,351,197,51,1,0.567719298245614,0.5649122807017544,0.5866666666666667,0.0,0.0028070175438595912,0.9677033492822965
densenet121,gt,train,600,352,248,0.5866666666666667,0.06,350,191,57,2,0.5630141843971631,0.5602836879432624,0.5866666666666667,0.0,0.002730496453900666,0.9596832688588007
densenet121,gt,train,600,352,248,0.5866666666666667,0.07,349,186,62,3,0.5583333333333333,0.5555555555555556,0.5866666666666667,0.0,0.002777777777777768,0.9517045454545455
densenet121,gt,train,600,352,248,0.5866666666666667,0.08,349,177,71,3,0.5560144927536232,0.5507246376811594,0.5866666666666667,0.0,0.005289855072463823,0.9477519762845851
densenet121,gt,train,600,352,248,0.5866666666666667,0.09,349,173,75,3,0.5531501831501832,0.5457875457875458,0.5866666666666667,0.0,0.007362637362637314,0.9428696303696303
densenet121,gt,train,600,352,248,0.5866666666666667,0.1,349,166,82,3,0.5509259259259259,0.5407407407407407,0.5866666666666667,0.0,0.010185185185185186,0.9390782828282829
densenet121,gt,train,600,352,248,0.5866666666666667,0.11,348,158,90,4,0.5474531835205992,0.5355805243445693,0.5866666666666667,0.0,0.011872659176029976,0.9331588355464759
densenet121,gt,train,600,352,248,0.5866666666666667,0.12,348,156,92,4,0.5445454545454546,0.5303030303030303,0.5866666666666667,0.0,0.014242424242424279,0.928202479338843
densenet121,gt,train,600,352,248,0.5866666666666667,0.13,347,153,95,5,0.5402298850574713,0.524904214559387,0.5866666666666667,0.0,0.01532567049808431,0.9208463949843261
densenet121,gt,train,600,352,248,0.5866666666666667,0.14,347,145,103,5,0.5389922480620155,0.5193798449612403,0.5866666666666667,0.0,0.019612403100775166,0.9187367864693446
densenet121,gt,train,600,352,248,0.5866666666666667,0.15,347,142,106,5,0.5365686274509804,0.5137254901960784,0.5866666666666667,0.0,0.022843137254902057,0.9146056149732621
densenet121,gt,train,600,352,248,0.5866666666666667,0.16,346,138,110,6,0.5328571428571428,0.5079365079365079,0.5866666666666667,0.0,0.0249206349206349,0.9082792207792207
densenet121,gt,train,600,352,248,0.5866666666666667,0.17,345,137,111,7,0.5282329317269076,0.5020080321285141,0.5866666666666667,0.0,0.02622489959839347,0.9003970427163197
densenet121,gt,train,600,352,248,0.5866666666666667,0.18,345,136,112,7,0.5252439024390243,0.49593495934959353,0.5866666666666667,0.0,0.029308943089430772,0.8953021064301551
densenet121,gt,train,600,352,248,0.5866666666666667,0.19,345,128,120,7,0.5249588477366255,0.4897119341563786,0.5866666666666667,0.0,0.0352469135802469,0.8948162177328843
densenet121,gt,train,600,352,248,0.5866666666666667,0.2,345,126,122,7,0.5225,0.48333333333333334,0.5866666666666667,0.0,0.03916666666666663,0.8906249999999999
densenet121,gt,train,600,352,248,0.5866666666666667,0.21,345,123,125,7,0.520506329113924,0.4767932489451477,0.5866666666666667,0.0,0.04371308016877634,0.8872266973532796
densenet121,gt,train,600,352,248,0.5866666666666667,0.22,345,118,130,7,0.5195299145299145,0.4700854700854701,0.5866666666666667,0.0,0.0494444444444444,0.8855623543123542
densenet121,gt,train,600,352,248,0.5866666666666667,0.23,345,115,133,7,0.5177489177489177,0.46320346320346323,0.5866666666666667,0.0,0.05454545454545451,0.8825265643447462
densenet121,gt,train,600,352,248,0.5866666666666667,0.24,345,113,135,7,0.5155263157894736,0.45614035087719296,0.5866666666666667,0.0,0.05938596491228065,0.8787380382775118
densenet121,gt,train,600,352,248,0.5866666666666667,0.25,345,111,137,7,0.5133333333333333,0.4488888888888889,0.5866666666666667,0.0,0.06444444444444442,0.875
densenet121,gt,train,600,352,248,0.5866666666666667,0.26,345,107,141,7,0.5123423423423423,0.44144144144144143,0.5866666666666667,0.0,0.0709009009009009,0.8733108108108107
densenet121,gt,train,600,352,248,0.5866666666666667,0.27,345,105,143,7,0.5102739726027397,0.4337899543378995,0.5866666666666667,0.0,0.07648401826484014,0.8697851805728517
densenet121,gt,train,600,352,248,0.5866666666666667,0.28,344,105,143,8,0.5052777777777778,0.42592592592592593,0.5866666666666667,0.0,0.0793518518518519,0.8612689393939394
densenet121,gt,train,600,352,248,0.5866666666666667,0.29,344,103,145,8,0.5032159624413146,0.4178403755868545,0.5866666666666667,0.0,0.08537558685446012,0.857754481434059
densenet121,gt,train,600,352,248,0.5866666666666667,0.3,344,101,147,8,0.5011904761904762,0.4095238095238095,0.5866666666666667,0.0,0.09166666666666667,0.854301948051948
densenet121,gt,train,600,352,248,0.5866666666666667,0.31,344,99,149,8,0.49920289855072464,0.40096618357487923,0.5866666666666667,0.0,0.09823671497584541,0.8509140316205533
densenet121,gt,train,600,352,248,0.5866666666666667,0.32,344,97,151,8,0.49725490196078437,0.39215686274509803,0.5866666666666667,0.0,0.10509803921568633,0.8475935828877006
densenet121,gt,train,600,352,248,0.5866666666666667,0.33,344,96,152,8,0.49452736318407964,0.38308457711442784,0.5866666666666667,0.0,0.1114427860696518,0.8429443690637721
densenet121,gt,train,600,352,248,0.5866666666666667,0.34,344,92,156,8,0.49434343434343436,0.3737373737373737,0.5866666666666667,0.0,0.12060606060606066,0.8426308539944903
densenet121,gt,train,600,352,248,0.5866666666666667,0.35,343,87,161,9,0.4935897435897436,0.36410256410256414,0.5866666666666667,0.0,0.12948717948717947,0.8413461538461539
densenet121,gt,train,600,352,248,0.5866666666666667,0.36,342,85,163,10,0.49031249999999993,0.3541666666666667,0.5866666666666667,0.0,0.13614583333333324,0.835759943181818
densenet121,gt,train,600,352,248,0.5866666666666667,0.37,342,83,165,10,0.4887566137566137,0.34391534391534395,0.5866666666666667,0.0,0.14484126984126977,0.8331078643578643
densenet121,gt,train,600,352,248,0.5866666666666667,0.38,339,83,165,13,0.4802150537634408,0.3333333333333333,0.5866666666666667,0.0,0.1468817204301075,0.8185483870967741
densenet121,gt,train,600,352,248,0.5866666666666667,0.39,338,78,170,14,0.4802185792349727,0.3224043715846994,0.5866666666666667,0.0,0.15781420765027326,0.8185543964232489
densenet121,gt,train,600,352,248,0.5866666666666667,0.4,338,76,172,14,0.4788888888888889,0.31111111111111106,0.5866666666666667,0.0,0.16777777777777786,0.8162878787878788
densenet121,gt,train,600,352,248,0.5866666666666667,0.41,338,74,174,14,0.4776271186440678,0.29943502824858764,0.5866666666666667,0.0,0.17819209039548017,0.8141371340523883
densenet121,gt,train,600,352,248,0.5866666666666667,0.42,338,72,176,14,0.47643678160919545,0.2873563218390805,0.5866666666666667,0.0,0.18908045977011495,0.8121081504702196
densenet121,gt,train,600,352,248,0.5866666666666667,0.43,338,70,178,14,0.4753216374269006,0.2748538011695907,0.5866666666666667,0.0,0.2004678362573099,0.810207336523126
densenet121,gt,train,600,352,248,0.5866666666666667,0.44,337,70,178,15,0.47,0.2619047619047619,0.5866666666666667,0.0,0.20809523809523806,0.8011363636363635
densenet121,gt,train,600,352,248,0.5866666666666667,0.45,336,68,180,16,0.46727272727272734,0.24848484848484853,0.5866666666666667,0.0,0.2187878787878788,0.7964876033057853
densenet121,gt,train,600,352,248,0.5866666666666667,0.46,336,67,181,16,0.4648765432098766,0.2345679012345679,0.5866666666666667,0.0,0.2303086419753087,0.7924031986531987
densenet121,gt,train,600,352,248,0.5866666666666667,0.47,335,66,182,17,0.4607861635220126,0.22012578616352207,0.5866666666666667,0.0,0.24066037735849055,0.7854309605488852
densenet121,gt,train,600,352,248,0.5866666666666667,0.48,335,65,183,17,0.45833333333333337,0.20512820512820518,0.5866666666666667,0.0,0.2532051282051282,0.7812500000000001
densenet121,gt,train,600,352,248,0.5866666666666667,0.49,335,64,184,17,0.4558496732026144,0.18954248366013077,0.5866666666666667,0.0,0.2663071895424836,0.7770164884135472
densenet121,gt,train,600,352,248,0.5866666666666667,0.5,334,63,185,18,0.45166666666666666,0.17333333333333334,0.5866666666666667,0.0,0.2783333333333333,0.7698863636363636
densenet121,gt,train,600,352,248,0.5866666666666667,0.51,334,62,186,18,0.44911564625850336,0.1564625850340136,0.5866666666666667,0.0,0.29265306122448975,0.7655380333951762
densenet121,gt,train,600,352,248,0.5866666666666667,0.52,333,60,188,19,0.4466666666666667,0.13888888888888884,0.5866666666666667,0.0,0.3077777777777779,0.7613636363636365
densenet121,gt,train,600,352,248,0.5866666666666667,0.53,333,59,189,19,0.444113475177305,0.12056737588652477,0.5866666666666667,0.0,0.3235460992907802,0.7570116054158608
densenet121,gt,train,600,352,248,0.5866666666666667,0.54,331,59,189,21,0.436231884057971,0.10144927536231879,0.5866666666666667,0.0,0.3347826086956522,0.7435770750988142
densenet121,gt,train,600,352,248,0.5866666666666667,0.55,331,58,190,21,0.43351851851851847,0.08148148148148138,0.5866666666666667,0.0,0.3520370370370371,0.7389520202020201
densenet121,gt,train,600,352,248,0.5866666666666667,0.56,329,58,190,23,0.4253030303030303,0.06060606060606055,0.5866666666666667,0.0,0.36469696969696974,0.724948347107438
densenet121,gt,train,600,352,248,0.5866666666666667,0.57,326,57,191,26,0.4174031007751938,0.0387596899224808,0.5866666666666667,0.0,0.378643410852713,0.7114825581395349
densenet121,gt,train,600,352,248,0.5866666666666667,0.58,325,54,194,27,0.41738095238095235,0.015873015873015928,0.5866666666666667,0.0,0.4015079365079364,0.7114448051948051
densenet121,gt,train,600,352,248,0.5866666666666667,0.59,324,53,195,28,0.4128861788617887,-0.008130081300812941,0.5866666666666667,0.0,0.42101626016260163,0.7037832594235034
densenet121,gt,train,600,352,248,0.5866666666666667,0.6,323,52,196,29,0.4083333333333333,-0.033333333333333215,0.5866666666666667,0.0,0.44166666666666654,0.6960227272727273
densenet121,gt,train,600,352,248,0.5866666666666667,0.61,323,51,197,29,0.40538461538461534,-0.05982905982905984,0.5866666666666667,0.0,0.4652136752136752,0.6909965034965034
densenet121,gt,train,600,352,248,0.5866666666666667,0.62,321,51,197,31,0.39631578947368423,-0.08771929824561397,0.5866666666666667,0.0,0.4840350877192982,0.6755382775119617
densenet121,gt,train,600,352,248,0.5866666666666667,0.63,320,50,198,32,0.39144144144144144,-0.11711711711711703,0.5866666666666667,0.0,0.5085585585585585,0.6672297297297297
densenet121,gt,train,600,352,248,0.5866666666666667,0.64,320,49,199,32,0.38814814814814813,-0.14814814814814814,0.5866666666666667,0.0,0.5362962962962963,0.6616161616161615
densenet121,gt,train,600,352,248,0.5866666666666667,0.65,317,48,200,35,0.37976190476190474,-0.1809523809523811,0.5866666666666667,0.0,0.5607142857142858,0.6473214285714285
densenet121,gt,train,600,352,248,0.5866666666666667,0.66,317,45,203,35,0.38274509803921564,-0.21568627450980404,0.5866666666666667,0.0,0.5984313725490197,0.6524064171122994
densenet121,gt,train,600,352,248,0.5866666666666667,0.67,316,43,205,36,0.38116161616161603,-0.2525252525252527,0.5866666666666667,0.0,0.6336868686868687,0.6497073002754818
densenet121,gt,train,600,352,248,0.5866666666666667,0.68,314,43,205,38,0.3710416666666666,-0.29166666666666685,0.5866666666666667,0.0,0.6627083333333335,0.6324573863636362
densenet121,gt,train,600,352,248,0.5866666666666667,0.69,313,42,206,39,0.3658602150537634,-0.33333333333333304,0.5866666666666667,0.0,0.6991935483870965,0.6236253665689149
densenet121,gt,train,600,352,248,0.5866666666666667,0.7,312,41,207,40,0.36055555555555563,-0.37777777777777766,0.5866666666666667,0.0,0.7383333333333333,0.6145833333333335
densenet121,gt,train,600,352,248,0.5866666666666667,0.71,310,40,208,42,0.35344827586206906,-0.4252873563218389,0.5866666666666667,0.0,0.778735632183908,0.6024686520376177
densenet121,gt,train,600,352,248,0.5866666666666667,0.72,308,38,210,44,0.35047619047619044,-0.47619047619047605,0.5866666666666667,0.0,0.8266666666666664,0.5974025974025974
densenet121,gt,train,600,352,248,0.5866666666666667,0.73,306,37,211,46,0.34327160493827164,-0.5308641975308641,0.5866666666666667,0.0,0.8741358024691357,0.585122053872054
densenet121,gt,train,600,352,248,0.5866666666666667,0.74,306,37,211,46,0.33448717948717954,-0.5897435897435896,0.5866666666666667,0.0,0.9242307692307692,0.5701486013986015
densenet121,gt,train,600,352,248,0.5866666666666667,0.75,305,36,212,47,0.3283333333333333,-0.6533333333333333,0.5866666666666667,0.0,0.9816666666666667,0.5596590909090908
densenet121,gt,train,600,352,248,0.5866666666666667,0.76,304,36,212,48,0.3166666666666667,-0.7222222222222223,0.5866666666666667,0.0,1.038888888888889,0.5397727272727273
densenet121,gt,train,600,352,248,0.5866666666666667,0.77,303,33,215,49,0.3208695652173913,-0.7971014492753623,0.5866666666666667,0.0,1.1179710144927535,0.5469367588932806
densenet121,gt,train,600,352,248,0.5866666666666667,0.78,299,32,216,53,0.3092424242424242,-0.8787878787878789,0.5866666666666667,0.0,1.188030303030303,0.5271177685950412
densenet121,gt,train,600,352,248,0.5866666666666667,0.79,299,31,217,53,0.30396825396825394,-0.9682539682539686,0.5866666666666667,0.0,1.2722222222222226,0.5181277056277056
densenet121,gt,train,600,352,248,0.5866666666666667,0.8,293,30,218,59,0.2883333333333333,-1.066666666666667,0.5866666666666667,0.0,1.3550000000000004,0.49147727272727265
densenet121,gt,internal_val,257,155,102,0.603112840466926,0.01,155,99,3,0,0.5992217898832685,0.5991038792595212,0.603112840466926,0.0,0.00011791062374721939,0.9935483870967742
densenet121,gt,internal_val,257,155,102,0.603112840466926,0.02,155,95,7,0,0.5955689668863654,0.5950131025172715,0.603112840466926,0.0,0.0005558643690939391,0.9874917709019091
densenet121,gt,internal_val,257,155,102,0.603112840466926,0.03,155,93,9,0,0.5919210557984677,0.5908379798628104,0.603112840466926,0.0,0.0010830759356572628,0.9814432989690722
densenet121,gt,internal_val,257,155,102,0.603112840466926,0.04,155,93,9,0,0.5880350194552528,0.5865758754863812,0.603112840466926,0.0,0.0014591439688715901,0.9749999999999999
densenet121,gt,internal_val,257,155,102,0.603112840466926,0.05,155,92,10,0,0.584271963956584,0.5822240425967642,0.603112840466926,0.0,0.002047921359819793,0.9687606112054329
densenet121,gt,internal_val,257,155,102,0.603112840466926,0.06,155,89,13,0,0.5810083616193393,0.5777796175180064,0.603112840466926,0.0,0.003228744101332892,0.9633493479752917
densenet121,gt,internal_val,257,155,102,0.603112840466926,0.07,155,87,15,0,0.577632735032007,0.5732396134052968,0.603112840466926,0.0,0.004393121626710128,0.9577523413111342
densenet121,gt,internal_val,257,155,102,0.603112840466926,0.08,155,83,19,0,0.5750296058196582,0.5686009135510066,0.603112840466926,0.0,0.006428692268651615,0.9534361851332398
densenet121,gt,internal_val,257,155,102,0.603112840466926,0.09,154,82,20,1,0.5676657972377817,0.5638602642493693,0.603112840466926,0.0,0.0038055329884123523,0.9412265154200639
densenet121,gt,internal_val,257,155,102,0.603112840466926,0.1,154,82,20,1,0.5637699956766105,0.5590142671854734,0.603112840466926,0.0,0.0047557284911370346,0.9347670250896057
densenet121,gt,internal_val,257,155,102,0.603112840466926,0.11,154,80,22,1,0.5607484807414855,0.5540593713111528,0.603112840466926,0.0,0.00668910943033274,0.9297571583907213
densenet121,gt,internal_val,257,155,102,0.603112840466926,0.12,154,78,24,1,0.5578351609480015,0.5489918641669614,0.603112840466926,0.0,0.008843296781040011,0.9249266862170089
densenet121,gt,internal_val,257,155,102,0.603112840466926,0.13,154,75,27,1,0.555615188514692,0.5438078626056622,0.603112840466926,0.0,0.011807325909029887,0.921245828698554
densenet121,gt,internal_val,257,155,102,0.603112840466926,0.14,154,75,27,1,0.551714776943263,0.5385033028685187,0.603112840466926,0.0,0.013211474074744323,0.9147786946736683
densenet121,gt,internal_val,257,155,102,0.603112840466926,0.15,154,72,30,1,0.549782558937972,0.5330739299610895,0.603112840466926,0.0,0.016708628976882522,0.9115749525616698
densenet121,gt,internal_val,257,155,102,0.603112840466926,0.16,154,70,32,1,0.5473411154345006,0.52751528627015,0.603112840466926,0.0,0.019825829164350606,0.9075268817204301
densenet121,gt,internal_val,257,155,102,0.603112840466926,0.17,154,69,33,1,0.5442314003094089,0.5218226993577422,0.603112840466926,0.0,0.022408700951666694,0.9023707734162457
densenet121,gt,internal_val,257,155,102,0.603112840466926,0.18,154,68,34,1,0.541140742146721,0.5159912688621049,0.603112840466926,0.0,0.02514947328461614,0.8972462627852085
densenet121,gt,internal_val,257,155,102,0.603112840466926,0.19,154,66,36,1,0.5389825623288658,0.5100158524283037,0.603112840466926,0.0,0.02896670990056205,0.8936678614097968
densenet121,gt,internal_val,257,155,102,0.603112840466926,0.2,154,66,36,1,0.5350194552529183,0.5038910505836576,0.603112840466926,0.0,0.0311284046692607,0.8870967741935484
densenet121,gt,internal_val,257,155,102,0.603112840466926,0.21,154,65,37,1,0.5319903462542481,0.49761119046446334,0.603112840466926,0.0,0.03437915578978479,0.8820743160473663
densenet121,gt,internal_val,257,155,102,0.603112840466926,0.22,154,63,39,1,0.5300808141275067,0.49117030829093083,0.603112840466926,0.0,0.038910505836575904,0.878908188585608
densenet121,gt,internal_val,257,155,102,0.603112840466926,0.23,154,61,41,1,0.5283238162615594,0.4845621304765273,0.603112840466926,0.0,0.043761685785032145,0.8759949727691664
densenet121,gt,internal_val,257,155,102,0.603112840466926,0.24,154,58,44,1,0.5279541265615401,0.4777800532459553,0.603112840466926,0.0,0.050174073315584766,0.8753820033955858
densenet121,gt,internal_val,257,155,102,0.603112840466926,0.25,154,57,45,1,0.5252918287937743,0.4708171206225681,0.603112840466926,0.0,0.054474708171206254,0.870967741935484
densenet121,gt,internal_val,257,155,102,0.603112840466926,0.26,153,57,45,2,0.5174045640971711,0.4636660006309811,0.603112840466926,0.0,0.05373856346618994,0.8578901482127288
densenet121,gt,internal_val,257,155,102,0.603112840466926,0.27,153,54,48,2,0.5176163317520388,0.45631895954373425,0.603112840466926,0.0,0.06129737220830456,0.858241272646929
densenet121,gt,internal_val,257,155,102,0.603112840466926,0.28,153,54,48,2,0.5136186770428015,0.4487678339818417,0.603112840466926,0.0,0.06485084306095978,0.8516129032258064
densenet121,gt,internal_val,257,155,102,0.603112840466926,0.29,153,54,48,2,0.5095084123417548,0.44100400065764234,0.603112840466926,0.0,0.06850441168411248,0.8447978191731031
densenet121,gt,internal_val,257,155,102,0.603112840466926,0.3,153,53,49,2,0.5069483046136742,0.43301834352418,0.603112840466926,0.0,0.07392996108949423,0.840552995391705
densenet121,gt,internal_val,257,155,102,0.603112840466926,0.31,152,53,49,3,0.49878757119494727,0.42480121806800875,0.603112840466926,0.0,0.07398635312693852,0.8270219728845255
densenet121,gt,internal_val,257,155,102,0.603112840466926,0.32,152,47,55,3,0.5053788052185855,0.41634241245136183,0.603112840466926,0.0,0.08903639276722364,0.8379506641366224
densenet121,gt,internal_val,257,155,102,0.603112840466926,0.33,151,47,55,4,0.49747372088971487,0.40763110517451645,0.603112840466926,0.0,0.08984261571519842,0.8248435243139144
densenet121,gt,internal_val,257,155,102,0.603112840466926,0.34,151,46,56,4,0.4953425303619856,0.3986558188892818,0.603112840466926,0.0,0.0966867114727038,0.8213098729227762
densenet121,gt,internal_val,257,155,102,0.603112840466926,0.35,150,44,58,5,0.49146961987428917,0.389404369949117,0.603112840466926,0.0,0.10206524992517219,0.8148883374689827
densenet121,gt,internal_val,257,155,102,0.603112840466926,0.36,150,43,59,5,0.48954280155642027,0.37986381322957197,0.603112840466926,0.0,0.1096789883268483,0.8116935483870968
densenet121,gt,internal_val,257,155,102,0.603112840466926,0.37,150,42,60,5,0.4876783398184177,0.37002038169353335,0.603112840466926,0.0,0.11765795812488433,0.8086021505376345
densenet121,gt,internal_val,257,155,102,0.603112840466926,0.38,150,41,61,5,0.4858792519141459,0.35985942010794525,0.603112840466926,0.0,0.12601983180620063,0.8056191467221645
densenet121,gt,internal_val,257,155,102,0.603112840466926,0.39,150,40,62,5,0.48414875295018184,0.3493653122408623,0.603112840466926,0.0,0.13478344070931952,0.8027498677948177
densenet121,gt,internal_val,257,155,102,0.603112840466926,0.4,150,37,65,5,0.4876783398184177,0.33852140077821,0.603112840466926,0.0,0.14915693904020766,0.8086021505376345
densenet121,gt,internal_val,257,155,102,0.603112840466926,0.41,150,37,65,5,0.48361142254171346,0.3273098990964849,0.603112840466926,0.0,0.15630152344522857,0.8018589393110992
densenet121,gt,internal_val,257,155,102,0.603112840466926,0.42,150,37,65,5,0.4794042667382263,0.3157117939084932,0.603112840466926,0.0,0.1636924728297331,0.7948832035595107
densenet121,gt,internal_val,257,155,102,0.603112840466926,0.43,149,37,65,6,0.4711584408492048,0.30370673766127376,0.603112840466926,0.0,0.167451703187931,0.781211092246746
densenet121,gt,internal_val,257,155,102,0.603112840466926,0.44,148,36,66,7,0.4658143413007226,0.2912729294052251,0.603112840466926,0.0,0.1745414118954975,0.7723502304147465
densenet121,gt,internal_val,257,155,102,0.603112840466926,0.45,148,36,66,7,0.46126636009904487,0.2783869826671383,0.603112840466926,0.0,0.18287937743190658,0.7648093841642228
densenet121,gt,internal_val,257,155,102,0.603112840466926,0.46,148,34,68,7,0.4631791324398328,0.26502377864245563,0.603112840466926,0.0,0.19815535379737714,0.7679808841099163
densenet121,gt,internal_val,257,155,102,0.603112840466926,0.47,147,33,69,8,0.4581161441891197,0.251156302767785,0.603112840466926,0.0,0.20695984142133472,0.7595861229458308
densenet121,gt,internal_val,257,155,102,0.603112840466926,0.48,147,32,70,8,0.4570487877880874,0.23675546243639622,0.603112840466926,0.0,0.22029332535169116,0.7578163771712159
densenet121,gt,internal_val,257,155,102,0.603112840466926,0.49,147,32,70,8,0.45235370412756537,0.22178988326848248,0.603112840466926,0.0,0.2305638208590829,0.7500316255534472
densenet121,gt,internal_val,257,155,102,0.603112840466926,0.5,146,32,70,9,0.44357976653696496,0.20622568093385207,0.603112840466926,0.0,0.23735408560311289,0.7354838709677419
densenet121,gt,internal_val,257,155,102,0.603112840466926,0.51,146,31,71,9,0.4425474469943619,0.19002620503454293,0.603112840466926,0.0,0.25252124195981895,0.7337722185648452
densenet121,gt,internal_val,257,155,102,0.603112840466926,0.52,146,30,72,9,0.44163424124513617,0.17315175097276253,0.603112840466926,0.0,0.26848249027237364,0.7322580645161291
densenet121,gt,internal_val,257,155,102,0.603112840466926,0.53,146,29,73,9,0.4408477522973756,0.15555923503601277,0.603112840466926,0.0,0.28528851726136284,0.7309540150995196
densenet121,gt,internal_val,257,155,102,0.603112840466926,0.54,145,28,74,10,0.4363051937066486,0.13720182710201306,0.603112840466926,0.0,0.29910336660463555,0.723422159887798
densenet121,gt,internal_val,257,155,102,0.603112840466926,0.55,144,26,76,11,0.4366623432771293,0.11802853437094663,0.603112840466926,0.0,0.31863380890618265,0.7240143369175628
densenet121,gt,internal_val,257,155,102,0.603112840466926,0.56,143,26,76,12,0.427661832331093,0.09798372833392277,0.603112840466926,0.0,0.32967810399717024,0.7090909090909091
densenet121,gt,internal_val,257,155,102,0.603112840466926,0.57,142,26,76,13,0.4184236720658765,0.07700660573703744,0.603112840466926,0.0,0.34141706632883906,0.6937734433608405
densenet121,gt,internal_val,257,155,102,0.603112840466926,0.58,140,26,76,15,0.40503983694645174,0.05503057254030019,0.603112840466926,0.0,0.35000926440615154,0.6715821812596007
densenet121,gt,internal_val,257,155,102,0.603112840466926,0.59,138,25,77,17,0.39698206320584606,0.03198253772421,0.603112840466926,0.0,0.36499952548163606,0.658221872541306
densenet121,gt,internal_val,257,155,102,0.603112840466926,0.6,138,23,79,17,0.4027237354085603,0.0077821011673151474,0.603112840466926,0.0,0.3949416342412452,0.6677419354838711
densenet121,gt,internal_val,257,155,102,0.603112840466926,0.61,138,23,79,17,0.39698693006086,-0.01765938341813833,0.603112840466926,0.0,0.41464631347899833,0.6582299421009098
densenet121,gt,internal_val,257,155,102,0.603112840466926,0.62,134,23,79,21,0.37538398525496625,-0.04443989350808941,0.603112840466926,0.0,0.41982387876305566,0.6224108658743635
densenet121,gt,internal_val,257,155,102,0.603112840466926,0.63,134,23,79,21,0.3690188242717426,-0.07266799873803775,0.603112840466926,0.0,0.44168682300978035,0.6118570183086313
densenet121,gt,internal_val,257,155,102,0.603112840466926,0.64,134,22,80,21,0.3692174664937311,-0.10246433203631666,0.603112840466926,0.0,0.47168179853004777,0.6121863799283155
densenet121,gt,internal_val,257,155,102,0.603112840466926,0.65,133,22,80,22,0.35853251806559205,-0.13396331295164,0.603112840466926,0.0,0.49249583101723204,0.5944700460829494
densenet121,gt,internal_val,257,155,102,0.603112840466926,0.66,133,22,80,22,0.35133897917143514,-0.16731517509727645,0.603112840466926,0.0,0.5186541542687115,0.5825426944971538
densenet121,gt,internal_val,257,155,102,0.603112840466926,0.67,133,22,80,22,0.3437094682230869,-0.20268836222143638,0.603112840466926,0.0,0.5463978304445233,0.5698924731182796
densenet121,gt,internal_val,257,155,102,0.603112840466926,0.68,133,21,81,22,0.3438715953307393,-0.2402723735408563,0.603112840466926,0.0,0.5841439688715956,0.5701612903225807
densenet121,gt,internal_val,257,155,102,0.603112840466926,0.69,133,21,81,22,0.3356344922806578,-0.2802811597841093,0.603112840466926,0.0,0.6159156520647671,0.5565036420395423
densenet121,gt,internal_val,257,155,102,0.603112840466926,0.7,133,20,82,22,0.33592736705577175,-0.32295719844357973,0.603112840466926,0.0,0.6588845654993515,0.5569892473118281
densenet121,gt,internal_val,257,155,102,0.603112840466926,0.71,131,19,83,24,0.3287266872400375,-0.3685764121830136,0.603112840466926,0.0,0.6973030994230511,0.5450500556173525
densenet121,gt,internal_val,257,155,102,0.603112840466926,0.72,130,18,84,25,0.3257365202890494,-0.4174541411895497,0.603112840466926,0.0,0.7431906614785991,0.5400921658986174
densenet121,gt,internal_val,257,155,102,0.603112840466926,0.73,126,17,85,29,0.31142815967718696,-0.4699524427150886,0.603112840466926,0.0,0.7813806023922756,0.5163679808841101
densenet121,gt,internal_val,257,155,102,0.603112840466926,0.74,125,16,86,30,0.3091888656090991,-0.5264890751272074,0.603112840466926,0.0,0.8356779407363065,0.5126550868486353
densenet121,gt,internal_val,257,155,102,0.603112840466926,0.75,125,15,87,30,0.311284046692607,-0.587548638132296,0.603112840466926,0.0,0.898832684824903,0.5161290322580645
densenet121,gt,internal_val,257,155,102,0.603112840466926,0.76,123,15,87,32,0.29377431906614787,-0.6536964980544749,0.603112840466926,0.0,0.9474708171206228,0.4870967741935484
densenet121,gt,internal_val,257,155,102,0.603112840466926,0.77,121,14,88,34,0.2884452715276603,-0.7255963457959739,0.603112840466926,0.0,1.0140416173236342,0.47826086956521746
densenet121,gt,internal_val,257,155,102,0.603112840466926,0.78,118,14,88,37,0.2660063671736823,-0.8040325433321546,0.603112840466926,0.0,1.0700389105058368,0.4410557184750733
densenet121,gt,internal_val,257,155,102,0.603112840466926,0.79,117,14,88,38,0.25032425421530474,-0.8899388549194002,0.603112840466926,0.0,1.1402631091347049,0.41505376344086015
densenet121,gt,internal_val,257,155,102,0.603112840466926,0.8,114,13,89,41,0.24124513618677035,-0.9844357976653703,0.603112840466926,0.0,1.2256809338521406,0.3999999999999999
densenet121,gt,external_test1,108,62,46,0.5740740740740741,0.01,62,44,2,0,0.5699588477366255,0.5697717919940142,0.5740740740740741,0.0,0.00018705574261135283,0.992831541218638
densenet121,gt,external_test1,108,62,46,0.5740740740740741,0.02,62,40,6,0,0.5665154950869237,0.5653817082388511,0.5740740740740741,0.0,0.0011337868480725266,0.9868334430546413
densenet121,gt,external_test1,108,62,46,0.5740740740740741,0.03,62,39,7,0,0.562905689194349,0.5609011072928599,0.5740740740740741,0.0,0.002004581901489111,0.9805453940804789
densenet121,gt,external_test1,108,62,46,0.5740740740740741,0.04,62,36,10,0,0.5601851851851852,0.5563271604938271,0.5740740740740741,0.0,0.0038580246913580973,0.9758064516129034
densenet121,gt,external_test1,108,62,46,0.5740740740740741,0.05,62,36,10,0,0.5565302144249513,0.5516569200779727,0.5740740740740741,0.0,0.004873294346978585,0.969439728353141
densenet121,gt,external_test1,108,62,46,0.5740740740740741,0.06,62,35,11,0,0.5533884948778566,0.5468873128447597,0.5740740740740741,0.0,0.006501182033096908,0.9639670555936857
densenet121,gt,external_test1,108,62,46,0.5740740740740741,0.07,62,35,11,0,0.5496814018319395,0.5420151334129829,0.5740740740740741,0.0,0.007666268418956568,0.9575095386749913
densenet121,gt,external_test1,108,62,46,0.5740740740740741,0.08,62,32,14,0,0.5483091787439613,0.537037037037037,0.5740740740740741,0.0,0.011272141706924366,0.9551192145862553
densenet121,gt,external_test1,108,62,46,0.5740740740740741,0.09,62,32,14,0,0.5447700447700448,0.531949531949532,0.5740740740740741,0.0,0.012820512820512775,0.9489542715349167
densenet121,gt,external_test1,108,62,46,0.5740740740740741,0.1,61,32,14,1,0.5318930041152263,0.5267489711934157,0.5740740740740741,0.0,0.005144032921810648,0.9265232974910395
densenet121,gt,external_test1,108,62,46,0.5740740740740741,0.11,61,32,14,1,0.5281939242613399,0.521431543903454,0.5740740740740741,0.0,0.0067623803578859,0.9200797390358825
densenet121,gt,external_test1,108,62,46,0.5740740740740741,0.12,61,32,14,1,0.5244107744107743,0.515993265993266,0.5740740740740741,0.0,0.008417508417508324,0.9134897360703811
densenet121,gt,external_test1,108,62,46,0.5740740740740741,0.13,61,32,14,1,0.5205406555981268,0.5104299702000852,0.5740740740740741,0.0,0.010110685398041608,0.9067482387838338
densenet121,gt,external_test1,108,62,46,0.5740740740740741,0.14,61,32,14,1,0.5165805340223945,0.5047372954349698,0.5740740740740741,0.0,0.011843238587424643,0.8998499624906227
densenet121,gt,external_test1,108,62,46,0.5740740740740741,0.15,61,31,15,1,0.5141612200435729,0.4989106753812636,0.5740740740740741,0.0,0.015250544662309296,0.8956356736242883
densenet121,gt,external_test1,108,62,46,0.5740740740740741,0.16,61,31,15,1,0.5101410934744267,0.4929453262786596,0.5740740740740741,0.0,0.017195767195767098,0.88863287250384
densenet121,gt,external_test1,108,62,46,0.5740740740740741,0.17,61,31,15,1,0.5060240963855421,0.4868362338241856,0.5740740740740741,0.0,0.019187862561356517,0.8814613291877186
densenet121,gt,external_test1,108,62,46,0.5740740740740741,0.18,61,30,16,1,0.5038392050587173,0.48057813911472447,0.5740740740740741,0.0,0.023261065943992798,0.8776553894571204
densenet121,gt,external_test1,108,62,46,0.5740740740740741,0.19,61,30,16,1,0.49965706447187924,0.4741655235482396,0.5740740740740741,0.0,0.025491540923639644,0.8703703703703703
densenet121,gt,external_test1,108,62,46,0.5740740740740741,0.2,61,30,16,1,0.49537037037037035,0.46759259259259256,0.5740740740740741,0.0,0.02777777777777779,0.8629032258064516
densenet121,gt,external_test1,108,62,46,0.5740740740740741,0.21,61,30,16,1,0.4909751523675574,0.4608532583216127,0.5740740740740741,0.0,0.030121894045944675,0.8552470396080032
densenet121,gt,external_test1,108,62,46,0.5740740740740741,0.22,61,29,17,1,0.4890788224121557,0.45394112060778724,0.5740740740740741,0.0,0.03513770180436848,0.8519437551695616
densenet121,gt,external_test1,108,62,46,0.5740740740740741,0.23,60,29,17,2,0.47534872534872535,0.44684944684944683,0.5740740740740741,0.0,0.028499278499278524,0.8280268118977796
densenet121,gt,external_test1,108,62,46,0.5740740740740741,0.24,60,29,17,2,0.47076023391812866,0.4395711500974659,0.5740740740740741,0.0,0.031189083820662766,0.8200339558573854
densenet121,gt,external_test1,108,62,46,0.5740740740740741,0.25,60,28,18,2,0.46913580246913583,0.4320987654320988,0.5740740740740741,0.0,0.037037037037037035,0.8172043010752689
densenet121,gt,external_test1,108,62,46,0.5740740740740741,0.26,60,28,18,2,0.4644644644644645,0.4244244244244244,0.5740740740740741,0.0,0.04004004004004008,0.8090671316477769
densenet121,gt,external_test1,108,62,46,0.5740740740740741,0.27,59,26,20,3,0.4572552004058853,0.4165398274987316,0.5740740740740741,0.0,0.04071537290715371,0.7965090587715421
densenet121,gt,external_test1,108,62,46,0.5740740740740741,0.28,59,26,20,3,0.45267489711934156,0.40843621399176955,0.5740740740740741,0.0,0.04423868312757201,0.7885304659498208
densenet121,gt,external_test1,108,62,46,0.5740740740740741,0.29,58,26,20,4,0.4387063119457486,0.40010432968179444,0.5740740740740741,0.0,0.03860198226395417,0.7641980917764654
densenet121,gt,external_test1,108,62,46,0.5740740740740741,0.3,58,26,20,4,0.4338624338624339,0.3915343915343915,0.5740740740740741,0.0,0.04232804232804238,0.7557603686635945
densenet121,gt,external_test1,108,62,46,0.5740740740740741,0.31,58,25,21,4,0.4330381105743425,0.38271604938271603,0.5740740740740741,0.0,0.050322061191626466,0.7543244506778869
densenet121,gt,external_test1,108,62,46,0.5740740740740741,0.32,58,25,21,4,0.4281045751633987,0.3736383442265795,0.5740740740740741,0.0,0.05446623093681924,0.7457305502846301
densenet121,gt,external_test1,108,62,46,0.5740740740740741,0.33,58,25,21,4,0.42302377003869546,0.36428966279712544,0.5740740740740741,0.0,0.05873410724157002,0.736880115551276
densenet121,gt,external_test1,108,62,46,0.5740740740740741,0.34,58,24,22,4,0.4225589225589226,0.35465768799102126,0.5740740740740741,0.0,0.06790123456790131,0.7360703812316716
densenet121,gt,external_test1,108,62,46,0.5740740740740741,0.35,58,22,24,4,0.4273504273504274,0.34472934472934474,0.5740740740740741,0.0,0.08262108262108264,0.7444168734491315
densenet121,gt,external_test1,108,62,46,0.5740740740740741,0.36,58,21,25,4,0.4276620370370371,0.3344907407407407,0.5740740740740741,0.0,0.09317129629629639,0.744959677419355
densenet121,gt,external_test1,108,62,46,0.5740740740740741,0.37,58,21,25,4,0.42283950617283955,0.3239271017048795,0.5740740740740741,0.0,0.09891240446796007,0.7365591397849464
densenet121,gt,external_test1,108,62,46,0.5740740740740741,0.38,58,21,25,4,0.41786140979689373,0.3130227001194743,0.5740740740740741,0.0,0.10483870967741943,0.7278876170655568
densenet121,gt,external_test1,108,62,46,0.5740740740740741,0.39,58,21,25,4,0.4127200971463267,0.3017607771706132,0.5740740740740741,0.0,0.11095931997571346,0.7189317821258594
densenet121,gt,external_test1,108,62,46,0.5740740740740741,0.4,58,21,25,4,0.40740740740740744,0.2901234567901234,0.5740740740740741,0.0,0.11728395061728403,0.7096774193548387
densenet121,gt,external_test1,108,62,46,0.5740740740740741,0.41,58,21,25,4,0.40191462649089776,0.278091650973007,0.5740740740740741,0.0,0.12382297551789079,0.7001093493712413
densenet121,gt,external_test1,108,62,46,0.5740740740740741,0.42,58,21,25,4,0.3962324393358877,0.26564495530012777,0.5740740740740741,0.0,0.13058748403575993,0.6902113459399334
densenet121,gt,external_test1,108,62,46,0.5740740740740741,0.43,57,21,25,5,0.38109161793372326,0.2527615334632879,0.5740740740740741,0.0,0.12833008447043537,0.6638370118845502
densenet121,gt,external_test1,108,62,46,0.5740740740740741,0.44,57,21,25,5,0.375,0.23941798941798942,0.5740740740740741,0.0,0.13558201058201058,0.6532258064516129
densenet121,gt,external_test1,108,62,46,0.5740740740740741,0.45,57,20,26,5,0.3762626262626263,0.22558922558922562,0.5740740740740741,0.0,0.15067340067340068,0.6554252199413491
densenet121,gt,external_test1,108,62,46,0.5740740740740741,0.46,57,18,28,5,0.3858024691358025,0.2112482853223594,0.5740740740740741,0.0,0.17455418381344312,0.6720430107526882
densenet121,gt,external_test1,108,62,46,0.5740740740740741,0.47,57,17,29,5,0.38819007686932216,0.19636617749825303,0.5740740740740741,0.0,0.19182389937106914,0.6762020693852708
densenet121,gt,external_test1,108,62,46,0.5740740740740741,0.48,57,17,29,5,0.3824786324786325,0.18091168091168092,0.5740740740740741,0.0,0.2015669515669516,0.6662531017369727
densenet121,gt,external_test1,108,62,46,0.5740740740740741,0.49,57,17,29,5,0.3765432098765432,0.1648511256354394,0.5740740740740741,0.0,0.2116920842411038,0.6559139784946236
densenet121,gt,external_test1,108,62,46,0.5740740740740741,0.5,57,17,29,5,0.37037037037037035,0.14814814814814814,0.5740740740740741,0.0,0.2222222222222222,0.6451612903225806
densenet121,gt,external_test1,108,62,46,0.5740740740740741,0.51,56,17,29,6,0.3546863189720332,0.13076341647770218,0.5740740740740741,0.0,0.223922902494331,0.617840684660961
densenet121,gt,external_test1,108,62,46,0.5740740740740741,0.52,56,17,29,6,0.34799382716049376,0.11265432098765427,0.5740740740740741,0.0,0.2353395061728395,0.6061827956989246
densenet121,gt,external_test1,108,62,46,0.5740740740740741,0.53,56,17,29,6,0.34101654846335694,0.09377462568951922,0.5740740740740741,0.0,0.24724192277383772,0.594028826355525
densenet121,gt,external_test1,108,62,46,0.5740740740740741,0.54,56,17,29,6,0.3337359098228663,0.07407407407407407,0.5740740740740741,0.0,0.2596618357487922,0.5813464235624122
densenet121,gt,external_test1,108,62,46,0.5740740740740741,0.55,56,17,29,6,0.3261316872427983,0.05349794238683114,0.5740740740740741,0.0,0.27263374485596714,0.5681003584229389
densenet121,gt,external_test1,108,62,46,0.5740740740740741,0.56,56,16,30,6,0.3299663299663299,0.031986531986531896,0.5740740740740741,0.0,0.297979797979798,0.5747800586510263
densenet121,gt,external_test1,108,62,46,0.5740740740740741,0.57,55,15,31,7,0.32515073212747636,0.009474590869939847,0.5740740740740741,0.0,0.3156761412575365,0.5663915978994749
densenet121,gt,external_test1,108,62,46,0.5740740740740741,0.58,55,14,32,7,0.330246913580247,-0.014109347442680664,0.5740740740740741,0.0,0.34435626102292766,0.5752688172043012
densenet121,gt,external_test1,108,62,46,0.5740740740740741,0.59,55,14,32,7,0.3227190605239387,-0.038843721770550954,0.5740740740740741,0.0,0.3615627822944896,0.5621557828481513
densenet121,gt,external_test1,108,62,46,0.5740740740740741,0.6,55,14,32,7,0.3148148148148149,-0.06481481481481477,0.5740740740740741,0.0,0.37962962962962965,0.5483870967741936
densenet121,gt,external_test1,108,62,46,0.5740740740740741,0.61,55,14,32,7,0.3065052231718899,-0.09211775878442541,0.5740740740740741,0.0,0.3986229819563153,0.533912324234905
densenet121,gt,external_test1,108,62,46,0.5740740740740741,0.62,55,14,32,7,0.2977582846003899,-0.12085769980506822,0.5740740740740741,0.0,0.4186159844054581,0.5186757215619695
densenet121,gt,external_test1,108,62,46,0.5740740740740741,0.63,55,14,32,7,0.2885385385385386,-0.1511511511511512,0.5740740740740741,0.0,0.4396896896896898,0.5026155187445511
densenet121,gt,external_test1,108,62,46,0.5740740740740741,0.64,55,14,32,7,0.27880658436213995,-0.18312757201646102,0.5740740740740741,0.0,0.46193415637860097,0.4856630824372761
densenet121,gt,external_test1,108,62,46,0.5740740740740741,0.65,55,13,33,7,0.2857142857142857,-0.21693121693121709,0.5740740740740741,0.0,0.5026455026455028,0.49769585253456217
densenet121,gt,external_test1,108,62,46,0.5740740740740741,0.66,54,13,33,8,0.26633986928104575,-0.252723311546841,0.5740740740740741,0.0,0.5190631808278867,0.4639468690702087
densenet121,gt,external_test1,108,62,46,0.5740740740740741,0.67,54,13,33,8,0.2556116722783389,-0.2906846240179576,0.5740740740740741,0.0,0.5462962962962965,0.4452590420332355
densenet121,gt,external_test1,108,62,46,0.5740740740740741,0.68,54,12,34,8,0.26388888888888884,-0.3310185185185187,0.5740740740740741,0.0,0.5949074074074076,0.45967741935483863
densenet121,gt,external_test1,108,62,46,0.5740740740740741,0.69,54,11,35,8,0.2732974910394266,-0.37395459976105117,0.5740740740740741,0.0,0.6472520908004777,0.476066597294485
densenet121,gt,external_test1,108,62,46,0.5740740740740741,0.7,52,10,36,10,0.2654320987654321,-0.41975308641975295,0.5740740740740741,0.0,0.6851851851851851,0.4623655913978495
densenet121,gt,external_test1,108,62,46,0.5740740740740741,0.71,52,9,37,10,0.2774584929757343,-0.46871008939974457,0.5740740740740741,0.0,0.7461685823754789,0.48331479421579526
densenet121,gt,external_test1,108,62,46,0.5740740740740741,0.72,52,9,37,10,0.2671957671957672,-0.521164021164021,0.5740740740740741,0.0,0.7883597883597883,0.4654377880184332
densenet121,gt,external_test1,108,62,46,0.5740740740740741,0.73,52,9,37,10,0.25617283950617287,-0.5775034293552811,0.5740740740740741,0.0,0.833676268861454,0.446236559139785
densenet121,gt,external_test1,108,62,46,0.5740740740740741,0.74,52,9,37,10,0.2443019943019943,-0.638176638176638,0.5740740740740741,0.0,0.8824786324786322,0.42555831265508687
densenet121,gt,external_test1,108,62,46,0.5740740740740741,0.75,51,8,38,11,0.25,-0.7037037037037036,0.5740740740740741,0.0,0.9537037037037036,0.43548387096774194
densenet121,gt,external_test1,108,62,46,0.5740740740740741,0.76,50,8,38,12,0.22839506172839505,-0.7746913580246916,0.5740740740740741,0.0,1.0030864197530867,0.3978494623655914
densenet121,gt,external_test1,108,62,46,0.5740740740740741,0.77,49,8,38,13,0.20571658615136879,-0.851851851851852,0.5740740740740741,0.0,1.0575684380032206,0.3583450210378682
densenet121,gt,external_test1,108,62,46,0.5740740740740741,0.78,49,8,38,13,0.19107744107744107,-0.9360269360269363,0.5740740740740741,0.0,1.1271043771043774,0.33284457478005863
densenet121,gt,external_test1,108,62,46,0.5740740740740741,0.79,49,8,38,13,0.17504409171075835,-1.028218694885362,0.5740740740740741,0.0,1.2032627865961203,0.3049155145929339
densenet121,gt,external_test1,108,62,46,0.5740740740740741,0.8,48,8,38,14,0.14814814814814808,-1.1296296296296302,0.5740740740740741,0.0,1.2777777777777783,0.25806451612903214
densenet121,gt,external_test2,94,67,27,0.7127659574468085,0.01,66,25,2,1,0.6994412207178164,0.7098646034816247,0.7127659574468085,0.0,-0.010423382763808275,0.9813055932458917
densenet121,gt,external_test2,94,67,27,0.7127659574468085,0.02,66,24,3,1,0.6969170646982197,0.7069040382110291,0.7127659574468085,0.0,-0.009986973512809416,0.9777642400243679
densenet121,gt,external_test2,94,67,27,0.7127659574468085,0.03,65,24,3,2,0.6835928931783286,0.7038824303575345,0.7127659574468085,0.0,-0.020289537179205896,0.9590706262501925
densenet121,gt,external_test2,94,67,27,0.7127659574468085,0.04,65,24,3,2,0.6808510638297873,0.7007978723404255,0.7127659574468085,0.0,-0.019946808510638125,0.9552238805970151
densenet121,gt,external_test2,94,67,27,0.7127659574468085,0.05,65,24,3,2,0.6780515117581187,0.6976483762597984,0.7127659574468085,0.0,-0.019596864501679634,0.9512961508248233
densenet121,gt,external_test2,94,67,27,0.7127659574468085,0.06,65,24,3,2,0.6751923947487551,0.6944318696242644,0.7127659574468085,0.0,-0.019239474875509255,0.9472848523340744
densenet121,gt,external_test2,94,67,27,0.7127659574468085,0.07,65,24,3,2,0.6722717913520934,0.6911461908030199,0.7127659574468085,0.0,-0.018874399450926505,0.9431872893596535
densenet121,gt,external_test2,94,67,27,0.7127659574468085,0.08,65,24,3,2,0.6692876965772433,0.6877890841813136,0.7127659574468085,0.0,-0.018501387604070274,0.9390006489292667
densenet121,gt,external_test2,94,67,27,0.7127659574468085,0.09,65,23,4,2,0.6672901566518589,0.6843581949964929,0.7127659574468085,0.0,-0.017068038344633996,0.9361981302279812
densenet121,gt,external_test2,94,67,27,0.7127659574468085,0.1,65,22,5,2,0.66548463356974,0.6808510638297872,0.7127659574468085,0.0,-0.015366430260047248,0.933665008291874
densenet121,gt,external_test2,94,67,27,0.7127659574468085,0.11,65,22,5,2,0.6625627540043032,0.6772651207267512,0.7127659574468085,0.0,-0.014702366722447957,0.929565654871709
densenet121,gt,external_test2,94,67,27,0.7127659574468085,0.12,65,22,5,2,0.6595744680851064,0.6735976789168279,0.7127659574468085,0.0,-0.014023210831721422,0.9253731343283583
densenet121,gt,external_test2,94,67,27,0.7127659574468085,0.13,65,21,6,2,0.6581071166544388,0.6698459280997798,0.7127659574468085,0.0,-0.011738811445341057,0.9233144621718992
densenet121,gt,external_test2,94,67,27,0.7127659574468085,0.14,65,19,8,2,0.6585848589807026,0.6660069272637308,0.7127659574468085,0.0,-0.00742206828302816,0.9239847275251649
densenet121,gt,external_test2,94,67,27,0.7127659574468085,0.15,65,19,8,2,0.655819774718398,0.6620775969962452,0.7127659574468085,0.0,-0.006257822277847214,0.9201053555750659
densenet121,gt,external_test2,94,67,27,0.7127659574468085,0.16,65,19,8,2,0.6529888551165147,0.6580547112462005,0.7127659574468085,0.0,-0.005065856129685797,0.916133617626155
densenet121,gt,external_test2,94,67,27,0.7127659574468085,0.17,65,18,9,2,0.6522686490643426,0.6539348884901307,0.7127659574468085,0.0,-0.0016662394257881408,0.9151231792843015
densenet121,gt,external_test2,94,67,27,0.7127659574468085,0.18,65,18,9,2,0.6494551115723923,0.6497145822522055,0.7127659574468085,0.0,-0.0002594706798131341,0.9111758281761922
densenet121,gt,external_test2,94,67,27,0.7127659574468085,0.19,65,18,9,2,0.6465721040189126,0.6453900709219857,0.7127659574468085,0.0,0.0011820330969268822,0.9071310116086237
densenet121,gt,external_test2,94,67,27,0.7127659574468085,0.2,65,18,9,2,0.6436170212765958,0.6409574468085106,0.7127659574468085,0.0,0.0026595744680851796,0.9029850746268658
densenet121,gt,external_test2,94,67,27,0.7127659574468085,0.21,65,18,9,2,0.6405871263129546,0.6364126043630487,0.7127659574468085,0.0,0.004174521949905863,0.89873417721519
densenet121,gt,external_test2,94,67,27,0.7127659574468085,0.22,65,17,10,2,0.640480087288598,0.6317512274959083,0.7127659574468085,0.0,0.00872885979268967,0.8985840030616151
densenet121,gt,external_test2,94,67,27,0.7127659574468085,0.23,65,17,10,2,0.6374689140646588,0.626968775904946,0.7127659574468085,0.0,0.010500138159712735,0.8943593719713123
densenet121,gt,external_test2,94,67,27,0.7127659574468085,0.24,65,17,10,2,0.6343784994400896,0.622060470324748,0.7127659574468085,0.0,0.012318029115341633,0.8900235663786332
densenet121,gt,external_test2,94,67,27,0.7127659574468085,0.25,65,17,10,2,0.6312056737588653,0.6170212765957447,0.7127659574468085,0.0,0.014184397163120588,0.8855721393034827
densenet121,gt,external_test2,94,67,27,0.7127659574468085,0.26,65,17,10,2,0.6279470960322024,0.6118458884416331,0.7127659574468085,0.0,0.016101207590569322,0.8810004033884632
densenet121,gt,external_test2,94,67,27,0.7127659574468085,0.27,65,17,10,2,0.6245992422034393,0.6065287088312445,0.7127659574468085,0.0,0.018070533372194775,0.8763034144346761
densenet121,gt,external_test2,94,67,27,0.7127659574468085,0.28,65,17,10,2,0.6211583924349882,0.6010638297872339,0.7127659574468085,0.0,0.02009456264775422,0.8714759535655058
densenet121,gt,external_test2,94,67,27,0.7127659574468085,0.29,65,16,11,2,0.6219658375786635,0.5954450104884627,0.7127659574468085,0.0,0.02652082709020087,0.8726087870506622
densenet121,gt,external_test2,94,67,27,0.7127659574468085,0.3,65,16,11,2,0.6185410334346505,0.5896656534954406,0.7127659574468085,0.0,0.028875379939209855,0.8678038379530918
densenet121,gt,external_test2,94,67,27,0.7127659574468085,0.31,65,16,11,2,0.6150169596053038,0.5837187789084181,0.7127659574468085,0.0,0.031298180696885725,0.8628596149686352
densenet121,gt,external_test2,94,67,27,0.7127659574468085,0.32,65,16,11,2,0.6113892365456821,0.5775969962453066,0.7127659574468085,0.0,0.03379224030037553,0.8577699736611063
densenet121,gt,external_test2,94,67,27,0.7127659574468085,0.33,65,16,11,2,0.6076532232454748,0.5712924738012066,0.7127659574468085,0.0,0.03636074944426815,0.8525284027623079
densenet121,gt,external_test2,94,67,27,0.7127659574468085,0.34,65,16,11,2,0.6038039974210188,0.5647969052224371,0.7127659574468085,0.0,0.03900709219858167,0.8471279963817279
densenet121,gt,external_test2,94,67,27,0.7127659574468085,0.35,65,15,12,2,0.6055646481178396,0.5581014729950899,0.7127659574468085,0.0,0.04746317512274967,0.8495981630309989
densenet121,gt,external_test2,94,67,27,0.7127659574468085,0.36,65,15,12,2,0.6017287234042554,0.5511968085106382,0.7127659574468085,0.0,0.05053191489361719,0.844216417910448
densenet121,gt,external_test2,94,67,27,0.7127659574468085,0.37,65,15,12,2,0.5977710233029383,0.5440729483282675,0.7127659574468085,0.0,0.05369807497467083,0.8386638237384508
densenet121,gt,external_test2,94,67,27,0.7127659574468085,0.38,65,15,12,2,0.5936856554564174,0.5367192862045298,0.7127659574468085,0.0,0.05696636925188758,0.8329321136254214
densenet121,gt,external_test2,94,67,27,0.7127659574468085,0.39,65,15,12,2,0.5894663411231252,0.529124520404604,0.7127659574468085,0.0,0.06034182071852123,0.8270124785906533
densenet121,gt,external_test2,94,67,27,0.7127659574468085,0.4,65,15,12,2,0.5851063829787234,0.5212765957446808,0.7127659574468085,0.0,0.06382978723404265,0.8208955223880597
densenet121,gt,external_test2,94,67,27,0.7127659574468085,0.41,65,15,12,2,0.580598629642986,0.5131626397403535,0.7127659574468085,0.0,0.06743598990263255,0.8145712117379207
densenet121,gt,external_test2,94,67,27,0.7127659574468085,0.42,65,15,12,2,0.5759354365370507,0.5047688921496698,0.7127659574468085,0.0,0.0711665443873809,0.8080288214101906
densenet121,gt,external_test2,94,67,27,0.7127659574468085,0.43,65,15,12,2,0.5711086226203808,0.49608062709966405,0.7127659574468085,0.0,0.0750279955207167,0.8012568735271014
densenet121,gt,external_test2,94,67,27,0.7127659574468085,0.44,65,15,12,2,0.5661094224924013,0.4870820668693009,0.7127659574468085,0.0,0.07902735562310037,0.7942430703624734
densenet121,gt,external_test2,94,67,27,0.7127659574468085,0.45,65,15,12,2,0.5609284332688589,0.47775628626692457,0.7127659574468085,0.0,0.08317214700193432,0.7869742198100409
densenet121,gt,external_test2,94,67,27,0.7127659574468085,0.46,65,15,12,2,0.5555555555555556,0.4680851063829787,0.7127659574468085,0.0,0.0874704491725769,0.779436152570481
densenet121,gt,external_test2,94,67,27,0.7127659574468085,0.47,65,15,12,2,0.5499799277398636,0.458048976314733,0.7127659574468085,0.0,0.09193095142513058,0.7716136299633908
densenet121,gt,external_test2,94,67,27,0.7127659574468085,0.48,65,15,12,2,0.544189852700491,0.4476268412438625,0.7127659574468085,0.0,0.09656301145662854,0.7634902411021814
densenet121,gt,external_test2,94,67,27,0.7127659574468085,0.49,64,15,12,3,0.5275344180225281,0.43679599499374216,0.7127659574468085,0.0,0.09073842302878593,0.7401229148375768
densenet121,gt,external_test2,94,67,27,0.7127659574468085,0.5,63,15,12,4,0.5106382978723405,0.42553191489361697,0.7127659574468085,0.0,0.08510638297872353,0.7164179104477614
densenet121,gt,external_test2,94,67,27,0.7127659574468085,0.51,63,15,12,4,0.5041250542770299,0.41380807642205814,0.7127659574468085,0.0,0.09031697785497178,0.7072799268961315
densenet121,gt,external_test2,94,67,27,0.7127659574468085,0.52,63,15,12,4,0.4973404255319149,0.40159574468085096,0.7127659574468085,0.0,0.09574468085106391,0.6977611940298507
densenet121,gt,external_test2,94,67,27,0.7127659574468085,0.53,63,14,13,4,0.5022634676324129,0.38886373924852863,0.7127659574468085,0.0,0.11339972838388429,0.7046681486186092
densenet121,gt,external_test2,94,67,27,0.7127659574468085,0.54,63,14,13,4,0.49537465309898243,0.3755781683626271,0.7127659574468085,0.0,0.11979648473635535,0.6950032446463336
densenet121,gt,external_test2,94,67,27,0.7127659574468085,0.55,63,14,13,4,0.48817966903073284,0.3617021276595743,0.7127659574468085,0.0,0.12647754137115852,0.6849087893864013
densenet121,gt,external_test2,94,67,27,0.7127659574468085,0.56,63,14,13,4,0.48065764023210833,0.34719535783365557,0.7127659574468085,0.0,0.13346228239845276,0.6743554952510177
densenet121,gt,external_test2,94,67,27,0.7127659574468085,0.57,63,14,13,4,0.47278574962889663,0.3320138545274617,0.7127659574468085,0.0,0.14077189510143495,0.6633113502256162
densenet121,gt,external_test2,94,67,27,0.7127659574468085,0.58,63,14,13,4,0.46453900709219864,0.3161094224924012,0.7127659574468085,0.0,0.14842958459979744,0.6517412935323385
densenet121,gt,external_test2,94,67,27,0.7127659574468085,0.59,63,14,13,4,0.4558899844317593,0.29942916450441104,0.7127659574468085,0.0,0.15646081992734828,0.6396068438296325
densenet121,gt,external_test2,94,67,27,0.7127659574468085,0.6,62,14,13,5,0.43617021276595747,0.28191489361702127,0.7127659574468085,0.0,0.1542553191489362,0.6119402985074628
densenet121,gt,external_test2,94,67,27,0.7127659574468085,0.61,62,14,13,5,0.4266230223677032,0.2635024549918166,0.7127659574468085,0.0,0.1631205673758866,0.5985457328740911
densenet121,gt,external_test2,94,67,27,0.7127659574468085,0.62,62,13,14,5,0.43393057110862254,0.24412094064949602,0.7127659574468085,0.0,0.18980963045912652,0.6087981146897092
densenet121,gt,external_test2,94,67,27,0.7127659574468085,0.63,62,12,15,5,0.44220816561242093,0.2236917768832662,0.7127659574468085,0.0,0.21851638872915474,0.6204114562323518
densenet121,gt,external_test2,94,67,27,0.7127659574468085,0.64,61,11,16,6,0.4408983451536643,0.202127659574468,0.7127659574468085,0.0,0.23877068557919628,0.6185737976782753
densenet121,gt,external_test2,94,67,27,0.7127659574468085,0.65,59,11,16,8,0.4103343465045592,0.1793313069908813,0.7127659574468085,0.0,0.2310030395136779,0.5756929637526651
densenet121,gt,external_test2,94,67,27,0.7127659574468085,0.66,59,10,17,8,0.42115143929912385,0.15519399249061316,0.7127659574468085,0.0,0.2659574468085107,0.5908691834942932
densenet121,gt,external_test2,94,67,27,0.7127659574468085,0.67,58,9,18,9,0.4226305609284332,0.12959381044487406,0.7127659574468085,0.0,0.29303675048355915,0.592944369063772
densenet121,gt,external_test2,94,67,27,0.7127659574468085,0.68,57,9,18,10,0.4029255319148936,0.10239361702127636,0.7127659574468085,0.0,0.30053191489361725,0.5652985074626866
densenet121,gt,external_test2,94,67,27,0.7127659574468085,0.69,56,8,19,11,0.40631434454358273,0.07343857240905982,0.7127659574468085,0.0,0.3328757721345229,0.5700529610014444
densenet121,gt,external_test2,94,67,27,0.7127659574468085,0.7,55,8,19,12,0.3865248226950355,0.04255319148936165,0.7127659574468085,0.0,0.34397163120567387,0.5422885572139304
densenet121,gt,external_test2,94,67,27,0.7127659574468085,0.71,54,8,19,13,0.36610418195157746,0.009537784299339713,0.7127659574468085,0.0,0.35656639765223774,0.5136387030365416
densenet121,gt,external_test2,94,67,27,0.7127659574468085,0.72,54,8,19,13,0.35562310030395144,-0.02583586626139822,0.7127659574468085,0.0,0.38145896656534967,0.4989339019189767
densenet121,gt,external_test2,94,67,27,0.7127659574468085,0.73,53,8,19,14,0.3337273443656422,-0.06382978723404253,0.7127659574468085,0.0,0.39755713159968475,0.46821448313985625
densenet121,gt,external_test2,94,67,27,0.7127659574468085,0.74,52,8,19,15,0.31096563011456635,-0.10474631751227492,0.7127659574468085,0.0,0.41571194762684127,0.4362801377726752
densenet121,gt,external_test2,94,67,27,0.7127659574468085,0.75,52,8,19,15,0.29787234042553196,-0.14893617021276606,0.7127659574468085,0.0,0.446808510638298,0.4179104477611941
densenet121,gt,external_test2,94,67,27,0.7127659574468085,0.76,52,8,19,15,0.28368794326241137,-0.19680851063829807,0.7127659574468085,0.0,0.48049645390070944,0.39800995024875624
densenet121,gt,external_test2,94,67,27,0.7127659574468085,0.77,52,8,19,15,0.2682701202590194,-0.24884366327474583,0.7127659574468085,0.0,0.5171137835337652,0.3763789746917586
densenet121,gt,external_test2,94,67,27,0.7127659574468085,0.78,50,6,21,17,0.3056092843326886,-0.30560928433268886,0.7127659574468085,0.0,0.6112185686653775,0.4287652645861601
densenet121,gt,external_test2,94,67,27,0.7127659574468085,0.79,50,6,21,17,0.29179331306990874,-0.36778115501519804,0.7127659574468085,0.0,0.6595744680851068,0.40938166311300633
densenet121,gt,external_test2,94,67,27,0.7127659574468085,0.8,50,6,21,17,0.276595744680851,-0.4361702127659578,0.7127659574468085,0.0,0.7127659574468088,0.38805970149253727
densenet121,model,train,600,352,248,0.5866666666666667,0.01,352,241,7,0,0.5826094276094276,0.5824915824915825,0.5866666666666667,0.0,0.00011784511784507234,0.9930842516069788
densenet121,model,train,600,352,248,0.5866666666666667,0.02,352,229,19,0,0.5788775510204082,0.5782312925170068,0.5866666666666667,0.0,0.0006462585034013868,0.9867230983302412
densenet121,model,train,600,352,248,0.5866666666666667,0.03,352,218,30,0,0.5754295532646048,0.5738831615120275,0.5866666666666667,0.0,0.001546391752577314,0.9808458294283036
densenet121,model,train,600,352,248,0.5866666666666667,0.04,350,211,37,2,0.5686805555555556,0.5694444444444444,0.5866666666666667,0.0,-0.0007638888888887863,0.9693418560606062
densenet121,model,train,600,352,248,0.5866666666666667,0.05,347,206,42,5,0.5602631578947369,0.5649122807017544,0.5866666666666667,0.0,-0.004649122807017458,0.954994019138756
densenet121,model,train,600,352,248,0.5866666666666667,0.06,346,198,50,6,0.5556028368794326,0.5602836879432624,0.5866666666666667,0.0,-0.004680851063829872,0.9470502901353964
densenet121,model,train,600,352,248,0.5866666666666667,0.07,346,188,60,6,0.5530824372759856,0.5555555555555556,0.5866666666666667,0.0,-0.0024731182795699747,0.9427541544477027
densenet121,model,train,600,352,248,0.5866666666666667,0.08,346,184,64,6,0.55,0.5507246376811594,0.5866666666666667,0.0,-0.0007246376811593791,0.9375000000000001
densenet121,model,train,600,352,248,0.5866666666666667,0.09,345,183,65,7,0.5448351648351648,0.5457875457875458,0.5866666666666667,0.0,-0.0009523809523810378,0.9286963036963036
densenet121,model,train,600,352,248,0.5866666666666667,0.1,344,179,69,8,0.5401851851851852,0.5407407407407407,0.5866666666666667,0.0,-0.0005555555555555314,0.9207702020202021
densenet121,model,train,600,352,248,0.5866666666666667,0.11,344,175,73,8,0.5372846441947566,0.5355805243445693,0.5866666666666667,0.0,0.0017041198501873689,0.9158260980592443
densenet121,model,train,600,352,248,0.5866666666666667,0.12,342,173,75,10,0.5306818181818181,0.5303030303030303,0.5866666666666667,0.0,0.00037878787878786735,0.9045712809917354
densenet121,model,train,600,352,248,0.5866666666666667,0.13,341,168,80,11,0.5264942528735632,0.524904214559387,0.5866666666666667,0.0,0.0015900383141762564,0.8974333855799373
densenet121,model,train,600,352,248,0.5866666666666667,0.14,339,165,83,13,0.5202325581395348,0.5193798449612403,0.5866666666666667,0.0,0.0008527131782944952,0.886760042283298
densenet121,model,train,600,352,248,0.5866666666666667,0.15,338,163,85,14,0.5153921568627451,0.5137254901960784,0.5866666666666667,0.0,0.0016666666666667052,0.8785093582887701
densenet121,model,train,600,352,248,0.5866666666666667,0.16,337,154,94,15,0.5127777777777778,0.5079365079365079,0.5866666666666667,0.0,0.0048412698412698685,0.8740530303030303
densenet121,model,train,600,352,248,0.5866666666666667,0.17,334,153,95,18,0.504437751004016,0.5020080321285141,0.5866666666666667,0.0,0.0024297188755019183,0.8598370755750273
densenet121,model,train,600,352,248,0.5866666666666667,0.18,333,150,98,19,0.5001219512195123,0.49593495934959353,0.5866666666666667,0.0,0.004186991869918777,0.8524805986696232
densenet121,model,train,600,352,248,0.5866666666666667,0.19,333,145,103,19,0.49831275720164614,0.4897119341563786,0.5866666666666667,0.0,0.008600823045267547,0.8493967452300787
densenet121,model,train,600,352,248,0.5866666666666667,0.2,333,144,104,19,0.49500000000000005,0.48333333333333334,0.5866666666666667,0.0,0.011666666666666714,0.8437500000000001
densenet121,model,train,600,352,248,0.5866666666666667,0.21,331,142,106,21,0.48875527426160337,0.4767932489451477,0.5866666666666667,0.0,0.011962025316455682,0.833105581127733
densenet121,model,train,600,352,248,0.5866666666666667,0.22,329,138,110,23,0.4834615384615385,0.4700854700854701,0.5866666666666667,0.0,0.013376068376068417,0.8240821678321679
densenet121,model,train,600,352,248,0.5866666666666667,0.23,328,135,113,24,0.4794588744588744,0.46320346320346323,0.5866666666666667,0.0,0.01625541125541119,0.8172594451003541
densenet121,model,train,600,352,248,0.5866666666666667,0.24,326,133,115,26,0.47333333333333333,0.45614035087719296,0.5866666666666667,0.0,0.01719298245614037,0.8068181818181818
densenet121,model,train,600,352,248,0.5866666666666667,0.25,325,130,118,27,0.46944444444444444,0.4488888888888889,0.5866666666666667,0.0,0.02055555555555555,0.8001893939393939
densenet121,model,train,600,352,248,0.5866666666666667,0.26,325,129,119,27,0.4661261261261261,0.44144144144144143,0.5866666666666667,0.0,0.024684684684684655,0.7945331695331694
densenet121,model,train,600,352,248,0.5866666666666667,0.27,325,128,120,27,0.46276255707762554,0.4337899543378995,0.5866666666666667,0.0,0.028972602739726017,0.7887998132004981
densenet121,model,train,600,352,248,0.5866666666666667,0.28,325,125,123,27,0.4606481481481481,0.42592592592592593,0.5866666666666667,0.0,0.034722222222222154,0.785195707070707
densenet121,model,train,600,352,248,0.5866666666666667,0.29,324,120,128,28,0.4583098591549296,0.4178403755868545,0.5866666666666667,0.0,0.040469483568075115,0.7812099871959027
densenet121,model,train,600,352,248,0.5866666666666667,0.3,324,119,129,28,0.455,0.4095238095238095,0.5866666666666667,0.0,0.0454761904761905,0.7755681818181819
densenet121,model,train,600,352,248,0.5866666666666667,0.31,324,116,132,28,0.4531400966183575,0.40096618357487923,0.5866666666666667,0.0,0.05217391304347829,0.7723978919631094
densenet121,model,train,600,352,248,0.5866666666666667,0.32,323,111,137,29,0.4512745098039216,0.39215686274509803,0.5866666666666667,0.0,0.05911764705882355,0.7692179144385027
densenet121,model,train,600,352,248,0.5866666666666667,0.33,323,110,138,29,0.44803482587064675,0.38308457711442784,0.5866666666666667,0.0,0.06495024875621891,0.7636957259158751
densenet121,model,train,600,352,248,0.5866666666666667,0.34,323,110,138,29,0.4438888888888889,0.3737373737373737,0.5866666666666667,0.0,0.07015151515151519,0.7566287878787878
densenet121,model,train,600,352,248,0.5866666666666667,0.35,321,108,140,31,0.43807692307692314,0.36410256410256414,0.5866666666666667,0.0,0.073974358974359,0.746722027972028
densenet121,model,train,600,352,248,0.5866666666666667,0.36,321,105,143,31,0.4365625,0.3541666666666667,0.5866666666666667,0.0,0.08239583333333333,0.744140625
densenet121,model,train,600,352,248,0.5866666666666667,0.37,320,101,147,32,0.43447089947089945,0.34391534391534395,0.5866666666666667,0.0,0.0905555555555555,0.7405753968253967
densenet121,model,train,600,352,248,0.5866666666666667,0.38,318,99,149,34,0.4288709677419355,0.3333333333333333,0.5866666666666667,0.0,0.09553763440860219,0.7310300586510264
densenet121,model,train,600,352,248,0.5866666666666667,0.39,316,99,149,36,0.42117486338797805,0.3224043715846994,0.5866666666666667,0.0,0.09877049180327863,0.7179116989567808
densenet121,model,train,600,352,248,0.5866666666666667,0.4,314,98,150,38,0.4144444444444444,0.31111111111111106,0.5866666666666667,0.0,0.10333333333333333,0.7064393939393938
densenet121,model,train,600,352,248,0.5866666666666667,0.41,311,97,151,41,0.40598870056497177,0.29943502824858764,0.5866666666666667,0.0,0.10655367231638413,0.6920261941448382
densenet121,model,train,600,352,248,0.5866666666666667,0.42,311,94,154,41,0.40488505747126435,0.2873563218390805,0.5866666666666667,0.0,0.11752873563218386,0.6901449843260188
densenet121,model,train,600,352,248,0.5866666666666667,0.43,307,94,154,45,0.39347953216374276,0.2748538011695907,0.5866666666666667,0.0,0.11862573099415208,0.6707037480063797
densenet121,model,train,600,352,248,0.5866666666666667,0.44,307,92,156,45,0.39119047619047626,0.2619047619047619,0.5866666666666667,0.0,0.12928571428571434,0.6668019480519481
densenet121,model,train,600,352,248,0.5866666666666667,0.45,306,90,158,46,0.3872727272727273,0.24848484848484853,0.5866666666666667,0.0,0.1387878787878788,0.6601239669421488
densenet121,model,train,600,352,248,0.5866666666666667,0.46,306,88,160,46,0.38506172839506175,0.2345679012345679,0.5866666666666667,0.0,0.15049382716049386,0.6563552188552189
densenet121,model,train,600,352,248,0.5866666666666667,0.47,306,84,164,46,0.3858490566037736,0.22012578616352207,0.5866666666666667,0.0,0.16572327044025154,0.6576972555746141
densenet121,model,train,600,352,248,0.5866666666666667,0.48,305,82,166,47,0.38217948717948713,0.20512820512820518,0.5866666666666667,0.0,0.17705128205128196,0.6514423076923076
densenet121,model,train,600,352,248,0.5866666666666667,0.49,303,81,167,49,0.37529411764705883,0.18954248366013077,0.5866666666666667,0.0,0.18575163398692807,0.6397058823529412
densenet121,model,train,600,352,248,0.5866666666666667,0.5,303,81,167,49,0.37,0.17333333333333334,0.5866666666666667,0.0,0.19666666666666666,0.6306818181818181
densenet121,model,train,600,352,248,0.5866666666666667,0.51,302,81,167,50,0.3628231292517006,0.1564625850340136,0.5866666666666667,0.0,0.20636054421768701,0.6184485157699442
densenet121,model,train,600,352,248,0.5866666666666667,0.52,298,80,168,54,0.3522222222222222,0.13888888888888884,0.5866666666666667,0.0,0.21333333333333337,0.6003787878787878
densenet121,model,train,600,352,248,0.5866666666666667,0.53,298,79,169,54,0.3481914893617021,0.12056737588652477,0.5866666666666667,0.0,0.2276241134751773,0.5935082205029013
densenet121,model,train,600,352,248,0.5866666666666667,0.54,297,77,171,55,0.3443478260869565,0.10144927536231879,0.5866666666666667,0.0,0.24289855072463773,0.5869565217391304
densenet121,model,train,600,352,248,0.5866666666666667,0.55,296,76,172,56,0.33851851851851844,0.08148148148148138,0.5866666666666667,0.0,0.25703703703703706,0.5770202020202019
densenet121,model,train,600,352,248,0.5866666666666667,0.56,295,76,172,57,0.3304545454545454,0.06060606060606055,0.5866666666666667,0.0,0.26984848484848484,0.5632747933884297
densenet121,model,train,600,352,248,0.5866666666666667,0.57,294,74,174,58,0.32651162790697674,0.0387596899224808,0.5866666666666667,0.0,0.28775193798449594,0.556553911205074
densenet121,model,train,600,352,248,0.5866666666666667,0.58,291,71,177,61,0.32158730158730164,0.015873015873015928,0.5866666666666667,0.0,0.3057142857142857,0.5481601731601733
densenet121,model,train,600,352,248,0.5866666666666667,0.59,289,71,177,63,0.31138211382113823,-0.008130081300812941,0.5866666666666667,0.0,0.31951219512195117,0.5307649667405765
densenet121,model,train,600,352,248,0.5866666666666667,0.6,288,71,177,64,0.3025,-0.033333333333333215,0.5866666666666667,0.0,0.3358333333333332,0.515625
densenet121,model,train,600,352,248,0.5866666666666667,0.61,288,69,179,64,0.3001282051282051,-0.05982905982905984,0.5866666666666667,0.0,0.35995726495726493,0.5115821678321678
densenet121,model,train,600,352,248,0.5866666666666667,0.62,282,65,183,70,0.2932456140350877,-0.08771929824561397,0.5866666666666667,0.0,0.3809649122807017,0.49985047846889946
densenet121,model,train,600,352,248,0.5866666666666667,0.63,276,65,183,76,0.27554054054054056,-0.11711711711711703,0.5866666666666667,0.0,0.3926576576576576,0.4696713759213759
densenet121,model,train,600,352,248,0.5866666666666667,0.64,276,64,184,76,0.27037037037037037,-0.14814814814814814,0.5866666666666667,0.0,0.4185185185185185,0.46085858585858586
densenet121,model,train,600,352,248,0.5866666666666667,0.65,275,62,186,77,0.26642857142857135,-0.1809523809523811,0.5866666666666667,0.0,0.44738095238095243,0.45413961038961026
densenet121,model,train,600,352,248,0.5866666666666667,0.66,272,61,187,80,0.2559803921568627,-0.21568627450980404,0.5866666666666667,0.0,0.47166666666666673,0.4363302139037432
densenet121,model,train,600,352,248,0.5866666666666667,0.67,269,59,189,83,0.24868686868686862,-0.2525252525252527,0.5866666666666667,0.0,0.5012121212121213,0.42389807162534426
densenet121,model,train,600,352,248,0.5866666666666667,0.68,268,59,189,84,0.2377083333333333,-0.29166666666666685,0.5866666666666667,0.0,0.5293750000000002,0.405184659090909
densenet121,model,train,600,352,248,0.5866666666666667,0.69,267,57,191,85,0.23354838709677425,-0.33333333333333304,0.5866666666666667,0.0,0.5668817204301073,0.39809384164222883
densenet121,model,train,600,352,248,0.5866666666666667,0.7,261,55,193,91,0.22111111111111115,-0.37777777777777766,0.5866666666666667,0.0,0.5988888888888888,0.37689393939393945
densenet121,model,train,600,352,248,0.5866666666666667,0.71,260,53,195,92,0.21706896551724142,-0.4252873563218389,0.5866666666666667,0.0,0.6423563218390803,0.37000391849529785
densenet121,model,train,600,352,248,0.5866666666666667,0.72,257,52,196,95,0.2054761904761905,-0.47619047619047605,0.5866666666666667,0.0,0.6816666666666665,0.35024350649350655
densenet121,model,train,600,352,248,0.5866666666666667,0.73,256,50,198,96,0.2013580246913581,-0.5308641975308641,0.5866666666666667,0.0,0.7322222222222222,0.3432239057239059
densenet121,model,train,600,352,248,0.5866666666666667,0.74,255,49,199,97,0.19256410256410258,-0.5897435897435896,0.5866666666666667,0.0,0.7823076923076923,0.3282342657342658
densenet121,model,train,600,352,248,0.5866666666666667,0.75,254,47,201,98,0.18833333333333332,-0.6533333333333333,0.5866666666666667,0.0,0.8416666666666667,0.32102272727272724
densenet121,model,train,600,352,248,0.5866666666666667,0.76,253,43,205,99,0.1947222222222222,-0.7222222222222223,0.5866666666666667,0.0,0.9169444444444446,0.3319128787878788
densenet121,model,train,600,352,248,0.5866666666666667,0.77,251,42,206,101,0.18398550724637677,-0.7971014492753623,0.5866666666666667,0.0,0.981086956521739,0.31361166007905134
densenet121,model,train,600,352,248,0.5866666666666667,0.78,250,41,207,102,0.1743939393939394,-0.8787878787878789,0.5866666666666667,0.0,1.0531818181818182,0.2972623966942149
densenet121,model,train,600,352,248,0.5866666666666667,0.79,246,39,209,106,0.1654761904761904,-0.9682539682539686,0.5866666666666667,0.0,1.133730158730159,0.28206168831168815
densenet121,model,train,600,352,248,0.5866666666666667,0.8,245,37,211,107,0.1616666666666666,-1.066666666666667,0.5866666666666667,0.0,1.2283333333333337,0.2755681818181817
densenet121,model,internal_val,257,155,102,0.603112840466926,0.01,155,93,9,0,0.5994576111307629,0.5991038792595212,0.603112840466926,0.0,0.00035373187124165817,0.993939393939394
densenet121,model,internal_val,257,155,102,0.603112840466926,0.02,155,89,13,0,0.5960454220598745,0.5950131025172715,0.603112840466926,0.0,0.0010323195426030773,0.9882817643186308
densenet121,model,internal_val,257,155,102,0.603112840466926,0.03,155,87,15,0,0.5926431064222392,0.5908379798628104,0.603112840466926,0.0,0.0018051265594287713,0.9826405054871966
densenet121,model,internal_val,257,155,102,0.603112840466926,0.04,155,82,20,0,0.5898184176394293,0.5865758754863812,0.603112840466926,0.0,0.003242542153048089,0.9779569892473119
densenet121,model,internal_val,257,155,102,0.603112840466926,0.05,154,78,24,1,0.5832480032766741,0.5822240425967642,0.603112840466926,0.0,0.001023960679909952,0.967062818336163
densenet121,model,internal_val,257,155,102,0.603112840466926,0.06,153,73,29,2,0.5772000993459724,0.5777796175180064,0.603112840466926,0.0,-0.0005795181720340548,0.9570350034317091
densenet121,model,internal_val,257,155,102,0.603112840466926,0.07,153,72,30,2,0.574243755491402,0.5732396134052968,0.603112840466926,0.0,0.0010041420861052197,0.9521331945889699
densenet121,model,internal_val,257,155,102,0.603112840466926,0.08,153,69,33,2,0.5719844357976653,0.5686009135510066,0.603112840466926,0.0,0.003383522246658721,0.9483870967741935
densenet121,model,internal_val,257,155,102,0.603112840466926,0.09,153,67,35,2,0.5695471843331765,0.5638602642493693,0.603112840466926,0.0,0.005686920083807223,0.9443459766040412
densenet121,model,internal_val,257,155,102,0.603112840466926,0.1,152,67,35,3,0.5624729788153913,0.5590142671854734,0.603112840466926,0.0,0.0034587116299178433,0.9326164874551972
densenet121,model,internal_val,257,155,102,0.603112840466926,0.11,152,65,37,3,0.5601801250382548,0.5540593713111528,0.603112840466926,0.0,0.0061207537271019685,0.9288147879666547
densenet121,model,internal_val,257,155,102,0.603112840466926,0.12,151,62,40,4,0.5546515741068271,0.5489918641669614,0.603112840466926,0.0,0.0056597099398656425,0.9196480938416424
densenet121,model,internal_val,257,155,102,0.603112840466926,0.13,150,60,42,5,0.5487723064537771,0.5438078626056622,0.603112840466926,0.0,0.004964443848114897,0.9098998887652949
densenet121,model,internal_val,257,155,102,0.603112840466926,0.14,150,58,44,5,0.546918830875034,0.5385033028685187,0.603112840466926,0.0,0.00841552800651535,0.9068267066766693
densenet121,model,internal_val,257,155,102,0.603112840466926,0.15,150,56,46,5,0.5452048523689632,0.5330739299610895,0.603112840466926,0.0,0.012130922407873723,0.9039848197343455
densenet121,model,internal_val,257,155,102,0.603112840466926,0.16,150,54,48,5,0.5436353529738744,0.52751528627015,0.603112840466926,0.0,0.016120066703724456,0.9013824884792628
densenet121,model,internal_val,257,155,102,0.603112840466926,0.17,150,53,49,5,0.5414185926585721,0.5218226993577422,0.603112840466926,0.0,0.019595893300829892,0.8977069568596969
densenet121,model,internal_val,257,155,102,0.603112840466926,0.18,149,50,52,6,0.5370598842175193,0.5159912688621049,0.603112840466926,0.0,0.021068615355414377,0.8904799370574352
densenet121,model,internal_val,257,155,102,0.603112840466926,0.19,148,48,54,7,0.5320651390690301,0.5100158524283037,0.603112840466926,0.0,0.022049286640726362,0.8821983273596177
densenet121,model,internal_val,257,155,102,0.603112840466926,0.2,148,46,56,7,0.5311284046692607,0.5038910505836576,0.603112840466926,0.0,0.027237354085603127,0.8806451612903227
densenet121,model,internal_val,257,155,102,0.603112840466926,0.21,148,46,56,7,0.5282963108900162,0.49761119046446334,0.603112840466926,0.0,0.030685120425552825,0.8759493670886075
densenet121,model,internal_val,257,155,102,0.603112840466926,0.22,148,46,56,7,0.5253915993215603,0.49117030829093083,0.603112840466926,0.0,0.034221291030629486,0.8711331679073614
densenet121,model,internal_val,257,155,102,0.603112840466926,0.23,148,46,56,7,0.5224114406993784,0.4845621304765273,0.603112840466926,0.0,0.037849310222851096,0.8661918726434855
densenet121,model,internal_val,257,155,102,0.603112840466926,0.24,148,44,58,7,0.5218103624820807,0.4777800532459553,0.603112840466926,0.0,0.04403030923612539,0.8651952461799661
densenet121,model,internal_val,257,155,102,0.603112840466926,0.25,148,43,59,7,0.5201037613488975,0.4708171206225681,0.603112840466926,0.0,0.04928664072632938,0.8623655913978494
densenet121,model,internal_val,257,155,102,0.603112840466926,0.26,147,41,61,8,0.5159322746871384,0.4636660006309811,0.603112840466926,0.0,0.0522662740561573,0.8554489973844812
densenet121,model,internal_val,257,155,102,0.603112840466926,0.27,147,39,63,8,0.5158573636799744,0.45631895954373425,0.603112840466926,0.0,0.05953840413624012,0.855324790101635
densenet121,model,internal_val,257,155,102,0.603112840466926,0.28,147,37,65,8,0.51599654128837,0.4487678339818417,0.603112840466926,0.0,0.0672287073065283,0.8555555555555555
densenet121,model,internal_val,257,155,102,0.603112840466926,0.29,147,37,65,8,0.5131802488080233,0.44100400065764234,0.603112840466926,0.0,0.07217624815038093,0.8508859609268515
densenet121,model,internal_val,257,155,102,0.603112840466926,0.3,147,37,65,8,0.5102834908282379,0.43301834352418,0.603112840466926,0.0,0.07726514730405787,0.8460829493087557
densenet121,model,internal_val,257,155,102,0.603112840466926,0.31,146,37,65,9,0.5034117182653809,0.42480121806800875,0.603112840466926,0.0,0.07861050019737215,0.8346891070593735
densenet121,model,internal_val,257,155,102,0.603112840466926,0.32,146,35,67,9,0.5040054932478828,0.41634241245136183,0.603112840466926,0.0,0.08766308079652096,0.8356736242884251
densenet121,model,internal_val,257,155,102,0.603112840466926,0.33,145,34,68,10,0.499041756199547,0.40763110517451645,0.603112840466926,0.0,0.09141065102503054,0.8274434280211844
densenet121,model,internal_val,257,155,102,0.603112840466926,0.34,145,34,68,10,0.4960499941044688,0.3986558188892818,0.603112840466926,0.0,0.097394175215187,0.8224828934506354
densenet121,model,internal_val,257,155,102,0.603112840466926,0.35,145,34,68,10,0.49296617779108054,0.389404369949117,0.603112840466926,0.0,0.10356180784196356,0.8173697270471465
densenet121,model,internal_val,257,155,102,0.603112840466926,0.36,145,34,68,10,0.4897859922178988,0.37986381322957197,0.603112840466926,0.0,0.10992217898832685,0.8120967741935484
densenet121,model,internal_val,257,155,102,0.603112840466926,0.37,144,34,68,11,0.48261379778889507,0.37002038169353335,0.603112840466926,0.0,0.11259341609536172,0.8002048131080389
densenet121,model,internal_val,257,155,102,0.603112840466926,0.38,144,33,69,11,0.48161164804819884,0.35985942010794525,0.603112840466926,0.0,0.12175222794025359,0.7985431841831426
densenet121,model,internal_val,257,155,102,0.603112840466926,0.39,144,32,70,11,0.48070421636792754,0.3493653122408623,0.603112840466926,0.0,0.13133890412706523,0.7970386039132734
densenet121,model,internal_val,257,155,102,0.603112840466926,0.4,144,31,71,11,0.4798962386511025,0.33852140077821,0.603112840466926,0.0,0.14137483787289246,0.7956989247311829
densenet121,model,internal_val,257,155,102,0.603112840466926,0.41,144,31,71,11,0.4764888214733233,0.3273098990964849,0.603112840466926,0.0,0.14917892237683839,0.7900492072170586
densenet121,model,internal_val,257,155,102,0.603112840466926,0.42,144,31,71,11,0.4729639071514826,0.3157117939084932,0.603112840466926,0.0,0.15725211324298943,0.7842046718576197
densenet121,model,internal_val,257,155,102,0.603112840466926,0.43,144,30,72,11,0.47225066557444195,0.30370673766127376,0.603112840466926,0.0,0.1685439279131682,0.7830220713073006
densenet121,model,internal_val,257,155,102,0.603112840466926,0.44,143,28,74,12,0.4708171206225681,0.2912729294052251,0.603112840466926,0.0,0.179544191217343,0.7806451612903226
densenet121,model,internal_val,257,155,102,0.603112840466926,0.45,143,27,75,12,0.47046338875132654,0.2783869826671383,0.603112840466926,0.0,0.19207640608418824,0.780058651026393
densenet121,model,internal_val,257,155,102,0.603112840466926,0.46,143,25,77,12,0.4735552673295864,0.26502377864245563,0.603112840466926,0.0,0.20853148868713078,0.7851851851851852
densenet121,model,internal_val,257,155,102,0.603112840466926,0.47,141,23,79,14,0.4692753835988548,0.251156302767785,0.603112840466926,0.0,0.2181190808310698,0.7780888618381012
densenet121,model,internal_val,257,155,102,0.603112840466926,0.48,141,23,79,14,0.46602813528883574,0.23675546243639622,0.603112840466926,0.0,0.22927267285243952,0.7727047146401986
densenet121,model,internal_val,257,155,102,0.603112840466926,0.49,140,22,80,15,0.4625009536888685,0.22178988326848248,0.603112840466926,0.0,0.24071107042038603,0.7668564199873498
densenet121,model,internal_val,257,155,102,0.603112840466926,0.5,140,22,80,15,0.45914396887159525,0.20622568093385207,0.603112840466926,0.0,0.2529182879377432,0.7612903225806451
densenet121,model,internal_val,257,155,102,0.603112840466926,0.51,136,22,80,19,0.4400857619312316,0.19002620503454293,0.603112840466926,0.0,0.2500595568966887,0.729690585911784
densenet121,model,internal_val,257,155,102,0.603112840466926,0.52,136,22,80,19,0.4364461738002594,0.17315175097276253,0.603112840466926,0.0,0.2632944228274969,0.7236559139784947
densenet121,model,internal_val,257,155,102,0.603112840466926,0.53,135,21,81,20,0.43314843944035103,0.15555923503601277,0.603112840466926,0.0,0.27758920440433826,0.7181880576527111
densenet121,model,internal_val,257,155,102,0.603112840466926,0.54,134,21,81,21,0.42547792251734057,0.13720182710201306,0.603112840466926,0.0,0.2882760954153275,0.7054698457223002
densenet121,model,internal_val,257,155,102,0.603112840466926,0.55,133,21,81,22,0.4176394293125811,0.11802853437094663,0.603112840466926,0.0,0.29961089494163445,0.6924731182795699
densenet121,model,internal_val,257,155,102,0.603112840466926,0.56,133,21,81,22,0.4135125574814291,0.09798372833392277,0.603112840466926,0.0,0.31552882914750635,0.6856304985337245
densenet121,model,internal_val,257,155,102,0.603112840466926,0.57,131,21,81,24,0.40141163695593157,0.07700660573703744,0.603112840466926,0.0,0.32440503121889414,0.6655663915978994
densenet121,model,internal_val,257,155,102,0.603112840466926,0.58,128,20,82,27,0.3905873633500093,0.05503057254030019,0.603112840466926,0.0,0.3355567908097091,0.6476190476190478
densenet121,model,internal_val,257,155,102,0.603112840466926,0.59,128,19,83,27,0.39166745753060644,0.03198253772421,0.603112840466926,0.0,0.35968491980639644,0.6494099134539733
densenet121,model,internal_val,257,155,102,0.603112840466926,0.6,127,19,83,28,0.3832684824902724,0.0077821011673151474,0.603112840466926,0.0,0.37548638132295725,0.6354838709677421
densenet121,model,internal_val,257,155,102,0.603112840466926,0.61,127,18,84,28,0.38461538461538464,-0.01765938341813833,0.603112840466926,0.0,0.40227476803352297,0.6377171215880894
densenet121,model,internal_val,257,155,102,0.603112840466926,0.62,125,17,85,30,0.3784558672946959,-0.04443989350808941,0.603112840466926,0.0,0.4228957608027853,0.6275042444821732
densenet121,model,internal_val,257,155,102,0.603112840466926,0.63,124,17,85,31,0.3698601325060469,-0.07266799873803775,0.603112840466926,0.0,0.44252813124408463,0.6132519616390584
densenet121,model,internal_val,257,155,102,0.603112840466926,0.64,123,17,85,32,0.3610030263726762,-0.10246433203631666,0.603112840466926,0.0,0.46346735840899284,0.5985663082437276
densenet121,model,internal_val,257,155,102,0.603112840466926,0.65,121,16,86,34,0.3551973318510283,-0.13396331295164,0.603112840466926,0.0,0.4891606448026683,0.5889400921658986
densenet121,model,internal_val,257,155,102,0.603112840466926,0.66,120,16,86,35,0.34607461661707484,-0.16731517509727645,0.603112840466926,0.0,0.5133897917143513,0.5738140417457306
densenet121,model,internal_val,257,155,102,0.603112840466926,0.67,119,15,87,36,0.3445348425893173,-0.20268836222143638,0.603112840466926,0.0,0.5472232048107537,0.5712609970674487
densenet121,model,internal_val,257,155,102,0.603112840466926,0.68,118,14,88,37,0.34338521400778205,-0.2402723735408563,0.603112840466926,0.0,0.5836575875486383,0.5693548387096774
densenet121,model,internal_val,257,155,102,0.603112840466926,0.69,116,14,88,39,0.33011171080707924,-0.2802811597841093,0.603112840466926,0.0,0.6103928705911885,0.5473465140478669
densenet121,model,internal_val,257,155,102,0.603112840466926,0.7,115,14,88,40,0.3203631647211414,-0.32295719844357973,0.603112840466926,0.0,0.6433203631647211,0.5311827956989248
densenet121,model,internal_val,257,155,102,0.603112840466926,0.71,115,14,88,40,0.31410170401180737,-0.3685764121830136,0.603112840466926,0.0,0.682678116194821,0.520800889877642
densenet121,model,internal_val,257,155,102,0.603112840466926,0.72,114,13,89,41,0.31350750416898276,-0.4174541411895497,0.603112840466926,0.0,0.7309616453585325,0.519815668202765
densenet121,model,internal_val,257,155,102,0.603112840466926,0.73,113,12,90,42,0.31344574146130566,-0.4699524427150886,0.603112840466926,0.0,0.7833981841763943,0.5197132616487455
densenet121,model,internal_val,257,155,102,0.603112840466926,0.74,111,12,90,44,0.29901227177491774,-0.5264890751272074,0.603112840466926,0.0,0.8255013469021252,0.4957816377171217
densenet121,model,internal_val,257,155,102,0.603112840466926,0.75,111,11,91,44,0.30350194552529186,-0.587548638132296,0.603112840466926,0.0,0.8910505836575878,0.503225806451613
densenet121,model,internal_val,257,155,102,0.603112840466926,0.76,111,10,92,44,0.3086900129701686,-0.6536964980544749,0.603112840466926,0.0,0.9623865110246436,0.5118279569892473
densenet121,model,internal_val,257,155,102,0.603112840466926,0.77,110,10,92,45,0.2977499577059719,-0.7255963457959739,0.603112840466926,0.0,1.0233463035019459,0.49368863955119213
densenet121,model,internal_val,257,155,102,0.603112840466926,0.78,106,10,92,49,0.27449593208348066,-0.8040325433321546,0.603112840466926,0.0,1.0785284754156352,0.4551319648093841
densenet121,model,internal_val,257,155,102,0.603112840466926,0.79,106,10,92,49,0.2660737446729664,-0.8899388549194002,0.603112840466926,0.0,1.1560125995923665,0.44116743471582176
densenet121,model,internal_val,257,155,102,0.603112840466926,0.8,105,9,93,50,0.2684824902723735,-0.9844357976653703,0.603112840466926,0.0,1.2529182879377436,0.44516129032258056
densenet121,model,external_test1,108,62,46,0.5740740740740741,0.01,62,43,3,0,0.5700523756079312,0.5697717919940142,0.5740740740740741,0.0,0.00028058361391702924,0.9929944607363963
densenet121,model,external_test1,108,62,46,0.5740740740740741,0.02,62,41,5,0,0.5663265306122449,0.5653817082388511,0.5740740740740741,0.0,0.0009448223733937722,0.9865042791310072
densenet121,model,external_test1,108,62,46,0.5740740740740741,0.03,62,37,9,0,0.5634784268804888,0.5609011072928599,0.5740740740740741,0.0,0.002577319587628857,0.981543066178916
densenet121,model,external_test1,108,62,46,0.5740740740740741,0.04,62,36,10,0,0.5601851851851852,0.5563271604938271,0.5740740740740741,0.0,0.0038580246913580973,0.9758064516129034
densenet121,model,external_test1,108,62,46,0.5740740740740741,0.05,62,32,14,0,0.5584795321637427,0.5516569200779727,0.5740740740740741,0.0,0.006822612085769952,0.9728353140916808
densenet121,model,external_test1,108,62,46,0.5740740740740741,0.06,62,29,17,0,0.5569345941686367,0.5468873128447597,0.5740740740740741,0.0,0.010047281323877,0.9701441317776252
densenet121,model,external_test1,108,62,46,0.5740740740740741,0.07,62,29,17,0,0.5538630027877339,0.5420151334129829,0.5740740740740741,0.0,0.011847869374751019,0.9647936177592784
densenet121,model,external_test1,108,62,46,0.5740740740740741,0.08,62,29,17,0,0.5507246376811594,0.537037037037037,0.5740740740740741,0.0,0.013687600644122444,0.9593267882187938
densenet121,model,external_test1,108,62,46,0.5740740740740741,0.09,62,28,18,0,0.5484330484330484,0.531949531949532,0.5740740740740741,0.0,0.016483516483516425,0.955334987593052
densenet121,model,external_test1,108,62,46,0.5740740740740741,0.1,62,27,19,0,0.5462962962962963,0.5267489711934157,0.5740740740740741,0.0,0.019547325102880597,0.9516129032258064
densenet121,model,external_test1,108,62,46,0.5740740740740741,0.11,62,27,19,0,0.5431751976695797,0.521431543903454,0.5740740740740741,0.0,0.021743653766125637,0.9461761507792679
densenet121,model,external_test1,108,62,46,0.5740740740740741,0.12,62,26,20,0,0.5412457912457912,0.515993265993266,0.5740740740740741,0.0,0.025252525252525193,0.9428152492668621
densenet121,model,external_test1,108,62,46,0.5740740740740741,0.13,62,26,20,0,0.5381013197105151,0.5104299702000852,0.5740740740740741,0.0,0.027671349510429932,0.9373377827215424
densenet121,model,external_test1,108,62,46,0.5740740740740741,0.14,62,25,21,0,0.5363910422049957,0.5047372954349698,0.5740740740740741,0.0,0.03165374677002586,0.9343585896474118
densenet121,model,external_test1,108,62,46,0.5740740740740741,0.15,62,25,21,0,0.5332244008714597,0.4989106753812636,0.5740740740740741,0.0,0.03431372549019612,0.9288425047438331
densenet121,model,external_test1,108,62,46,0.5740740740740741,0.16,62,24,22,0,0.5317460317460317,0.4929453262786596,0.5740740740740741,0.0,0.03880070546737213,0.9262672811059908
densenet121,model,external_test1,108,62,46,0.5740740740740741,0.17,61,24,22,1,0.5192994199018295,0.4868362338241856,0.5740740740740741,0.0,0.03246318607764387,0.9045860862806062
densenet121,model,external_test1,108,62,46,0.5740740740740741,0.18,61,24,22,1,0.5160343270099368,0.48057813911472447,0.5740740740740741,0.0,0.03545618789521232,0.8988985051140834
densenet121,model,external_test1,108,62,46,0.5740740740740741,0.19,61,24,22,1,0.5126886145404663,0.4741655235482396,0.5740740740740741,0.0,0.03852309099222673,0.8930704898446833
densenet121,model,external_test1,108,62,46,0.5740740740740741,0.2,61,24,22,1,0.5092592592592592,0.46759259259259256,0.5740740740740741,0.0,0.04166666666666663,0.8870967741935483
densenet121,model,external_test1,108,62,46,0.5740740740740741,0.21,60,24,22,2,0.4964838255977497,0.4608532583216127,0.5740740740740741,0.0,0.03563056727613695,0.8648427929767253
densenet121,model,external_test1,108,62,46,0.5740740740740741,0.22,59,24,22,3,0.48361823361823364,0.45394112060778724,0.5740740740740741,0.0,0.0296771130104464,0.8424317617866005
densenet121,model,external_test1,108,62,46,0.5740740740740741,0.23,59,22,24,3,0.48544973544973546,0.44684944684944683,0.5740740740740741,0.0,0.038600288600288635,0.8456221198156683
densenet121,model,external_test1,108,62,46,0.5740740740740741,0.24,59,21,25,3,0.4848927875243665,0.4395711500974659,0.5740740740740741,0.0,0.045321637426900596,0.8446519524617997
densenet121,model,external_test1,108,62,46,0.5740740740740741,0.25,59,20,26,3,0.4845679012345679,0.4320987654320988,0.5740740740740741,0.0,0.05246913580246909,0.8440860215053764
densenet121,model,external_test1,108,62,46,0.5740740740740741,0.26,59,20,26,3,0.48123123123123124,0.4244244244244244,0.5740740740740741,0.0,0.05680680680680683,0.8382737576285963
densenet121,model,external_test1,108,62,46,0.5740740740740741,0.27,59,19,27,3,0.4812278031456113,0.4165398274987316,0.5740740740740741,0.0,0.06468797564687973,0.8382677861246133
densenet121,model,external_test1,108,62,46,0.5740740740740741,0.28,59,19,27,3,0.47788065843621397,0.40843621399176955,0.5740740740740741,0.0,0.06944444444444442,0.8324372759856631
densenet121,model,external_test1,108,62,46,0.5740740740740741,0.29,59,18,28,3,0.4782211789254043,0.40010432968179444,0.5740740740740741,0.0,0.07811684924360984,0.8330304407087687
densenet121,model,external_test1,108,62,46,0.5740740740740741,0.3,59,18,28,3,0.4748677248677249,0.3915343915343915,0.5740740740740741,0.0,0.08333333333333337,0.8271889400921659
densenet121,model,external_test1,108,62,46,0.5740740740740741,0.31,58,18,28,4,0.462157809983897,0.38271604938271603,0.5740740740740741,0.0,0.07944176060118097,0.8050490883590464
densenet121,model,external_test1,108,62,46,0.5740740740740741,0.32,58,18,28,4,0.4586056644880175,0.3736383442265795,0.5740740740740741,0.0,0.084967320261438,0.7988614800759014
densenet121,model,external_test1,108,62,46,0.5740740740740741,0.33,58,18,28,4,0.4549474847982311,0.36428966279712544,0.5740740740740741,0.0,0.09065782200110567,0.7924891670678864
densenet121,model,external_test1,108,62,46,0.5740740740740741,0.34,58,18,28,4,0.45117845117845123,0.35465768799102126,0.5740740740740741,0.0,0.09652076318742997,0.7859237536656892
densenet121,model,external_test1,108,62,46,0.5740740740740741,0.35,58,17,29,4,0.4522792022792023,0.34472934472934474,0.5740740740740741,0.0,0.10754985754985757,0.7878411910669976
densenet121,model,external_test1,108,62,46,0.5740740740740741,0.36,58,16,30,4,0.4537037037037038,0.3344907407407407,0.5740740740740741,0.0,0.11921296296296308,0.7903225806451615
densenet121,model,external_test1,108,62,46,0.5740740740740741,0.37,58,15,31,4,0.4554673721340389,0.3239271017048795,0.5740740740740741,0.0,0.1315402704291594,0.7933947772657451
densenet121,model,external_test1,108,62,46,0.5740740740740741,0.38,58,15,31,4,0.45191158900836326,0.3130227001194743,0.5740740740740741,0.0,0.13888888888888895,0.7872008324661811
densenet121,model,external_test1,108,62,46,0.5740740740740741,0.39,58,14,32,4,0.45415907710989684,0.3017607771706132,0.5740740740740741,0.0,0.1523982999392836,0.7911158117398203
densenet121,model,external_test1,108,62,46,0.5740740740740741,0.4,58,14,32,4,0.45061728395061734,0.2901234567901234,0.5740740740740741,0.0,0.16049382716049393,0.7849462365591399
densenet121,model,external_test1,108,62,46,0.5740740740740741,0.41,57,14,32,5,0.4376961707470183,0.278091650973007,0.5740740740740741,0.0,0.1596045197740113,0.762438490978677
densenet121,model,external_test1,108,62,46,0.5740740740740741,0.42,57,14,32,5,0.4339080459770115,0.26564495530012777,0.5740740740740741,0.0,0.16826309067688372,0.7558398220244716
densenet121,model,external_test1,108,62,46,0.5740740740740741,0.43,57,14,32,5,0.4299870045484081,0.2527615334632879,0.5740740740740741,0.0,0.1772254710851202,0.7490096208262593
densenet121,model,external_test1,108,62,46,0.5740740740740741,0.44,57,14,32,5,0.42592592592592593,0.23941798941798942,0.5740740740740741,0.0,0.1865079365079365,0.7419354838709677
densenet121,model,external_test1,108,62,46,0.5740740740740741,0.45,56,12,34,6,0.4276094276094276,0.22558922558922562,0.5740740740740741,0.0,0.202020202020202,0.7448680351906158
densenet121,model,external_test1,108,62,46,0.5740740740740741,0.46,56,12,34,6,0.4238683127572016,0.2112482853223594,0.5740740740740741,0.0,0.2126200274348422,0.7383512544802867
densenet121,model,external_test1,108,62,46,0.5740740740740741,0.47,56,12,34,6,0.41998602375960864,0.19636617749825303,0.5740740740740741,0.0,0.22361984626135561,0.7315885575167377
densenet121,model,external_test1,108,62,46,0.5740740740740741,0.48,56,12,34,6,0.41595441595441596,0.18091168091168092,0.5740740740740741,0.0,0.23504273504273504,0.7245657568238213
densenet121,model,external_test1,108,62,46,0.5740740740740741,0.49,54,12,34,8,0.39324618736383443,0.1648511256354394,0.5740740740740741,0.0,0.22839506172839502,0.6850094876660342
densenet121,model,external_test1,108,62,46,0.5740740740740741,0.5,54,12,34,8,0.3888888888888889,0.14814814814814814,0.5740740740740741,0.0,0.24074074074074076,0.6774193548387097
densenet121,model,external_test1,108,62,46,0.5740740740740741,0.51,54,11,35,8,0.39399092970521543,0.13076341647770218,0.5740740740740741,0.0,0.26322751322751325,0.6863067807768268
densenet121,model,external_test1,108,62,46,0.5740740740740741,0.52,53,11,35,9,0.38040123456790126,0.11265432098765427,0.5740740740740741,0.0,0.267746913580247,0.6626344086021506
densenet121,model,external_test1,108,62,46,0.5740740740740741,0.53,53,10,36,9,0.386327817178881,0.09377462568951922,0.5740740740740741,0.0,0.29255319148936176,0.6729581331503088
densenet121,model,external_test1,108,62,46,0.5740740740740741,0.54,53,10,36,9,0.38204508856682773,0.07407407407407407,0.5740740740740741,0.0,0.30797101449275366,0.6654978962131838
densenet121,model,external_test1,108,62,46,0.5740740740740741,0.55,53,10,36,9,0.3775720164609053,0.05349794238683114,0.5740740740740741,0.0,0.3240740740740742,0.6577060931899641
densenet121,model,external_test1,108,62,46,0.5740740740740741,0.56,52,10,36,10,0.3636363636363636,0.031986531986531896,0.5740740740740741,0.0,0.3316498316498317,0.6334310850439882
densenet121,model,external_test1,108,62,46,0.5740740740740741,0.57,52,10,36,10,0.3587424633936262,0.009474590869939847,0.5740740740740741,0.0,0.34926787252368635,0.6249062265566392
densenet121,model,external_test1,108,62,46,0.5740740740740741,0.58,52,10,36,10,0.35361552028218696,-0.014109347442680664,0.5740740740740741,0.0,0.3677248677248676,0.6159754224270354
densenet121,model,external_test1,108,62,46,0.5740740740740741,0.59,52,10,36,10,0.34823848238482386,-0.038843721770550954,0.5740740740740741,0.0,0.3870822041553748,0.6066089693154996
densenet121,model,external_test1,108,62,46,0.5740740740740741,0.6,51,9,37,11,0.3472222222222222,-0.06481481481481477,0.5740740740740741,0.0,0.412037037037037,0.6048387096774194
densenet121,model,external_test1,108,62,46,0.5740740740740741,0.61,51,9,37,11,0.3418803418803419,-0.09211775878442541,0.5740740740740741,0.0,0.4339981006647673,0.5955334987593053
densenet121,model,external_test1,108,62,46,0.5740740740740741,0.62,51,9,37,11,0.3362573099415205,-0.12085769980506822,0.5740740740740741,0.0,0.4571150097465887,0.5857385398981324
densenet121,model,external_test1,108,62,46,0.5740740740740741,0.63,51,9,37,11,0.3303303303303303,-0.1511511511511512,0.5740740740740741,0.0,0.4814814814814815,0.5754141238012206
densenet121,model,external_test1,108,62,46,0.5740740740740741,0.64,50,9,37,12,0.3148148148148148,-0.18312757201646102,0.5740740740740741,0.0,0.49794238683127584,0.5483870967741936
densenet121,model,external_test1,108,62,46,0.5740740740740741,0.65,50,8,38,12,0.32539682539682535,-0.21693121693121709,0.5740740740740741,0.0,0.5423280423280424,0.5668202764976957
densenet121,model,external_test1,108,62,46,0.5740740740740741,0.66,50,8,38,12,0.31917211328976036,-0.252723311546841,0.5740740740740741,0.0,0.5718954248366014,0.5559772296015181
densenet121,model,external_test1,108,62,46,0.5740740740740741,0.67,50,8,38,12,0.3125701459034792,-0.2906846240179576,0.5740740740740741,0.0,0.6032547699214368,0.544477028347996
densenet121,model,external_test1,108,62,46,0.5740740740740741,0.68,50,8,38,12,0.3055555555555555,-0.3310185185185187,0.5740740740740741,0.0,0.6365740740740742,0.532258064516129
densenet121,model,external_test1,108,62,46,0.5740740740740741,0.69,50,8,38,12,0.29808841099163685,-0.37395459976105117,0.5740740740740741,0.0,0.672043010752688,0.5192507804370449
densenet121,model,external_test1,108,62,46,0.5740740740740741,0.7,48,8,38,14,0.2716049382716049,-0.41975308641975295,0.5740740740740741,0.0,0.6913580246913579,0.47311827956989244
densenet121,model,external_test1,108,62,46,0.5740740740740741,0.71,48,7,39,14,0.28575989782886335,-0.46871008939974457,0.5740740740740741,0.0,0.7544699872286079,0.4977753058954394
densenet121,model,external_test1,108,62,46,0.5740740740740741,0.72,48,7,39,14,0.2777777777777778,-0.521164021164021,0.5740740740740741,0.0,0.7989417989417988,0.4838709677419355
densenet121,model,external_test1,108,62,46,0.5740740740740741,0.73,47,7,39,15,0.2599451303155007,-0.5775034293552811,0.5740740740740741,0.0,0.8374485596707818,0.4528076463560335
densenet121,model,external_test1,108,62,46,0.5740740740740741,0.74,45,7,39,17,0.23219373219373224,-0.638176638176638,0.5740740740740741,0.0,0.8703703703703702,0.4044665012406949
densenet121,model,external_test1,108,62,46,0.5740740740740741,0.75,45,7,39,17,0.22222222222222227,-0.7037037037037036,0.5740740740740741,0.0,0.9259259259259258,0.3870967741935485
densenet121,model,external_test1,108,62,46,0.5740740740740741,0.76,45,7,39,17,0.21141975308641978,-0.7746913580246916,0.5740740740740741,0.0,0.9861111111111114,0.3682795698924732
densenet121,model,external_test1,108,62,46,0.5740740740740741,0.77,44,6,40,18,0.22141706924315618,-0.851851851851852,0.5740740740740741,0.0,1.0732689210950082,0.3856942496493688
densenet121,model,external_test1,108,62,46,0.5740740740740741,0.78,42,6,40,20,0.1919191919191919,-0.9360269360269363,0.5740740740740741,0.0,1.1279461279461283,0.3343108504398827
densenet121,model,external_test1,108,62,46,0.5740740740740741,0.79,42,6,40,20,0.17989417989417986,-1.028218694885362,0.5740740740740741,0.0,1.2081128747795418,0.3133640552995391
densenet121,model,external_test1,108,62,46,0.5740740740740741,0.8,40,6,40,22,0.14814814814814808,-1.1296296296296302,0.5740740740740741,0.0,1.2777777777777783,0.25806451612903214
densenet121,model,external_test2,94,67,27,0.7127659574468085,0.01,66,26,1,1,0.6993337631635504,0.7098646034816247,0.7127659574468085,0.0,-0.010530840318074275,0.9811548319011006
densenet121,model,external_test2,94,67,27,0.7127659574468085,0.02,66,25,2,1,0.696699956578376,0.7069040382110291,0.7127659574468085,0.0,-0.010204081632653073,0.977459640572647
densenet121,model,external_test2,94,67,27,0.7127659574468085,0.03,66,24,3,1,0.694231191050669,0.7038824303575345,0.7127659574468085,0.0,-0.009651239306865511,0.9739959993845207
densenet121,model,external_test2,94,67,27,0.7127659574468085,0.04,66,24,3,1,0.6914893617021277,0.7007978723404255,0.7127659574468085,0.0,-0.00930851063829774,0.9701492537313434
densenet121,model,external_test2,94,67,27,0.7127659574468085,0.05,66,22,5,1,0.6898096304591266,0.6976483762597984,0.7127659574468085,0.0,-0.007838745800671787,0.9677926158680283
densenet121,model,external_test2,94,67,27,0.7127659574468085,0.06,65,21,6,2,0.6772295156179268,0.6944318696242644,0.7127659574468085,0.0,-0.017202354006337628,0.9501429025087331
densenet121,model,external_test2,94,67,27,0.7127659574468085,0.07,65,21,6,2,0.6746739876458476,0.6911461908030199,0.7127659574468085,0.0,-0.016472203157172238,0.9465575349061146
densenet121,model,external_test2,94,67,27,0.7127659574468085,0.08,65,21,6,2,0.6720629047178539,0.6877890841813136,0.7127659574468085,0.0,-0.015726179463459666,0.9428942245295264
densenet121,model,external_test2,94,67,27,0.7127659574468085,0.09,65,21,6,2,0.6693944353518823,0.6843581949964929,0.7127659574468085,0.0,-0.014963759644610608,0.9391504018369692
densenet121,model,external_test2,94,67,27,0.7127659574468085,0.1,65,21,6,2,0.6666666666666667,0.6808510638297872,0.7127659574468085,0.0,-0.014184397163120477,0.9353233830845773
densenet121,model,external_test2,94,67,27,0.7127659574468085,0.11,65,20,7,2,0.6651924456131963,0.6772651207267512,0.7127659574468085,0.0,-0.01207267511355481,0.9332550729498575
densenet121,model,external_test2,94,67,27,0.7127659574468085,0.12,64,20,7,3,0.6518375241779497,0.6735976789168279,0.7127659574468085,0.0,-0.021760154738878157,0.9145183175033922
densenet121,model,external_test2,94,67,27,0.7127659574468085,0.13,64,20,7,3,0.6490584494986549,0.6698459280997798,0.7127659574468085,0.0,-0.020787478601124953,0.9106193172070681
densenet121,model,external_test2,94,67,27,0.7127659574468085,0.14,64,20,7,3,0.6462147451756556,0.6660069272637308,0.7127659574468085,0.0,-0.019792182088075205,0.9066296424852481
densenet121,model,external_test2,94,67,27,0.7127659574468085,0.15,64,20,7,3,0.6433041301627034,0.6620775969962452,0.7127659574468085,0.0,-0.018773466833541863,0.9025460930640914
densenet121,model,external_test2,94,67,27,0.7127659574468085,0.16,64,19,8,3,0.6423505572441742,0.6580547112462005,0.7127659574468085,0.0,-0.015704154002026294,0.9012082444918266
densenet121,model,external_test2,94,67,27,0.7127659574468085,0.17,64,19,8,3,0.6394514227121251,0.6539348884901307,0.7127659574468085,0.0,-0.014483465778005633,0.8971408020140262
densenet121,model,external_test2,94,67,27,0.7127659574468085,0.18,64,19,8,3,0.6364815775817333,0.6497145822522055,0.7127659574468085,0.0,-0.01323300467047217,0.8929741536221333
densenet121,model,external_test2,94,67,27,0.7127659574468085,0.19,64,19,8,3,0.6334384029419491,0.6453900709219857,0.7127659574468085,0.0,-0.011951667980036662,0.888704625023033
densenet121,model,external_test2,94,67,27,0.7127659574468085,0.2,63,18,9,4,0.6223404255319149,0.6409574468085106,0.7127659574468085,0.0,-0.018617021276595702,0.873134328358209
densenet121,model,external_test2,94,67,27,0.7127659574468085,0.21,63,18,9,4,0.6193105305682737,0.6364126043630487,0.7127659574468085,0.0,-0.01710207379477502,0.8688834309465332
densenet121,model,external_test2,94,67,27,0.7127659574468085,0.22,63,17,10,4,0.6192034915439171,0.6317512274959083,0.7127659574468085,0.0,-0.012547735951991212,0.8687332567929583
densenet121,model,external_test2,94,67,27,0.7127659574468085,0.23,63,17,10,4,0.6161923183199779,0.626968775904946,0.7127659574468085,0.0,-0.010776457584968147,0.8645086257026556
densenet121,model,external_test2,94,67,27,0.7127659574468085,0.24,63,17,10,4,0.6131019036954087,0.622060470324748,0.7127659574468085,0.0,-0.008958566629339249,0.8601728201099764
densenet121,model,external_test2,94,67,27,0.7127659574468085,0.25,63,16,11,4,0.6134751773049646,0.6170212765957447,0.7127659574468085,0.0,-0.0035460992907800915,0.8606965174129354
densenet121,model,external_test2,94,67,27,0.7127659574468085,0.26,62,16,11,5,0.5997699827487061,0.6118458884416331,0.7127659574468085,0.0,-0.012075905692927047,0.8414683340056474
densenet121,model,external_test2,94,67,27,0.7127659574468085,0.27,62,16,11,5,0.5966190614981055,0.6065287088312445,0.7127659574468085,0.0,-0.009909647333139038,0.8370476385197302
densenet121,model,external_test2,94,67,27,0.7127659574468085,0.28,62,16,11,5,0.5933806146572104,0.6010638297872339,0.7127659574468085,0.0,-0.0076832151300235685,0.8325041459369817
densenet121,model,external_test2,94,67,27,0.7127659574468085,0.29,62,16,11,5,0.5900509439616421,0.5954450104884627,0.7127659574468085,0.0,-0.005394066526820507,0.827832667647677
densenet121,model,external_test2,94,67,27,0.7127659574468085,0.3,61,16,11,6,0.5759878419452887,0.5896656534954406,0.7127659574468085,0.0,-0.013677811550151908,0.8081023454157783
densenet121,model,external_test2,94,67,27,0.7127659574468085,0.31,61,15,12,6,0.5772432932469935,0.5837187789084181,0.7127659574468085,0.0,-0.006475485661424529,0.8098637248539909
densenet121,model,external_test2,94,67,27,0.7127659574468085,0.32,61,15,12,6,0.5738423028785983,0.5775969962453066,0.7127659574468085,0.0,-0.003754693366708306,0.8050921861281827
densenet121,model,external_test2,94,67,27,0.7127659574468085,0.33,61,15,12,6,0.5703397904096539,0.5712924738012066,0.7127659574468085,0.0,-0.0009526833915527444,0.8001782134105592
densenet121,model,external_test2,94,67,27,0.7127659574468085,0.34,61,15,12,6,0.5667311411992263,0.5647969052224371,0.7127659574468085,0.0,0.0019342359767892114,0.7951153324287653
densenet121,model,external_test2,94,67,27,0.7127659574468085,0.35,61,15,12,6,0.5630114566284778,0.5581014729950899,0.7127659574468085,0.0,0.004909983633387904,0.7898966704936854
densenet121,model,external_test2,94,67,27,0.7127659574468085,0.36,61,15,12,6,0.5591755319148937,0.5511968085106382,0.7127659574468085,0.0,0.007978723404255428,0.7845149253731344
densenet121,model,external_test2,94,67,27,0.7127659574468085,0.37,61,14,13,6,0.5614657210401891,0.5440729483282675,0.7127659574468085,0.0,0.017392772711921634,0.7877280265339967
densenet121,model,external_test2,94,67,27,0.7127659574468085,0.38,61,14,13,6,0.557652711050103,0.5367192862045298,0.7127659574468085,0.0,0.020933424845573145,0.7823784304285026
densenet121,model,external_test2,94,67,27,0.7127659574468085,0.39,61,14,13,6,0.5537146843390304,0.529124520404604,0.7127659574468085,0.0,0.024590163934426368,0.776853437729386
densenet121,model,external_test2,94,67,27,0.7127659574468085,0.4,61,14,13,6,0.549645390070922,0.5212765957446808,0.7127659574468085,0.0,0.028368794326241176,0.7711442786069651
densenet121,model,external_test2,94,67,27,0.7127659574468085,0.41,60,13,14,7,0.5421925712225028,0.5131626397403535,0.7127659574468085,0.0,0.029029931482149274,0.7606880849987352
densenet121,model,external_test2,94,67,27,0.7127659574468085,0.42,60,13,14,7,0.5381511371973589,0.5047688921496698,0.7127659574468085,0.0,0.03338224504768905,0.7550180133813692
densenet121,model,external_test2,94,67,27,0.7127659574468085,0.43,60,13,14,7,0.5339678984695783,0.49608062709966405,0.7127659574468085,0.0,0.03788727136991421,0.7491489918826919
densenet121,model,external_test2,94,67,27,0.7127659574468085,0.44,59,12,15,8,0.5273556231003039,0.4870820668693009,0.7127659574468085,0.0,0.04027355623100304,0.7398720682302772
densenet121,model,external_test2,94,67,27,0.7127659574468085,0.45,59,12,15,8,0.52321083172147,0.47775628626692457,0.7127659574468085,0.0,0.045454545454545414,0.7340569877883311
densenet121,model,external_test2,94,67,27,0.7127659574468085,0.46,59,11,16,8,0.5279747832939322,0.4680851063829787,0.7127659574468085,0.0,0.05988967691095354,0.7407407407407407
densenet121,model,external_test2,94,67,27,0.7127659574468085,0.47,59,10,17,8,0.5333199518265757,0.458048976314733,0.7127659574468085,0.0,0.07527097551184264,0.7482399324134047
densenet121,model,external_test2,94,67,27,0.7127659574468085,0.48,59,9,18,8,0.5392798690671031,0.4476268412438625,0.7127659574468085,0.0,0.09165302782324064,0.7566016073478761
densenet121,model,external_test2,94,67,27,0.7127659574468085,0.49,59,9,18,8,0.5356695869837296,0.43679599499374216,0.7127659574468085,0.0,0.09887359198998741,0.7515364354697102
densenet121,model,external_test2,94,67,27,0.7127659574468085,0.5,59,9,18,8,0.5319148936170213,0.42553191489361697,0.7127659574468085,0.0,0.1063829787234043,0.746268656716418
densenet121,model,external_test2,94,67,27,0.7127659574468085,0.51,59,9,18,8,0.528006947459835,0.41380807642205814,0.7127659574468085,0.0,0.11419887103777687,0.7407858665854402
densenet121,model,external_test2,94,67,27,0.7127659574468085,0.52,59,9,18,8,0.523936170212766,0.40159574468085096,0.7127659574468085,0.0,0.12234042553191499,0.7350746268656717
densenet121,model,external_test2,94,67,27,0.7127659574468085,0.53,58,9,18,9,0.5090538705296515,0.38886373924852863,0.7127659574468085,0.0,0.12019013128112283,0.7141949825341379
densenet121,model,external_test2,94,67,27,0.7127659574468085,0.54,58,8,19,9,0.517113783533765,0.3755781683626271,0.7127659574468085,0.0,0.14153561517113794,0.7255029201817003
densenet121,model,external_test2,94,67,27,0.7127659574468085,0.55,58,8,19,9,0.5130023640661938,0.3617021276595743,0.7127659574468085,0.0,0.1513002364066195,0.7197346600331674
densenet121,model,external_test2,94,67,27,0.7127659574468085,0.56,58,8,19,9,0.5087040618955513,0.34719535783365557,0.7127659574468085,0.0,0.1615087040618957,0.7137042062415198
densenet121,model,external_test2,94,67,27,0.7127659574468085,0.57,58,8,19,9,0.504205838693716,0.3320138545274617,0.7127659574468085,0.0,0.17219198416625436,0.7073932662270046
densenet121,model,external_test2,94,67,27,0.7127659574468085,0.58,58,8,19,9,0.49949341438703143,0.3161094224924012,0.7127659574468085,0.0,0.18338399189463023,0.7007818052594172
densenet121,model,external_test2,94,67,27,0.7127659574468085,0.59,58,8,19,9,0.49455111572392324,0.29942916450441104,0.7127659574468085,0.0,0.1951219512195122,0.6938478340007281
densenet121,model,external_test2,94,67,27,0.7127659574468085,0.6,58,7,20,9,0.5053191489361702,0.28191489361702127,0.7127659574468085,0.0,0.22340425531914898,0.7089552238805971
densenet121,model,external_test2,94,67,27,0.7127659574468085,0.61,57,6,21,10,0.5065466448445173,0.2635024549918166,0.7127659574468085,0.0,0.24304418985270065,0.7106773823191735
densenet121,model,external_test2,94,67,27,0.7127659574468085,0.62,55,6,21,12,0.480963045912654,0.24412094064949602,0.7127659574468085,0.0,0.23684210526315796,0.6747839748625295
densenet121,model,external_test2,94,67,27,0.7127659574468085,0.63,54,6,21,13,0.46578493387004033,0.2236917768832662,0.7127659574468085,0.0,0.24209315698677414,0.6534893102057282
densenet121,model,external_test2,94,67,27,0.7127659574468085,0.64,54,6,21,13,0.4609929078014185,0.202127659574468,0.7127659574468085,0.0,0.2588652482269505,0.6467661691542289
densenet121,model,external_test2,94,67,27,0.7127659574468085,0.65,54,6,21,13,0.4559270516717326,0.1793313069908813,0.7127659574468085,0.0,0.2765957446808513,0.6396588486140726
densenet121,model,external_test2,94,67,27,0.7127659574468085,0.66,54,6,21,13,0.4505632040050063,0.15519399249061316,0.7127659574468085,0.0,0.29536921151439316,0.6321334503950835
densenet121,model,external_test2,94,67,27,0.7127659574468085,0.67,54,6,21,13,0.44487427466150875,0.12959381044487406,0.7127659574468085,0.0,0.3152804642166347,0.6241519674355496
densenet121,model,external_test2,94,67,27,0.7127659574468085,0.68,54,6,21,13,0.4388297872340426,0.10239361702127636,0.7127659574468085,0.0,0.33643617021276623,0.6156716417910448
densenet121,model,external_test2,94,67,27,0.7127659574468085,0.69,54,6,21,13,0.43239533287577225,0.07343857240905982,0.7127659574468085,0.0,0.35895676046671243,0.6066441983630237
densenet121,model,external_test2,94,67,27,0.7127659574468085,0.7,54,6,21,13,0.4255319148936171,0.04255319148936165,0.7127659574468085,0.0,0.38297872340425543,0.5970149253731344
densenet121,model,external_test2,94,67,27,0.7127659574468085,0.71,54,6,21,13,0.4181951577402789,0.009537784299339713,0.7127659574468085,0.0,0.40865737344093916,0.586721564590839
densenet121,model,external_test2,94,67,27,0.7127659574468085,0.72,54,6,21,13,0.41033434650455936,-0.02583586626139822,0.7127659574468085,0.0,0.4361702127659576,0.5756929637526654
densenet121,model,external_test2,94,67,27,0.7127659574468085,0.73,54,5,22,13,0.43065405831363285,-0.06382978723404253,0.7127659574468085,0.0,0.4944838455476754,0.6042012161415148
densenet121,model,external_test2,94,67,27,0.7127659574468085,0.74,52,5,22,15,0.40180032733224225,-0.10474631751227492,0.7127659574468085,0.0,0.5065466448445172,0.563719862227325
densenet121,model,external_test2,94,67,27,0.7127659574468085,0.75,52,5,22,15,0.39361702127659576,-0.14893617021276606,0.7127659574468085,0.0,0.5425531914893618,0.5522388059701493
densenet121,model,external_test2,94,67,27,0.7127659574468085,0.76,52,5,22,15,0.38475177304964536,-0.19680851063829807,0.7127659574468085,0.0,0.5815602836879434,0.5398009950248756
densenet121,model,external_test2,94,67,27,0.7127659574468085,0.77,52,5,22,15,0.37511563367252543,-0.24884366327474583,0.7127659574468085,0.0,0.6239592969472713,0.5262816353017521
densenet121,model,external_test2,94,67,27,0.7127659574468085,0.78,50,5,22,17,0.3433268858800773,-0.30560928433268886,0.7127659574468085,0.0,0.6489361702127662,0.48168249660786966
densenet121,model,external_test2,94,67,27,0.7127659574468085,0.79,49,4,23,18,0.36119554204660587,-0.36778115501519804,0.7127659574468085,0.0,0.7289766970618039,0.5067519545131486
densenet121,model,external_test2,94,67,27,0.7127659574468085,0.8,49,4,23,18,0.35106382978723405,-0.4361702127659578,0.7127659574468085,0.0,0.7872340425531918,0.49253731343283585
