case_id,tp,fp,fn,tn,n_pixels,gt_area,pred_area,gt_area_frac,dice,iou,precision,recall,fpr,hd95,assd,pred_empty,gt_empty,model,cohort
case_00001,38264,586,659,651691,691200,38923,38850,0.05631221064814815,0.9839918737865326,0.9684881925637197,0.9849163449163449,0.9830691365002697,0.0008983913276108157,5.0,1.64153819825274,False,False,nnUNet,train
case_00002,33510,952,464,656274,691200,33974,34462,0.049152199074074074,0.9793091355426968,0.959457137948806,0.9723753699727236,0.986342497203744,0.001448512383867954,5.0,1.7438960161957227,False,False,nnUNet,train
case_00003,9077,457,276,541840,551650,9353,9534,0.01695459077313514,0.9611902366707259,0.9252803261977574,0.9520662890706943,0.9704907516304929,0.0008427116506268705,5.830951894845301,1.851264169220736,False,False,nnUNet,train
case_00004,61302,1419,2599,1440120,1505440,63901,62721,0.04244672653842066,0.9682677575776721,0.9384874464176363,0.9773759984694121,0.9593277100514859,0.0009843646269715907,8.246211251235321,3.3413160564850326,False,False,nnUNet,train
case_00005,26774,751,1245,662430,691200,28019,27525,0.040536747685185184,0.9640645254212876,0.9306221758776503,0.9727157129881926,0.9555658660194868,0.001132420862479474,6.0,2.3088453628367716,False,False,nnUNet,train
case_00006,25545,1333,418,663904,691200,25963,26878,0.037562210648148145,0.9668628527090706,0.935851406799531,0.9504055361261998,0.9839001656203058,0.002003797142973106,6.324555320336759,2.5598530382674345,False,False,nnUNet,train
case_00007,25604,408,1339,663849,691200,26943,26012,0.03898003472222222,0.96700972523841,0.9361266498482688,0.9843149315700446,0.9503024904427866,0.0006142200985461952,6.0,2.400487487572968,False,False,nnUNet,train
case_00008,118302,2457,3779,1380902,1505440,122081,120759,0.0810932352003401,0.9743205402734311,0.9499269299330325,0.9796536904081683,0.9690451421597136,0.0017761116239530014,12.0,3.915254881946045,False,False,nnUNet,train
case_00009,4690,271,223,546466,551650,4913,4961,0.008906009244992295,0.9499696171764229,0.9047067901234568,0.9453739165490829,0.9546102177895379,0.0004956679354058716,4.0,1.76788372277934,False,False,nnUNet,train
case_00010,35321,954,1774,653151,691200,37095,36275,0.05366753472222222,0.9628185907046477,0.928302977739231,0.9737008959338387,0.9521768432403289,0.0014584814364666224,11.180339887498949,3.4509160837444233,False,False,nnUNet,train
case_00011,11048,584,836,678732,691200,11884,11632,0.017193287037037038,0.9396155808811022,0.8861084376002567,0.9497936726272352,0.9296533153820262,0.0008596882746762921,7.0710678118654755,3.0695645578059834,False,False,nnUNet,train
case_00012,60066,1813,1583,1189778,1253240,61649,61879,0.0491916951262328,0.9725082572372256,0.9464876619079134,0.9707008839832576,0.9743223734367144,0.001521495211024588,7.615773105863909,3.1872199337300446,False,False,nnUNet,train
case_00013,39374,1944,1303,1462819,1505440,40677,41318,0.02702000743968541,0.9604000243917312,0.923816897773398,0.9529502880100682,0.967967155886619,0.0013271771610833972,9.848857801796104,3.5418509779274827,False,False,nnUNet,train
case_00014,9674,768,114,1242684,1253240,9788,10442,0.007810156075452428,0.956401384083045,0.916445623342175,0.9264508714805593,0.988353085410707,0.0006176354213914168,4.3918126112414715,1.8319075567682748,False,False,nnUNet,train
case_00015,22706,801,811,527332,551650,23517,23507,0.04263029094534578,0.9657196325280708,0.9337116539189078,0.9659250436040329,0.9655143087978909,0.0015166634162228074,6.0,2.3463284489057212,False,False,nnUNet,train
case_00016,35429,2094,433,653244,691200,35862,37523,0.051883680555555554,0.965565169993868,0.9334229107387502,0.9441942275404419,0.9879259383191121,0.0031952976937092005,7.615773105863909,2.581021497570201,False,False,nnUNet,train
case_00017,19182,1073,600,530795,551650,19782,20255,0.03585969364633373,0.9582136523715563,0.9197794293934308,0.947025425820785,0.9696693964209888,0.002017417855558146,7.224904018598489,2.5450929909735023,False,False,nnUNet,train
case_00018,37125,535,1385,652155,691200,38510,37660,0.05571469907407407,0.9747932256794013,0.9508259700345755,0.9857939458311206,0.9640353155024669,0.0008196846895156966,7.615773105863909,2.4052347284107247,False,False,nnUNet,train
case_00019,115753,4292,2204,1130991,1253240,117957,120045,0.09412163671762791,0.972706111713347,0.9468625510229123,0.9642467408055313,0.9813152250396331,0.003780555156731846,16.76305461424021,4.535165045802929,False,False,nnUNet,train
case_00020,30493,1389,1049,658269,691200,31542,31882,0.045633680555555556,0.9615602926337034,0.9259664146245179,0.9564330970453547,0.9667427556908249,0.002105636557125056,7.280109889280518,2.9004190922639674,False,False,nnUNet,train
case_00021,14074,478,896,675752,691200,14970,14552,0.02165798611111111,0.9534584377752184,0.9110564474365613,0.967152281473337,0.9401469605878423,0.0007068600919805392,7.0710678118654755,2.6814367322293458,False,False,nnUNet,train
case_00022,19419,1017,675,670089,691200,20094,20436,0.029071180555555555,0.9582531458179127,0.9198522097484724,0.9502348796241926,0.9664078829501344,0.0015154088921869272,7.280109889280518,2.64162819981765,False,False,nnUNet,train
case_00023,6640,441,664,543905,551650,7304,7081,0.013240279162512462,0.9231838720889816,0.8573273079406069,0.9377206609235984,0.9090909090909091,0.0008101464877118597,6.324555320336759,2.7961409737275673,False,False,nnUNet,train
case_00024,42163,1034,702,1461541,1505440,42865,43197,0.02847340312466787,0.9798284957356325,0.9604546800610493,0.9760631525337408,0.9836230024495509,0.0007069722920192127,5.830951894845301,2.2105451387835418,False,False,nnUNet,train
case_00025,11461,1401,406,538382,551650,11867,12862,0.021511828151907914,0.9269278984188605,0.8638076575218571,0.8910744829730991,0.9657874778798349,0.00259548744588103,8.0,2.8716667116523693,False,False,nnUNet,train
case_00026,33736,1176,2219,1468309,1505440,35955,34912,0.02388338293123605,0.9520933579804423,0.9085669656082519,0.9663153070577452,0.938283966068697,0.0008002803703338245,7.0710678118654755,3.218915023870674,False,False,nnUNet,train
case_00027,20761,2412,682,1481585,1505440,21443,23173,0.01424367626740355,0.9306526806526807,0.8702997275204359,0.8959133474301989,0.9681947488690948,0.001625340212951913,17.16814457517661,4.066565170078217,False,False,nnUNet,train
case_00028,98869,5274,2757,909272,1016172,101626,104143,0.10000865995126809,0.9609707973504269,0.9248737137511693,0.949358094158993,0.9728711156593786,0.0057667957653305575,10.63014581273465,4.629033161282802,False,False,nnUNet,train
case_00029,33450,870,2822,979030,1016172,36272,34320,0.03569474459048271,0.9476994560290117,0.9005977061009101,0.9746503496503497,0.9221989413321571,0.0008878456985406674,13.341664064126334,4.261327328436308,False,False,nnUNet,train
case_00030,25300,1760,199,1225981,1253240,25499,27060,0.020346461970572275,0.9627276013622785,0.9281338273597711,0.9349593495934959,0.9921957723832308,0.001433527103843563,8.844204868828752,2.748307994999675,False,False,nnUNet,train
case_00031,15475,484,157,1237124,1253240,15632,15959,0.01247326928601066,0.9797094109081701,0.9602258624968975,0.9696722852309042,0.9899564994882293,0.00039107698075642694,3.605551275463989,1.2555066865227063,False,False,nnUNet,train
case_00032,29895,616,1906,1473023,1505440,31801,30511,0.021124056754171536,0.9595262549749647,0.9222013141253046,0.9798105601258562,0.9400647778371749,0.00041801282403628023,11.702560104668176,3.6512442364828326,False,False,nnUNet,train
case_00033,29417,1700,1829,983226,1016172,31246,31117,0.0307487315139563,0.9434119590141591,0.8928853275056152,0.9453674840119549,0.9414645074569545,0.0017260179952605576,12.041594578792296,4.534039382584492,False,False,nnUNet,train
case_00034,29899,1803,1273,1472465,1505440,31172,31702,0.020706238707620363,0.9510767566879791,0.9067172100075815,0.9431266166172482,0.9591620685230335,0.001222979810997729,10.63014581273465,4.089202292108082,False,False,nnUNet,train
case_00035,22158,315,687,668040,691200,22845,22473,0.033051215277777775,0.9778895802992189,0.9567357512953368,0.985983179815779,0.9699277741300065,0.00047130641650021323,5.0,1.6252186741002486,False,False,nnUNet,train
case_00036,8643,570,235,1243792,1253240,8878,9213,0.007084038173055441,0.955502736167155,0.9147967823878069,0.9381309019863237,0.9735300743410678,0.0004580660611622663,5.0,2.0494207943036877,False,False,nnUNet,train
case_00037,80526,2493,2775,1419646,1505440,83301,83019,0.05533332447656499,0.9683261183261184,0.9385971046926358,0.9699707295920211,0.966687074584939,0.0017529932024928647,10.0,3.9438684631610523,False,False,nnUNet,train
case_00038,194217,4518,4217,1302488,1505440,198434,198735,0.1318112976936975,0.978006843434407,0.9569602664669479,0.9772662087704732,0.9787486015501375,0.003456755363020522,14.0,4.64906734618497,False,False,nnUNet,train
case_00039,87380,1330,4365,1412365,1505440,91745,88710,0.06094231586778616,0.9684408855393312,0.9388127853881278,0.9850073272460828,0.9524224753392555,0.0009407969894496338,14.333478669063304,4.633159198460997,False,False,nnUNet,train
case_00040,82067,936,4323,1418114,1505440,86390,83003,0.05738521628228292,0.9689538528746761,0.9397773858873646,0.9887232991578617,0.9499594860516264,0.0006595962087311934,11.180339887498949,4.263308979917201,False,False,nnUNet,train
case_00041,76104,3193,1658,1172285,1253240,77762,79297,0.06204876958922473,0.9691135178499799,0.9400778210116731,0.9597336595331475,0.9786785319307632,0.0027163417775577254,10.788677624343354,4.111971535419163,False,False,nnUNet,train
case_00042,60143,4301,3278,1437718,1505440,63421,64444,0.04212788287809544,0.9407265475305987,0.8880865892915153,0.9332598845509279,0.9483136500528216,0.0029826236686201777,17.69180601295413,6.315158132099654,False,False,nnUNet,train
case_00043,38521,713,2422,1463784,1505440,40943,39234,0.027196699968115634,0.960899010938299,0.9247407336278087,0.9818269867971657,0.9408445888186014,0.0004868565794262467,11.00226805085936,3.4764568250802577,False,False,nnUNet,train
case_00044,160990,3237,1247,1339966,1505440,162237,164227,0.1077671644170475,0.9862649480494021,0.9729020873369835,0.9802894773697383,0.9923137138877075,0.002409911234563949,7.0,2.8333060962256957,False,False,nnUNet,train
case_00045,78290,3160,5732,1209176,1296358,84022,81450,0.06481388628758414,0.946262811835235,0.8980064692252988,0.9612031921424187,0.9317797719644855,0.00260653812144488,39.05117303857488,8.703611793271453,False,False,nnUNet,train
case_00046,46136,2227,881,1456196,1505440,47017,48363,0.03123140078648103,0.9674145523170476,0.9368857119649094,0.9539524016293447,0.9812620966884319,0.001526991826102578,8.54400374531753,2.964727690192988,False,False,nnUNet,train
case_00047,13687,608,643,1490502,1505440,14330,14295,0.009518811775959188,0.9562969432314411,0.9162538492435399,0.9574676460300805,0.955129099790649,0.00040774993125926323,5.385164807134504,2.3330280281643576,False,False,nnUNet,train
case_00048,79939,2379,2233,1420889,1505440,82172,82318,0.05458337761717504,0.9719618213873183,0.9454530401769347,0.9710998809494885,0.9728252932872511,0.0016715052962618425,9.0,3.683265122875823,False,False,nnUNet,train
case_00049,63708,3594,2181,1435957,1505440,65889,67302,0.043767270698267614,0.956641214496475,0.9168861448124002,0.94659891236516,0.9668988753813231,0.0024966117907597577,11.661903789690601,4.2456970849982385,False,False,nnUNet,train
case_00050,25151,1415,949,1477925,1505440,26100,26566,0.017337124030183868,0.9551133558652641,0.9140832273305469,0.9467364300233381,0.9636398467432951,0.0009565076317817405,7.280109889280518,3.5914391449221803,False,False,nnUNet,train
case_00051,64653,2510,4223,1434054,1505440,68876,67163,0.04575140822616643,0.9505068399503084,0.9056817863446615,0.9626282328067537,0.9386869156164702,0.0017472246276532058,19.0,5.522073418055597,False,False,nnUNet,train
case_00052,10384,700,318,1494038,1505440,10702,11084,0.007108885110001063,0.9532727439640136,0.9107174179968427,0.936845904005774,0.9702859278639506,0.0004683094963799676,6.0,2.1847304145434463,False,False,nnUNet,train
case_00053,44336,12749,34761,1413594,1505440,79097,57085,0.0525407854182166,0.6511286366773876,0.4827210765847179,0.7766663747043882,0.5605269479247,0.00893824276488895,97.082439194738,40.79754871714397,False,False,nnUNet,train
case_00054,69480,3357,3532,1429071,1505440,73012,72837,0.048498777765968754,0.9527662171149613,0.9097932407128547,0.9539107870999629,0.9516243905111489,0.0023435732895475373,16.0,5.662849461795774,False,False,nnUNet,train
case_00055,73607,1573,4980,1425280,1505440,78587,75180,0.05220201402912106,0.9573835738487452,0.918250998003992,0.9790768821495078,0.9366307404532557,0.001102426108365753,20.30242229078986,5.620419667828663,False,False,nnUNet,train
case_00056,88600,1384,3015,1160241,1253240,91615,89984,0.07310251827263732,0.975776298327634,0.9526984161120012,0.9846194879089616,0.9670905419418218,0.0011914344129990316,9.899494936611665,3.3900484421471395,False,False,nnUNet,train
case_00057,92817,1497,2160,1408966,1505440,94977,94314,0.06308919651397599,0.9806805394868219,0.9620934137695131,0.9841274890260194,0.9772576518525538,0.001061353612253565,9.049846624323681,2.984341986763852,False,False,nnUNet,train
case_00058,167777,1774,4935,1078754,1253240,172712,169551,0.13781239028438289,0.9803981148999453,0.9615499237761196,0.9895370714416312,0.9714264208624762,0.0016417899397331674,12.041594578792296,3.8265300737420302,False,False,nnUNet,train
case_00059,14190,750,99,1490401,1505440,14289,14940,0.009491577213306408,0.9709535050805707,0.9435467783762218,0.9497991967871486,0.9930715935334873,0.0005029671709974376,5.0990195135927845,1.8480228156923546,False,False,nnUNet,train
case_00060,65534,1028,2967,1435911,1505440,68501,66562,0.04550231161653736,0.9704212108423477,0.9425419609083979,0.9845557525314744,0.9566867636968803,0.0007154096311673633,9.848857801796104,3.3151767469193003,False,False,nnUNet,train
case_00061,22260,1009,1457,1480714,1505440,23717,23269,0.01575419810819428,0.947516281445537,0.9002669255035186,0.9566375864884611,0.9385672724206265,0.0006809639858462074,8.94427190999916,3.468314052484847,False,False,nnUNet,train
case_00062,134206,3208,5630,1362396,1505440,139836,137414,0.09288712934424487,0.9681226330027052,0.9382148150219513,0.976654489353341,0.9597385508738808,0.0023491436756189936,12.790583192164107,4.739375376214186,False,False,nnUNet,train
case_00063,67067,2861,3023,1432489,1505440,70090,69928,0.046557816983738974,0.9579768315502293,0.9193431207248701,0.9590864889600732,0.9568697389071195,0.001993242066394956,11.674742625999297,4.45711281753396,False,False,nnUNet,train
case_00064,8883,1569,1110,1241678,1253240,9993,10452,0.007973732086431968,0.8689655172413793,0.7682926829268293,0.8498851894374282,0.8889222455719004,0.0012620179256414856,23.0,6.6075111750563,False,False,nnUNet,train
case_00065,34706,2501,1553,1466680,1505440,36259,37207,0.024085317249442025,0.9448180110527319,0.8954076367389061,0.9327814658531997,0.9571692545299099,0.0017023089735029244,23.099714876161734,5.506648303995508,False,False,nnUNet,train
case_00066,53343,1626,1121,1449350,1505440,54464,54969,0.03617812732490169,0.9748978827227619,0.9510251381707969,0.9704196910986193,0.9794175969447708,0.0011206250137838255,7.615773105863909,2.8331965014746077,False,False,nnUNet,train
case_00067,79155,3789,4822,1417674,1505440,83977,82944,0.05578236263152301,0.9484127221859443,0.9018868354488071,0.9543185763888888,0.9425795158198078,0.002665563577806809,16.0,5.529795350785649,False,False,nnUNet,train
case_00068,22715,1356,1185,1480184,1505440,23900,24071,0.015875757253693272,0.9470304975922953,0.899390243902439,0.9436666528187445,0.950418410041841,0.0009152638470780405,11.635888835820644,3.8512515700032286,False,False,nnUNet,train
case_00069,99998,1210,7361,1396871,1505440,107359,101208,0.07131403443511532,0.9589052918246894,0.921054813068187,0.9880444233657418,0.9314356504810961,0.00086547202915997,16.638798396100903,5.611508621533592,False,False,nnUNet,train
case_00070,14597,1024,392,1489427,1505440,14989,15621,0.009956557551280689,0.9537406076445606,0.9115718478736027,0.9344472184879329,0.9738474881579825,0.0006870403656342946,9.724394800874226,2.678288499005727,False,False,nnUNet,train
case_00071,17151,742,569,1486978,1505440,17720,17893,0.011770645127006058,0.9631876000336955,0.9289892752681183,0.9585312692114235,0.9678893905191873,0.000498749764740677,6.395267345723238,2.2466741290290555,False,False,nnUNet,train
case_00072,13703,864,968,1489905,1505440,14671,14567,0.00974532362631523,0.9373418154456529,0.8820727389765046,0.9406878561131324,0.934019494240338,0.0005795666531836925,8.06225774829855,3.7170315179960998,False,False,nnUNet,train
case_00073,15027,1180,245,1488988,1505440,15272,16207,0.010144542459347433,0.9547317259125131,0.9133843909555069,0.9271919540939101,0.983957569408067,0.000791857025516586,10.46878240448416,2.8689781678300394,False,False,nnUNet,train
case_00074,44957,1536,1388,1457559,1505440,46345,46493,0.03078501966202572,0.9685042762661841,0.9389319354232368,0.9669627685888198,0.9700507066565972,0.0010527073288579564,7.0,2.895398592722108,False,False,nnUNet,train
case_00075,34217,518,1622,1469083,1505440,35839,34735,0.023806329046657457,0.9696772182390115,0.9411392579145694,0.9850870879516338,0.954742040793549,0.00035247662460763157,14.18445649162351,2.9213284501004835,False,False,nnUNet,train
case_00076,73891,3913,2433,1425203,1505440,76324,77804,0.050698799022212776,0.9588264299802761,0.9209093061804404,0.9497069559405686,0.9681227398983282,0.002738056252956373,9.848857801796104,4.194148777311769,False,False,nnUNet,train
case_00077,43348,913,1406,1207573,1253240,44754,44261,0.035710638026235995,0.9739482109756783,0.9492193487638776,0.9793723594134791,0.9685838137373196,0.0007554907545474255,7.280109889280518,2.1332787219789977,False,False,nnUNet,train
case_00078,95205,1927,4545,1403763,1505440,99750,97132,0.0662596981613349,0.967127518005709,0.9363474532096737,0.980161017996129,0.9544360902255639,0.0013708570168387056,16.97056274847714,5.1033115484150295,False,False,nnUNet,train
case_00079,88600,1384,3015,1160241,1253240,91615,89984,0.07310251827263732,0.975776298327634,0.9526984161120012,0.9846194879089616,0.9670905419418218,0.0011914344129990316,9.899494936611665,3.3900484421471395,False,False,nnUNet,train
case_00080,167777,1774,4935,1078754,1253240,172712,169551,0.13781239028438289,0.9803981148999453,0.9615499237761196,0.9895370714416312,0.9714264208624762,0.0016417899397331674,12.041594578792296,3.8265300737420302,False,False,nnUNet,train
case_00081,29438,1457,1646,1472899,1505440,31084,30895,0.02064778403656074,0.949934655286468,0.9046433729756307,0.9528402654151157,0.9470467121348604,0.0009882280805992582,11.661903789690601,3.766530754262651,False,False,nnUNet,train
case_00082,24848,1097,1157,1478338,1505440,26005,25945,0.0172740195557445,0.9566121270452358,0.9168327060733525,0.9577182501445365,0.9555085560469141,0.0007414992885797618,7.211102550927978,3.1500160290688055,False,False,nnUNet,train
case_00083,29724,1608,1895,1220013,1253240,31619,31332,0.025229804347132234,0.9443535448205748,0.8945736900713276,0.9486786671773267,0.9400676808248205,0.0013162838556311654,32.237360502892656,6.130765281241441,False,False,nnUNet,train
case_00084,73054,1786,2439,1428161,1505440,75493,74840,0.05014680093527474,0.9718957248242236,0.9453279674944034,0.9761357562800641,0.9676923688288981,0.0012489973404608702,10.295630140987,3.41712742409128,False,False,nnUNet,train
case_00085,22715,1356,1185,1480184,1505440,23900,24071,0.015875757253693272,0.9470304975922953,0.899390243902439,0.9436666528187445,0.950418410041841,0.0009152638470780405,11.635888835820644,3.8512515700032286,False,False,nnUNet,train
case_00086,13746,475,759,1490460,1505440,14505,14221,0.009635056860452757,0.9570424006126854,0.9176234979973298,0.9665986920751002,0.9476732161323681,0.0003185920244678675,5.656854249492381,1.9480532201989733,False,False,nnUNet,train
case_00087,34967,3479,428,1214366,1253240,35395,38446,0.028242794676199293,0.9470890155875462,0.8994958069660955,0.909509441814493,0.9879078965955643,0.0028566853745755822,12.755336306085592,5.717016115554201,False,False,nnUNet,train
case_00088,14597,1024,392,1489427,1505440,14989,15621,0.009956557551280689,0.9537406076445606,0.9115718478736027,0.9344472184879329,0.9738474881579825,0.0006870403656342946,9.724394800874226,2.678288499005727,False,False,nnUNet,train
case_00089,29038,1699,474,1474229,1505440,29512,30737,0.01960357104899564,0.9639330113362877,0.9303771106340714,0.9447245990174707,0.9839387367850366,0.001151140164018841,10.770329614269007,2.92556541064347,False,False,nnUNet,train
case_00090,59910,1028,1800,1442702,1505440,61710,60938,0.040991338080561164,0.9769421433696432,0.9549236507379897,0.9831303948275296,0.9708313077297035,0.000712044495854488,8.0,2.7685194677434732,False,False,nnUNet,train
case_00091,44957,1536,1388,1457559,1505440,46345,46493,0.03078501966202572,0.9685042762661841,0.9389319354232368,0.9669627685888198,0.9700507066565972,0.0010527073288579564,7.0,2.895398592722108,False,False,nnUNet,train
case_00092,89355,1050,2386,1412649,1505440,91741,90405,0.06093965883728345,0.9811360117707772,0.9629705467125045,0.9883855981416957,0.9739919992151819,0.0007427323638200211,6.324555320336759,2.428351859583551,False,False,nnUNet,train
case_00093,73891,3913,2433,1425203,1505440,76324,77804,0.050698799022212776,0.9588264299802761,0.9209093061804404,0.9497069559405686,0.9681227398983282,0.002738056252956373,9.848857801796104,4.194148777311769,False,False,nnUNet,train
case_00094,37467,914,2486,1464573,1505440,39953,38381,0.026539084918694868,0.9565961140756248,0.9168032887170577,0.976186133764102,0.9377768878432158,0.0006236834581268888,10.138773664759684,3.508114813957223,False,False,nnUNet,train
case_00095,95205,1927,4545,1403763,1505440,99750,97132,0.0662596981613349,0.967127518005709,0.9363474532096737,0.980161017996129,0.9544360902255639,0.0013708570168387056,16.97056274847714,5.1033115484150295,False,False,nnUNet,train
case_00096,21110,1170,1402,1481758,1505440,22512,22280,0.014953767669252844,0.9425790319699946,0.891394307913183,0.9474865350089766,0.9377221037668799,0.0007889796402792313,11.69614068651382,4.2029987206967006,False,False,nnUNet,train
case_00097,73054,1786,2439,1428161,1505440,75493,74840,0.05014680093527474,0.9718957248242236,0.9453279674944034,0.9761357562800641,0.9676923688288981,0.0012489973404608702,10.295630140987,3.41712742409128,False,False,nnUNet,train
case_00098,13746,475,759,1490460,1505440,14505,14221,0.009635056860452757,0.9570424006126854,0.9176234979973298,0.9665986920751002,0.9476732161323681,0.0003185920244678675,5.656854249492381,1.9480532201989733,False,False,nnUNet,train
case_00099,9499,645,314,1494982,1505440,9813,10144,0.006518360080773727,0.9519466853735531,0.9082998661311914,0.9364156151419558,0.9680016304901661,0.0004312572586614176,8.224278003921748,2.1744808661878055,False,False,nnUNet,train
case_00100,61841,774,1611,1441214,1505440,63452,62615,0.04214847486449144,0.9810814884148905,0.9628655061812973,0.9876387447097341,0.9746107293702326,0.0005367589744158758,8.06225774829855,3.598240495432923,False,False,nnUNet,train
case_00101,54356,1294,1090,1448700,1505440,55446,55650,0.03683042831331704,0.9785410815870959,0.9579837856891082,0.9767475292003593,0.980341232911301,0.0008924174858654587,8.0,2.3173501624304245,False,False,nnUNet,train
case_00102,59910,1028,1800,1442702,1505440,61710,60938,0.040991338080561164,0.9769421433696432,0.9549236507379897,0.9831303948275296,0.9708313077297035,0.000712044495854488,8.0,2.7685194677434732,False,False,nnUNet,train
case_00103,17895,1199,227,1486119,1505440,18122,19094,0.012037676692528431,0.961683147033534,0.926194296361472,0.9372054048392165,0.987473788765037,0.000806149054875958,7.0,2.395411238075505,False,False,nnUNet,train
case_00104,33325,778,798,1470539,1505440,34123,34103,0.022666462960994792,0.9769003019376777,0.9548437007535601,0.9771867577632466,0.976614014008147,0.0005287779587947397,6.0,1.9660385167141234,False,False,nnUNet,train
case_00105,67854,2491,5429,1429666,1505440,73283,70345,0.048678791582527366,0.9448575486673908,0.8954786602264629,0.9645888122823228,0.9259173341702714,0.0017393344444778052,18.35755975068582,5.855656829150576,False,False,nnUNet,train
case_00106,63914,684,2196,1438646,1505440,66110,64598,0.043914071633542356,0.9779661535636687,0.9568823547025181,0.989411436886591,0.9667826350022689,0.000475221109821931,7.0,2.265318657018439,False,False,nnUNet,train
case_00107,36463,1623,1172,1466182,1505440,37635,38086,0.024999335742374323,0.9630881789728081,0.9288043201385705,0.9573859160846505,0.9688587750763916,0.0011057327097264281,10.0,3.5467083781932547,False,False,nnUNet,train
case_00108,10282,823,245,1494090,1505440,10527,11105,0.0069926400255074924,0.9506286982248521,0.9059030837004405,0.9258892390814948,0.9767265127766696,0.0005505337099884742,5.0,2.343466772101238,False,False,nnUNet,train
case_00109,17147,1676,432,1486185,1505440,17579,18823,0.011676984801785525,0.9420910938959398,0.8905219423526357,0.9109599957498805,0.9754252232777746,0.0011264493121333242,7.0,3.396548361443614,False,False,nnUNet,train
case_00110,43155,1464,5619,1455202,1505440,48774,44619,0.03239850143479647,0.9241591982268479,0.8590111071300609,0.9671888657298461,0.8847951777586419,0.001005034784912945,395.3357432431134,32.29453766415184,False,False,nnUNet,train
case_00111,11196,1570,298,1492376,1505440,11494,12766,0.007634977149537677,0.9230008244023084,0.8570116350275566,0.8770170766097446,0.9740734296154515,0.0010509081318869624,8.602325267042627,3.7919177154014134,False,False,nnUNet,train
case_00112,55857,3395,2408,1443780,1505440,58265,59252,0.03870297056010203,0.9506199103108487,0.9058871229322089,0.9427023560386147,0.9586715867158672,0.0023459498678459756,9.0,3.393404219583004,False,False,nnUNet,train
case_00113,51932,1472,2320,1449716,1505440,54252,53404,0.03603730470825805,0.9647766961432711,0.9319503266097193,0.9724365216088683,0.957236599572366,0.0010143413534290527,7.0,3.064431704253001,False,False,nnUNet,train
case_00114,35372,1417,1267,1467384,1505440,36639,36789,0.02433773514719949,0.9634471863594269,0.929472356527223,0.9614830519992389,0.9654193618821474,0.0009647324586516485,9.899494936611665,2.7106467241524568,False,False,nnUNet,train
case_00115,15604,1005,1060,1487771,1505440,16664,16609,0.011069189074290572,0.9379376671775914,0.8831286433867225,0.9394906376061172,0.9363898223715794,0.0006750511829852173,11.153344113436605,2.6762278927602106,False,False,nnUNet,train
case_00116,33240,2874,1208,1468118,1505440,34448,36114,0.022882346689339993,0.9421501658116267,0.8906275119232624,0.9204186741983719,0.9649326521133302,0.001953783569183245,12.0,4.005018900433863,False,False,nnUNet,train
case_00117,54291,659,1357,1449133,1505440,55648,54950,0.0369646083537039,0.9817718222752672,0.9641962811018169,0.988007279344859,0.9756145773433007,0.00045454796274224164,6.082762530298219,2.1581794390812417,False,False,nnUNet,train
case_00118,31535,900,1479,1471526,1505440,33014,32435,0.0219298012541184,0.9636510871059909,0.9298519785339388,0.9722521967010945,0.955200823892894,0.0006112361504075587,8.0,3.220049214334227,False,False,nnUNet,train
case_00119,22982,2122,373,1479963,1505440,23355,25104,0.015513736847699012,0.9485131760870014,0.9020685324017742,0.9154716379859783,0.9840291158210234,0.0014317667340267258,7.211102550927978,3.8247733093536134,False,False,nnUNet,train
case_00120,66898,1653,2718,1434171,1505440,69616,68551,0.046242958869167815,0.9683643706529056,0.9386689865158765,0.9758865662061823,0.9609572512066191,0.0011512553070571324,9.848857801796104,3.5224660990203076,False,False,nnUNet,train
case_00121,4561,522,125,1500232,1505440,4686,5083,0.0031127112339249655,0.9337700890572218,0.875768049155146,0.8973047412945111,0.9733247972684592,0.00034782515988629714,5.830951894845301,2.1601795677318045,False,False,nnUNet,train
case_00122,17995,1412,380,1485653,1505440,18375,19407,0.012205733871824848,0.9525700068815838,0.9094354879466316,0.9272427474622559,0.9793197278911565,0.0009495213726367039,8.06225774829855,2.9183685651072127,False,False,nnUNet,train
case_00123,112323,2706,5463,1384948,1505440,117786,115029,0.07824024869805506,0.9649120546356549,0.9322029678318893,0.9764754974832434,0.9536192756354746,0.001950053831862986,11.0,4.361347622951317,False,False,nnUNet,train
case_00124,50342,3313,1292,1450493,1505440,51634,53655,0.034298278244234245,0.9562632373752243,0.9161919668043751,0.9382536576274345,0.9749777278537398,0.0022788460083394894,10.770329614269007,3.7683913335492187,False,False,nnUNet,train
case_00125,15578,919,548,1488395,1505440,16126,16497,0.010711818471676056,0.955031726082825,0.9139337048987973,0.9442929017397103,0.9660176113109264,0.0006170626207770826,8.06225774829855,2.8108357696686816,False,False,nnUNet,train
case_00126,35175,4527,22,1213516,1253240,35197,39702,0.02808480418754588,0.9392648767006235,0.885484845433491,0.8859755176061659,0.9993749467284143,0.003716617557836628,11.672602819947858,4.983418057066817,False,False,nnUNet,train
case_00127,7975,721,109,1244435,1253240,8084,8696,0.006450480354920047,0.9505363528009535,0.9057353776263487,0.9170883164673413,0.9865165759524988,0.0005790439109637668,5.0,2.1993348976327094,False,False,nnUNet,train
case_00128,31970,739,234,1220297,1253240,32204,32709,0.025696594427244583,0.9850107066381156,0.9704641350210971,0.9774068299244856,0.9927338218854801,0.0006052237608063972,3.605551275463989,1.102434070644634,False,False,nnUNet,train
case_00129,2661,129,77,1250373,1253240,2738,2790,0.0021847371612779675,0.9627351664254703,0.9281478897802581,0.953763440860215,0.9718772826880935,0.0001031585715176785,2.0,0.9971515181998788,False,False,nnUNet,train
case_00130,2395,629,258,1249958,1253240,2653,3024,0.0021169129616035237,0.8437555046679585,0.7297379646556977,0.7919973544973545,0.9027516019600452,0.0005029638081956713,12.891168824543133,3.863985237857062,False,False,nnUNet,train
case_00131,11643,490,160,1240947,1253240,11803,12133,0.009417988573617184,0.9728442513368984,0.9471243797283007,0.9596142751174482,0.9864441243751588,0.0003947038794558242,5.0297058540778306,1.4353268460607618,False,False,nnUNet,train
case_00132,3113,723,218,1249186,1253240,3331,3836,0.0026579106954773227,0.8687037812194781,0.7678835717809571,0.8115224191866528,0.9345541879315521,0.0005784421105856506,240.14995315427402,44.79854718957253,False,False,nnUNet,train
case_00133,32980,614,581,1219065,1253240,33561,33594,0.026779387826753057,0.9822053458417095,0.9650329188002926,0.9817229267131036,0.9826882393254075,0.0005034111434238025,4.920820393249889,1.6359119946401068,False,False,nnUNet,train
case_00134,14332,893,697,1237318,1253240,15029,15225,0.011992116434202548,0.947444965954915,0.9001381735962819,0.9413464696223317,0.9536229955419522,0.0007212017984010803,11.180339887498949,2.841058801051758,False,False,nnUNet,train
case_00135,41667,1927,513,1461333,1505440,42180,43594,0.028018386651078753,0.9715531513045912,0.944679982769175,0.9557966692664128,0.9878378378378379,0.0013169224881429138,6.082762530298219,2.1862501430948686,False,False,nnUNet,train
case_00136,8189,405,95,1244551,1253240,8284,8594,0.006610066707095209,0.9703756369238061,0.9424559788238002,0.9528740982080521,0.9885321100917431,0.0003253127018143613,3.605551275463989,1.4125030830920606,False,False,nnUNet,train
case_00137,74314,2109,1552,1175265,1253240,75866,76423,0.060535890970604196,0.9759601809717051,0.9530490541840333,0.9724035957761407,0.9795428782326734,0.0017912744803265572,7.810249675906654,3.0961449015849354,False,False,nnUNet,train
case_00138,31278,1672,250,1220040,1253240,31528,32950,0.025157192556892534,0.9701913831074165,0.9421084337349398,0.9492564491654021,0.9920705404719614,0.0013685713163167751,7.0710678118654755,2.5836466994970433,False,False,nnUNet,train
case_00139,53818,1510,1276,1196636,1253240,55094,55328,0.04396125243369187,0.9747695205665537,0.9507808635432125,0.9727082128397918,0.976839583257705,0.0012602804666543143,5.0,1.9044321825032589,False,False,nnUNet,train
case_00140,20101,1029,552,1231558,1253240,20653,21130,0.016479684657368102,0.962161644688031,0.9270823724748639,0.9513014671083767,0.9732726480414468,0.0008348295089920631,5.0,1.960492973179541,False,False,nnUNet,train
case_00141,216567,4622,8287,1023764,1253240,224854,221189,0.17941814815996937,0.9710588441024744,0.9437457511896669,0.9791038433195141,0.9631449740720646,0.0044944213554054604,17.0,6.302868599808415,False,False,nnUNet,train
case_00142,15759,631,635,1236215,1253240,16394,16390,0.013081293287798028,0.9613836017569546,0.9256387665198238,0.9615009151921904,0.9612663169452239,0.0005101686062775802,4.242640687119285,2.5069198282094716,False,False,nnUNet,train
case_00143,35298,1230,922,1215790,1253240,36220,36528,0.028901088378921833,0.970418430747237,0.9425367156208277,0.9663272010512484,0.9745444505797902,0.0010106653958028627,7.0,2.1553959768979043,False,False,nnUNet,train
case_00144,21035,548,781,1230876,1253240,21816,21583,0.017407679295266668,0.9693771745892763,0.9405741370059023,0.9746096464810268,0.9642005867253391,0.0004450132529494309,7.2732091554452545,1.995963774955381,False,False,nnUNet,train
case_00145,30330,1251,455,1221204,1253240,30785,31581,0.024564329258561807,0.9726453516339031,0.9467474091646897,0.9603875748076375,0.9852200747117102,0.001023350552781084,6.082762530298219,2.0528483304488736,False,False,nnUNet,train
case_00146,57007,1514,1458,1445461,1505440,58465,58521,0.03883582208523754,0.9745952507137606,0.9504493239300422,0.9741289451649835,0.9750620029077226,0.001046320772646383,7.447941497572213,2.611720139905275,False,False,nnUNet,train
case_00147,9840,1060,119,1242221,1253240,9959,10900,0.00794660240656219,0.9434776355529987,0.8930029948271168,0.9027522935779817,0.9880510091374636,0.0008525828030831325,8.48528137423857,2.4146821779451018,False,False,nnUNet,train
case_00148,5122,473,261,1247384,1253240,5383,5595,0.004295266668794485,0.9331390052832939,0.8746584699453552,0.9154602323503128,0.9515140256362623,0.0003790498430509265,5.453087167723973,2.3626321848064835,False,False,nnUNet,train
case_00149,19164,1529,280,1232267,1253240,19444,20693,0.015514985158469248,0.9549293669183048,0.9137462451723645,0.9261102788382545,0.9855996708496194,0.001239264837947278,7.615773105863909,2.96502456134909,False,False,nnUNet,train
case_00150,24441,905,789,1227105,1253240,25230,25346,0.020131818326896683,0.966505852578298,0.9351827051846183,0.9642941687051211,0.9687277051129608,0.0007369646826980237,5.830951894845301,2.2718819832855126,False,False,nnUNet,train
case_00151,12493,999,443,1239305,1253240,12936,13492,0.010322045258689476,0.9454366580899046,0.8965195550771439,0.9259561221464572,0.9657544836116265,0.0008054476966937138,8.06225774829855,3.315729436259565,False,False,nnUNet,train
case_00152,30614,1179,802,1220645,1253240,31416,31793,0.025067824199674443,0.9686595263332753,0.939223807332413,0.9629163652376309,0.974471606824548,0.0009649507621392279,9.178504627504019,2.4748987153096107,False,False,nnUNet,train
case_00153,181260,4507,4242,1063231,1253240,185502,185767,0.1480179375059845,0.9764348760602151,0.9539548126667684,0.9757384250162838,0.9771323220234822,0.004221072959845955,15.652475842498529,4.405768504594925,False,False,nnUNet,train
case_00154,3645,681,77,1248837,1253240,3722,4326,0.0029699020139797644,0.9058151093439364,0.8278446513740632,0.8425797503467406,0.9793121977431488,0.0005450101559161212,6.0,2.499844524035418,False,False,nnUNet,train
case_00155,38062,773,975,1213430,1253240,39037,38835,0.03114886214930899,0.977552907335114,0.9560914343129867,0.9800952748809064,0.9750236954684017,0.0006366316011408306,5.830951894845301,2.2095171824483857,False,False,nnUNet,train
case_00156,75751,2007,1623,1173859,1253240,77374,77758,0.06173917206600492,0.9766005724157492,0.9542711732026555,0.9741891509555287,0.9790239615374674,0.0017068271384664579,11.02268050859363,2.5660292423923385,False,False,nnUNet,train
case_00157,64953,3764,1568,1435155,1505440,66521,68717,0.04418708151769582,0.9605732116712759,0.9241374404211425,0.9452246169070244,0.9764284962643376,0.0026158525948993656,16.043647029833597,4.14994131109341,False,False,nnUNet,train
case_00158,25120,388,1489,1226243,1253240,26609,25508,0.021232166225144424,0.9639848801734558,0.9304737563432974,0.9847890857770112,0.9440414897215228,0.0003163135449862265,12.037435120913061,2.7212828208873963,False,False,nnUNet,train
case_00159,17941,1070,387,1233842,1253240,18328,19011,0.014624493313331844,0.9609791370952623,0.9248891638313228,0.9437167955394246,0.9788847664775208,0.0008664585006866886,4.0,1.6162885067302641,False,False,nnUNet,train
case_00160,4710,334,160,1248036,1253240,4870,5044,0.003885927675465194,0.9501714746822675,0.9050730207532667,0.9337827121332276,0.9671457905544147,0.0002675488837444027,4.123105625617661,2.0097043237157353,False,False,nnUNet,train
case_00161,28472,1767,832,1222169,1253240,29304,30239,0.023382592320704734,0.9563508724787129,0.9163528692349779,0.9415655279605807,0.9716079716079716,0.00144370293871575,7.0710678118654755,3.1479380877137,False,False,nnUNet,train
case_00162,133502,1521,2351,1115866,1253240,135853,135023,0.1084014235102614,0.9857056365274147,0.9718141715317309,0.9887352525125349,0.9826945301171118,0.001361211469258189,6.464140176446097,2.6413366403684675,False,False,nnUNet,train
case_00163,96432,1940,4810,1150058,1253240,101242,98372,0.08078420733458874,0.9661847365415251,0.9345816130720475,0.9802789411621193,0.9524900732897414,0.00168403070144219,10.04987562112089,3.530545602370543,False,False,nnUNet,train
case_00164,61450,1707,2196,1187887,1253240,63646,63157,0.0507851648527018,0.9692199711363296,0.9402781815677934,0.9729721171049923,0.9654966533639192,0.0014349433504203955,10.198039027185569,3.817932407238549,False,False,nnUNet,train
case_00165,130030,1576,3231,1118403,1253240,133261,131606,0.1063331843860713,0.9818512687499764,0.9643495479727374,0.9880248620883546,0.9757543467331027,0.0014071692415661364,8.06225774829855,3.5342526503579768,False,False,nnUNet,train
case_00166,37470,2455,618,1212697,1253240,38088,39925,0.03039162490823785,0.9606091292476895,0.9242039316281478,0.9385097056981841,0.9837744171392565,0.0020203233834121164,5.656854249492381,1.9565212153773321,False,False,nnUNet,train
case_00167,45477,903,2912,1456148,1505440,48389,46380,0.03214276224891062,0.9597442201563803,0.9226040736833563,0.9805304010349288,0.9398210337060076,0.0006197449505885518,14.866068747318506,3.6357477902837028,False,False,nnUNet,train
case_00168,27898,954,2931,1473657,1505440,30829,28852,0.020478398342012965,0.9349039057656541,0.8777648428405123,0.9669347012338833,0.9049271789548802,0.0006469502804468432,17.032598156917114,5.5755380013545395,False,False,nnUNet,train
case_00169,41689,1786,1056,1460909,1505440,42745,43475,0.028393692209586565,0.9670378102528415,0.9361792908311064,0.9589189189189189,0.9752953561820096,0.001221033776693022,9.219544457292887,3.458540409685883,False,False,nnUNet,train
case_00170,129521,1121,2795,1372003,1505440,132316,130642,0.08789191199914975,0.9851078879516881,0.9706528174344448,0.9914192985410512,0.9788763263702046,0.0008163865754294586,7.810249675906654,3.8023976993642856,False,False,nnUNet,train
case_00171,18747,839,791,1485063,1505440,19538,19586,0.01297826549048783,0.9583375932931193,0.9200078519899887,0.9571632798938017,0.9595147916879926,0.0005646401983441708,5.0,1.9828639203668785,False,False,nnUNet,train
case_00172,33490,1188,3434,1467328,1505440,36924,34678,0.02452704857051759,0.9354487304823887,0.8787258606213266,0.9657419689716823,0.9069981583793738,0.0008089799498269001,13.095675624185603,5.04019893341206,False,False,nnUNet,train
case_00173,37315,608,3925,1463592,1505440,41240,37923,0.027393984482941863,0.9427384005153923,0.891679411202447,0.9839675131186879,0.9048254122211445,0.00041524381915038927,11.661903789690601,5.1911056039157915,False,False,nnUNet,train
case_00174,55071,2415,2985,1444969,1505440,58056,57486,0.038564140716335425,0.9532637482473906,0.9107009971721982,0.9579897714226072,0.9485841256717652,0.0016685274951222344,10.963330765278343,3.7050340471939287,False,False,nnUNet,train
case_00175,65200,2073,2237,1435930,1505440,67437,67273,0.04479554150281645,0.9680053448147873,0.9379945331606963,0.9691852600597565,0.9668282990049972,0.0014415825279919443,10.770329614269007,2.9255125059938027,False,False,nnUNet,train
case_00176,47732,980,6017,1450711,1505440,53749,48712,0.03570318312254225,0.9317106020827437,0.872151875605255,0.9798817539825916,0.888053731232209,0.0006750747920872968,34.15340302591672,5.5199298589181245,False,False,nnUNet,train
case_00177,74408,2882,3760,1424390,1505440,78168,77290,0.051923690083962165,0.9572746336631116,0.918050586057989,0.9627118644067797,0.9518984750793164,0.002019236697700228,12.649110640673518,4.290254681190032,False,False,nnUNet,train
case_00178,76353,1583,2921,1424583,1505440,79274,77936,0.05265835901796152,0.9713504230010813,0.9442967213722993,0.9796884623280641,0.9631531145142165,0.0011099689657445206,12.0,3.789254225792548,False,False,nnUNet,train
case_00179,42744,445,1567,1460684,1505440,44311,43189,0.0294339196513976,0.9770057142857143,0.9550451336133703,0.9896964504850773,0.9646363205524587,0.0003045590088212608,6.324555320336759,2.3008890651510487,False,False,nnUNet,train
case_00180,54120,2249,1649,1447422,1505440,55769,56369,0.037044983526410884,0.9652392587704436,0.9328139542900479,0.9601021838244426,0.9704316017859385,0.0015513864870029131,9.013846284534354,3.827824591005926,False,False,nnUNet,train
case_00181,112249,999,6614,1385578,1505440,118863,113248,0.07895565416090977,0.9672010374346757,0.9364852914184646,0.9911786521616276,0.9443561074514357,0.000720479280991968,15.297058540778355,5.129101205065271,False,False,nnUNet,train
case_00182,67022,1007,1777,1435634,1505440,68799,68029,0.045700260388989264,0.9796532873388488,0.9601180414291035,0.9851974893060312,0.9741711362083751,0.0007009405968505702,5.830951894845301,2.312363150446295,False,False,nnUNet,train
case_00183,64226,2021,1392,1437801,1505440,65618,66247,0.043587256881709,0.9741174686232131,0.9495409453126155,0.9694929581716908,0.9787863086348259,0.0014036457284303198,5.89011873164943,2.430211103738485,False,False,nnUNet,train
case_00184,99752,2207,5211,1398270,1505440,104963,101959,0.06972247316399192,0.9641507427919699,0.9307828683400206,0.9783540442726979,0.9503539342434953,0.0015758916426331885,14.291533398345239,4.904006656269042,False,False,nnUNet,train
case_00185,65562,1695,1793,1436390,1505440,67355,67257,0.04474107237751089,0.974088491367783,0.9494858797972484,0.9747981622730719,0.9733798530175933,0.0011786507751628034,6.0,2.6701566470347693,False,False,nnUNet,train
case_00186,94777,3942,5711,1401010,1505440,100488,98719,0.06674992028908491,0.9515428674695167,0.9075648759934885,0.9600684771928403,0.9431673433643818,0.0028057898063421384,21.18962010041709,6.840658237896464,False,False,nnUNet,train
case_00187,37926,1087,1156,1465271,1505440,39082,39013,0.025960516526729725,0.9712785709712529,0.9441609201125246,0.9721374926306616,0.9704211657540556,0.0007412923719855587,6.324555320336759,2.2322495737741064,False,False,nnUNet,train
case_00188,43458,1476,1943,1458563,1505440,45401,44934,0.03015796046338612,0.9621519898156861,0.9270644452503359,0.9671518226732541,0.9572035858241008,0.0010109318997643213,7.615773105863909,3.053384203322678,False,False,nnUNet,train
case_00189,36691,1263,929,1466557,1505440,37620,37954,0.02498937187798916,0.9709953158493662,0.9436257490419978,0.9667228750592823,0.9753056884635832,0.0008604597293946125,7.211102550927978,2.3680767180079423,False,False,nnUNet,train
case_00190,60622,1347,1497,1441974,1505440,62119,61969,0.04126301944946328,0.9770807813809554,0.9551886049223206,0.9782633252109926,0.975901093063314,0.0009332643258152553,6.324555320336759,2.729269069880571,False,False,nnUNet,train
case_00191,42930,2638,3235,1456637,1505440,46165,45568,0.030665453289403764,0.9359772382893833,0.879659037354261,0.9421084971910112,0.9299252680602188,0.001807746997652944,29.493813627289548,7.750006239428239,False,False,nnUNet,train
case_00192,29169,1976,1769,1472526,1505440,30938,31145,0.02055080242321182,0.9396775284699516,0.8862186303700553,0.9365548242093434,0.9428211261232141,0.0013401134756005756,15.270853609158134,4.311267453177129,False,False,nnUNet,train
case_00193,25807,1449,918,1477266,1505440,26725,27256,0.01775228504623233,0.9561512383986959,0.915986370412437,0.9468373936014088,0.9656501403180543,0.0009799048498189307,7.0,2.956961059109743,False,False,nnUNet,train
case_00194,49238,3182,1136,1451884,1505440,50374,52420,0.03346131363588054,0.9579936572173473,0.9193741130778997,0.9392979778710416,0.9774486838448406,0.002186842383781904,12.041594578792296,4.290301593080117,False,False,nnUNet,train
case_00195,26869,1751,1208,1475612,1505440,28077,28620,0.01865036135614837,0.9478102897860557,0.9007979080059005,0.9388190076869322,0.9569754603412045,0.0011852198816404635,8.955417527999318,3.0369693634481836,False,False,nnUNet,train
case_00196,65658,2077,1558,1436147,1505440,67216,67735,0.044648740567541714,0.9730642974116531,0.9475415987184853,0.9693363844393593,0.9768209950011902,0.0014441422198489247,10.27611191822671,3.3297815011470098,False,False,nnUNet,train
case_00197,74588,442,4448,1425962,1505440,79036,75030,0.05250026570305027,0.9682603559513455,0.9384735398475049,0.9941090230574436,0.9437218482716737,0.0003098701349687746,10.563702056396233,4.047168873111232,False,False,nnUNet,train
case_00198,51682,857,1598,1451303,1505440,53280,52539,0.03539164629609948,0.976800007560079,0.9546520863734599,0.9836883077333028,0.9700075075075075,0.0005901553547818422,5.830951894845301,2.1408018509367692,False,False,nnUNet,train
case_00199,54086,1770,2863,1446721,1505440,56949,55856,0.037828807524710385,0.9589291254820265,0.9210987925543691,0.9683113720996849,0.9497269486733744,0.0012219613376955741,11.40175425099138,4.063932032749707,False,False,nnUNet,train
case_00200,61077,1370,2332,1440661,1505440,63409,62447,0.04211991178658731,0.9705854309687262,0.9428518501366183,0.9780613960638621,0.9632228863410557,0.0009500489240522568,8.0,3.2791005080293747,False,False,nnUNet,train
case_00201,36553,471,1854,1466562,1505440,38407,37024,0.025512142629397386,0.9691771287666875,0.9401975410257729,0.987278522039758,0.9517275496654256,0.0003210561725605354,8.0,2.9721238452874785,False,False,nnUNet,train
case_00202,24144,1957,1014,1478325,1505440,25158,26101,0.01671139334679562,0.9420394467313057,0.8904296514844182,0.9250220298072871,0.9596947293107561,0.0013220453940532952,17.72004514666935,4.8568424225237035,False,False,nnUNet,train
case_00203,55456,1773,3746,1444465,1505440,59202,57229,0.03932537995536189,0.9525985347544897,0.9094874948749487,0.9690192035506474,0.9367251106381541,0.0012259392990641928,12.041594578792296,4.027206275239439,False,False,nnUNet,train
case_00204,77817,2569,2986,1422068,1505440,80803,80386,0.05367400892762249,0.9655373505636241,0.9333709158950247,0.9680416988032742,0.9630459265126294,0.0018032663759259377,9.486832980505138,3.440599094976348,False,False,nnUNet,train
case_00205,102502,3220,2244,1397474,1505440,104746,105722,0.06957832925921989,0.9740388087500238,0.9493914750940111,0.969542763095666,0.9785767475607661,0.0022988604220479276,8.94427190999916,3.471342439309496,False,False,nnUNet,train
case_00206,110817,2509,3160,1388954,1505440,113977,113326,0.0757100914018493,0.9750597220450236,0.9513332074240681,0.9778603321391384,0.9722751081358519,0.0018031381359044402,10.295630140987,4.340829843465043,False,False,nnUNet,train
case_00207,40707,2524,2218,1459991,1505440,42925,43231,0.028513258582208524,0.9449603045638145,0.8956632709190522,0.9416159700215123,0.9483284799068142,0.001725794265357962,11.704699910719626,3.965561819956519,False,False,nnUNet,train
case_00208,9958,939,226,1494317,1505440,10184,10897,0.006764799659900096,0.9447369669370523,0.8952620695855434,0.9138294943562448,0.977808326787117,0.0006279861107395657,9.219544457292887,2.8662139759450356,False,False,nnUNet,train
case_00209,33709,1383,1363,1468985,1505440,35072,35092,0.02329684344776278,0.9608631206886723,0.924674255931971,0.9605893081044112,0.9611370894160584,0.0009405808613898017,7.514605467129926,3.518349484729126,False,False,nnUNet,train
case_00210,3084,427,58,1249671,1253240,3142,3511,0.0025071015926717947,0.9271005561400871,0.8641075931633511,0.8783822272856736,0.9815404201145767,0.0003415732206595003,4.141035884842902,1.795877678632845,False,False,nnUNet,train
case_00211,18126,925,643,1233546,1253240,18769,19051,0.014976381219878076,0.9585404547858276,0.9203818421854372,0.9514461183139993,0.965741382066173,0.0007493088132487519,8.06225774829855,2.9223068940192336,False,False,nnUNet,train
case_00212,19043,1846,315,1232036,1253240,19358,20889,0.015446363027033928,0.9463065570104604,0.8980852669307677,0.9116281296376083,0.9837276578158901,0.0014960911983479782,8.06225774829855,3.479280151029187,False,False,nnUNet,train
case_00213,57684,2378,1286,1191892,1253240,58970,60062,0.04705403593884651,0.9692183614490221,0.940275151594184,0.9604075788352037,0.9781923011700865,0.001991174525023655,8.602325267042627,2.931161416305839,False,False,nnUNet,train
case_00214,13372,836,619,1238413,1253240,13991,14208,0.011163863266413457,0.9484024256179298,0.9018682133944831,0.9411599099099099,0.9557572725323422,0.0006746021178955964,7.761630533395968,3.323064987124559,False,False,nnUNet,train
case_00215,14661,902,476,1237201,1253240,15137,15563,0.012078293064377134,0.9551140065146579,0.9140844192281314,0.9420420227462571,0.9685538746118781,0.0007285338941913557,7.615773105863909,2.6136915275981907,False,False,nnUNet,train
case_00216,45499,1654,1724,1456563,1505440,47223,47153,0.031368237857370605,0.9642070017801135,0.9308877386091617,0.9649226984497274,0.9634923660080893,0.0011342619102643846,7.0,2.685053770052614,False,False,nnUNet,train
case_00217,54724,2028,2011,1194477,1253240,56735,56752,0.04527065845328907,0.9644100205309859,0.9312662729949117,0.9642655765435579,0.9645545077994183,0.0016949365025637167,13.0,3.583031072693715,False,False,nnUNet,train
case_00218,53953,1998,1007,1196282,1253240,54960,55951,0.04385432957773451,0.9729062040735365,0.9472418273113522,0.9642901824810995,0.9816775836972343,0.0016673899255599692,8.246211251235321,2.815045403824727,False,False,nnUNet,train
case_00219,32943,2190,908,1217199,1253240,33851,35133,0.02701078803740704,0.9550910356024586,0.9140423406675731,0.9376654427461361,0.9731765679005051,0.001795981430044063,10.827747210701755,3.9641981658663474,False,False,nnUNet,train
case_00220,3758,122,594,1248766,1253240,4352,3880,0.003472599023331525,0.913022351797862,0.8399642378185069,0.9685567010309278,0.8635110294117647,9.768690226825784e-05,109.3376568875473,15.976940398499943,False,False,nnUNet,train
case_00221,29700,1004,1162,1221374,1253240,30862,30704,0.024625770004149245,0.9648182438358834,0.9320278666917718,0.9673006774361647,0.9623485192145681,0.0008213498606813932,7.0710678118654755,2.535102457676731,False,False,nnUNet,train
case_00222,94706,1477,3991,1153066,1253240,98697,96183,0.07875347100315981,0.9719417077175698,0.9454149779383872,0.984643855982866,0.9595631072879621,0.001279294058341699,9.219544457292887,3.3787093291559476,False,False,nnUNet,train
case_00223,21390,1420,806,1229624,1253240,22196,22810,0.017710893364399478,0.9505399280095987,0.9057418699186992,0.9377466023673827,0.9636871508379888,0.0011534924828032142,8.06225774829855,2.8638760747533074,False,False,nnUNet,train
case_00224,46355,960,1359,1204566,1253240,47714,47315,0.03807251603842839,0.9755969230445443,0.9523564942268973,0.9797104512311107,0.9715177935197217,0.0007963328870551112,6.0,3.2170224560627543,False,False,nnUNet,train
case_00225,74844,1805,2559,1174032,1253240,77403,76649,0.061762312087070316,0.9716719029937944,0.9449045550954449,0.9764510952523843,0.9669392659199256,0.0015350767155651677,11.83758495089574,4.0541360384938905,False,False,nnUNet,train
case_00226,24731,3029,249,1225231,1253240,24980,27760,0.01993233538667773,0.9378460371634433,0.8829661894391089,0.8908861671469741,0.9900320256204964,0.002466090241479817,13.92838827718412,4.809168808502317,False,False,nnUNet,train
case_00227,36636,1830,1493,1465481,1505440,38129,38466,0.025327479009459027,0.9566159670996801,0.9168397607547737,0.9524255186398378,0.9608434524902305,0.0012471793641566102,7.0710678118654755,2.9976513011768766,False,False,nnUNet,train
case_00228,72322,1236,2199,1177483,1253240,74521,73558,0.05946267275222623,0.9768029227642002,0.954657655398181,0.9831969330324369,0.9704915392976476,0.0010485959758008481,10.714256093655251,6.250526292043927,False,False,nnUNet,train
case_00229,36607,1640,544,1214449,1253240,37151,38247,0.029643962848297213,0.9710337144221333,0.9436982805289886,0.9571208199335896,0.985357056337649,0.001348585506488423,7.238705486268985,2.2257099672361256,False,False,nnUNet,train
case_00230,64296,2011,1472,1185461,1253240,65768,66307,0.05247837604928027,0.9736286201022146,0.948612402071438,0.969671377079343,0.9776182946113612,0.0016935136154789335,7.231804752433721,2.8801646485339183,False,False,nnUNet,train
case_00231,22089,1429,1188,1228534,1253240,23277,23518,0.018573457597906226,0.9440752217117213,0.8940743139318384,0.9392380304447657,0.9489624951669029,0.001161823567050391,10.686219333348374,2.7650180831480573,False,False,nnUNet,train
case_00232,14085,1246,303,1237606,1253240,14388,15331,0.011480642175481153,0.9478784615902285,0.9009210694639888,0.9187267627682474,0.9789407839866555,0.0010057698579007015,9.473620018393005,2.6511009887909487,False,False,nnUNet,train
case_00233,23040,1582,932,1227686,1253240,23972,24622,0.019128020171714916,0.9482652179281392,0.9016200986146983,0.9357485175858988,0.9611213081928917,0.0012869447508598614,11.0,3.5297379450489257,False,False,nnUNet,train
case_00234,30706,1409,1122,1220003,1253240,31828,32115,0.025396572085155278,0.960417872167399,0.9238499262869694,0.9561264206756968,0.9647480206107829,0.0011535829024113076,12.107578993568836,5.747472863987777,False,False,nnUNet,train
case_00235,32808,1407,1555,1217470,1253240,34363,34215,0.027419329098975456,0.9568083058706874,0.9171931786413196,0.9588776852257782,0.9547478392457003,0.0011543412501835706,10.0,3.6890461561079455,False,False,nnUNet,train
case_00236,17615,1147,134,1234344,1253240,17749,18762,0.01416249082378475,0.964914683246145,0.9322078746824725,0.9388657925594286,0.9924502788889515,0.0009283758440976098,7.625496934366037,1.8836749990590895,False,False,nnUNet,train
case_00237,29088,2160,1227,1220765,1253240,30315,31248,0.024189301330950177,0.9449831879538034,0.8957043879907621,0.9308755760368663,0.9595249876298863,0.001766257129423309,22.47220505424423,5.0559477541441105,False,False,nnUNet,train
case_00238,25039,2561,924,1476916,1505440,25963,27600,0.017246120735466042,0.9349364299983197,0.8778221848268125,0.9072101449275363,0.9644108924238339,0.001731017109424479,13.414438053042113,4.405194636770589,False,False,nnUNet,train
case_00239,55788,2463,881,1194108,1253240,56669,58251,0.045217994957071274,0.9709014966933519,0.9434485557735236,0.95771746407787,0.984453581323122,0.0020583818260679894,19.09972451581564,4.106135762284525,False,False,nnUNet,train
case_00240,1903,549,15,1250773,1253240,1918,2452,0.0015304331173598034,0.8709382151029749,0.7713822456424807,0.7761011419249593,0.9921793534932221,0.0004387359928139999,8.0,2.3032977482984065,False,False,nnUNet,train
case_00241,19289,1249,357,1232345,1253240,19646,20538,0.01567616737416616,0.9600338443161457,0.9231395070591051,0.9391858993085987,0.9818283620075333,0.0010124887118452262,10.04987562112089,2.7697437366316895,False,False,nnUNet,train
case_00242,65163,2414,1784,1436079,1505440,66947,67577,0.04447005526623446,0.9687936725045345,0.9394760744510604,0.9642777868209598,0.9733520546103634,0.001678145114366215,10.433072690514347,3.8557137422615178,False,False,nnUNet,train
case_00243,83548,1485,3264,1417143,1505440,86812,85033,0.05766553300031885,0.9723646309173964,0.946215613214492,0.9825361918314066,0.9624015113118002,0.0010467860496197734,11.0,3.084140587547087,False,False,nnUNet,train
case_00244,43584,1519,556,1459781,1505440,44140,45103,0.029320331597406737,0.9767488766625954,0.9545544142447272,0.9663215307185775,0.9874037154508383,0.001039485389721481,6.4031242374328485,2.0571161379057914,False,False,nnUNet,train
case_00245,4258,806,468,1499908,1505440,4726,5064,0.0031392815389520673,0.8698672114402451,0.7697035430224151,0.8408372827804107,0.9009733389758782,0.0005370776843555801,191.36322008186025,32.06960012262299,False,False,nnUNet,train
case_00246,97484,2333,4106,1401517,1505440,101590,99817,0.06748193219258157,0.968029909586062,0.9380406647229198,0.9766272278269232,0.959582636086229,0.0016618584606617516,11.0,4.4811903677893685,False,False,nnUNet,train
case_00247,21789,2012,710,1480929,1505440,22499,23801,0.014945132320119035,0.9412095032397408,0.8889478193464159,0.9154657367337506,0.9684430419129739,0.0013567633506660077,7.810249675906654,2.8706017443740506,False,False,nnUNet,train
case_00248,92247,3526,3106,1406561,1505440,95353,95773,0.06333895738123074,0.9653003777612674,0.9329281242731015,0.9631837783091268,0.9674263001688462,0.002500554930298627,9.848857801796104,3.6741443965230927,False,False,nnUNet,train
case_00249,36198,1111,807,653084,691200,37005,37309,0.05353732638888889,0.9741905966574266,0.9496799244411795,0.9702216623334852,0.9781921361978111,0.0016982703933842355,7.0710678118654755,2.368926570700912,False,False,nnUNet,train
case_00250,26374,846,1050,662930,691200,27424,27220,0.03967592592592593,0.9653026864797599,0.9329324372125929,0.9689199118295371,0.9617123687281214,0.001274526346237285,8.54400374531753,2.7732242318435434,False,False,nnUNet,train
case_00251,5075,493,143,685489,691200,5218,5568,0.007549189814814815,0.9410346745781568,0.8886359656802661,0.9114583333333334,0.9725948639325412,0.0007186777495619418,6.4031242374328485,2.0518166061060814,False,False,nnUNet,train
case_00252,16912,1509,267,672512,691200,17179,18421,0.024853877314814816,0.9501123595505618,0.9049657534246576,0.9180826230932089,0.984457768205367,0.0022388026485821656,7.615773105863909,3.1462328359315466,False,False,nnUNet,train
case_00253,21128,1300,985,667787,691200,22113,22428,0.0319921875,0.9486989515278058,0.9024046469909879,0.9420367397895488,0.9554560665671776,0.0019429461340602942,13.601470508735444,3.3377262780002774,False,False,nnUNet,train
case_00254,37141,2819,1063,1255335,1296358,38204,39960,0.029470254358749667,0.9503351926718182,0.9053701582039344,0.9294544544544544,0.9721756884095906,0.002240584221009511,13.56450889332001,4.343952870132836,False,False,nnUNet,train
case_00255,59401,1630,2958,1441451,1505440,62359,61031,0.04142244127962589,0.962817084042467,0.9283001765928519,0.9732922613098262,0.9525649866097917,0.0011295277257478964,11.213682040370403,4.24667561987084,False,False,nnUNet,train
case_00256,97178,1239,4069,1402954,1505440,101247,98417,0.06725409182697417,0.9734153377674493,0.9482075600569834,0.987410711564059,0.9598111548984167,0.0008823573397673967,10.295630140987,4.066781715772168,False,False,nnUNet,train
case_00257,17721,822,1270,1485627,1505440,18991,18543,0.012614916569242214,0.9442638674268663,0.8944127592994499,0.955670603462223,0.9331262176820599,0.0005529957637295326,13.0,4.497213743945758,False,False,nnUNet,train
case_00258,34996,1098,1220,807994,845308,36216,36094,0.042843555248501135,0.9679435762688425,0.9378785442461275,0.9695794314844572,0.9663132317207864,0.0013570768219188917,6.708203932499369,2.743429035275964,False,False,nnUNet,train
case_00259,63571,1159,3527,947915,1016172,67098,64730,0.06603016024846188,0.9644536820705768,0.931347700602136,0.982094855553839,0.9474350949357656,0.0012211903392148557,11.0,3.5173262591098617,False,False,nnUNet,train
case_00260,51496,1599,1087,961990,1016172,52583,53095,0.05174616108296627,0.9745831677359527,0.9504263408512051,0.9698841698841699,0.9793279196698553,0.001659421184758232,7.0,2.6123745942705128,False,False,nnUNet,train
case_00261,44352,731,3259,1457098,1505440,47611,45083,0.03162596981613349,0.9569551427276847,0.9174630755864466,0.9837854623694076,0.9315494318539833,0.0005014305518685662,15.524174696260024,4.670781603224486,False,False,nnUNet,train
case_00262,24906,1111,866,989289,1016172,25772,26017,0.02536184819105427,0.9618258703585704,0.926459100546814,0.957297151862244,0.9663976408505355,0.0011217689822294022,7.582206784205524,2.953492417462332,False,False,nnUNet,train
case_00263,92785,2193,2479,1407983,1505440,95264,94978,0.06327983845254544,0.9754418057001083,0.9520609089136748,0.9769104424182442,0.9739775780987572,0.0015551250340383044,10.770329614269007,3.6614556432538476,False,False,nnUNet,train
case_00264,29353,1917,1219,1472951,1505440,30572,31270,0.020307684132213837,0.9492901264512791,0.9034750223152451,0.9386952350495683,0.9601269135156352,0.001299777336005663,14.317821063276353,4.236184050016578,False,False,nnUNet,train
case_00265,8288,586,516,1496050,1505440,8804,8874,0.005848124136465086,0.9376626315194027,0.8826411075612354,0.9339643903538427,0.9413902771467515,0.00039154477107326027,6.708203932499369,2.5490538901521016,False,False,nnUNet,train
case_00266,39509,1448,2305,1462178,1505440,41814,40957,0.027775268360080773,0.9546580324026531,0.9132495030280616,0.9646458480845765,0.9448749222748362,0.000989323775336049,13.427572719621228,4.072956652199547,False,False,nnUNet,train
case_00267,54196,1042,1668,959266,1016172,55864,55238,0.054974945186444815,0.9756079998559882,0.9523776051734439,0.9811361743727144,0.970141772876987,0.0010850685405099198,6.708203932499369,2.466080661020658,False,False,nnUNet,train
case_00268,15910,844,384,1236102,1253240,16294,16754,0.013001500111710447,0.9628419268942144,0.928346364803361,0.9496239703951295,0.9764330428378544,0.0006823256633676813,5.0,2.105766022970305,False,False,nnUNet,train
case_00269,37560,424,1329,1213927,1253240,38889,37984,0.03103076824869937,0.9771961546967075,0.9554091521888434,0.9888374052232519,0.9658258119262516,0.00034915769822728356,5.0,2.236262047734533,False,False,nnUNet,train
case_00270,42859,934,1343,1208104,1253240,44202,43793,0.03527017969423255,0.9741235297460082,0.9495524636653669,0.9786723905647021,0.9696167594226506,0.0007725150077995894,6.0,2.437941820504603,False,False,nnUNet,train
case_00271,20442,1116,347,1231335,1253240,20789,21558,0.016588203376847212,0.9654520981415449,0.9332115955261356,0.9482326746451434,0.98330848044639,0.0009055126735261686,7.017766952966369,2.447228219822206,False,False,nnUNet,train
case_00272,34431,942,1987,978812,1016172,36418,35373,0.035838421054703334,0.9592010140546865,0.921600642398287,0.9733695191247562,0.9454390685924543,0.0009614658373428432,13.601470508735444,3.4850006609835615,False,False,nnUNet,train
case_00273,92742,1295,6807,1152396,1253240,99549,94037,0.079433308863426,0.9581477999442108,0.9196580857562175,0.9862288248242713,0.9316216134767803,0.001122484270051513,17.46997049416556,5.358609187805428,False,False,nnUNet,train
case_00274,19700,608,644,1484488,1505440,20344,20308,0.01351365713678393,0.9692020072813146,0.9402443680794196,0.9700610596809139,0.9683444750294927,0.0004094011430910864,5.830951894845301,1.8442308452450653,False,False,nnUNet,train
case_00275,57740,2238,2464,1233916,1296358,60204,59978,0.04644087512862959,0.9608760047261653,0.9246981198552257,0.9626863183167161,0.9590724868779483,0.0018104540372801447,12.623648772233,4.658835794857259,False,False,nnUNet,train
case_00276,54658,1544,2180,1447058,1505440,56838,56202,0.03775507492826018,0.9670559094125973,0.9362132164023158,0.9725276680545176,0.9616453780921215,0.001065855217651225,8.48528137423857,3.1138138326767852,False,False,nnUNet,train
case_00277,99574,663,8127,1144876,1253240,107701,100237,0.0859380485780856,0.9577277842433802,0.9188845003875826,0.9933856759480032,0.924541090611972,0.0005787668512377143,20.223748416156685,6.1497850522145505,False,False,nnUNet,train
case_00278,45116,2112,837,1457375,1505440,45953,47228,0.030524630672760122,0.9683519172363465,0.938645584104858,0.9552807656474972,0.9817857376014624,0.0014470838041037708,9.848857801796104,3.027765764708423,False,False,nnUNet,train
case_00279,181245,2051,10024,1059920,1253240,191269,183296,0.15261960997095528,0.9677626046213608,0.9375387957790192,0.9888104486731844,0.9475921346376046,0.001931314508588276,18.601075237738275,7.74709001312901,False,False,nnUNet,train
case_00280,67808,1709,2353,1181370,1253240,70161,69517,0.0559836902748077,0.9709188275891694,0.9434812856546543,0.9754160852741056,0.9664628497313322,0.0014445358255873023,7.0710678118654755,3.2472269167589345,False,False,nnUNet,train
case_00281,51578,1015,3172,1449675,1505440,54750,52593,0.03636810500584547,0.9609941961748787,0.9249170626737201,0.980700853725781,0.9420639269406392,0.0006996670549876266,16.150847582682545,4.2896260460570685,False,False,nnUNet,train
case_00282,27866,1741,610,1475223,1505440,28476,29607,0.01891540014879371,0.9595234405936333,0.9221961147698315,0.9411963387036849,0.9785784520297794,0.0011787694215972765,9.433981132056603,3.3313570494801352,False,False,nnUNet,train
case_00283,33276,952,1567,1469645,1505440,34843,34228,0.023144728451482622,0.963530280436073,0.9296270428830842,0.9721865139651747,0.9550268346583245,0.0006473561417573951,8.54400374531753,2.9398543626668427,False,False,nnUNet,train
case_00284,36569,1404,2725,1255660,1296358,39294,37973,0.0303110714787119,0.9465619216483104,0.8985453830655069,0.9630263608353303,0.9306509899730239,0.0011168882411714918,13.0,5.573268471326587,False,False,nnUNet,train
case_00285,90786,2570,5793,1406291,1505440,96579,93356,0.0641533372303114,0.9559691473398795,0.9156522002239055,0.9724709713355328,0.9400180163389557,0.0018241686014447132,13.892443989449804,5.3371112800283775,False,False,nnUNet,train
case_00286,74214,3668,1371,1217105,1296358,75585,77882,0.05830565322233519,0.9671655795708524,0.936418810644392,0.952903109832824,0.9818614804524707,0.0030046536088199852,10.0,4.381781315665556,False,False,nnUNet,train
case_00287,40444,2716,1015,1461265,1505440,41459,43160,0.027539456902965245,0.9559082475566953,0.9155404640633843,0.9370713623725672,0.975517981620396,0.0018552153340787893,9.219544457292887,4.215057527701465,False,False,nnUNet,train
case_00288,33693,1181,1158,1260326,1296358,34851,34874,0.02688377747504933,0.9664539261384009,0.9350854795737122,0.9661352296840052,0.9667728329172764,0.0009361818840482059,9.667845391150621,3.1888651914275488,False,False,nnUNet,train
case_00289,126290,1271,5934,1119745,1253240,132224,127561,0.10550572915004308,0.9722655272629289,0.9460279411213903,0.9900361395724399,0.9551216118102613,0.0011337929164258137,13.601470508735444,4.970314458549469,False,False,nnUNet,train
case_00290,97152,2213,3075,1193918,1296358,100227,99365,0.07731429126830705,0.9735059521423705,0.9483795392424834,0.9777285764605244,0.9693196444071956,0.0018501317999449892,12.76316894743637,4.06700755151669,False,False,nnUNet,train
case_00291,109070,3698,3172,1389500,1505440,112242,112768,0.07455760442129876,0.9694680236433936,0.9407452130412283,0.9672070090805902,0.9717396340050961,0.002654324798054548,13.0,4.724521167527795,False,False,nnUNet,train
case_00292,39704,38241,2653,1424842,1505440,42357,77945,0.02813596025082368,0.6600721517514255,0.49261768282091367,0.5093848226313427,0.9373657246736077,0.026137273141715132,123.78145693972007,42.29779794548764,False,False,nnUNet,train
case_00293,73625,3328,2547,1216858,1296358,76172,76953,0.05875846024014971,0.9616326530612245,0.9261006289308176,0.956752823151794,0.9665625164102295,0.002727453027653161,14.560219778561036,4.94305710615981,False,False,nnUNet,train
case_00294,29369,1789,1145,1473137,1505440,30514,31158,0.02026915718992454,0.952425736152549,0.9091725226759124,0.9425829642467424,0.9624762404142361,0.0012129422086260598,11.808054941967729,4.140675778325597,False,False,nnUNet,train
case_00295,6362,552,452,1245874,1253240,6814,6914,0.005437107018607769,0.9268648018648019,0.8636980722237306,0.9201619901648829,0.933665981802172,0.00044286624316245007,5.385164807134504,2.1144586326511186,False,False,nnUNet,train
case_00296,34754,1141,644,1216701,1253240,35398,35895,0.02824518847148192,0.9749624787847334,0.9511480883439613,0.9682128430143474,0.9818068817447313,0.000936903145071364,5.830951894845301,2.439597369478986,False,False,nnUNet,train
case_00297,64256,2466,5118,1433600,1505440,69374,66722,0.04608220852375385,0.9442746296731719,0.8944320712694878,0.9630406762387219,0.9262259636174935,0.0017171912711532757,16.06225774829855,5.696013237878689,False,False,nnUNet,train
case_00298,81917,1250,3805,1166268,1253240,85722,83167,0.06840030640579618,0.9700690986387509,0.9418778457434577,0.98497000012024,0.9556123282237932,0.0010706473047953009,10.44030650891055,4.328233205517038,False,False,nnUNet,train
case_00299,80262,1020,4465,1167493,1253240,84727,81282,0.06760636430372474,0.96695962267106,0.9360327475013703,0.9874510961836569,0.9473013325150188,0.000872904280910867,17.0,4.6491371449073275,False,False,nnUNet,train
case_00300,28644,658,1775,1474363,1505440,30419,29302,0.020206052715485173,0.9592605616114934,0.9217105898252728,0.9775441949354993,0.9416483119103192,0.00044609534372730967,11.704699910719626,3.164366919005041,False,False,nnUNet,train
case_00301,141000,1605,4220,1358615,1505440,145220,142605,0.09646349240089276,0.9797620081646834,0.960326919802486,0.9887451351635637,0.9709406417848782,0.001179956183558542,8.596493114870123,3.7667894529448187,False,False,nnUNet,train
case_00302,77598,2407,1981,1423454,1505440,79579,80005,0.052860957593793174,0.9725035091237216,0.9464786670895031,0.969914380351228,0.9751064979454379,0.0016881028375136146,10.295630140987,3.370393240579569,False,False,nnUNet,train
case_00303,101539,1337,2700,1147664,1253240,104239,102876,0.08317560882193355,0.980508413200396,0.9617621429112677,0.9870037715307749,0.9740979863582728,0.0011636195268759557,7.810249675906654,3.111098078889059,False,False,nnUNet,train
case_00304,10754,915,944,1492827,1505440,11698,11669,0.007770485705175896,0.9204433602944323,0.8526123840482043,0.9215871111491988,0.9193024448623697,0.0006125555818876352,14.354180870569051,4.35160643234651,False,False,nnUNet,train
case_00305,9121,1557,164,1494598,1505440,9285,10678,0.006167632054415985,0.9137905124480289,0.8412654491791183,0.8541861771867391,0.9823371028540657,0.001040667577891328,12.529964086141668,4.099303892686013,False,False,nnUNet,train
case_00306,30026,2571,2434,1218209,1253240,32460,32597,0.02590086495802879,0.923067463916258,0.8571265450600897,0.9211277111390619,0.9250154035736291,0.002106030570618785,15.059735677689677,4.93093815783012,False,False,nnUNet,train
case_00307,71720,2048,2638,1176834,1253240,74358,73768,0.059332609875203474,0.9683647705331947,0.9386697379786928,0.9722372844593862,0.9645229834046102,0.0017372391808510097,12.0,4.774410785113823,False,False,nnUNet,train
case_00308,49268,1997,2467,1451708,1505440,51735,51265,0.034365368264427675,0.9566601941747572,0.9169210154098116,0.9610455476445918,0.9523146805837441,0.0013737312590931447,10.63014581273465,4.235144034949484,False,False,nnUNet,train
case_00309,44030,2179,741,1458490,1505440,44771,46209,0.029739478159209267,0.9679050340734228,0.9378061767838126,0.9528446839360297,0.9834491076813116,0.0014917821902155793,9.219544457292887,3.2356340489104456,False,False,nnUNet,train
case_00310,170960,4697,4586,1072997,1253240,175546,175657,0.14007372889470493,0.9735679934396916,0.9484973064141187,0.973260388142801,0.9738757932393789,0.004358380022529586,15.0,5.156987731513119,False,False,nnUNet,train
case_00311,27914,983,788,1475755,1505440,28702,28897,0.019065522372196834,0.9692529384190698,0.940340239178036,0.965982627954459,0.9725454672148283,0.000665656331725736,6.956230589874879,2.3753538600413395,False,False,nnUNet,train
case_00312,35213,1406,1013,1215608,1253240,36226,36619,0.02890587596948709,0.9667925046331252,0.935719600340136,0.9616046314754636,0.9720366587533815,0.0011552866277627044,5.830951894845301,2.4588166227415287,False,False,nnUNet,train
case_00313,42886,1856,1291,1459407,1505440,44177,44742,0.02934490912955681,0.9646082389590526,0.9316360002606826,0.9585177238388985,0.9707766484822419,0.0012701341236998405,9.0,3.2194045791838977,False,False,nnUNet,train
case_00314,57898,1045,2553,1443944,1505440,60451,58943,0.040155037729833136,0.9698644823022933,0.9414921295694029,0.9822710075835978,0.9577674480157483,0.0007231888962476531,8.54400374531753,3.4209254270565355,False,False,nnUNet,train
case_00315,9230,1616,768,1493826,1505440,9998,10846,0.0066412477415240725,0.8856265592016888,0.7947304976752195,0.8510049787940255,0.9231846369273855,0.001080616968093714,13.601470508735444,5.597041708494066,False,False,nnUNet,train
case_00316,10280,398,506,1494256,1505440,10786,10678,0.007164682750557976,0.9578829668281774,0.919170243204578,0.962727102453643,0.9530873354348229,0.00026628236367747985,6.0,2.08958436006281,False,False,nnUNet,train
case_00317,42186,4133,949,1458172,1505440,43135,46319,0.028652752683600808,0.9431886779797438,0.8924854023863925,0.910770957922235,0.9779993045090993,0.0028263597539500995,20.180342017716402,6.0746827461365855,False,False,nnUNet,train
case_00318,20424,1409,478,1483129,1505440,20902,21833,0.013884312891911998,0.9558441558441558,0.9154228855721394,0.9354646635826501,0.9771313749880394,0.000949116829612984,6.956230589874879,2.487289589525562,False,False,nnUNet,train
case_00319,43186,1895,725,1459634,1505440,43911,45081,0.02916821660112658,0.9705591513843941,0.942802252979959,0.9579645526940396,0.9834893306916263,0.0012965873410654184,9.978721977486751,3.100397176357307,False,False,nnUNet,train
case_00320,10718,941,468,1493313,1505440,11186,11659,0.007430385800828994,0.9383234843510615,0.8838129793023831,0.91928981902393,0.9581619881995351,0.0006297456791147958,8.54400374531753,3.5306526315404008,False,False,nnUNet,train
case_00321,14828,571,1120,1488921,1505440,15948,15399,0.010593580614305452,0.9460554439021278,0.8976330286336945,0.9629196701084486,0.9297717582141961,0.0003833521764467349,8.94427190999916,3.3143798836501905,False,False,nnUNet,train
case_00322,48410,2817,1316,1452897,1505440,49726,51227,0.03303087469444149,0.9590601567065863,0.9213406162571608,0.9450094676635368,0.9735349716446124,0.0019351328626364794,10.0,3.849151949865918,False,False,nnUNet,train
case_00323,154897,1142,6543,1342858,1505440,161440,156039,0.10723775108938251,0.9757936745422532,0.952731544697445,0.9926813168502746,0.959471010901883,0.000849702380952381,12.0,4.327729198411258,False,False,nnUNet,train
case_00324,41921,2792,2152,1458575,1505440,44073,44713,0.029275826336486344,0.9443155452436195,0.8945054945054945,0.9375573099545993,0.9511719193156808,0.0019105399259734207,12.529964086141668,4.908488605406456,False,False,nnUNet,train
case_00325,70650,7073,2821,1424896,1505440,73471,77723,0.048803672016154744,0.934560895273622,0.8771603098927294,0.9089973366957014,0.9616038981366798,0.004939352737384678,31.32091952673165,7.640696759361919,False,False,nnUNet,train
case_00326,9376,1447,361,1494256,1505440,9737,10823,0.006467876501222234,0.9120622568093385,0.8383404864091559,0.8663032430934122,0.962924925541748,0.0009674380542126344,11.072135954999576,3.9953706122697037,False,False,nnUNet,train
case_00327,163915,3404,5079,1333042,1505440,168994,167319,0.11225555319375066,0.9747764731068974,0.9507940927388949,0.979655627872507,0.9699456785448004,0.0025470539026642303,11.180339887498949,4.566962227614457,False,False,nnUNet,train
case_00328,166375,1037,5804,1332224,1505440,172179,167412,0.11437121373153364,0.9798551787297072,0.9605059578791798,0.9938057009055504,0.9662908949407303,0.000777792195226591,11.0,4.159715877885053,False,False,nnUNet,train
case_00329,28056,1435,1359,1474590,1505440,29415,29491,0.01953913805930492,0.9525684989644518,0.9094327390599676,0.9513410871113221,0.9537990821009689,0.0009722057553225725,8.94427190999916,3.4654165326019584,False,False,nnUNet,train
case_00330,48540,1946,2116,1452838,1505440,50656,50486,0.03364863428632161,0.9598386427003619,0.9227786015740846,0.9614546606980153,0.9582280480101074,0.0013376556244775856,10.46878240448414,4.004586789678771,False,False,nnUNet,train
case_00331,14361,1039,1257,1488783,1505440,15618,15400,0.010374375597831864,0.9259784641176091,0.8621600528306418,0.9325324675324675,0.9195159431425278,0.000697398749649287,12.041594578792296,4.487674694291311,False,False,nnUNet,train
case_00332,75169,2553,14098,1413620,1505440,89267,77722,0.059296285471357214,0.9002868452413033,0.8186560662165105,0.9671521576902293,0.8420692977248031,0.0018027458509659484,53.0,12.596980081955902,False,False,nnUNet,train
case_00333,38204,3007,910,1463319,1505440,39114,41211,0.025981772770751407,0.9512356053532525,0.9070060065050687,0.9270340443085584,0.9767346730071075,0.0020507035952441683,12.049884857752744,9.651497141572325,False,False,nnUNet,train
case_00334,128556,2488,3911,1370485,1505440,132467,131044,0.08799221490062706,0.9757163837562758,0.9525841947315772,0.9810140105613382,0.9704756656374796,0.0018121259485801978,12.0,4.5158686089772075,False,False,nnUNet,train
case_00335,28473,1024,978,1474965,1505440,29451,29497,0.019563051333829313,0.9660378638800299,0.9343068088597211,0.9652846052140895,0.9667922990730365,0.0006937721080577159,8.0,2.5398785717914354,False,False,nnUNet,train
case_00336,69631,2391,1280,1432138,1505440,70911,72022,0.04710317249442023,0.9743166378652935,0.9499195110638182,0.966801810557885,0.981949203931689,0.001666749155994755,8.043580423808972,2.9908763034233576,False,False,nnUNet,train
case_00337,45420,1096,1827,1457097,1505440,47247,46516,0.031384180040386865,0.968825656175677,0.9395362306848976,0.976438214807808,0.9613308781509937,0.0007516151839982773,7.211102550927978,3.062152229061157,False,False,nnUNet,train
case_00338,25297,1314,861,1477968,1505440,26158,26611,0.017375650972473164,0.95878261858288,0.9208284799068142,0.9506219232648153,0.9670846394984326,0.0008882687682267478,8.48528137423857,2.8695388084928584,False,False,nnUNet,train
case_00339,84712,1563,4307,1414858,1505440,89019,86275,0.05913154958018918,0.966513400344564,0.9351968382239297,0.9818835120254998,0.9516170705130366,0.0011034854750106076,18.994733192202048,4.149569958635732,False,False,nnUNet,train
case_00340,77714,1729,4739,1421258,1505440,82453,79443,0.054770034009990434,0.9600484261501211,0.9231664726426076,0.9782359679266895,0.9425248323287206,0.001215049750981562,19.235384061671343,5.000255924572992,False,False,nnUNet,train
case_00341,20508,1668,371,1482893,1505440,20879,22176,0.013869034966521416,0.952641969573801,0.9095666829289928,0.9247835497835498,0.9822309497581302,0.001123564474615728,6.708203932499369,3.039385003619623,False,False,nnUNet,train
case_00342,19422,857,1065,1484096,1505440,20487,20279,0.013608645977255819,0.9528528675857332,0.9099512743628186,0.9577395335075694,0.9480158149070143,0.0005771226429388674,5.656854249492381,2.517970319807919,False,False,nnUNet,train
case_00343,52518,1450,3034,1448438,1505440,55552,53968,0.036900839621638856,0.9590577063550036,0.9213360934704046,0.9731322265045953,0.9453845046082949,0.0010000772473460018,12.083045973594572,4.494461217911586,False,False,nnUNet,train
case_00344,19292,1505,887,1483756,1505440,20179,20797,0.013404054628547137,0.9416243654822335,0.8896882494004796,0.9276337933355773,0.956043411467367,0.001013289920088119,12.140571200957124,3.569983997029974,False,False,nnUNet,train
case_00345,9096,614,250,1495480,1505440,9346,9710,0.006208151769582315,0.9546599496221663,0.9132530120481928,0.9367662203913492,0.9732505884870533,0.0004104020201939183,5.0,1.912020962675004,False,False,nnUNet,train
case_00346,32390,789,824,1219237,1253240,33214,33179,0.02650250550572915,0.9757052701338996,0.9525630091462518,0.9762198981283342,0.9751911844402963,0.0006467075291838043,5.385164807134504,2.1357923942115074,False,False,nnUNet,train
case_00347,46251,1159,1123,1456907,1505440,47374,47410,0.03146854075884791,0.9759242066171506,0.952980446294274,0.975553680658089,0.9762950141427787,0.0007948885715735776,6.0,2.5219398830551762,False,False,nnUNet,train
case_00348,62948,1628,656,1440208,1505440,63604,64576,0.04224944202359443,0.9821813075362771,0.9649865096884964,0.9747893954410307,0.9896861832589146,0.0011291159327413104,6.0,2.2180706939346897,False,False,nnUNet,train
case_00349,96795,1516,3046,1404083,1505440,99841,98311,0.06632014560527155,0.976977269974565,0.9549907751807966,0.9845795485754392,0.9694914914714395,0.001078543738292358,8.94427190999916,3.1907757194023163,False,False,nnUNet,train
case_00350,7474,577,334,1497055,1505440,7808,8051,0.005186523541290254,0.9425562771927612,0.8913536076326773,0.9283318842379829,0.9572233606557377,0.00038527488728873317,5.830951894845301,2.5597903105345177,False,False,nnUNet,train
case_00351,18100,946,391,1486003,1505440,18491,19046,0.012282787756403443,0.9643818099475184,0.9312136646601842,0.9503307781161399,0.9788545779027635,0.000636202048624398,6.0,2.2374782124223733,False,False,nnUNet,train
case_00352,54713,2031,1737,1194759,1253240,56450,56744,0.045043247901439466,0.966712016537979,0.9355688172226877,0.9642076695333427,0.969229406554473,0.001697039580878851,10.0,4.011388912614174,False,False,nnUNet,train
case_00353,99315,1978,5095,1399052,1505440,104410,101293,0.06935513869699224,0.9656154747378503,0.9335169380005264,0.9804724906953096,0.9512019921463462,0.00141181844785622,14.422205101855956,5.27495526343123,False,False,nnUNet,train
case_00354,83542,930,4829,1416139,1505440,88371,84472,0.05870111063875013,0.9666807449535127,0.9355102406468012,0.9889904347002557,0.9453553767638705,0.000656284203521494,15.572386727531361,4.448828023936975,False,False,nnUNet,train
case_00355,30749,1749,979,1471963,1505440,31728,32498,0.02107556594749708,0.9575249898794881,0.9185112166562117,0.9461813034648286,0.9691439737771054,0.0011867990489322201,10.295630140987,3.5589806269199067,False,False,nnUNet,train
case_00356,42464,1868,1678,1459430,1505440,44142,44332,0.029321660112658094,0.9599204286004928,0.9229297978700283,0.9578633943878011,0.961986316886412,0.0012783155797106407,11.331317649386069,4.657556680404948,False,False,nnUNet,train
case_00357,10801,2072,245,1492322,1505440,11046,12873,0.007337389733234137,0.9031314018144572,0.8233724653148345,0.8390429581294182,0.9778200253485425,0.0013865152028179986,9.884303796166993,4.2518691559686355,False,False,nnUNet,train
case_00358,93534,3973,1077,1406856,1505440,94611,97507,0.062846078222978,0.973714071560187,0.9487746490302686,0.9592542073902387,0.9886165456447982,0.0028160748042462976,14.317821063276353,3.7400292052261173,False,False,nnUNet,train
case_00359,31456,1605,980,1471399,1505440,32436,33061,0.021545860346476778,0.9605325434752737,0.9240621603360654,0.9514533740661202,0.9697866568010852,0.0010896100757363863,8.724124419424282,3.200529408928382,False,False,nnUNet,train
case_00360,13980,1065,694,1489701,1505440,14674,15045,0.009747316399192263,0.9408122749756048,0.888239405298939,0.9292123629112662,0.9527054654490936,0.0007143978330603194,7.810249675906654,3.591127032189755,False,False,nnUNet,train
case_00361,15310,590,735,1488805,1505440,16045,15900,0.010658013603996173,0.9585224604789482,0.9203486624586715,0.9628930817610063,0.954191336865067,0.0003961340007184125,6.324555320336759,2.45444597578327,False,False,nnUNet,train
case_00362,25601,2038,728,1477073,1505440,26329,27639,0.017489239026464022,0.9487474058701453,0.9024923326400395,0.926263613010601,0.9723498803600592,0.0013778546708124002,11.065607847733997,3.626657528466546,False,False,nnUNet,train
case_00363,98790,2750,3614,1400286,1505440,102404,101540,0.0680226378998831,0.9687953555878084,0.9394792399718508,0.9729170770139847,0.9647084098277411,0.0019600352378698763,12.727922061357855,4.494872803675293,False,False,nnUNet,train
case_00364,53456,533,2902,1448549,1505440,56358,53989,0.03743623126793496,0.9688709253536572,0.9396213812378056,0.9901276185889718,0.9485077540012066,0.00036781907442090924,9.486832980505138,3.405849939999593,False,False,nnUNet,train
case_00365,30345,864,812,1473419,1505440,31157,31209,0.0206962748432352,0.9731263829650771,0.9476593485525124,0.9723156781697587,0.9739384407998203,0.0005860475905914944,5.0990195135927845,1.9001754045908423,False,False,nnUNet,train
case_00366,28255,265,1499,1475421,1505440,29754,28520,0.019764321394409607,0.9697292102824587,0.9412372164295946,0.9907082748948106,0.949620219130201,0.00017957749819406024,5.385164807134504,2.406075421746749,False,False,nnUNet,train
case_00367,72892,2530,2837,1427181,1505440,75729,75422,0.050303565734934635,0.9644924611812029,0.9314200283673443,0.9664554108880697,0.9625374691333571,0.0017695883993338515,13.601470508735444,4.308306408366446,False,False,nnUNet,train
case_00368,23864,1236,760,1479580,1505440,24624,25100,0.016356679774683813,0.9598584184699541,0.922815158546017,0.9507569721115537,0.9691358024691358,0.0008346749359812428,8.270118263535624,3.1543130536803208,False,False,nnUNet,train
case_00369,37135,11472,1429,1246322,1296358,38564,48607,0.029747955425893157,0.8520035332851522,0.7421656407386682,0.7639846112699817,0.9629447152784981,0.009120730421674774,52.0,18.26011912414692,False,False,nnUNet,train
case_00370,102872,1921,2860,1397787,1505440,105732,104793,0.07023328727813795,0.9772901080631754,0.9555887899083165,0.9816686229042016,0.9729504785684561,0.0013724291066422424,7.0710678118654755,3.0789230136646424,False,False,nnUNet,train
case_00371,6784,821,330,1497505,1505440,7114,7605,0.004725528749070039,0.9218017528364699,0.8549464398235664,0.8920447074293228,0.9536125948833286,0.0005479448397745217,10.63014581273465,3.0504790836988644,False,False,nnUNet,train
case_00372,46139,765,2065,1456471,1505440,48204,46904,0.032019874588160274,0.9702443537872734,0.9422083358859686,0.9836900903974075,0.9571612314330761,0.0005249664433214661,13.0,3.245153402171023,False,False,nnUNet,train
case_00373,26935,954,463,1477088,1505440,27398,27889,0.01819933042831332,0.9743701050879954,0.9500211625282167,0.965792964968267,0.9831009562741806,0.0006454485055228471,6.082762530298219,2.1721896952233104,False,False,nnUNet,train
case_00374,56681,1920,3078,1443761,1505440,59759,58601,0.03969537145286428,0.9577728962487326,0.9189675578397833,0.9672360539922527,0.9484931140079319,0.001328093818760847,7.238705486269001,3.0402450230182105,False,False,nnUNet,train
case_00375,20658,396,2899,1481487,1505440,23557,21054,0.015647916888085873,0.9261392929994844,0.8624389429299044,0.9811912225705329,0.8769367916118351,0.0002672275746465814,14.919404187939127,4.368502255829214,False,False,nnUNet,train
case_00376,13773,787,1139,1237541,1253240,14912,14560,0.011898758418180078,0.9346498371335505,0.8773170265622015,0.9459478021978022,0.9236185622317596,0.0006355343656930958,17.0,3.9268738556433833,False,False,nnUNet,train
case_00377,131385,1875,3974,1116006,1253240,135359,133260,0.10800724522038875,0.978225665347574,0.9573793666292609,0.9859297613687528,0.9706410360596636,0.0016772804976558327,8.94427190999916,3.5488237752446423,False,False,nnUNet,train
case_00378,9254,1611,15,1242360,1253240,9269,10865,0.007396029491557882,0.9192410847322936,0.8505514705882353,0.8517257248044179,0.9983817024490236,0.0012950462671557457,11.52952303175245,3.5206332381754355,False,False,nnUNet,train
case_00379,37578,892,1605,1213165,1253240,39183,38470,0.03126536018639686,0.9678441270781554,0.9376918278228322,0.9768131011177541,0.9590383584717862,0.0007347266232145608,10.0,3.066629312071838,False,False,nnUNet,train
case_00380,126464,2645,5586,1370745,1505440,132050,129109,0.08771521947071953,0.9684828016648861,0.9388915698429786,0.9795134343848996,0.9576978417266188,0.0019258914073933843,19.1049731745428,6.062443048966842,False,False,nnUNet,train
case_00381,69064,1590,3068,1431718,1505440,72132,70654,0.047914231055372514,0.9673777541215526,0.936816689726269,0.9774959662581029,0.957466866300671,0.0011093219322015923,13.892443989449804,4.8351117378007595,False,False,nnUNet,train
case_00382,46083,230,3256,1455871,1505440,49339,46313,0.03277380699330428,0.9635553882825242,0.929673788053017,0.9950337918079157,0.9340075802103812,0.00015795607584913408,9.0,3.5717305443250242,False,False,nnUNet,train
case_00383,18096,1542,306,1485496,1505440,18402,19638,0.012223668827718142,0.9514195583596214,0.9073405535499398,0.9214787656584174,0.9833713726768829,0.0010369607232632925,8.0,3.3562086386093006,False,False,nnUNet,train
case_00384,204932,4836,14604,1281068,1505440,219536,209768,0.14582846211074504,0.9547174030523825,0.9133581730340684,0.9769459593455627,0.9334778806209459,0.0037607784095857856,31.38470965295043,9.24366412877505,False,False,nnUNet,train
case_00385,73543,1226,3168,1427503,1505440,76711,74769,0.050955866723349987,0.9709928703459203,0.94362112988696,0.983602830049887,0.9587021418049563,0.000858105350979787,11.661903789690601,4.676667919168393,False,False,nnUNet,train
case_00386,45330,982,693,1458435,1505440,46023,46312,0.03057112870655755,0.9818595332214219,0.9643654930326561,0.9787959923993781,0.9849423114529692,0.0006728714274261572,4.242640687119285,1.7580986962991652,False,False,nnUNet,train
case_00387,23468,338,1076,1480558,1505440,24544,23806,0.01630353916462961,0.9707549120992761,0.9431717707579776,0.9858018986810048,0.9561603650586702,0.00022824020052724837,5.830951894845301,2.1411223032031974,False,False,nnUNet,train
case_00388,101991,2394,5444,1395611,1505440,107435,104385,0.07136451801466681,0.9629968841469172,0.9286345136530425,0.9770656703549361,0.9493275003490482,0.0017124402273239366,26.595701215819147,6.705734649358242,False,False,nnUNet,train
case_00389,62113,1182,2199,1439946,1505440,64312,63295,0.04271973642257413,0.9735045883062842,0.9483769505603566,0.9813255391421123,0.9658073143425799,0.0008201908505004413,8.94427190999916,3.4387457926061398,False,False,nnUNet,train
case_00390,24073,881,408,1480078,1505440,24481,24954,0.016261690934211925,0.9739253565287752,0.9491759324974371,0.9646950388715236,0.9833340141334096,0.0005948848009971917,5.0,2.01217079619264,False,False,nnUNet,train
case_00391,101081,1411,3354,1399594,1505440,104435,102492,0.06937174513763418,0.9769725555389098,0.9549817659618691,0.9862330718495103,0.9678843299660076,0.0010071341644034104,9.433981132056603,3.146157621946403,False,False,nnUNet,train
case_00392,126337,945,5049,1373109,1505440,131386,127282,0.08727415240726964,0.9768274390338194,0.9547044910111765,0.9925755409248754,0.9615712480781818,0.0006877458964494845,13.0,4.508930879741825,False,False,nnUNet,train
case_00393,131385,1875,3974,1116006,1253240,135359,133260,0.10800724522038875,0.978225665347574,0.9573793666292609,0.9859297613687528,0.9706410360596636,0.0016772804976558327,8.94427190999916,3.5488237752446423,False,False,nnUNet,train
case_00394,81000,1637,2408,1168195,1253240,83408,82637,0.06655389231112956,0.975639133969707,0.9524369451466871,0.9801904715805269,0.9711298676385958,0.0013993462309117891,9.0,3.3336741370048206,False,False,nnUNet,train
case_00395,125476,1417,3534,1122813,1253240,129010,126893,0.10294117647058823,0.9806528254846563,0.9620400683907473,0.9888331113615408,0.9726067746686303,0.0012604182418188448,8.54400374531753,3.412428902845015,False,False,nnUNet,train
case_00396,124853,1476,4877,1122034,1253240,129730,126329,0.10351568733841882,0.9751893118382873,0.9515799582336174,0.9883162219284567,0.9624065366530486,0.001313739975612144,11.661903789690601,4.266939679686922,False,False,nnUNet,train
case_00397,54260,1277,1326,1196377,1253240,55586,55537,0.04435383486004277,0.9765755064208129,0.9542233086541336,0.977006320110917,0.9761450725002698,0.0010662511877386957,5.830951894845301,2.3088476781991463,False,False,nnUNet,train
case_00398,136095,1559,4279,1111307,1253240,140374,137654,0.11200887300118094,0.9790021148949026,0.9588679165521761,0.9886745027387508,0.9695171470500235,0.0014008874383798229,9.486832980505138,3.9366753630528417,False,False,nnUNet,train
case_00399,116713,717,4178,1131632,1253240,120891,117430,0.09646276850403754,0.9794604755770578,0.9597477139661864,0.9938942348633228,0.9654399417657228,0.0006331970090493302,9.0,3.6269396033038857,False,False,nnUNet,train
case_00400,71337,2604,1772,1177527,1253240,73109,73941,0.05833599310586959,0.9702414144848691,0.9422027921228852,0.9647827321783584,0.9757622180579683,0.0022065346982665483,14.142135623730951,4.083114455500686,False,False,nnUNet,train
case_00401,67626,1093,2282,1182239,1253240,69908,68719,0.05578181353930612,0.9756540933584367,0.9524654582329827,0.9840946463132467,0.9673570979000973,0.0009236630125780424,8.94427190999916,3.3403982758139015,False,False,nnUNet,train
case_00402,119743,2495,3079,1127923,1253240,122822,122238,0.09800357473428872,0.9772545499061455,0.9555207992530942,0.9795889985111013,0.9749312012505903,0.0022071481522764145,10.0,4.169600888126158,False,False,nnUNet,train
case_00403,182229,2372,5669,1062970,1253240,187898,184601,0.14992978200504292,0.9784133648680936,0.957739002470174,0.9871506654893527,0.969829375512246,0.0022265150533819188,11.0,4.629194569616767,False,False,nnUNet,train
case_00404,30073,748,2853,1219566,1253240,32926,30821,0.026272701158596916,0.9435110671874755,0.893062897190711,0.97573083287369,0.9133511510660268,0.0006129569930362186,21.495322589817825,4.955809808210398,False,False,nnUNet,train
case_00405,72285,279,2882,1177794,1253240,75167,72564,0.059978136669752005,0.9786030014011954,0.9581024838957665,0.9961551182404498,0.9616587066132745,0.00023682742920005806,7.0,2.865416234229646,False,False,nnUNet,train
case_00406,57318,3248,1893,1190781,1253240,59211,60566,0.04724633749321758,0.957078571011129,0.9176900046430458,0.9463725522570419,0.9680295890966205,0.002720201938143881,12.018717560456526,4.392408574069546,False,False,nnUNet,train
case_00407,87166,1639,3894,1160541,1253240,91060,88805,0.07265966614535124,0.9692380396408418,0.9403121932275429,0.9815438319914419,0.9572369866022403,0.0014102806794128275,14.0,4.747931744628724,False,False,nnUNet,train
case_00408,31694,913,1159,1219474,1253240,32853,32607,0.026214452140052982,0.9683470821875955,0.9386364982526803,0.9719998773269544,0.9647216388153289,0.0007481233412024218,9.433981132056603,2.932893413353766,False,False,nnUNet,train
case_00409,34193,315,1501,1217231,1253240,35694,34508,0.02848137627270116,0.9741317911170622,0.9495681635146769,0.9908716819288281,0.9579481145290525,0.0002587171244454008,5.385164807134504,2.403381103851167,False,False,nnUNet,train
case_00410,4280,132,380,1248448,1253240,4660,4412,0.0037183620056812743,0.9435626102292769,0.8931552587646077,0.970081595648232,0.9184549356223176,0.00010572009803136362,6.708203932499369,1.870162311971314,False,False,nnUNet,train
case_00411,80513,3024,1434,1168269,1253240,81947,83537,0.06538811400849,0.9730608397186435,0.9475350413670547,0.963800471647294,0.9825008847181715,0.0025817622063821774,8.246211251235321,3.416725442790383,False,False,nnUNet,train
case_00412,87574,3045,1633,1160988,1253240,89207,90619,0.07118109859244838,0.9739859642098473,0.9492910722802758,0.9663977753009855,0.9816942616610804,0.0026159052191819304,9.848857801796104,3.782408794013724,False,False,nnUNet,train
case_00413,107021,1374,3941,1140904,1253240,110962,108395,0.08854010405030162,0.9757700916770379,0.9526865831078194,0.9873241385672771,0.9644833366377679,0.0012028595490764945,9.433981132056603,4.101563303459414,False,False,nnUNet,train
case_00414,76128,2711,1406,1172995,1253240,77534,78839,0.061866841147745044,0.9736719254602777,0.9486946227179264,0.9656134654168622,0.981866020068615,0.002305848570986284,10.0,3.7371475338355182,False,False,nnUNet,train
case_00415,99564,3935,2567,1147174,1253240,102131,103499,0.08149356867000734,0.9683801001799348,0.9386985461882225,0.9619803089884926,0.9748656137705496,0.003418442562780762,10.0,3.6354128740655325,False,False,nnUNet,train
case_00416,63455,953,1788,1187044,1253240,65243,64408,0.05205946187482047,0.9788586281632999,0.9585926642093178,0.9852037014035524,0.9725947611237987,0.0008021905779223348,7.280109889280518,2.6143564850628245,False,False,nnUNet,train
case_00417,58816,1479,1190,1191755,1253240,60006,60295,0.04788069324311385,0.9778139832586595,0.9565910384646662,0.9754706028692263,0.9801686498016865,0.0012394886501725562,7.732459047889538,2.535791381292301,False,False,nnUNet,train
case_00418,31882,722,571,1220065,1253240,32453,32604,0.025895279435702658,0.9801251210476967,0.961024868123587,0.9778554778554779,0.9824053246233014,0.0005914217631740836,5.0,1.8594601681801384,False,False,nnUNet,train
case_00419,46718,2952,1589,1201981,1253240,48307,49670,0.03854568957262775,0.9536523878053013,0.9114106791002555,0.9405677471310651,0.9671062164903638,0.002449928751225172,10.0,4.103103518406465,False,False,nnUNet,train
case_00420,33946,3379,1424,1214491,1253240,35370,37325,0.028222846382177397,0.9339294311850884,0.8760484141526232,0.90947086403215,0.95973989256432,0.002774516163465723,17.46424919657298,6.720089551992028,False,False,nnUNet,train
case_00421,26375,1308,356,1225201,1253240,26731,27683,0.021329513899971276,0.9694196346528466,0.9406540889475373,0.9527507856807427,0.986682129362912,0.0010664414203238623,8.06225774829855,2.234496693978744,False,False,nnUNet,train
case_00422,46341,2516,538,1203845,1253240,46879,48857,0.03740624301809709,0.9680997743795438,0.9381718797449135,0.9485027733999222,0.9885236459822095,0.0020856111893537673,10.770329614269007,3.7949786429746335,False,False,nnUNet,train
case_00423,192225,3450,3184,1054381,1253240,195409,195675,0.15592304746098112,0.9830368923300365,0.9666396793708105,0.9823687236489076,0.9837059705540686,0.003261390524573396,13.601470508735444,3.675838075320208,False,False,nnUNet,train
case_00424,57969,2407,1375,1191489,1253240,59344,60376,0.04735246241741406,0.9684096224523889,0.9387540282748458,0.9601331654962236,0.9768300080884336,0.0020160885035212447,11.704699910719626,3.6355910320192035,False,False,nnUNet,train
case_00425,30374,2146,1106,1219614,1253240,31480,32520,0.025118891832370496,0.9491875,0.9032891215131148,0.9340098400984009,0.964866581956798,0.0017564824515453117,10.295630140987,4.216966196782155,False,False,nnUNet,train
case_00426,106662,1969,1939,1142670,1253240,108601,108631,0.08665618716287384,0.9820100169404139,0.9646558741069006,0.9818744189043643,0.9821456524341396,0.0017201930040825098,7.0710678118654755,3.01227059422864,False,False,nnUNet,train
case_00427,231630,2238,5933,1013439,1253240,237563,233868,0.18955906290894003,0.9826676650453618,0.9659259135700018,0.9904304992559906,0.9750255721640154,0.002203456413800844,10.0,4.079479782515585,False,False,nnUNet,train
case_00428,117740,2389,2477,1130634,1253240,120217,120129,0.09592496249720724,0.9797541877127142,0.960311893382053,0.9801130451431378,0.9793955929693804,0.002108518538458619,7.0710678118654755,2.7710215887238854,False,False,nnUNet,train
case_00429,53261,2903,1723,1195353,1253240,54984,56164,0.04387347993999553,0.958379817900457,0.9200856841777947,0.9483120860337583,0.9686636112323586,0.0024226876393692166,11.704699910719626,4.929791218114514,False,False,nnUNet,train
case_00430,100867,1278,3679,1147416,1253240,104546,102145,0.08342057387252243,0.9760173398938512,0.9531580737828848,0.9874883743697684,0.9648097488187019,0.001112567837909835,9.219544457292887,3.859685959401637,False,False,nnUNet,train
case_00431,16690,1699,227,1234624,1253240,16917,18389,0.013498611598736075,0.9454483657168753,0.8965406102277611,0.9076078090162597,0.9865815451912278,0.001374236344385731,7.9525624189766635,3.3042987094010714,False,False,nnUNet,train
case_00432,89757,3504,1397,1158582,1253240,91154,93261,0.07273467173087357,0.9734240707100832,0.9482241331952925,0.9624280245761894,0.984674287469557,0.0030152673726385137,11.313708498984761,3.6033675583969207,False,False,nnUNet,train
case_00433,18638,1437,348,1232817,1253240,18986,20075,0.015149532411988126,0.9543022452062159,0.9125985408607942,0.9284184308841843,0.9816707047298009,0.001164266026279842,5.830951894845301,2.2854082074895667,False,False,nnUNet,train
case_00434,105339,2398,1182,1144321,1253240,106521,107737,0.08499648910025215,0.983291172324954,0.9671315381154804,0.977742094173775,0.9889035964739347,0.0020911836291192523,8.960990336999396,2.729010928951692,False,False,nnUNet,train
case_00435,85169,1132,3359,1415780,1505440,88528,86301,0.05880539908598151,0.9743120420525199,0.9499107740352443,0.9868831183879677,0.9620572022410988,0.0007989204693022573,9.433981132056603,3.7569071749031164,False,False,nnUNet,train
case_00436,20221,1637,88,1483494,1505440,20309,21858,0.013490408119885217,0.9590912324803756,0.9213979768522738,0.9251075121237076,0.9956669456891033,0.0011022596659823274,9.899494936611665,2.9823836363007885,False,False,nnUNet,train
case_00437,49928,1302,3464,1450746,1505440,53392,51230,0.03546604315017536,0.9544455277092772,0.912860642849307,0.9745852039820417,0.9351213664968535,0.0008966645730719646,15.0,4.228970128648796,False,False,nnUNet,train
case_00438,170710,3231,6557,1072742,1253240,177267,173941,0.14144696945517218,0.9721304753878044,0.9457722523241254,0.9814247359736922,0.9630105998296355,0.003002863454752117,15.033296378372908,5.225966821511364,False,False,nnUNet,train
case_00439,28680,3778,717,1220065,1253240,29397,32458,0.023456799974466185,0.9273300460754992,0.8645064054257724,0.8836034259658636,0.975609756097561,0.0030869972700746746,20.36987924013157,5.985924435379108,False,False,nnUNet,train
case_00440,69636,3413,1205,1178986,1253240,70841,73049,0.05652628387220325,0.9679060393356036,0.937808064212029,0.9532779367274021,0.9829900763682049,0.0028865044709949854,8.94427190999916,3.9406189549002892,False,False,nnUNet,train
case_00441,13230,1191,356,1238463,1253240,13586,14421,0.010840700903258753,0.944763809047738,0.8953102794883941,0.9174121073434575,0.9737965552774915,0.0009607519517542798,9.914570696119913,3.449514275301828,False,False,nnUNet,train
case_00442,85232,4332,1427,1162249,1253240,86659,89564,0.06914796846573681,0.9673198163690324,0.9367080260685122,0.9516323522844,0.9835331587025006,0.0037134155279401945,13.92838827718412,4.86761604735044,False,False,nnUNet,train
case_00443,41962,1397,2686,1207195,1253240,44648,43359,0.03562605725958316,0.9536059631620212,0.9113258768595939,0.967780622246823,0.9398405303709013,0.001155890490752876,9.211336491335084,4.583884881923739,False,False,nnUNet,train
case_00444,83226,820,3735,1165459,1253240,86961,84046,0.0693889438575213,0.9733636634757642,0.9481094997778563,0.9902434381172215,0.9570497119398351,0.0007030907698758188,9.219544457292887,3.9135915061356923,False,False,nnUNet,train
case_00445,109304,1795,4462,1137679,1253240,113766,111099,0.09077750470779739,0.9721744157605674,0.9458554356573584,0.9838432389130415,0.9607791431534904,0.0015752882470332803,12.083045973594572,4.672793466813716,False,False,nnUNet,train
case_00446,128945,4944,3651,1115700,1253240,132596,133889,0.10580255976508889,0.9677467774921665,0.9375090882652319,0.9630738895652369,0.9724652327370358,0.004411748958634499,13.0,5.872770282482639,False,False,nnUNet,train
case_00447,60857,3839,1702,1186842,1253240,62559,64696,0.04991781302862979,0.9564575065812738,0.9165486912256393,0.9406609373067887,0.9727936827634713,0.00322420530771886,12.074755694634106,4.563466136154076,False,False,nnUNet,train
case_00448,20651,1900,1656,1229033,1253240,22307,22551,0.017799463789856692,0.9207276294083553,0.8531003428760277,0.9157465300873575,0.9257632133411037,0.001543544612095053,21.940826679716842,11.72146683056472,False,False,nnUNet,train
case_00449,39525,674,2602,1210439,1253240,42127,40199,0.03361447129041524,0.9602069819983966,0.9234597322492465,0.9832334137665116,0.9382343864979704,0.0005565128935120009,18.006939094329987,4.196032066381512,False,False,nnUNet,train
case_00450,118607,1388,3379,1129866,1253240,121986,119995,0.09733650378219655,0.9803001062066856,0.9613613889474282,0.988432851368807,0.9723001000114767,0.001226956987555403,9.0,3.602909323242519,False,False,nnUNet,train
case_00451,64004,3441,1624,1184171,1253240,65628,67445,0.05236666560275765,0.9619381843048552,0.9266675353631876,0.9489806509007339,0.9752544645578107,0.002897410938926181,9.219544457292887,3.594345153928638,False,False,nnUNet,train
case_00452,116792,3081,4694,1128673,1253240,121486,119873,0.09693753790175864,0.9677865751846834,0.937583790249424,0.9742977985034161,0.9613618030061077,0.0027223230490018148,15.033296378372908,5.156792698592741,False,False,nnUNet,train
case_00453,124196,1604,3438,1124002,1253240,127634,125800,0.10184322236762312,0.9801052739569276,0.9609867066961729,0.9872496025437202,0.9730636037419497,0.0014250101722982998,9.219544457292887,3.6556191764256,False,False,nnUNet,train
case_00454,40809,3981,1800,1206650,1253240,42609,44790,0.033999074399157385,0.9338550784333917,0.8759175788795879,0.911118553248493,0.9577554037879321,0.003288367801584463,19.083978539634234,5.754708258781227,False,False,nnUNet,train
case_00455,66111,1977,2043,1183109,1253240,68154,68088,0.05438224123072995,0.9704936803628836,0.9426787012875903,0.9709640465280226,0.9700237696980368,0.0016682333602793383,8.94427190999916,3.466807339968884,False,False,nnUNet,train
case_00456,115188,3083,3482,1131487,1253240,118670,118271,0.09469056206313237,0.9722926804563161,0.9460793573874976,0.9739327476727178,0.9706581275806859,0.0027173290321443368,13.0,4.308297134018832,False,False,nnUNet,train
case_00457,39209,4125,8788,1201118,1253240,47997,43334,0.03829833072675625,0.8586131762490282,0.7522543263880895,0.9048091567822033,0.8169052232431193,0.0034225463246830724,27.183595776054506,11.552875624449214,False,False,nnUNet,train
case_00458,77009,3166,1282,1171783,1253240,78291,80175,0.06247087549072803,0.9719308873827824,0.9453945026210148,0.9605113813532897,0.9836251931895109,0.0026945850415635063,8.246211251235321,3.637058455946281,False,False,nnUNet,train
case_00459,65990,2419,3470,1181361,1253240,69460,68409,0.055424340110433755,0.9572855391712423,0.9180706465031512,0.964639155666652,0.9500431903253671,0.002043454020172667,14.780009913296176,5.585271141812232,False,False,nnUNet,train
case_00460,176783,2138,4165,1070154,1253240,180948,178921,0.14438415626695605,0.9824852932594916,0.9655735555968233,0.9880505921607861,0.9769823374671176,0.001993859881450202,9.219544457292887,3.6447007905353703,False,False,nnUNet,train
case_00461,63923,3545,1484,1184288,1253240,65407,67468,0.0521903226836041,0.9621523988711195,0.9270652047801369,0.9474565720045058,0.9773112969559833,0.002984426261940862,12.041594578792296,4.909648505508072,False,False,nnUNet,train
case_00462,108384,5637,2385,1136834,1253240,110769,114021,0.08838610322045258,0.9643133591351929,0.9310860264934797,0.950561738627095,0.9784687051431357,0.00493404208947098,13.475801016322983,5.35938519876844,False,False,nnUNet,train
case_00463,177491,4565,5053,1066131,1253240,182544,182056,0.14565765535731384,0.9736204059243007,0.9485968072086324,0.9749252977105946,0.9723190025418529,0.004263581819676173,15.763714563338857,5.781416314632155,False,False,nnUNet,train
case_00464,28302,2216,806,1221916,1253240,29108,30518,0.023226197695573075,0.9493174118673062,0.9035244540927084,0.9273871158005111,0.9723100178645045,0.0018102622919750485,12.0,4.681612669292563,False,False,nnUNet,train
case_00465,51584,843,1923,1198890,1253240,53507,52427,0.04269493472918196,0.9738894028357279,0.9491076356945722,0.9839204989795335,0.9640607770945857,0.0007026563410358805,10.198039027185569,3.086982762286288,False,False,nnUNet,train
case_00466,151706,3436,5103,1092995,1253240,156809,155142,0.12512288149117487,0.9726271113091479,0.946712845954632,0.9778525479882946,0.9674572250317265,0.00313380413359345,13.0,5.2460891757006864,False,False,nnUNet,train
case_00467,95338,7398,2204,1148300,1253240,97542,102736,0.07783185981934825,0.9520566412686366,0.9085000952925482,0.9279901884441676,0.9774046051957106,0.006401326298046722,17.08800749063506,5.636660509892223,False,False,nnUNet,train
case_00468,72220,4493,1848,1174679,1253240,74068,76713,0.05910120966454949,0.957945629754412,0.9192856506409033,0.941431048192614,0.9750499540962358,0.003810300787332128,15.620499351813308,5.941867667090708,False,False,nnUNet,train
case_00469,147913,6541,2880,1095906,1253240,150793,154454,0.120322524017746,0.9691364698096951,0.940121016436371,0.9576508216038432,0.9809009702041872,0.0059331650410405215,17.96099033699937,5.58536334027238,False,False,nnUNet,train
case_00470,138549,2937,1996,1109758,1253240,140545,141486,0.1121453193322907,0.9825090149664398,0.9656193808282572,0.9792417624358594,0.9857981429435412,0.0026395373395225108,11.661903789690601,3.4536353692427375,False,False,nnUNet,train
case_00471,58347,4861,3644,1186388,1253240,61991,63208,0.04946458778845233,0.9320681475091654,0.872778675282714,0.9230951778255917,0.9412172734751819,0.00408059104351819,19.209372712298546,7.098702359118976,False,False,nnUNet,train
case_00472,58431,2217,2400,1190192,1253240,60831,60648,0.048538986945836395,0.9619934309633764,0.926770079939094,0.9634447962010289,0.9605464319179365,0.0018592613775977873,12.0,3.6865842051462305,False,False,nnUNet,train
case_00473,35021,4286,1700,1212233,1253240,36721,39307,0.029300852191120615,0.9212658494238964,0.8540249225741946,0.8909608975500547,0.9537049644617521,0.0035231673323639005,15.652475842498529,6.929771119190904,False,False,nnUNet,train
case_00474,32869,2265,1572,1216534,1253240,34441,35134,0.027481567776323768,0.9448508803449515,0.8954666811965346,0.9355325325895144,0.9543567259951802,0.001858386821781114,24.621467346622698,6.065423047000704,False,False,nnUNet,train
case_00475,3633,684,284,1248639,1253240,3917,4317,0.0031254987073505475,0.8824386689336896,0.7896109541404043,0.8415566365531619,0.9274955322951238,0.0005474965241174621,7.0,3.3620295687147967,False,False,nnUNet,train
case_00476,40550,2439,1745,1208506,1253240,42295,42989,0.03374852382624238,0.9509403874114722,0.9064693521706085,0.9432645560492219,0.9587421681049769,0.002014129460875597,9.452479279013586,3.9911095195949136,False,False,nnUNet,train
case_00477,26440,3246,1110,1222444,1253240,27550,29686,0.021983020012128564,0.9238940526941086,0.8585530588388103,0.8906555278582496,0.9597096188747731,0.002648304220479893,13.0,5.014744181583572,False,False,nnUNet,train
case_00478,122174,4793,2801,1123472,1253240,124975,126967,0.09972152181545434,0.9698581419533067,0.9414801800135627,0.9622500334732647,0.9775875175035007,0.004248115469326798,10.295630140987,3.790796822307936,False,False,nnUNet,train
case_00479,59169,3094,2254,1188723,1253240,61423,62263,0.04901136254827487,0.9567614766424656,0.9171071190538927,0.9503075662913769,0.9633036484704427,0.0025960361364202726,11.0,5.189817615537419,False,False,nnUNet,train
case_00480,98091,3986,5277,1145886,1253240,103368,102077,0.08248061025821071,0.9549125069970065,0.9137153715744174,0.9609510467588194,0.9489493847225446,0.0034664727900148885,18.681541692269406,6.5016590521510365,False,False,nnUNet,train
case_00481,144242,3875,1842,1103281,1253240,146084,148117,0.11656506335578182,0.9805677071118045,0.9618762461739542,0.9738382494919556,0.9873908162427096,0.003499958452106117,10.317331596175546,3.716448886500004,False,False,nnUNet,train
case_00482,40584,1595,1888,1209173,1253240,42472,42179,0.0338897577479174,0.9588545912038842,0.9209612635305331,0.9621849735650442,0.9555471840271238,0.001317345684722424,9.055385138137417,3.3985297026636925,False,False,nnUNet,train
case_00483,79038,1433,3553,1169216,1253240,82591,80471,0.06590198206249402,0.9694226735842808,0.9406598114824336,0.9821923425830423,0.956980784831277,0.0012241073114144375,9.848857801796104,3.4888646197503377,False,False,nnUNet,train
case_00484,114374,6221,3804,1128841,1253240,118178,120595,0.09429797963678146,0.9580145158790986,0.9194125354705424,0.9484141133546167,0.9678112677486503,0.005480757879305271,14.662521419397219,5.080555144754706,False,False,nnUNet,train
case_00485,80632,1329,3368,1420111,1505440,84000,81961,0.055797640556913594,0.9716981700520002,0.9449542359572947,0.9837849709007943,0.9599047619047619,0.0009349673570463755,12.1839888104082,4.397300317731614,False,False,nnUNet,train
case_00486,84934,6663,3969,1409874,1505440,88903,91597,0.05905449569561059,0.9410969529085873,0.8887470439277567,0.9272574429293536,0.9553558372608348,0.004703724646797083,19.988728826775684,7.73790557756909,False,False,nnUNet,train
case_00487,111836,2372,4290,1386942,1505440,116126,114208,0.07713758103943033,0.971076784148237,0.9437796418504953,0.9792308769963575,0.9630573687201832,0.0017073174242827754,13.0,4.406229993381519,False,False,nnUNet,train
case_00488,47359,5068,894,1452119,1505440,48253,52427,0.03205242321181847,0.9407826777910211,0.8881866431612311,0.9033322524653328,0.9814726545499761,0.00347793385474891,28.541006532800687,6.490022043323125,False,False,nnUNet,train
case_00489,47408,1329,2306,1454397,1505440,49714,48737,0.03302290360293336,0.9630780794506912,0.9287855337656485,0.9727311898557565,0.9536146759464135,0.0009129465297727732,9.848857801796104,4.845731043866573,False,False,nnUNet,train
case_00490,31667,3449,632,1469692,1505440,32299,35116,0.021454857051758956,0.9394645108655344,0.8858397672597068,0.9017826631734822,0.9804328307377937,0.0023412558607763955,10.63014581273465,4.791057974867007,False,False,nnUNet,train
case_00491,31045,1617,1243,1471535,1505440,32288,32662,0.0214475502178765,0.9559661277906082,0.9156466597846925,0.9504929275610802,0.9615027254707631,0.0010976464071596143,9.486832980505138,3.035549086292917,False,False,nnUNet,train
case_00492,17989,451,728,1486272,1505440,18717,18440,0.012432909979806568,0.9682697742013618,0.9384912353923205,0.9755422993492407,0.9611048779184699,0.00030335173398138055,5.656854249492381,2.1330569254354406,False,False,nnUNet,train
case_00493,107664,1621,5534,1138421,1253240,113198,109285,0.09032427946761992,0.9678402394789715,0.9376845295639223,0.985167223315185,0.9511122104630824,0.0014218774396031024,11.40175425099138,4.520861163908609,False,False,nnUNet,train
case_00494,129631,4584,1435,1117590,1253240,131066,134215,0.1045817241709489,0.9773108515121701,0.9556284555842242,0.9658458443542078,0.9890513176567531,0.00408492800581728,11.180339887498949,4.014054637966364,False,False,nnUNet,train
case_00495,7937,1249,251,1496003,1505440,8188,9186,0.00543894143904772,0.9136640957752964,0.8410511815195507,0.8640322229479643,0.9693453834880312,0.0008341949117449835,7.447941497572213,4.116262032416622,False,False,nnUNet,train
case_00496,11446,898,444,1492652,1505440,11890,12344,0.007898023169305983,0.9446232565816621,0.8950578667500781,0.9272521062864549,0.9626576955424727,0.0006012520504837468,7.565423623376369,2.4868466818934087,False,False,nnUNet,train
case_00497,108963,6779,11502,1378196,1505440,120465,115742,0.08001979487724518,0.9226060192966339,0.8563311433152054,0.9414300772407597,0.9045199850579007,0.0048946731890467336,34.0147027033899,8.69415796080558,False,False,nnUNet,train
case_00498,32598,2366,1253,1469223,1505440,33851,34964,0.022485784886810502,0.9474097217176488,0.9000745506253969,0.9323303969797506,0.9629848453516883,0.001607785869560047,9.0,3.8423993675803976,False,False,nnUNet,train
case_00499,212069,7060,5879,1028232,1253240,217948,219129,0.17390763141936103,0.9703965205215557,0.9424953779421176,0.9677815350775114,0.9730256758492851,0.006819332130452085,18.601075237738275,6.219724881742502,False,False,nnUNet,train
case_00500,127170,4265,3453,1118352,1253240,130623,131435,0.10422824040088091,0.9705485045295317,0.942782160014234,0.9675505002472705,0.9735651454950507,0.0037991585732266657,13.416407864998739,4.599847062903108,False,False,nnUNet,train
case_00501,143588,2852,4695,1102105,1253240,148283,146440,0.11831971529794771,0.9743929045239089,0.9500645118602574,0.9805244468724392,0.9683375707262465,0.0025810959159496705,15.620499351813308,5.153958683870284,False,False,nnUNet,train
case_00502,82281,2495,4979,1163485,1253240,87260,84776,0.06962752545402318,0.9565556046408891,0.9167288730432845,0.9705695008021138,0.9429406371762549,0.002139830871884595,13.038404810405298,4.369915982701582,False,False,nnUNet,train
case_00503,31637,641,804,1220158,1253240,32441,32278,0.02588570425457215,0.9776727081691621,0.9563206577595067,0.9801412726934754,0.9752165469621775,0.0005250659608993782,4.242640687119285,2.013898792515329,False,False,nnUNet,train
case_00504,127244,2810,5059,1118127,1253240,132303,130054,0.10556876575915228,0.9700065178363833,0.9417598602651114,0.9783935903547757,0.9617620159784737,0.002506831338424907,12.529964086141668,5.260520001838828,False,False,nnUNet,train
case_00505,28075,1497,1357,1222311,1253240,29432,29572,0.023484727586096838,0.9516303979391227,0.9077241423906366,0.9493777898011633,0.9538937211198695,0.001223231095073737,9.848857801796104,3.617549875093569,False,False,nnUNet,train
case_00506,54020,1116,2340,1195764,1253240,56360,55136,0.04497143404296065,0.9690033723182895,0.9398705546662955,0.9797591410330818,0.9584811923349894,0.0009324243031882895,7.810249675906654,3.2511354529395144,False,False,nnUNet,train
case_00507,245421,1366,11468,994985,1253240,256889,246787,0.20497989211962592,0.9745193338574798,0.9503049311726781,0.9944648624117154,0.9553581507966475,0.0013710027891777094,17.72004514666935,6.577208643652285,False,False,nnUNet,train
case_00508,49883,1473,4537,1197347,1253240,54420,51356,0.04342344642686157,0.9431818181818182,0.8924731182795699,0.97131785964639,0.9166299154722528,0.0012287082297592633,28.635642126552707,6.430404025689495,False,False,nnUNet,train
case_00509,66362,790,3245,1182843,1253240,69607,67152,0.0555416360792825,0.9704955432549229,0.9426822165717289,0.9882356445079818,0.9533811254615197,0.0006674366125310802,11.180339887498949,3.8724690854855055,False,False,nnUNet,train
case_00510,98259,2348,2105,1150528,1253240,100364,100607,0.08008362324853978,0.9778425743017649,0.9566457668042683,0.9766616637013329,0.9790263441074489,0.002036645745075793,8.246211251235321,3.249435116395588,False,False,nnUNet,train
case_00511,64679,3046,2625,1182890,1253240,67304,67725,0.05370399923398551,0.9580016144680031,0.9193887704335465,0.9550239940937615,0.9609978604540592,0.002568435396176522,14.631830927146344,4.540996363630885,False,False,nnUNet,train
case_00512,167790,2253,4887,1078310,1253240,172677,170043,0.13778446267275224,0.9791666666666666,0.9591836734693877,0.9867504101903636,0.9716986049097448,0.002085024195720194,13.0,4.579809497165484,False,False,nnUNet,train
case_00513,56753,1569,1822,1445296,1505440,58575,58322,0.038908890424062065,0.9709915566695467,0.9436186485767492,0.9730976303967628,0.968894579598805,0.0010844135423830144,7.810249675906654,3.5008103660616876,False,False,nnUNet,train
case_00514,99671,3921,3011,1146637,1253240,102682,103592,0.08193322907024991,0.9663942135218205,0.9349736874196786,0.9621495868406826,0.9706764574122047,0.003407911639395841,16.138456012759978,4.845457570738567,False,False,nnUNet,train
case_00515,72604,1059,4211,1427566,1505440,76815,73663,0.05102494951642045,0.9649782692486609,0.9323265788324729,0.985623718827634,0.9451799778689058,0.000741272202292414,14.906248123122948,4.617774394897928,False,False,nnUNet,train
case_00516,39162,2574,546,1463158,1505440,39708,41736,0.02637634180040387,0.9616914689848239,0.9262097346388534,0.9383266244968372,0.9862496222423693,0.0017561191268253677,9.055385138137417,3.4721599558464837,False,False,nnUNet,train
case_00517,99817,1868,3654,1400101,1505440,103471,101685,0.06873140078648103,0.9730838971319387,0.9475787694965777,0.9816295422136991,0.9646857573619662,0.0013324117723002434,13.949871794028864,4.327595823403548,False,False,nnUNet,train
case_00518,28665,1444,715,1474616,1505440,29380,30109,0.019515889042406205,0.9637075761905562,0.9299571762263171,0.9520409179979408,0.9756637168141593,0.0009782800157175182,8.06225774829855,2.9243834312886987,False,False,nnUNet,train
case_00519,23190,1312,1054,1479884,1505440,24244,24502,0.016104261876926346,0.9514626841176712,0.9074190014086712,0.9464533507468778,0.9565253258538196,0.0008857706880115798,7.615773105863909,3.826352163572342,False,False,nnUNet,train
case_00520,31827,1152,709,1471752,1505440,32536,32979,0.02161228610904453,0.9715942913836526,0.9447577772500594,0.9650686800691349,0.9782087533808704,0.0007821283668182041,10.198039027185569,2.6641357915853767,False,False,nnUNet,train
case_00521,135223,2112,2755,1365350,1505440,137978,137335,0.091652938675736,0.9823219390293957,0.9652580483974588,0.984621545855026,0.9800330487469017,0.0015444670491757723,8.94427190999916,3.052213036524718,False,False,nnUNet,train
case_00522,110907,1451,2831,1390251,1505440,113738,112358,0.07555133382931237,0.9810611421696979,0.9628263115401644,0.9870859217857206,0.9751094620971004,0.001042608259526824,9.848857801796104,3.1151268946058326,False,False,nnUNet,train
case_00523,123904,770,4691,1376075,1505440,128595,124674,0.08542020937400362,0.9784379454256147,0.9577861090712325,0.9938238927121934,0.9635211322368676,0.0005592495887336628,8.94427190999916,3.8543012697235177,False,False,nnUNet,train
case_00524,109397,2099,2616,1391328,1505440,112013,111496,0.0744054894250186,0.9789046526090672,0.9586809450364554,0.9811742125278037,0.9766455679251516,0.0015063580654027804,9.992442890089778,3.6360353994134713,False,False,nnUNet,train
case_00525,18762,1254,1748,1231476,1253240,20510,20016,0.01636558041556286,0.9259240981098554,0.8620657967285426,0.9373501199040767,0.9147732813261823,0.0010172543866053393,11.180339887498949,4.513641705678542,False,False,nnUNet,train
case_00526,88456,1405,3603,1411976,1505440,92059,89861,0.06115089276224891,0.972471416007036,0.9464178721218865,0.9843647411001436,0.960862055855484,0.000994070247159117,8.94427190999916,3.405998972940661,False,False,nnUNet,train
case_00527,84973,1215,2555,1416697,1505440,87528,86188,0.05814114146030396,0.9782979115337678,0.9575177760499419,0.985902909917854,0.9708093410108766,0.000856893798768894,6.708203932499369,3.0167592398648635,False,False,nnUNet,train
case_00528,24314,601,1245,1479280,1505440,25559,24915,0.016977760654692316,0.9634267147442247,0.929434250764526,0.9758779851495083,0.9512891740678431,0.00040611373482057005,7.0,2.9728405343229656,False,False,nnUNet,train
case_00529,66095,1623,2378,1435344,1505440,68473,67718,0.045483712403018385,0.9706221409637935,0.9429211367267747,0.9760329602173721,0.9652709827231172,0.0011294622632252516,8.94427190999916,3.1724929784017415,False,False,nnUNet,train
case_00530,11622,353,878,1492587,1505440,12500,11975,0.008303220320969284,0.9497037793667007,0.9042246946238233,0.9705219206680584,0.92976,0.00023644620681340174,5.656854249492381,2.9827772812662645,False,False,nnUNet,train
case_00531,16568,977,1064,1486831,1505440,17632,17545,0.011712190455946434,0.9419791340932996,0.8903218872588532,0.9443146195497293,0.9396551724137931,0.0006566707532154687,9.219544457292887,3.105505336747508,False,False,nnUNet,train
case_00532,48069,1320,1614,1454437,1505440,49683,49389,0.033002311616537355,0.9703851744186046,0.9424739721192871,0.9732734009597279,0.9675140390073064,0.0009067447383045385,9.24098812476924,3.2217931033779053,False,False,nnUNet,train
case_00533,139818,3911,4142,1357569,1505440,143960,143729,0.09562652779253906,0.9720079669365183,0.9455403696465162,0.972789068316067,0.9712281189219227,0.0028726092193789112,11.661903789690601,4.806983641320451,False,False,nnUNet,train
case_00534,36297,1586,1110,1466447,1505440,37407,37883,0.024847885003719844,0.9641917917386107,0.9308593850178237,0.9581342554707917,0.9703264094955489,0.0010803571854311176,7.0710678118654755,3.1913863456597715,False,False,nnUNet,train
case_00535,49854,1995,2418,1451173,1505440,52272,51849,0.034722074609416516,0.9576166191258247,0.9186798606888165,0.9615228837586067,0.9537419651056015,0.0013728626008830363,9.219544457292887,3.7136573067578107,False,False,nnUNet,train
case_00536,13773,766,533,1238168,1253240,14306,14539,0.011415211771089336,0.954966198647946,0.9138136942675159,0.9473141206410345,0.9627429050747938,0.0006182734512088619,6.324555320336759,2.6627969784641623,False,False,nnUNet,train
case_00537,136154,1449,6262,1361575,1505440,142416,137603,0.09460091401849294,0.9724625828961606,0.9464011399575991,0.9894697063290772,0.9560302213234468,0.001063077392621113,14.142135623730951,4.888144644181018,False,False,nnUNet,train
case_00538,87570,2151,2641,1413078,1505440,90211,89721,0.05992334466999681,0.973367716692973,0.9481171910525974,0.976025679606781,0.9707241910631741,0.0015198953667568994,10.295630140987,3.997989116218772,False,False,nnUNet,train
case_00539,58190,2097,6249,1438904,1505440,64439,60287,0.042804097141035176,0.9330853230280776,0.8745641457256222,0.9652163816411499,0.9030245658684958,0.001455238407190557,28.720489504505018,7.14050175211288,False,False,nnUNet,train
case_00540,170711,2472,3562,1328695,1505440,174273,173183,0.11576216919970242,0.9826337723337631,0.965860420379643,0.9857260816592852,0.9795608040258674,0.0018570171886773035,11.704699910719626,3.5970378510257497,False,False,nnUNet,train
case_00541,54325,1938,1249,1447928,1505440,55574,56263,0.036915453289403766,0.9715031697917504,0.9445854778133259,0.9655546273750066,0.9775254615467664,0.0013366752513680575,8.0,3.2790098106821657,False,False,nnUNet,train
case_00542,109886,5411,3769,1386374,1505440,113655,115297,0.07549620044638113,0.9599042594080855,0.9228999042547831,0.9530690304170967,0.9668382385288813,0.0038878131320570345,13.4499024288662,5.366201470808182,False,False,nnUNet,train
case_00543,39266,1658,689,1211627,1253240,39955,40924,0.03188136350579299,0.970981342499289,0.9435993559704899,0.9594858762584303,0.9827556000500564,0.0013665379527481177,7.211102550927978,2.859729698268679,False,False,nnUNet,train
case_00544,26742,1444,795,1224259,1253240,27537,28186,0.021972646899237176,0.9598191052168763,0.922742486456644,0.9487688923579082,0.9711297526963721,0.0011780994253909798,6.324555320336759,2.8668106491057452,False,False,nnUNet,train
case_00545,79968,1902,3110,1168260,1253240,83078,81870,0.06629057483004054,0.9696146664403327,0.9410214168039539,0.9767680469036277,0.9625653000794434,0.00162541596804545,9.848857801796104,3.3947149905739464,False,False,nnUNet,train
case_00546,9606,503,289,1242842,1253240,9895,10109,0.007895534773866139,0.9604079184163168,0.9238315060588574,0.950242358294589,0.9707933299646286,0.0004045538446690179,5.0,1.9787695946369268,False,False,nnUNet,train
case_00547,25999,1030,1101,1225110,1253240,27100,27029,0.02162395071973445,0.9606310850006466,0.9242445787415571,0.9618927818269266,0.9593726937269372,0.0008400345800642667,10.639471213417508,3.415901550123889,False,False,nnUNet,train
case_00548,100078,1851,3400,1400111,1505440,103478,101929,0.06873605058986078,0.9744361195090723,0.9501466832496274,0.981840300601399,0.9671427743095151,0.001320292561424632,13.0,4.157111354842309,False,False,nnUNet,train
case_00549,56638,1590,1433,1445779,1505440,58071,58228,0.03857410458072059,0.9740066552592885,0.9493303833324953,0.9726935494950882,0.9753233111191473,0.0010985450151274486,8.94427190999916,3.1976743176222024,False,False,nnUNet,train
case_00550,124500,6631,1568,1372741,1505440,126068,131131,0.08374163035391646,0.9681219600387249,0.9382135509687337,0.9494322471421708,0.9875622679823587,0.004807260115472839,13.45362404707371,5.145696087236237,False,False,nnUNet,train
case_00551,23373,1484,298,1480285,1505440,23671,24857,0.015723642257413115,0.9632789317507419,0.9291592128801431,0.9402985074626866,0.9874107557771112,0.0010015056327943154,8.0,2.9603256298814147,False,False,nnUNet,train
case_00552,85352,2849,1457,1415782,1505440,86809,88201,0.05766354022744181,0.9753956916747615,0.9519730531575543,0.967698778925409,0.9832160259880888,0.00200827417418624,11.0,3.6116200446444977,False,False,nnUNet,train
case_00553,16948,331,1150,1487011,1505440,18098,17279,0.01202173450951217,0.9581366424513101,0.9196375278094308,0.9808437988309509,0.9364570670792353,0.00022254464675911794,7.330459371768019,2.769393150766598,False,False,nnUNet,train
case_00554,79357,1481,4669,1419933,1505440,84026,80838,0.05581491125518121,0.962696525621118,0.9280760639479808,0.9816794081991143,0.9444338657082332,0.0010419202287299829,15.524174696260024,4.903735454328565,False,False,nnUNet,train
case_00555,67264,2117,1231,1434828,1505440,68495,69381,0.045498326070783295,0.9757173112071716,0.9525859627258823,0.9694873236188581,0.9820278852470983,0.0014732644603655672,9.486832980505138,3.3612443701179906,False,False,nnUNet,train
case_00556,90337,1549,2867,1158487,1253240,93204,91886,0.07437043184066898,0.9761413366470366,0.9533946154739164,0.9831421544087239,0.9692395176172697,0.0013353033871362613,8.54400374531753,3.1153407514346974,False,False,nnUNet,train
case_00557,57854,1050,3654,1190682,1253240,61508,58904,0.04907918674794932,0.9609341261668273,0.9248057802359411,0.9821743854407171,0.9405930935813227,0.0008810705762705037,14.035261950457535,4.74171451856941,False,False,nnUNet,train
case_00558,9416,745,622,1242457,1253240,10038,10161,0.00800963901567138,0.9323233823456607,0.8732263748492998,0.9266804448381065,0.938035465232118,0.0005992590102010775,8.94427190999916,3.3106071089047493,False,False,nnUNet,train
case_00559,87760,7452,8705,1149323,1253240,96465,95212,0.076972487312885,0.9157071531795677,0.8445201458856587,0.9217325547199933,0.9097600165863267,0.00644204793499168,34.713109915419565,13.472208206751077,False,False,nnUNet,train
case_00560,46956,2785,707,1202792,1253240,47663,49741,0.03803182151862373,0.964149316249846,0.9307802093244529,0.9440099716531634,0.9851666911440741,0.002310097156797119,11.180339887498949,3.666567910996256,False,False,nnUNet,train
case_00561,145849,1739,3860,1101792,1253240,149709,147588,0.11945756598895663,0.9811669811669812,0.9630302149912842,0.9882171992302897,0.9742166469617725,0.0015758506104495478,9.83075656073149,3.5884335805051912,False,False,nnUNet,train
case_00562,51713,1643,2083,1197801,1253240,53796,53356,0.04292553700807507,0.9652269672987905,0.932790995508577,0.9692068370942349,0.9612796490445387,0.0013698013412881303,12.649110640673518,3.6216664616622665,False,False,nnUNet,train
case_00563,9618,401,484,1242737,1253240,10102,10019,0.008060706648367432,0.9560161025793946,0.9157383604684376,0.9599760455135243,0.9520886953078598,0.000322570784579025,5.830951894845301,2.1027685841644135,False,False,nnUNet,train
case_00564,75154,1805,1646,1174635,1253240,76800,76959,0.0612811592352622,0.9775557853524022,0.9560969403981935,0.9765459530399303,0.9785677083333333,0.00153428989153718,8.0,3.0492682630320305,False,False,nnUNet,train
case_00565,66362,2056,4924,1179898,1253240,71286,68418,0.05688136350579298,0.950037221554143,0.9048294292492706,0.9699494285129644,0.9309261285525909,0.00173949239987343,24.041630560342615,6.465289392646401,False,False,nnUNet,train
case_00566,124812,1732,4310,1122386,1253240,129122,126544,0.10303054482780633,0.9763676046091385,0.9538264019441515,0.9863130610696674,0.966620715292514,0.0015407635141506497,12.041594578792296,3.8873486796415913,False,False,nnUNet,train
case_00567,65707,2166,2463,1182904,1253240,68170,67873,0.05439500813890396,0.9659739935167557,0.9341873293903549,0.96808745745731,0.963869737421153,0.001827740133494224,10.280991473916778,3.7572158928917845,False,False,nnUNet,train
case_00568,55605,2308,1473,1193854,1253240,57078,57913,0.04554434904726948,0.967119165847762,0.9363317953726468,0.9601471172275655,0.974193209292547,0.0019295045319948302,9.848857801796104,3.6853166994478075,False,False,nnUNet,train
case_00569,128282,3108,2842,1119008,1253240,131124,131390,0.1046280042130797,0.9773345421577516,0.9556737588652482,0.976345231752797,0.9783258594917787,0.0027697671185510234,10.198039027185569,3.4954052640315014,False,False,nnUNet,train
case_00570,30385,1984,643,1220228,1253240,31028,32369,0.02475822667645463,0.9585627080145748,0.9204228765297467,0.9387067873582748,0.9792767822611834,0.0016232863038490868,11.0,3.654347509419207,False,False,nnUNet,train
case_00571,79116,1292,2568,1170264,1253240,81684,80408,0.06517825795537965,0.9761863632998544,0.9534805244890089,0.9839319470699432,0.968561774643749,0.0011028068653995199,8.977708763999658,3.068237485341656,False,False,nnUNet,train
case_00572,135747,1154,3041,1113298,1253240,138788,136901,0.1107433532284319,0.9847835785976227,0.9700232953652227,0.9915705509820966,0.978088883765167,0.0010354864991942228,7.615773105863909,2.741250242741227,False,False,nnUNet,train
case_00573,93420,2974,4674,1404372,1505440,98094,96394,0.06515968753321288,0.9606762370943195,0.9243281750900384,0.969147457310621,0.9523518257997431,0.0021131974652999334,13.341664064126334,4.526745394702244,False,False,nnUNet,train
case_00574,67574,1388,1108,1435370,1505440,68682,68962,0.04562254224678499,0.9818662636947487,0.9643784786641929,0.9798729735216496,0.983867680032614,0.0009660638743615835,6.708203932499369,2.287680643061116,False,False,nnUNet,train
case_00575,37430,1369,989,1465652,1505440,38419,38799,0.025520113720905516,0.9694630785568131,0.9407359002714386,0.9647155854532333,0.9742575288268825,0.0009331836422246171,6.0,2.8401728614622384,False,False,nnUNet,train
case_00576,102128,2364,2764,1398184,1505440,104892,104492,0.06967531087256881,0.9755091124441218,0.9521891549190721,0.9773762584695479,0.9736490866796323,0.0016879107320848697,11.0,3.968547694951474,False,False,nnUNet,train
case_00577,22339,2526,1226,1479349,1505440,23565,24865,0.015653230949091296,0.9225273590749535,0.8561956230117665,0.8984114216770561,0.9479736897941863,0.0017045972163644031,17.0146931829632,5.687086140590249,False,False,nnUNet,train
case_00578,17689,1815,266,1485670,1505440,17955,19504,0.01192674566904028,0.9444459275474519,0.8947395042994436,0.9069421657095981,0.9851851851851852,0.001220180371566772,13.0,3.760627010609438,False,False,nnUNet,train
case_00579,24012,744,1972,1226512,1253240,25984,24756,0.020733458874597044,0.9464722112731573,0.8983837174498653,0.969946679592826,0.9241071428571429,0.0006062304849192018,10.665191763118239,4.196425793763547,False,False,nnUNet,train
case_00580,64582,1217,1515,1185926,1253240,66097,65799,0.05274089559860841,0.9792867107417965,0.959414089193927,0.9815042781805194,0.9770791412620845,0.0010251502978158487,7.0,2.466726020726989,False,False,nnUNet,train
case_00581,113905,2657,2542,1134136,1253240,116447,116562,0.09291675975870543,0.9776875571329863,0.9563490730789898,0.9772052641512672,0.978170326414592,0.002337276883302413,13.341664064126334,3.563002944946822,False,False,nnUNet,train
case_00582,111664,1757,3194,1136625,1253240,114858,113421,0.09164884619067377,0.978311627438354,0.9575440552244565,0.9845090415355181,0.9721917498128123,0.0015434186415456323,10.0,3.235967877768483,False,False,nnUNet,train
case_00583,72382,2666,1220,1176972,1253240,73602,75048,0.05872937346398136,0.973858055835856,0.9490480935647978,0.9644760686493977,0.983424363468384,0.0022600153606445366,8.0,2.776815376167042,False,False,nnUNet,train
case_00584,105380,2162,1934,1143764,1253240,107314,107542,0.08562924898662666,0.9809360688088766,0.9625854068471629,0.9798962265905413,0.9819781202825354,0.001886683782373382,8.54400374531753,3.091403479078326,False,False,nnUNet,train
case_00585,127971,2078,1809,1121382,1253240,129780,130049,0.10355558392646261,0.9850401610289844,0.9705213183879629,0.9840214073157041,0.9860610263522885,0.0018496430669538747,6.708203932499369,2.6068172118577437,False,False,nnUNet,train
case_00586,29595,400,2757,1220488,1253240,32352,29995,0.0258146883278542,0.949364043177699,0.9036089399120665,0.9866644440740123,0.9147811572700296,0.00032763038050992395,10.04987562112089,3.9153179916617113,False,False,nnUNet,train
case_00587,17330,1168,1482,1233260,1253240,18812,18498,0.015010692285595735,0.9289734655588314,0.8673673673673674,0.9368580387068872,0.9212204975547523,0.0009461872219359898,9.460407056280872,4.4316792422779905,False,False,nnUNet,train
case_00588,41445,1073,2238,1208484,1253240,43683,42518,0.034856053110338,0.9615897727404554,0.92602109214407,0.9747636295216143,0.9487672549962228,0.0008871016413447237,10.295630140987,3.9591138613113324,False,False,nnUNet,train
case_00589,48080,4496,748,1199916,1253240,48828,52576,0.038961412020044044,0.9482860636661276,0.9016577901132699,0.9144856968959221,0.9846809207831572,0.0037329418836743572,14.790134482004676,6.030868471823342,False,False,nnUNet,train
case_00590,58443,1850,1130,1191817,1253240,59573,60293,0.047535188790654624,0.975138905110707,0.9514839718020937,0.9693165044034963,0.9810316754234301,0.0015498459788198886,8.06225774829855,3.1641748562672793,False,False,nnUNet,train
case_00591,48505,1833,1238,1453864,1505440,49743,50338,0.03304216707407801,0.9693148549674764,0.9404568016131534,0.9635861575747944,0.9751120760710049,0.001259190614530359,7.0710678118654755,3.2758994998938404,False,False,nnUNet,train
case_00592,19580,2538,424,1482898,1505440,20004,22118,0.013287809544053565,0.9296804520203219,0.8686008339987579,0.8852518310878018,0.9788042391521695,0.0017085892626811253,12.041594578792296,4.185631937524741,False,False,nnUNet,train
case_00593,73134,4154,2024,1426128,1505440,75158,77288,0.04992427463067276,0.9594741744617766,0.922105103893484,0.9462529758824139,0.9730700657281992,0.0029043223644008662,16.685225150094666,5.4099368345743,False,False,nnUNet,train
case_00594,108835,7295,3025,1386285,1505440,111860,116130,0.07430385800828994,0.9547348567919646,0.9133901221098569,0.9371824679238784,0.9729572680135884,0.005234719212388238,18.264678414863294,6.510738548682305,False,False,nnUNet,train
case_00595,37454,2204,528,1465254,1505440,37982,39658,0.02522983313848443,0.9648119526017517,0.9320161250186633,0.9444248323163044,0.98609867832131,0.001501916920279831,11.0,3.5097341361129004,False,False,nnUNet,train
case_00596,130114,1916,6420,1366990,1505440,136534,132030,0.09069375066425762,0.9689608435978017,0.9397905381003973,0.985488146633341,0.9529787452209706,0.0013996578289524628,16.1245154965971,5.033368037013846,False,False,nnUNet,train
case_00597,66650,1991,3233,1433566,1505440,69883,68641,0.04642031565522372,0.9622881233576853,0.9273172496312992,0.9709940123249953,0.9537369603480103,0.0013869181091381254,14.142135623730951,5.008923820028891,False,False,nnUNet,train
case_00598,47590,2843,1894,1453113,1505440,49484,50433,0.03287012434902753,0.9525906502396989,0.9094731209509431,0.9436281799615331,0.9617250020208552,0.00195266889933487,10.198039027185569,4.892305391990091,False,False,nnUNet,train
case_00599,50588,1821,1253,1451778,1505440,51841,52409,0.03443577957274949,0.9705131894484412,0.9427155156349,0.9652540594172757,0.9758299415520534,0.0012527526504902658,8.94427190999916,3.3370585301113147,False,False,nnUNet,train
case_00600,59170,1095,2203,1442972,1505440,61373,60265,0.04076748326070783,0.9728867623604466,0.9472049689440993,0.9818302497303576,0.9641047366105616,0.0007582750661846023,9.0,3.0051441982405747,False,False,nnUNet,train
case_00001,110188,8162,30866,1356224,1505440,141054,118350,0.09369619513232012,0.8495474240952336,0.7384462792193867,0.9310350654837347,0.7811760035163838,0.005982178063978962,71.0,20.04533062456792,False,False,nnUNet,internal_val
case_00002,17419,4861,114,1483046,1505440,17533,22280,0.011646428951004357,0.8750408158139301,0.7778422791819237,0.7818222621184919,0.9934979752466777,0.003267005263097761,46.03856773466195,8.09441654554256,False,False,nnUNet,internal_val
case_00003,62690,9910,1650,1431190,1505440,64340,72600,0.042738335636093104,0.9155834672119176,0.8443097643097643,0.8634986225895317,0.9743549891202984,0.0068766914162792315,81.3163289865879,13.621044109864389,False,False,nnUNet,internal_val
case_00004,52361,3834,1891,1447354,1505440,54252,56195,0.03603730470825805,0.9481651833005876,0.9014392452570327,0.9317732894385622,0.9651441421514414,0.002641973334950399,17.4928556845359,5.369852697771306,False,False,nnUNet,internal_val
case_00005,56592,550,29556,1418742,1505440,86148,57142,0.05722446593686895,0.7898946193035103,0.652748621652172,0.9903748556228343,0.656916005014626,0.0003875171564413806,69.30183867047816,17.05648066778424,False,False,nnUNet,internal_val
case_00006,52162,3713,2899,1446666,1505440,55061,55875,0.036574689127431184,0.9403980673541501,0.8875012760744547,0.9335480984340044,0.9473493034997548,0.0025600205187747476,17.255404814981624,5.963770388213762,False,False,nnUNet,internal_val
case_00007,33639,1322,5797,1464682,1505440,39436,34961,0.02619566372621958,0.9043106576878099,0.8253349035772118,0.9621864363147508,0.8530023328938026,0.0009017710729302239,28.861739379323623,8.624861303230288,False,False,nnUNet,internal_val
case_00008,47426,2020,1352,1454642,1505440,48778,49446,0.03240115846529918,0.9656703046098714,0.9336194338359778,0.9591473526675566,0.972282586411907,0.001386732131407286,10.002493781056032,2.980856996744633,False,False,nnUNet,internal_val
case_00009,27879,2394,1694,1473473,1505440,29573,30273,0.019644090764161973,0.931691341108846,0.8721181218131198,0.9209196313546725,0.9427180198153722,0.00162209738411388,14.682981747564437,5.573269602599769,False,False,nnUNet,internal_val
case_00010,35209,764,2205,1467262,1505440,37414,35973,0.024852534807099584,0.9595432433537275,0.9222326994604222,0.9787618491646513,0.9410648420377399,0.0005204267499349467,10.63014581273465,3.8571336014081785,False,False,nnUNet,internal_val
case_00011,10111,6128,261,1488940,1505440,10372,16239,0.0068896800935274735,0.7599113148697907,0.6127878787878788,0.6226368618757313,0.9748360971847281,0.004098810221341103,106.21675950620975,23.757239388666736,False,False,nnUNet,internal_val
case_00012,45422,11200,3556,1445262,1505440,48978,56622,0.03253400999043469,0.8602651515151515,0.754794110804613,0.8021970258909964,0.9273959737024786,0.007689867638153278,41.203710543282234,15.597172531993973,False,False,nnUNet,internal_val
case_00013,38712,1895,2480,1462353,1505440,41192,40607,0.027362100116909344,0.9465152385725987,0.8984612528140739,0.9533331691580269,0.9397941347834531,0.001294179674481372,13.0,3.7696178920016576,False,False,nnUNet,internal_val
case_00014,20047,1452,1542,1482399,1505440,21589,21499,0.01434065788075247,0.9305142963238024,0.8700577231890977,0.9324619749755803,0.9285747371346519,0.0009785349068066808,12.206555615733702,4.397632488460279,False,False,nnUNet,internal_val
case_00015,94085,9560,5695,1396100,1505440,99780,103645,0.06627962589010522,0.9250092171562001,0.8604810682275471,0.9077620724588741,0.9429244337542594,0.006801075651295477,29.67489832237267,10.75182423069686,False,False,nnUNet,internal_val
case_00016,83109,6852,4609,1410870,1505440,87718,89961,0.0582673504091827,0.9354960349844382,0.8788093475732262,0.9238336612532098,0.9474566223580109,0.00483310550305349,28.160255680657446,12.528486203831822,False,False,nnUNet,internal_val
case_00017,42048,8598,6018,1448776,1505440,48066,50646,0.03192820703581677,0.8519328956965718,0.7420584498094028,0.8302333846700628,0.8747971539133691,0.005899652388474064,41.07613763893618,11.24087496878156,False,False,nnUNet,internal_val
case_00018,19525,1298,1224,1483393,1505440,20749,20823,0.013782681475183335,0.9393341672279418,0.8856080192316415,0.9376650818806128,0.9410092052629042,0.0008742559899669359,10.770329614269007,3.9625529777691595,False,False,nnUNet,internal_val
case_00019,25514,8677,310,1470939,1505440,25824,34191,0.017153788925496866,0.8502541031408815,0.7395147966725603,0.7462197654353485,0.9879956629491945,0.00586435940135819,35.01712888577486,11.962086834005955,False,False,nnUNet,internal_val
case_00020,75319,1668,6127,1422326,1505440,81446,76987,0.05410112658093315,0.9507993915409038,0.9062131530187454,0.9783340044423084,0.9247722417307173,0.0011713532500839188,21.213203435596427,6.020632195258221,False,False,nnUNet,internal_val
case_00021,17885,2240,71,1485244,1505440,17956,20125,0.011927409926665957,0.9393135684462067,0.8855714002772826,0.888695652173913,0.996045889953219,0.0015058985508415552,14.926337811025169,4.226350014374043,False,False,nnUNet,internal_val
case_00022,78472,6266,1630,1419072,1505440,80102,84738,0.05320836433202253,0.9520990050958505,0.908577250833642,0.9260544265854752,0.9796509450450676,0.004396150246467855,20.0,6.286451440073563,False,False,nnUNet,internal_val
case_00023,52795,4447,7657,1440541,1505440,60452,57242,0.04015570198745882,0.8971570343432971,0.8134948150202622,0.9223122881800077,0.8733375239859723,0.003077534207896536,44.70048670440041,9.162596587160854,False,False,nnUNet,internal_val
case_00024,50221,1069,5045,1449105,1505440,55266,51290,0.03671086194069508,0.9426217200345358,0.891470666548327,0.9791577305517645,0.9087142185068577,0.0007371529209598297,19.627408662431055,5.327009951542303,False,False,nnUNet,internal_val
case_00025,32283,12475,842,1459840,1505440,33125,44758,0.022003533850568604,0.8290127498940719,0.7079605263157894,0.7212788775191027,0.9745811320754717,0.008473050943582045,60.84734519014839,15.245539244397472,False,False,nnUNet,internal_val
case_00026,27801,969,1295,1475375,1505440,29096,28770,0.019327239876713784,0.9608751252894618,0.9246964909363047,0.9663190823774765,0.9554921638713225,0.0006563510943248999,9.0,3.1639073221824625,False,False,nnUNet,internal_val
case_00027,17867,2852,2390,1482331,1505440,20257,20719,0.013455866723349984,0.8720714564623194,0.7731619715262452,0.8623485689463777,0.8820160932023499,0.0019203020772524328,24.0,9.157451299856897,False,False,nnUNet,internal_val
case_00028,39806,1338,5076,1459220,1505440,44882,41144,0.029813210755659476,0.9254411457001371,0.8612289052358286,0.9674800699980556,0.886903435675772,0.0009160882347705466,18.384776310850235,7.242789781619184,False,False,nnUNet,internal_val
case_00029,19687,2815,773,1482165,1505440,20460,22502,0.013590711021362525,0.9164843349937154,0.8458431793770139,0.8749000088880988,0.962218963831867,0.0018956484262414308,21.2602916254693,6.135510519284234,False,False,nnUNet,internal_val
case_00030,51745,1996,12315,1439384,1505440,64060,53741,0.04255234350090339,0.8785154625172961,0.783350490492915,0.9628588973037345,0.8077583515454262,0.001384784026419126,63.60658351123165,13.610373770050645,False,False,nnUNet,internal_val
case_00031,28095,1382,622,1475341,1505440,28717,29477,0.019075486236581996,0.965563460150531,0.9334197149406958,0.9531159887369813,0.9783403558867569,0.0009358559459018381,7.0,2.444732899725161,False,False,nnUNet,internal_val
case_00032,48376,6113,2464,1448487,1505440,50840,54489,0.03377085768944627,0.918569434818521,0.8494021386055168,0.8878122189799776,0.9515342250196696,0.004202529905128558,26.92582403567252,9.055365910529623,False,False,nnUNet,internal_val
case_00033,28739,1632,476,1474593,1505440,29215,30371,0.019406286534169412,0.96462256234686,0.9316627224689598,0.9462645286622107,0.983706999828855,0.001105522532134329,7.22145365168085,2.7040216434316426,False,False,nnUNet,internal_val
case_00034,65844,1648,3611,1434337,1505440,69455,67492,0.046136013391433736,0.9615982825472628,0.926036876081178,0.9755822912345167,0.9480095025556116,0.0011476442999056398,13.187383539249357,3.9515203881786825,False,False,nnUNet,internal_val
case_00035,54179,499,4499,1446263,1505440,58678,54678,0.03897730895950686,0.9559088182363528,0.9155415110600402,0.9908738432276235,0.9233273117693173,0.00034490814660600706,12.190143393678794,4.656348168316372,False,False,nnUNet,internal_val
case_00036,22496,2841,797,1479306,1505440,23293,25337,0.015472552874907003,0.9251902118034135,0.8607943674906252,0.8878714922840115,0.9657837118447602,0.0019168139192671171,32.5113496623486,6.248122452882727,False,False,nnUNet,internal_val
case_00037,50811,1497,3574,1449558,1505440,54385,52308,0.03612565097247317,0.9524711086950409,0.9092552163487349,0.9713810506997018,0.9342833501884711,0.0010316631692113669,23.345235059857504,5.977699408381235,False,False,nnUNet,internal_val
case_00038,32397,1402,1463,1470178,1505440,33860,33799,0.0224917632054416,0.957655300846894,0.9187510634677557,0.9585194828249356,0.9567926757235676,0.000952717487326547,8.0,3.6510158957050685,False,False,nnUNet,internal_val
case_00039,22188,377,10355,1472520,1505440,32543,22565,0.021616935912424275,0.8052551353705452,0.6739975698663426,0.9832927099490362,0.681805611037704,0.0002559581559335106,36.77566166518511,10.732759579302966,False,False,nnUNet,internal_val
case_00040,67017,4558,1658,1432207,1505440,68675,71575,0.04561789244340525,0.9556791443850268,0.9151202326819876,0.9363185469786937,0.9758572988714962,0.00317240467299802,19.1049731745428,5.289392936231348,False,False,nnUNet,internal_val
case_00041,27121,1759,1275,1475285,1505440,28396,28880,0.018862259538739504,0.9470284237726099,0.8993865030674847,0.9390927977839335,0.9550993097619384,0.0011908920790443616,12.36931687685298,4.01806771642956,False,False,nnUNet,internal_val
case_00042,46126,7263,9923,1442128,1505440,56049,53389,0.03723097566160059,0.8429613114274749,0.7285506696992671,0.8639607409766057,0.8229584827561598,0.0050110701667113984,143.11174197179284,28.654446442968048,False,False,nnUNet,internal_val
case_00043,58780,3883,18331,1424446,1505440,77111,62663,0.051221569773621,0.8410720162548113,0.7257327703286663,0.9380336083494247,0.7622777554434517,0.002718561339859374,128.96572976546062,24.65165209603994,False,False,nnUNet,internal_val
case_00044,96298,2420,19912,1386810,1505440,116210,98718,0.07719337867998724,0.8960954366113303,0.8117508218831662,0.9754857270204016,0.828655021082523,0.0017419721716346464,49.47726750741192,14.60411603378705,False,False,nnUNet,internal_val
case_00045,28037,1022,2250,1474131,1505440,30287,29059,0.020118370708895737,0.9448657028274863,0.8954933086333003,0.9648301730961149,0.9257107009608083,0.0006928094916256144,13.892443989449804,4.496469509048299,False,False,nnUNet,internal_val
case_00046,33894,4167,3366,1464013,1505440,37260,38061,0.024750239132745246,0.899988051141116,0.8181620682163806,0.8905178529203122,0.9096618357487922,0.002838207849173807,35.012140380019716,9.098434297906737,False,False,nnUNet,internal_val
case_00047,26439,2505,277,1476219,1505440,26716,28944,0.017746306727601233,0.9500179662234998,0.9047944971082441,0.9134535655058044,0.9896316813894296,0.0016940280944922786,12.63123865749373,3.8127118223272856,False,False,nnUNet,internal_val
case_00048,25053,2661,1026,1476700,1505440,26079,27714,0.017323174620044637,0.93145948357593,0.8717118997912318,0.903983546222126,0.9606580006902106,0.0017987495952644418,18.783785186328682,5.456715004568361,False,False,nnUNet,internal_val
case_00049,57372,3105,4558,1440405,1505440,61930,60477,0.041137474758210224,0.9373973710653802,0.8821711386176674,0.9486581675678357,0.9264007750686258,0.002151006920630962,18.241968337438088,6.13018459820483,False,False,nnUNet,internal_val
case_00050,17012,512,1602,1234114,1253240,18614,17524,0.014852701796942326,0.9415020200343129,0.8894698316427899,0.9707829262725405,0.9139357472869883,0.00041470048419521376,13.0,3.7506086935866847,False,False,nnUNet,internal_val
case_00051,28067,846,2221,1474306,1505440,30288,28913,0.020119034966521416,0.9481934426783332,0.9014903321128027,0.9707398056237678,0.9266706286318014,0.000573500222349968,12.002079728939613,4.0396149250848765,False,False,nnUNet,internal_val
case_00052,43383,11296,2897,1447864,1505440,46280,54679,0.03074184291635668,0.8594181796570886,0.7534910379324719,0.7934124618226376,0.9374027657735523,0.007741440280709449,46.22985951929149,14.94076026710495,False,False,nnUNet,internal_val
case_00053,41084,2962,1361,1460033,1505440,42445,44046,0.028194414921883303,0.9500179209397509,0.9047944149580461,0.9327521227807293,0.9679349746731064,0.002024613891366683,16.020292702222903,5.00661534525701,False,False,nnUNet,internal_val
case_00054,34560,834,3468,1466578,1505440,38028,35394,0.025260388989265598,0.9414072076489336,0.889300602130616,0.97643668418376,0.9088040391290628,0.0005683475397502542,10.487766334866576,4.563502882682663,False,False,nnUNet,internal_val
case_00055,40102,14629,1041,1197468,1253240,41143,54731,0.032829306437713444,0.8365563134947952,0.719034641038514,0.7327108951051506,0.9746980045208177,0.01206916608159248,73.49829930005184,14.041597353664265,False,False,nnUNet,internal_val
case_00056,27886,721,4308,1472525,1505440,32194,28607,0.021385110001062812,0.9172875446127531,0.8472125170894729,0.9747963785087566,0.8661862458843262,0.000489395525255117,22.80350850198276,5.912555512068062,False,False,nnUNet,internal_val
case_00057,111753,1093,8374,1384220,1505440,120127,112846,0.07979527579976618,0.95936438986492,0.9219023263487873,0.9903142335572372,0.9302904426148992,0.0007889913687376066,21.587033144922902,6.544416607709437,False,False,nnUNet,internal_val
case_00058,21282,2152,2023,1227783,1253240,23305,23434,0.01859579968721075,0.9106741693232633,0.835997957339828,0.9081676196978749,0.9131945934348852,0.0017496859590140942,24.215579399390258,5.862174145172081,False,False,nnUNet,internal_val
case_00059,20159,1320,4840,1226921,1253240,24999,21479,0.01994749609013437,0.8674641765996816,0.7659485542763783,0.9385446249825411,0.8063922556902277,0.0010747076510228856,26.866333489579667,9.240414951104402,False,False,nnUNet,internal_val
case_00060,35073,1044,5447,1211676,1253240,40520,36117,0.032332194950687815,0.9153020081683781,0.8438312000769898,0.9710939446797907,0.8655725567620928,0.0008608747278844251,24.72245148040635,6.660423975983297,False,False,nnUNet,internal_val
case_00061,34281,1858,3084,1214017,1253240,37365,36139,0.029814720245124635,0.932765563778842,0.8740024985340235,0.9485873986551925,0.9174628663187475,0.0015281176107741338,28.760419575290054,6.664492271493634,False,False,nnUNet,internal_val
case_00062,28345,1515,6543,1469037,1505440,34888,29860,0.023174620044638113,0.8755482794835362,0.7786446172018789,0.9492632283991963,0.8124570052740198,0.0010302253847534802,34.6914907810695,10.662564057178775,False,False,nnUNet,internal_val
case_00063,60274,2312,4614,1438240,1505440,64888,62586,0.04310234881496439,0.945667351773695,0.8969345238095238,0.9630588310484773,0.9288928615460486,0.0016049403284296576,15.652475842498529,5.662773387321556,False,False,nnUNet,internal_val
case_00064,36676,1664,3402,1211498,1253240,40078,38340,0.03197950911238071,0.9353974852712388,0.8786354271477169,0.9565988523735003,0.9151155247267828,0.001371622256549414,20.059547678376767,5.444190895036791,False,False,nnUNet,internal_val
case_00065,7815,1716,131,1243578,1253240,7946,9531,0.006340365771919185,0.8943182468387023,0.8088387497412544,0.8199559332703809,0.9835137175937578,0.0013779878486526074,14.396109092211056,4.82970205966407,False,False,nnUNet,internal_val
case_00066,36858,973,4776,1462833,1505440,41634,37831,0.027655701987458817,0.9276536840118291,0.8650691200976366,0.9742803520921995,0.8852860642743912,0.0006647055689073552,22.360679774997898,6.834069938985296,False,False,nnUNet,internal_val
case_00067,26133,1318,32024,1193765,1253240,58157,27451,0.046405317417254476,0.6105270535463976,0.43939470365699873,0.9519871771520163,0.44935261447461183,0.0011028522705117552,143.2344118217378,39.425184434488216,False,False,nnUNet,internal_val
case_00068,17458,4739,869,1230174,1253240,18327,22197,0.014623695381570968,0.8616128713848583,0.7568715858839851,0.7865026805424157,0.9525836197959295,0.0038375172987894692,33.271355694898695,7.413498450557505,False,False,nnUNet,internal_val
case_00069,10491,4297,1167,1237285,1253240,11658,14788,0.009302288468290192,0.7933903047719882,0.6575368223127547,0.70942656207736,0.899897066392177,0.003460907132996451,107.26781633813202,16.929510064845335,False,False,nnUNet,internal_val
case_00070,27912,5824,755,1218749,1253240,28667,33736,0.022874309789026843,0.8945723763280612,0.8092545881534313,0.8273654256580507,0.9736630969407333,0.0047559435003058205,30.4138126514911,8.813625010025003,False,False,nnUNet,internal_val
case_00071,73179,5093,4385,1422783,1505440,77564,78272,0.05152247847805293,0.9391796504017044,0.8853333655951704,0.934932031888798,0.943466040946831,0.0035668363359283297,17.46424919657298,7.115614972659509,False,False,nnUNet,internal_val
case_00072,83326,7521,1930,1412663,1505440,85256,90847,0.05663194813476459,0.9463325440225323,0.8981320801491749,0.9172124561075214,0.9773622970817303,0.005295792657852785,32.32178499739567,6.265299167827086,False,False,nnUNet,internal_val
case_00073,19577,1325,1770,1482768,1505440,21347,20902,0.014179907535338506,0.9267438282562901,0.8634880028228652,0.9366089369438332,0.9170843678268609,0.0008928011923781057,9.899494936611665,4.5458865467404,False,False,nnUNet,internal_val
case_00074,13017,5540,798,1486085,1505440,13815,18557,0.009176719098735254,0.8042135178549363,0.6725393955050375,0.7014603653607803,0.9422366992399566,0.003714070225425291,61.14694831429381,13.194770955792482,False,False,nnUNet,internal_val
case_00075,104205,2895,34816,1363524,1505440,139021,107100,0.09234575937931767,0.8467786170217089,0.7342723864821443,0.97296918767507,0.7495630156595047,0.00211867662847194,149.92997275658433,26.67637678550099,False,False,nnUNet,internal_val
case_00076,21961,3385,611,1479483,1505440,22572,25346,0.014993623126793495,0.916607537877207,0.8460530877990523,0.8664483547699834,0.9729310650363282,0.0022827385849583373,20.615528128088304,5.6050303608376035,False,False,nnUNet,internal_val
case_00077,37785,9875,1069,1456711,1505440,38854,47660,0.025809065788075247,0.8735002427352798,0.7754109462537708,0.7928031892572388,0.9724867452514542,0.006733324878322853,35.975661535508124,13.174522572410185,False,False,nnUNet,internal_val
case_00078,20273,1861,203,1483103,1505440,20476,22134,0.013601339143373366,0.9515606665102089,0.9075972601513185,0.9159212071925544,0.9900859542879469,0.0012532290345085807,29.711940160506867,5.144435328482153,False,False,nnUNet,internal_val
case_00079,20255,5117,1056,1479012,1505440,21311,25372,0.014155994260814115,0.867767709872973,0.7664219766913879,0.798320983761627,0.9504481253812586,0.0034478134986918253,38.07061521850134,10.196155186537252,False,False,nnUNet,internal_val
case_00080,89161,10950,9893,1395436,1505440,99054,100111,0.06579737485386332,0.895348078226596,0.8105250718155703,0.8906214102346396,0.9001251842429382,0.007785913682303436,55.0,13.641723332841659,False,False,nnUNet,internal_val
case_00081,39556,2738,2992,1460154,1505440,42548,42294,0.02826283345732809,0.9324626953631456,0.8734708298370357,0.9352626850144229,0.9296794208893485,0.0018716350899451225,16.297180426713243,5.812576751918967,False,False,nnUNet,internal_val
case_00082,34858,2195,3784,1464603,1505440,38642,37053,0.02566824317143161,0.9210119558755532,0.8535886573450547,0.9407605322106172,0.9020754619326122,0.0014964569081768588,27.0,7.053350341454754,False,False,nnUNet,internal_val
case_00083,14215,2151,277,1488797,1505440,14492,16366,0.00962642151131895,0.9213170004536911,0.854112840233131,0.8685689844800195,0.9808860060723158,0.0014427062513246605,23.616701203389017,4.705090443863285,False,False,nnUNet,internal_val
case_00084,64816,6568,461,1433595,1505440,65277,71384,0.04336074503135296,0.9485661600602951,0.9021643816549516,0.9079905861257425,0.9929377881949232,0.004560594877107661,22.737247812435037,5.589763027191415,False,False,nnUNet,internal_val
case_00085,23980,1103,1225,1479132,1505440,25205,25083,0.016742613455202466,0.953706649697741,0.9115098069028432,0.956025993700913,0.9513985320372942,0.0007451519522238023,9.080009036010715,3.5928279128555114,False,False,nnUNet,internal_val
case_00086,24820,5528,617,1474475,1505440,25437,30348,0.016896721224359656,0.8898449403961638,0.8015501372517359,0.8178463160669567,0.97574399496796,0.0037351275639306136,79.06832433800992,11.921416639019903,False,False,nnUNet,internal_val
case_00087,57603,2745,17101,1427991,1505440,74704,60348,0.049622701668615155,0.8530491958652964,0.7437539542150319,0.9545138198448996,0.7710832083958021,0.001918592947965243,97.93109194069758,17.486723931580077,False,False,nnUNet,internal_val
case_00088,49842,15026,2868,1437704,1505440,52710,64868,0.03501301944946328,0.8478116654476178,0.7358273296326916,0.7683603625824752,0.9455890722822994,0.010343284712231454,96.9123212112689,21.780076966724387,False,False,nnUNet,internal_val
case_00089,33581,169,16483,1455207,1505440,50064,33750,0.0332553937719205,0.8013219748490705,0.6685047677821353,0.9949925925925925,0.6707614253755193,0.00011612119479777048,55.734363570409506,20.301413904125152,False,False,nnUNet,internal_val
case_00090,86711,2891,6841,1408997,1505440,93552,89602,0.062142629397385483,0.9468643873461677,0.8990906545835364,0.9677350951987679,0.9268748931075765,0.002047612841811815,24.61703381608952,6.72185690458877,False,False,nnUNet,internal_val
case_00091,37034,2299,7040,1459067,1505440,44074,39333,0.02927649059411202,0.888030980613138,0.7986112608630022,0.9415503521216282,0.8402686391069565,0.0015731856359050367,42.14689019967472,10.74017080244284,False,False,nnUNet,internal_val
case_00092,70511,7786,7650,1419493,1505440,78161,78297,0.05191904028058242,0.901340934947398,0.8204009447682874,0.9005581312183097,0.9021251007535728,0.00545513526087051,65.0,13.72902611163101,False,False,nnUNet,internal_val
case_00093,13662,275,773,1490730,1505440,14435,13937,0.00958855882665533,0.9630621739743409,0.9287559483344664,0.9802683504340963,0.9464496016626256,0.00018443935466346524,5.0,2.1622866405193255,False,False,nnUNet,internal_val
case_00094,34448,3175,5856,1461961,1505440,40304,37623,0.026772239345307685,0.8841094870840659,0.7922905310609719,0.9156101321000452,0.8547042477173482,0.002167034323093556,34.97139935725838,9.933551985070185,False,False,nnUNet,internal_val
case_00095,40146,2530,1378,1461386,1505440,41524,42676,0.027582633648634287,0.9535866983372921,0.9112906887002316,0.9407160933545787,0.9668143724111358,0.0017282412378852338,10.592177951969822,3.9640633019166054,False,False,nnUNet,internal_val
case_00096,19514,995,1778,1483153,1505440,21292,20509,0.014143373365926241,0.9336618741178441,0.8755776910306456,0.9514847140279877,0.916494458012399,0.0006704183140764938,9.848857801796104,3.870593272572793,False,False,nnUNet,internal_val
case_00097,99385,6970,19898,1379187,1505440,119283,106355,0.07923464236369433,0.8809243123941889,0.7871892153057749,0.9344647642329933,0.8331866234081973,0.0050282904461760106,40.792156108742276,16.116202634742262,False,False,nnUNet,internal_val
case_00098,48484,2505,18598,1435853,1505440,67082,50989,0.04455973004570093,0.8212685587485496,0.696739333496199,0.9508717566533958,0.7227572225038014,0.0017415692059973942,68.04994499680615,17.10044873768725,False,False,nnUNet,internal_val
case_00099,25956,675,2454,1476355,1505440,28410,26631,0.01887155914549899,0.9431514689049981,0.8924187725631769,0.9746535991889151,0.9136219640971489,0.00045699816523699587,12.36931687685298,4.4738594351463234,False,False,nnUNet,internal_val
case_00100,57502,7083,2096,1438759,1505440,59598,64585,0.039588425975130195,0.9260848908465732,0.862344595911879,0.890330572114268,0.9648310345984764,0.0048988755341178355,20.223748416156685,7.592982076283772,False,False,nnUNet,internal_val
case_00101,12607,393,2941,1489499,1505440,15548,13000,0.010327877564034435,0.8832142356732521,0.7908537732890032,0.9697692307692307,0.8108438384358116,0.000263777508705329,16.278820596099706,6.29383319637588,False,False,nnUNet,internal_val
case_00102,45428,3452,1262,1455298,1505440,46690,48880,0.03101418854288447,0.9506748979805378,0.9059869969287224,0.9293780687397709,0.9729706575283786,0.002366409597257926,11.180339887498949,4.483754785209178,False,False,nnUNet,internal_val
case_00103,102285,1231,4711,1397213,1505440,106996,103516,0.07107290891699437,0.9717735806034811,0.9450968797065428,0.9881081185517214,0.9559703166473513,0.0008802640649178659,12.0,4.58047730463965,False,False,nnUNet,internal_val
case_00104,128038,12120,5793,1359489,1505440,133831,140158,0.08889826230205122,0.9346214629054451,0.8772670279751423,0.9135261633299562,0.9567140647533082,0.008836337469351689,34.0,10.82063762929239,False,False,nnUNet,internal_val
case_00105,86981,5019,7487,1405953,1505440,94468,92000,0.0627510893825061,0.932932192118755,0.8742951340376129,0.9454456521739131,0.9207456493204048,0.0035571223241850298,29.71358108571216,10.512598060640288,False,False,nnUNet,internal_val
case_00106,106031,4491,3233,1391685,1505440,109264,110522,0.07257944521203104,0.9648567242681517,0.9320996879258054,0.9593655561788603,0.9704111143652072,0.0032166431739264964,21.466242942226273,6.180516587920583,False,False,nnUNet,internal_val
case_00107,116421,9098,853,1379068,1505440,117274,125519,0.07790014879370816,0.9590144691156665,0.921256290950527,0.9275169496251564,0.9927264355270563,0.006553971210935868,22.80350850198276,7.306849665754447,False,False,nnUNet,internal_val
case_00108,21941,2749,3018,1477732,1505440,24959,24690,0.01657920607928579,0.8838445890148845,0.7918651652952216,0.8886593762656946,0.8790816939781241,0.0018568289630194511,22.80350850198276,8.259799949872155,False,False,nnUNet,internal_val
case_00109,146728,17138,9030,1332544,1505440,155758,163866,0.1034634392602827,0.9181288013415764,0.8486488987599482,0.8954145460315136,0.9420254497361291,0.01269780585352698,59.25430182303626,13.77933001388473,False,False,nnUNet,internal_val
case_00110,73733,11076,3787,1416844,1505440,77520,84809,0.051493251142523115,0.9084390343068706,0.8322384757776875,0.8694006532325579,0.9511480908152735,0.00775673707210488,44.67935436746958,12.353913611563177,False,False,nnUNet,internal_val
case_00111,151727,4128,11470,1338115,1505440,163197,155855,0.10840485173769795,0.9511114175745646,0.9067802181383535,0.9735138429950916,0.9297168452851462,0.0030754490803826134,36.76955262170047,8.431590065500421,False,False,nnUNet,internal_val
case_00112,96807,1486,6682,1400465,1505440,103489,98293,0.06874335742374323,0.9595206708229673,0.9221909978566325,0.9848819346240323,0.9354327513069022,0.0010599514533674856,16.401219466856727,5.600221849669774,False,False,nnUNet,internal_val
case_00113,82412,2821,1239,1418968,1505440,83651,85233,0.05556581464555213,0.9759598304161436,0.9530483856045888,0.9669024908192836,0.9851884615844401,0.0019841200065551217,9.0,3.5030593117570636,False,False,nnUNet,internal_val
case_00114,119783,3620,4158,1377879,1505440,123941,123403,0.08232875438410032,0.9685539168122129,0.939025250664388,0.9706652188358468,0.9664517794757183,0.0026203421066537144,15.649132694167614,5.42416215319097,False,False,nnUNet,internal_val
case_00115,86297,12664,6906,1399573,1505440,93203,98961,0.06191080348602402,0.8981599050810766,0.8151454183078769,0.8720303958124918,0.9259036726285634,0.0089673333866766,42.20189569201838,14.667819913698269,False,False,nnUNet,internal_val
case_00116,121288,46052,5390,1332710,1505440,126678,167340,0.08414682750557977,0.8250379228482609,0.7021825971168876,0.7247998087725589,0.9574511754211465,0.03340097855902614,190.0,34.480061947477495,False,False,nnUNet,internal_val
case_00117,149098,7442,6553,1342347,1505440,155651,156540,0.10339236369433522,0.955171673751005,0.9141900633380955,0.9524594352881053,0.9578994031519232,0.005513454325083402,25.0,8.721605073308243,False,False,nnUNet,internal_val
case_00118,138936,7368,2986,1356150,1505440,141922,146304,0.09427277075140823,0.9640768008437823,0.9306450532520597,0.9496391076115486,0.9789602739532983,0.005403669038472539,19.0,7.32448540556602,False,False,nnUNet,internal_val
case_00119,25839,8379,191,1471031,1505440,26030,34218,0.01729062599638644,0.8577546142610543,0.7509372547879916,0.7551288795370857,0.9926623127160968,0.005663744330510136,45.901502955541524,12.36776900355043,False,False,nnUNet,internal_val
case_00120,101594,4440,3231,1396175,1505440,104825,106034,0.06963080561164842,0.9636202391171351,0.9297945362192834,0.9581266386253466,0.9691772000953971,0.003170036019891262,15.811388300841896,5.47329126214888,False,False,nnUNet,internal_val
case_00121,60146,1866,3047,1440381,1505440,63193,62012,0.04197643213944096,0.9607603530210455,0.9244839299712568,0.9699090498613172,0.9517826341525168,0.0012938144437117914,12.263522057125435,4.785592319515655,False,False,nnUNet,internal_val
case_00122,139542,3050,7313,1355535,1505440,146855,142592,0.09754955361887555,0.9641972450915021,0.9308695507154531,0.9786103007181328,0.9502025807769569,0.0022449828314017894,20.615528128088304,6.605404707163885,False,False,nnUNet,internal_val
case_00123,75698,4300,7352,1418090,1505440,83050,79998,0.055166595812519925,0.9285363819243413,0.8666056096164854,0.9462486562164054,0.911475015051174,0.0030230808709285077,35.496467505971246,8.419091840043057,False,False,nnUNet,internal_val
case_00124,100300,3189,6623,1395328,1505440,106923,103489,0.07102441811031991,0.9533676786495067,0.9108907294391165,0.9691851307868469,0.9380582288188697,0.002280272603050231,41.30729833093311,8.455088529749768,False,False,nnUNet,internal_val
case_00125,37811,12719,2031,1452879,1505440,39842,50530,0.02646535232224466,0.8367857300933917,0.7193736801050208,0.748288145656046,0.949023643391396,0.008678368829651787,77.89730067755345,17.47513411049464,False,False,nnUNet,internal_val
case_00126,161813,1844,33140,1308643,1505440,194953,163657,0.129499016898714,0.9024455536655419,0.8222330624958714,0.9887325320640119,0.8300103101773247,0.0014071104864069616,101.0,17.914820877574915,False,False,nnUNet,internal_val
case_00127,125747,14294,2684,1362715,1505440,128431,140041,0.0853112711233925,0.9367606305313031,0.8810439656682432,0.8979298919602117,0.9791016187680545,0.010380469553939009,36.601788792433695,10.682031054415583,False,False,nnUNet,internal_val
case_00128,88700,3219,24132,1389389,1505440,112832,91919,0.0749495164204485,0.8664182348315759,0.7643191355524727,0.9649800367715053,0.7861245036868973,0.0023114903835106506,77.83187003661556,21.853028931679663,False,False,nnUNet,internal_val
case_00129,53526,293,11673,1439948,1505440,65199,53819,0.04330893293655011,0.8994605857937454,0.8172906614548342,0.9945558260094018,0.8209635117103024,0.00020343817458328155,48.991778830489736,11.864972236787356,False,False,nnUNet,internal_val
case_00130,42503,3647,1622,1457668,1505440,44125,46150,0.029310367733021574,0.9416338964275824,0.8897052666834129,0.9209750812567714,0.9632407932011331,0.0024956973684660735,21.0,5.908015273365057,False,False,nnUNet,internal_val
case_00131,102003,8482,2826,1392129,1505440,104829,110485,0.06963346264215113,0.9474813528149586,0.9002038637025531,0.9232293976557904,0.9730418109492602,0.006055928448370032,32.28002478313795,9.05251511561669,False,False,nnUNet,internal_val
case_00132,26512,2378,591,1475959,1505440,27103,28890,0.018003374428738443,0.9469755147964924,0.8992910688239883,0.9176877812391832,0.9781942958344094,0.0016085642177663144,12.806248474865697,3.865137797210677,False,False,nnUNet,internal_val
case_00133,119991,5358,4512,1375579,1505440,124503,125349,0.08270206716973111,0.9604966139954854,0.9239956568946797,0.9572553430821147,0.9637599093997735,0.0038799742493683636,18.973665961010276,7.165734870405809,False,False,nnUNet,internal_val
case_00134,63179,1871,5909,1434481,1505440,69088,65050,0.04589223084281008,0.9420000298200361,0.8903592215222875,0.9712375096079938,0.9144713987957388,0.001302605489462193,19.235384061671343,7.275910815158891,False,False,nnUNet,internal_val
case_00135,57629,1290,4684,1441837,1505440,62313,58919,0.04139188542884472,0.9507225814966346,0.9060736128798956,0.9781055347171541,0.9248310946351483,0.0008938922215439112,23.08679276123039,6.090864005064471,False,False,nnUNet,internal_val
case_00136,47181,770,2653,1454836,1505440,49834,47951,0.03310261451801467,0.9649946310783862,0.9323571259188997,0.983941940731163,0.946763254003291,0.0005289893006761445,12.727922061357855,4.148597609129909,False,False,nnUNet,internal_val
case_00137,94075,4869,8690,1397806,1505440,102765,98944,0.06826243490275269,0.9327794000267713,0.8740267945073118,0.9507903460543338,0.9154381355519875,0.00347122462437842,26.138003725283795,9.725037709118046,False,False,nnUNet,internal_val
case_00138,78934,6046,6437,1414023,1505440,85371,84980,0.056708337761717506,0.9267218859883417,0.8634499053786495,0.9288538479642269,0.9245996884187839,0.004257539598427964,25.861082897535017,8.432167501329237,False,False,nnUNet,internal_val
case_00139,149097,7392,6157,1342794,1505440,155254,156489,0.10312865341694123,0.9565379174512338,0.9166963835569273,0.9527634530222572,0.960342406636866,0.00547480124960561,23.948802309313606,8.584961460768119,False,False,nnUNet,internal_val
case_00140,80229,20621,2035,1402555,1505440,82264,100850,0.05464448931873738,0.8762737966512665,0.7797929727365506,0.7955280118988597,0.9752625692891179,0.01448942365526119,111.01801655587259,17.391983768634322,False,False,nnUNet,internal_val
case_00141,64971,7195,2768,1430506,1505440,67739,72166,0.04499614730577107,0.9287873914441943,0.8670429978380976,0.9002993099243412,0.9591372769010467,0.005004517629187154,36.0,9.516019331345428,False,False,nnUNet,internal_val
case_00142,52640,1169,5795,1445836,1505440,58435,53809,0.038815894356467213,0.9379565945618474,0.8831622038789343,0.9782750097567321,0.9008299820313168,0.0008078755774859105,28.180664748199515,6.8002964291929,False,False,nnUNet,internal_val
case_00143,154367,1601,17188,1332284,1505440,171555,155968,0.11395671697311086,0.9426330364585083,0.8914909099309294,0.9897350738613049,0.8998105563813354,0.0012002533951577534,57.20795186547232,10.517398536156959,False,False,nnUNet,internal_val
case_00144,64237,789,11802,1428612,1505440,76039,65026,0.05050948559889468,0.9107432743770603,0.8361144374446816,0.9878663919047765,0.8447901734636174,0.00055197946552437,38.27531841800928,10.946083043307338,False,False,nnUNet,internal_val
case_00145,83445,2093,58623,1361279,1505440,142068,85538,0.09436975236475714,0.7332407757264747,0.5788320003329611,0.9755313427950151,0.5873595742883689,0.0015351642838491622,105.17960520653082,34.018432555326314,False,False,nnUNet,internal_val
case_00146,47212,751,4418,1453059,1505440,51630,47963,0.03429562121373153,0.948098761961182,0.9013191806189267,0.9843420970331297,0.9144295951965912,0.0005165736925733074,20.0,5.712550005232853,False,False,nnUNet,internal_val
case_00147,165049,2342,4165,1333884,1505440,169214,167391,0.11240168987139973,0.9806687363526982,0.9620706941173728,0.9860088057302961,0.9753861973595566,0.0017526975227244493,10.0,3.868058584595114,False,False,nnUNet,internal_val
case_00148,49991,801,12461,1442187,1505440,62452,50792,0.0414842172388139,0.8828900427395712,0.7903340553017248,0.984229799968499,0.8004707615448664,0.0005550981712945638,61.965644643501385,13.52286955103573,False,False,nnUNet,internal_val
case_00149,79928,20946,1056,1403510,1505440,80984,100874,0.053794239557870126,0.8790154956064622,0.7841459825370353,0.7923548188829629,0.9869603872369851,0.014704560899037948,114.08483255575763,17.23164131965207,False,False,nnUNet,internal_val
case_00150,67212,4765,3882,1429581,1505440,71094,71977,0.04722473163991923,0.9395614764697249,0.8860122068574592,0.9337982966781055,0.9453962359692801,0.0033220715224917836,34.099100711797355,8.343823665024132,False,False,nnUNet,internal_val
case_00151,51885,957,13395,1439203,1505440,65280,52842,0.043362737804229994,0.8784985015492457,0.7833235200869605,0.9818894061541955,0.7948069852941176,0.0006645094989445617,62.85763154464367,14.178149462879029,False,False,nnUNet,internal_val
case_00152,17930,1970,224,1485316,1505440,18154,19900,0.012058932936550111,0.9423450885583644,0.890975949115484,0.9010050251256282,0.9876611215159193,0.0013245603064911524,9.219544457292887,3.174888261783897,False,False,nnUNet,internal_val
case_00153,96779,1880,7553,1399228,1505440,104332,98659,0.0693033266021894,0.9535299594563306,0.911187059842579,0.9809444652793967,0.9276061035923782,0.0013417952077926897,26.62591412511947,7.206341186452585,False,False,nnUNet,internal_val
case_00154,78077,2666,3849,1420848,1505440,81926,80743,0.05441997024125837,0.9599493449889038,0.9229832608284472,0.9669816578526931,0.9530185777408882,0.0018728301934508548,16.1245154965971,5.781387999175626,False,False,nnUNet,internal_val
case_00155,77350,4315,2061,1421714,1505440,79411,81665,0.05274936231267935,0.9604162010479526,0.9238468337195137,0.9471621869834078,0.9740464167432723,0.003025885167833193,14.872765309952575,5.525300122869681,False,False,nnUNet,internal_val
case_00156,40212,2881,481,1461866,1505440,40693,43093,0.02703063556169625,0.9598739646241615,0.9228438977371827,0.9331445942496461,0.9881797852210454,0.0019668925759875255,13.601470508735444,5.573330515693763,False,False,nnUNet,internal_val
case_00157,130078,3072,11560,1108530,1253240,141638,133150,0.11301745874692797,0.9467516776569573,0.8988874300324787,0.9769282763800226,0.918383484658072,0.0027635790507753674,35.4894287555329,8.493000177918356,False,False,nnUNet,internal_val
case_00158,60816,4797,1111,1438716,1505440,61927,65613,0.04113548198533319,0.9536772777167948,0.9114561477129669,0.9268894883635865,0.9820595216948989,0.0033231429159280173,13.92838827718412,5.509101989079372,False,False,nnUNet,internal_val
case_00159,142766,13479,3621,1345574,1505440,146387,156245,0.09723868105005845,0.9434957307885484,0.8930354171618731,0.9137316394124612,0.9752641969573801,0.009917935503619064,24.335158361708668,10.701812592278543,False,False,nnUNet,internal_val
case_00160,149201,4671,5568,1346000,1505440,154769,153872,0.10280648846848763,0.9668255351686912,0.9357814851981937,0.969643599875221,0.9640238032164063,0.0034582811062057305,19.79898987322333,5.894829040607213,False,False,nnUNet,internal_val
case_00161,151605,436,28893,1324506,1505440,180498,152041,0.11989717291954512,0.9118028261346789,0.8379022184885097,0.9971323524575608,0.8399262041684672,0.0003290710083913107,68.76772498781678,19.766519513717697,False,False,nnUNet,internal_val
case_00162,37243,6326,959,1460912,1505440,38202,43569,0.02537596981613349,0.9109097357253794,0.836395077254761,0.8548050219192546,0.9748966022721324,0.004311502292061683,32.7566787083184,8.423101182628509,False,False,nnUNet,internal_val
case_00163,9561,141773,203,1353903,1505440,9764,151334,0.006485811457115528,0.11869793541819265,0.06309350191702356,0.06317813577913754,0.9792093404342482,0.09478857720522359,481.5576807295207,215.98133704145076,False,False,nnUNet,internal_val
case_00164,110781,2686,6399,1385574,1505440,117180,113467,0.07783770857689447,0.9606108035222656,0.9242070311848231,0.9763279191306724,0.9453917050691244,0.0019347960756630601,18.110770276274835,6.535438266774707,False,False,nnUNet,internal_val
case_00165,66477,2368,6388,1430207,1505440,72865,68845,0.048401131894994155,0.9382118410839038,0.8836149030345726,0.9656038928026727,0.9123310231249571,0.0016529675584175348,27.88726319280953,8.41156041734842,False,False,nnUNet,internal_val
case_00166,47754,17220,71,1440395,1505440,47825,64974,0.031768120948028486,0.8467096339506556,0.734168652471366,0.7349709114414997,0.9985154208050183,0.011813819149775489,77.25384850025947,19.548360650257436,False,False,nnUNet,internal_val
case_00167,46271,29990,6156,1170823,1253240,52427,76261,0.041833168427436083,0.7191191097849061,0.5614254340730674,0.6067452564220244,0.8825795868541019,0.024974746276064632,167.58639560905684,45.59294117199071,False,False,nnUNet,internal_val
case_00168,79468,15036,5152,1153584,1253240,84620,94504,0.06752098560531103,0.8872959514079632,0.7974231355864173,0.8408956234656734,0.9391160482155518,0.012866457873389126,76.39958303327059,17.16219188995681,False,False,nnUNet,internal_val
case_00169,114373,494,7152,1383421,1505440,121525,114867,0.08072390796046339,0.9676554198111611,0.9373376277464985,0.995699374058694,0.9411479119522732,0.00035695833920435866,13.79762116980462,5.4362893465922095,False,False,nnUNet,internal_val
case_00170,59335,6611,740,1438754,1505440,60075,65946,0.03990527686257838,0.9416684520833829,0.889766967579402,0.8997513116792527,0.9876820640865585,0.004573931152338682,15.811388300841896,6.785053743964452,False,False,nnUNet,internal_val
case_00171,55854,10003,502,1439081,1505440,56356,65857,0.0374349027526836,0.9140435141924346,0.841694419747133,0.8481102995885024,0.9910923415430478,0.006902981469673256,29.068883707497267,9.624908805417313,False,False,nnUNet,internal_val
case_00172,90299,3303,1961,1409877,1505440,92260,93602,0.0612844085450101,0.9716779115687983,0.9449159193411676,0.9647122924723831,0.9787448515066117,0.0023372818749203923,12.727922061357855,4.137148200310569,False,False,nnUNet,internal_val
case_00173,41059,4834,674,1458873,1505440,41733,45893,0.027721463492400893,0.9371419441718212,0.8817188137522279,0.8946680321617676,0.9838497112596746,0.0033025735341840954,14.317821063276353,6.731503842826407,False,False,nnUNet,internal_val
case_00174,41796,796,9300,1453548,1505440,51096,42592,0.03394090764161973,0.8922380667748271,0.8054420719956833,0.9813110443275732,0.8179896665100986,0.0005473258046239404,42.95346318982906,12.392110167353373,False,False,nnUNet,internal_val
case_00175,39756,6892,931,1457861,1505440,40687,46648,0.027026650015942184,0.9104253735615733,0.8355787217049538,0.8522551877894015,0.9771179983778603,0.004705230165085854,31.33286697378073,8.700842418426474,False,False,nnUNet,internal_val
case_00176,145141,21434,4989,1081676,1253240,150130,166575,0.11979349526028533,0.9165690469048483,0.8459875032058007,0.8713252288758817,0.96676880037301,0.019430519168532605,113.84638773364749,17.22479275106226,False,False,nnUNet,internal_val
case_00177,43827,3806,1766,1456041,1505440,45593,47633,0.030285497927516208,0.9402312659558493,0.887204194416891,0.9200974114584427,0.9612659838133046,0.0026071225272237433,13.341664064126334,6.301828692369218,False,False,nnUNet,internal_val
case_00178,76562,1879,3967,1423032,1505440,80529,78441,0.05349200233818684,0.9632257658677738,0.9290602854091836,0.9760456903915045,0.950738243365744,0.0013186788508194546,14.0,5.389045238909157,False,False,nnUNet,internal_val
case_00179,23363,3036,665,1478376,1505440,24028,26399,0.015960782229779997,0.9266067781148988,0.8632500738989063,0.8849956437743854,0.9723239553853837,0.002049396116677872,12.080973403854461,5.306911349891431,False,False,nnUNet,internal_val
case_00180,224023,11836,9051,1260530,1505440,233074,235859,0.15482118184716762,0.955458455685567,0.9147156098158508,0.9498174756952247,0.9611668397161417,0.009302354825576918,36.24913792078372,10.987646709387002,False,False,nnUNet,internal_val
case_00181,48546,2000,3211,1199483,1253240,51757,50546,0.04129855414764929,0.9490630773291105,0.9030637870416875,0.9604320816681834,0.9379600826941283,0.001664609486775926,14.296790931331458,5.664393106903153,False,False,nnUNet,internal_val
case_00182,111889,3538,9723,1380290,1505440,121612,115427,0.08078169837389733,0.9440556195394006,0.8940391530163804,0.9693485926169787,0.9200490083215472,0.0025566761187083946,30.4138126514911,9.108361605203518,False,False,nnUNet,internal_val
case_00183,114466,316,10602,1127856,1253240,125068,114782,0.09979572946921579,0.954479883260371,0.9129234990110381,0.9972469550974892,0.9152301148175392,0.00028009913382002035,21.599697971068764,7.940623624268562,False,False,nnUNet,internal_val
case_00184,36171,4419,462,1464388,1505440,36633,40590,0.024333749601445423,0.9367934423682064,0.881102016954107,0.8911308203991131,0.9873884202767996,0.003008564093172214,17.46424919657298,5.71410587744775,False,False,nnUNet,internal_val
case_00185,98046,2157,2931,1402306,1505440,100977,100203,0.06707474226804123,0.974709215627796,0.9506661236837513,0.9784736983922637,0.9709735880448023,0.0015358183163244599,10.198039027185569,3.9484118849953935,False,False,nnUNet,internal_val
case_00186,155100,8418,5368,1336554,1505440,160468,163518,0.10659209267722393,0.9574487786509294,0.9183709721350497,0.9485194290536821,0.9665478475459282,0.006258866355582124,23.769728648009426,7.528984335878729,False,False,nnUNet,internal_val
case_00187,70952,4036,34376,1396076,1505440,105328,74988,0.06996492719736423,0.7869739790146187,0.6487692476500494,0.9461780551554916,0.6736290445085827,0.002882626532734524,136.5380849959807,26.140011682925127,False,False,nnUNet,internal_val
case_00188,81903,4987,2997,1415553,1505440,84900,86890,0.05639547242002338,0.9535246521916293,0.9111773671387409,0.9426055932788583,0.9646996466431096,0.0035106368000901067,22.48996971246676,6.442732644320372,False,False,nnUNet,internal_val
case_00189,150736,36903,4150,1061451,1253240,154886,187639,0.12358845871501069,0.8801459747463689,0.7859470564005235,0.8033297981762854,0.9732060999703007,0.0335984573279653,127.31024944765144,25.698736201532626,False,False,nnUNet,internal_val
case_00190,68611,1265,2112,1433452,1505440,70723,69876,0.046978292060792855,0.975981336993862,0.9530894037895205,0.9818965023756369,0.9701370134185484,0.0008817069847224226,7.0710678118654755,3.0796471586647676,False,False,nnUNet,internal_val
case_00191,112187,6952,3670,1382631,1505440,115857,119139,0.07695889573812308,0.9547992306252021,0.9135079676570935,0.9416479910021068,0.9683230188939814,0.0050029397308401155,29.0,9.303211472698663,False,False,nnUNet,internal_val
case_00192,76168,3418,4266,1421588,1505440,80434,79586,0.05342889786374747,0.9519810023747032,0.9083623527166913,0.9570527479707486,0.9469627272049134,0.0023985863919169462,23.651511804091147,6.654044186869497,False,False,nnUNet,internal_val
case_00193,155997,7527,6041,1335875,1505440,162038,163524,0.10763497714953768,0.9583243744663075,0.9199834871583169,0.953970059440816,0.9627186215579062,0.005602939403097509,30.4138126514911,7.267905647577436,False,False,nnUNet,internal_val
case_00194,24204,323,1365,1479548,1505440,25569,24527,0.016984403230949092,0.9663046949856275,0.934806117719759,0.9868308394830188,0.9466150416520005,0.000218262267454393,7.0,2.768719400609649,False,False,nnUNet,internal_val
case_00195,165538,2218,15820,1321864,1505440,181358,167756,0.1204684344776278,0.9483320634520529,0.9017409683182986,0.9867784162712511,0.9127692188930182,0.0016751228398241196,34.60991403765495,10.921466697092825,False,False,nnUNet,internal_val
case_00196,25373,2788,2236,1475043,1505440,27609,28161,0.018339488787331278,0.9099157253003407,0.834720531631411,0.9009978338837399,0.9190119164040711,0.0018865485972347311,21.18962010041709,7.040171578666504,False,False,nnUNet,internal_val
case_00197,117206,18879,3144,1366211,1505440,120350,136085,0.07994340525029227,0.9141185875563008,0.8418217469061762,0.8612705294485065,0.9738761944329041,0.01363016121696063,88.68483523128404,20.48077234068531,False,False,nnUNet,internal_val
case_00198,87722,336,4550,1412832,1505440,92272,88058,0.06129237963651823,0.9729052293018355,0.9472399792674498,0.996184333053215,0.9506892665163863,0.00023776366291905845,9.230266291031015,3.8952058192437633,False,False,nnUNet,internal_val
case_00199,128831,8207,9790,1358612,1505440,138621,137038,0.09208005632904666,0.9347128154712888,0.8774280110060751,0.9401115019191757,0.9293757800044726,0.006004452674421412,52.49378929502323,12.15138855606973,False,False,nnUNet,internal_val
case_00200,149436,2319,9133,1344552,1505440,158569,151755,0.10533066744606229,0.9630966344852476,0.928820048729551,0.9847187901551844,0.9424036223978205,0.0017217684544399575,20.09975124224178,6.727723788465264,False,False,nnUNet,internal_val
case_00201,79809,3571,2126,1419934,1505440,81935,83380,0.05442594855988947,0.9655385173759187,0.9333730966247983,0.957171983689134,0.9740526026728504,0.0025085967383324964,14.939730936293321,4.7725727173583214,False,False,nnUNet,internal_val
case_00202,134095,4572,3100,1363673,1505440,137195,138667,0.09113282495483048,0.9721889930472483,0.9458830334280898,0.967028925411237,0.9774044243594883,0.0033415068207813658,11.505814066470974,4.383558880898141,False,False,nnUNet,internal_val
case_00203,55775,6521,592,1442552,1505440,56367,62296,0.03744220958656606,0.9400571365969174,0.8868941610482127,0.8953223320919481,0.9894974009615555,0.004500118351525423,21.0,7.17325837248845,False,False,nnUNet,internal_val
case_00204,138595,14225,35772,1316848,1505440,174367,152820,0.11582460941651611,0.8471913615149747,0.7348933146687028,0.906916633948436,0.7948465019183676,0.010686866911131096,108.37435120913067,30.705950588437588,False,False,nnUNet,internal_val
case_00205,38292,2366,1876,1462906,1505440,40168,40658,0.026681900308215538,0.9475168881300572,0.9002680208774158,0.9418072704018889,0.9532961561441944,0.001614717267510742,13.051249609618903,4.6733015386645524,False,False,nnUNet,internal_val
case_00206,91189,3721,3982,1406548,1505440,95171,94910,0.06321806249335743,0.9594751711112631,0.9221069449500465,0.9607944368348962,0.9581595233842242,0.0026385037180849894,19.78886244626023,6.184103669160876,False,False,nnUNet,internal_val
case_00207,62950,3167,1244,1438079,1505440,64194,66117,0.04264135402274418,0.9661502098825119,0.9345170053888748,0.9521000650362237,0.9806212418606101,0.002197404190540685,9.899494936611665,4.343967745653781,False,False,nnUNet,internal_val
case_00208,33519,1950,2595,1467376,1505440,36114,35469,0.02398899989371878,0.9365072712794937,0.8805958385876419,0.9450224139389326,0.9281442100016614,0.0013271391100409303,17.99442719099992,5.594867272634091,False,False,nnUNet,internal_val
case_00209,54534,1148,8771,1440987,1505440,63305,55682,0.042050828993516844,0.9166379520451814,0.8461049136580143,0.9793829244639202,0.8614485427691335,0.0007960419794263366,36.069377593742864,9.568144216483544,False,False,nnUNet,internal_val
case_00210,64566,5010,11485,1424379,1505440,76051,69576,0.05051745669040281,0.8867311693573308,0.7965112692910278,0.9279924111762676,0.8489829193567474,0.003504994091881216,52.712418645584265,13.957546194623532,False,False,nnUNet,internal_val
case_00211,17715,3240,1006,1483479,1505440,18721,20955,0.012435567010309278,0.8929831636253655,0.8066572560448066,0.8453829634931997,0.9462635542973131,0.0021792954821993936,18.601075237738275,7.437756792229887,False,False,nnUNet,internal_val
case_00212,152215,2063,7518,1343644,1505440,159733,154278,0.10610386332235094,0.9694883300266551,0.940783455709659,0.9866280351054589,0.9529339585433192,0.0015330231618026807,18.681541692269406,6.043327585671583,False,False,nnUNet,internal_val
case_00213,59215,1669,2311,1442245,1505440,61526,60884,0.040869114677436494,0.967486316477412,0.9370203338871747,0.9725872150318638,0.9624386438253746,0.0011558860153721066,11.313708498984761,3.669245132455093,False,False,nnUNet,internal_val
case_00214,55063,3235,2847,1444295,1505440,57910,58298,0.0384671591029865,0.9476628115103951,0.9005315234279172,0.9445092456001921,0.9508375064755655,0.00223484141952153,22.80350850198276,5.890652364041255,False,False,nnUNet,internal_val
case_00215,152664,10186,3098,1339492,1505440,155762,162850,0.10346609629078542,0.9583066551165681,0.9199508279702076,0.9374516426159042,0.9801106816810262,0.007546985280933675,34.99928556845359,8.700790280925478,False,False,nnUNet,internal_val
case_00216,30370,6522,707,1467841,1505440,31077,36892,0.020643134233180996,0.8936426900498757,0.8077342482512833,0.8232137048682642,0.9772500563117418,0.004423605312938537,47.01063709417264,9.689099700908997,False,False,nnUNet,internal_val
case_00217,83680,1568,2338,1417854,1505440,86018,85248,0.057138112445530874,0.9771933717141756,0.9554038316625945,0.9816066066066066,0.9728196424004278,0.001104675001514701,11.704699910719626,3.3645860648942523,False,False,nnUNet,internal_val
case_00218,42682,9122,21350,1432286,1505440,64032,51804,0.04253374428738442,0.7369384301944127,0.5834540831670175,0.823913211335032,0.6665729635182409,0.00632853432199627,113.65737136604203,32.64281826152073,False,False,nnUNet,internal_val
case_00219,94304,3385,6635,1401116,1505440,100939,97689,0.0670495004782655,0.9495539400285962,0.9039530692841532,0.965349220485418,0.9342672307036923,0.0024101086435680714,29.034441853748632,7.5457127908586425,False,False,nnUNet,internal_val
case_00220,206646,8487,19608,1270699,1505440,226254,215133,0.15029094484004676,0.936348374555662,0.8803149002517668,0.9605499853578949,0.9133363388050598,0.006634687996898027,57.266044827573694,14.660138740993855,False,False,nnUNet,internal_val
case_00221,73694,3301,8986,1419459,1505440,82680,76995,0.054920820491019234,0.9230499452011899,0.8570963352368547,0.9571270861744269,0.8913159167876149,0.0023201383226967302,30.0,10.406291912392366,False,False,nnUNet,internal_val
case_00222,49913,1511,2627,1451389,1505440,52540,51424,0.034900095653098095,0.9601977607633412,0.9234426745111098,0.9706168326073429,0.95,0.0010399889875421571,14.912944685757017,4.627478953288845,False,False,nnUNet,internal_val
case_00223,48791,860,9143,1446646,1505440,57934,49651,0.03848310128600276,0.9070223544174374,0.8298635915229445,0.9826791001188294,0.8421824835157248,0.0005941253438673139,26.01249538063499,8.595923391208453,False,False,nnUNet,internal_val
case_00224,35390,4608,788,1464654,1505440,36178,39998,0.024031512381762144,0.9291640411678219,0.8676997008777522,0.8847942397119856,0.9782188070097849,0.003136268412304953,26.574670174321813,7.26028609278101,False,False,nnUNet,internal_val
case_00225,43406,3060,761,1458213,1505440,44167,46466,0.029338266553300033,0.957840963004645,0.9190928917780083,0.934145396634098,0.9827699413589331,0.0020940645587785444,12.970937271229836,4.644102300775936,False,False,nnUNet,internal_val
case_00226,69044,3950,33328,1399118,1505440,102372,72994,0.0680013816558614,0.7874274374736265,0.6493858279565847,0.9458859632298545,0.674442230297347,0.0028152591321304456,98.21188592960446,24.733104792825586,False,False,nnUNet,internal_val
case_00227,98559,7487,10625,1388769,1505440,109184,106046,0.07252630460197683,0.9158481624308878,0.8447600517695057,0.9293985628878034,0.9026872069167644,0.005362197190200078,35.20510226062542,11.633598294460693,False,False,nnUNet,internal_val
case_00228,40905,2309,5097,1457129,1505440,46002,43214,0.030557179296418324,0.9169879842180775,0.8467015793504585,0.9465682417734993,0.8892004695448024,0.0015821158555553575,27.06288062753193,7.7665667267771035,False,False,nnUNet,internal_val
case_00229,101276,1225,3356,1399583,1505440,104632,102501,0.06950260388989266,0.9778837751589559,0.956724637954977,0.9880488970839308,0.9679256823916201,0.0008744952912890275,9.848857801796104,3.282437525895068,False,False,nnUNet,internal_val
case_00230,41641,9512,37085,1417202,1505440,78726,51153,0.052294345839090234,0.6412276041546362,0.47191686121625603,0.8140480519226634,0.5289358026573178,0.0066670685224929456,128.05435784251873,40.10021087049897,False,False,nnUNet,internal_val
case_00231,79443,5221,3715,1417061,1505440,83158,84664,0.0552383356360931,0.9467531074590936,0.8988900078072846,0.9383327033922328,0.9553260059164482,0.003670861334109551,23.0,6.249898489251669,False,False,nnUNet,internal_val
case_00232,70183,3360,2407,1429490,1505440,72590,73543,0.04821846104793283,0.9605359501276235,0.9240684660961158,0.9543124430605224,0.966841162694586,0.002344976794500471,15.0,5.502621995044965,False,False,nnUNet,internal_val
case_00233,80358,3141,3593,1418348,1505440,83951,83499,0.05576509193325539,0.9597850104508808,0.9226794653929178,0.9623827830273416,0.9572012245238294,0.002209654805629871,13.92838827718412,6.199964076450796,False,False,nnUNet,internal_val
case_00234,85706,8866,4579,1406289,1505440,90285,94572,0.05997249973429695,0.9272681045348566,0.8643987453480045,0.9062513217442795,0.9492828266046408,0.00626503810536655,45.86280904184665,10.637487556935698,False,False,nnUNet,internal_val
case_00235,26015,1658,824,1476943,1505440,26839,27673,0.01782801041555957,0.9544687408277076,0.9129031126083448,0.9400860044086293,0.9692984090316331,0.001121330230400223,12.041594578792296,3.4587504318754454,False,False,nnUNet,internal_val
case_00236,106045,10101,9372,1379922,1505440,115417,116146,0.07666662238282496,0.9159062544534317,0.8448589046989277,0.9130318736762351,0.9187987904728073,0.007266786233033554,123.35516980834404,23.1060716378367,False,False,nnUNet,internal_val
case_00237,142808,3361,8039,1351232,1505440,150847,146169,0.1002012700605803,0.9616182293209793,0.9260738742477692,0.9770060683181796,0.9467075911353888,0.0024811880764185256,21.118672357401014,6.352692970655693,False,False,nnUNet,internal_val
case_00238,51293,900,2168,1451079,1505440,53461,52193,0.035511876926347115,0.9709618187669184,0.9435624804547378,0.9827563083172073,0.9594470735676475,0.0006198436754250578,8.599409190956361,3.2139502061773944,False,False,nnUNet,internal_val
case_00239,103712,5918,7917,1387893,1505440,111629,109630,0.07415041449675842,0.9374714700870925,0.8823023981896603,0.946018425613427,0.9290775694487992,0.004245912824622564,32.561479631600726,9.995787174327292,False,False,nnUNet,internal_val
case_00240,164457,5480,3317,1332186,1505440,167774,169937,0.11144515889042406,0.9739511002010595,0.9492248375217888,0.9677527554328957,0.9802293561576884,0.004096687812951813,14.142135623730951,4.850311427487,False,False,nnUNet,internal_val
case_00241,55713,4635,2043,1443049,1505440,57756,60348,0.038364863428632164,0.9434566145092461,0.8929653315382027,0.9231954662954862,0.9646270517348847,0.0032016655568480414,26.92582403567252,7.282702083094637,False,False,nnUNet,internal_val
case_00242,120377,2696,2574,1379793,1505440,122951,123073,0.08167113933467957,0.978579325594251,0.9580570964686781,0.9780943017558684,0.979064830704915,0.0019501059321267655,9.433981132056603,3.7165325563627176,False,False,nnUNet,internal_val
case_00243,67426,602,6946,1430466,1505440,74372,68028,0.04940216813689021,0.9469943820224719,0.8993250993677808,0.9911507026518492,0.906604636153391,0.00042066484611492954,22.10881066909617,7.151760042393306,False,False,nnUNet,internal_val
case_00244,123232,3256,3573,1375379,1505440,126805,126488,0.08423118822404081,0.9730391285981057,0.9474938682618156,0.9742584276769338,0.9718228776467804,0.0023617563749650924,13.0,4.501074966186991,False,False,nnUNet,internal_val
case_00245,33757,4774,1319,1465590,1505440,35076,38531,0.02329950047826549,0.9172225467686497,0.8471016311166876,0.8760997638265293,0.9623959402440415,0.003246815074362539,19.0,7.488682648562677,False,False,nnUNet,internal_val
case_00246,87436,2114,4550,1411340,1505440,91986,89550,0.06110240195557445,0.9632910276749516,0.9291817215727949,0.976393076493579,0.9505359511229969,0.0014956270242965106,17.0,5.8891409602051015,False,False,nnUNet,internal_val
case_00247,166766,2500,9823,1326351,1505440,176589,169266,0.1173005898607716,0.9643694611903832,0.9311906370575523,0.985230347500384,0.944373658608407,0.0018813245427816963,36.97293337284836,7.366490981807404,False,False,nnUNet,internal_val
case_00248,36965,3297,2729,1462449,1505440,39694,40262,0.026367042193644382,0.9246335484516484,0.8598311274452792,0.9181113705230739,0.9312490552728372,0.0022493665341744066,25.393804278548583,7.60326968544547,False,False,nnUNet,internal_val
case_00249,92084,3811,26580,1382965,1505440,118664,95895,0.07882346689339993,0.8583559766777437,0.7518595631761584,0.9602586161947964,0.7760062023865705,0.0027481006305272084,66.57887758873733,17.981531204249016,False,False,nnUNet,internal_val
case_00250,240293,13972,6281,1244894,1505440,246574,254265,0.16378865979381443,0.9595618552069627,0.9222670852747692,0.9450494562759326,0.9745269168687696,0.01109887787897997,46.03692448285586,10.229358952496181,False,False,nnUNet,internal_val
case_00251,57298,3001,6040,1439101,1505440,63338,60299,0.04207274949516421,0.9268746410864062,0.8637151600114563,0.9502313471201844,0.9046386055764312,0.0020809901102695925,31.67790198591765,8.186350091932109,False,False,nnUNet,internal_val
case_00252,21181,2679,874,1480706,1505440,22055,23860,0.014650201934318206,0.9226178808668192,0.856351580819924,0.8877200335289187,0.9603717977782815,0.0018060045099552713,18.0126019427113,5.282882999474947,False,False,nnUNet,internal_val
case_00253,40130,1069,4745,1459496,1505440,44875,41199,0.029808560952279732,0.9324534702697679,0.8734546404318301,0.9740527682710746,0.8942618384401114,0.0007319085422422145,21.400934559032695,6.338979358191195,False,False,nnUNet,internal_val
case_00254,18896,1828,404,1484312,1505440,19300,20724,0.012820172175576575,0.9442334599240456,0.8943581976524044,0.9117930901370391,0.9790673575129534,0.00123003216386074,11.180339887498949,3.488810478273972,False,False,nnUNet,internal_val
case_00255,60557,1673,2684,1440526,1505440,63241,62230,0.04200831650547348,0.9652748443863522,0.9328804264103275,0.9731158605174354,0.9575591783811135,0.0011600340868354506,12.070610555153882,4.362918092617895,False,False,nnUNet,internal_val
case_00256,82802,1041,3792,1417805,1505440,86594,83843,0.05752072483792114,0.971643481168995,0.9448508016203572,0.9875839366434884,0.9562094371434511,0.000733694847784749,12.481769923355033,4.0290656917079675,False,False,nnUNet,internal_val
case_00257,55756,2049,5355,1442280,1505440,61111,57805,0.040593447762780316,0.937737562649265,0.8827739075364155,0.9645532393391575,0.9123725679501236,0.0014186518445589613,25.001999200639357,7.524111504545284,False,False,nnUNet,internal_val
case_00001,23759,1160,1515,525216,551650,25274,24919,0.04581528142844195,0.9467057159364851,0.8988045698721344,0.953449175328063,0.940056975547994,0.002203747891241242,13.819700619271213,4.0746256517516635,False,False,nnUNet,external_test1
case_00002,15392,744,511,674553,691200,15903,16136,0.0230078125,0.9608289896688411,0.9246110410284135,0.9538919186911254,0.9678676979186317,0.0011017374577408162,7.049747468305836,2.280819451758694,False,False,nnUNet,external_test1
case_00003,20270,12006,589,1472575,1505440,20859,32276,0.013855749814007865,0.7629622659264138,0.6167655560626807,0.6280208204238443,0.9717627882448823,0.00808713030814755,73.75660164909354,19.21017431447134,False,False,nnUNet,external_test1
case_00004,83641,4490,3416,1413893,1505440,87057,88131,0.05782827611860984,0.9548713382195128,0.9136399882027811,0.9490531141142163,0.9607613402713165,0.0031655765755793743,28.03923573238,5.816687194198744,False,False,nnUNet,external_test1
case_00005,10194,436,265,680305,691200,10459,10630,0.015131655092592592,0.9667599222343402,0.9356585589720056,0.9589840075258702,0.974662969691175,0.0006404785373585549,5.0,1.7604685836957956,False,False,nnUNet,external_test1
case_00006,57118,3384,2506,488642,551650,59624,60502,0.10808302365630382,0.9509681501090521,0.9065198070086338,0.944067964695382,0.9579699449885952,0.006877685325572226,22.090722034374522,6.143658170291845,False,False,nnUNet,external_test1
case_00007,3730,4140,518,682812,691200,4248,7870,0.006145833333333333,0.6156131374814325,0.4446828803051979,0.47395171537484115,0.878060263653484,0.00602662194738497,54.90367421319237,11.878986360822179,False,False,nnUNet,external_test1
case_00008,125397,14315,3313,1362415,1505440,128710,139712,0.08549659900095653,0.9343272906095625,0.8767488201363398,0.8975392235455795,0.9742599642607412,0.01039782673436331,46.17358552246078,11.526525880907755,False,False,nnUNet,external_test1
case_00009,28661,5252,2698,654589,691200,31359,33913,0.04536892361111111,0.8782019855374433,0.7828521482614514,0.8451331347860702,0.9139640932427692,0.007959493271863979,54.711970778002204,10.63950590226586,False,False,nnUNet,external_test1
case_00010,20829,3915,2181,1478515,1505440,23010,24744,0.01528456796684026,0.8723457720819199,0.7735933147632312,0.8417798254122212,0.9052151238591917,0.0026409341419156387,28.854652068443148,8.880631976524034,False,False,nnUNet,external_test1
case_00011,17697,4143,5098,1478502,1505440,22795,21840,0.015141752577319588,0.7929651618684889,0.6569530031925161,0.8103021978021978,0.7763544636981794,0.0027943304027599324,39.23760967409134,12.37955543763857,False,False,nnUNet,external_test1
case_00012,10014,1478,185,679523,691200,10199,11492,0.014755497685185186,0.923332257618367,0.8575832833775798,0.8713887922032718,0.9818609667614472,0.0021703345516379566,10.198039027185569,3.465890437931214,False,False,nnUNet,external_test1
case_00013,12572,1755,273,676600,691200,12845,14327,0.018583622685185184,0.9253643456499338,0.8610958904109589,0.8775040134012704,0.9787465940054496,0.002587140951271827,12.072683124894002,4.141080704858171,False,False,nnUNet,external_test1
case_00014,4637,727,88,685748,691200,4725,5364,0.0068359375,0.9192189513331351,0.8505135730007337,0.8644668158090977,0.9813756613756613,0.0010590334680796825,8.181827525207447,2.662619857438817,False,False,nnUNet,external_test1
case_00015,12750,668,1496,676286,691200,14246,13418,0.020610532407407407,0.9217755928282244,0.8549014348933888,0.9502161275898048,0.8949880668257757,0.0009867731042286477,18.146502581876423,3.9516660802612784,False,False,nnUNet,external_test1
case_00016,12553,576,586,537935,551650,13139,13129,0.02381763799510559,0.9557636668189432,0.9152752460809332,0.956127656333308,0.9553999543344243,0.0010696160338414628,8.0,2.395877241057836,False,False,nnUNet,external_test1
case_00017,27244,1160,1947,1475089,1505440,29191,28404,0.019390344351153152,0.9460543449952252,0.8976310500477743,0.9591606815941417,0.9333013600082217,0.0007857752994244196,12.67843256755381,4.22246481935568,False,False,nnUNet,external_test1
case_00018,82173,1051,27047,1395169,1505440,109220,83224,0.07255021787650122,0.8539938891313836,0.7451913921157874,0.9873714313178891,0.7523622047244094,0.0007527467018091704,132.35328695648155,23.343697695135937,False,False,nnUNet,external_test1
case_00019,38228,5217,6090,502115,551650,44318,43445,0.08033717030726004,0.8711643859029432,0.7717371555465832,0.8799171366095063,0.8625840516268785,0.010283207051792514,41.0,11.296985806086289,False,False,nnUNet,external_test1
case_00020,2112,1106,61,687921,691200,2173,3218,0.00314380787037037,0.7835281023928771,0.6440988106129918,0.656308266003729,0.9719282098481362,0.0016051620618640489,12.535921413868255,4.0046181117011885,False,False,nnUNet,external_test1
case_00021,90357,871,10100,1404112,1505440,100457,91228,0.06672932830268892,0.9427654746067767,0.891727854097584,0.9904524926557636,0.8994594702210896,0.0006199363266317101,41.72529209005013,9.099553204061198,False,False,nnUNet,external_test1
case_00022,20973,1461,1707,1481299,1505440,22680,22434,0.01506536295036667,0.929777895996808,0.8687709705480303,0.9348756351965766,0.9247354497354497,0.0009853246648142654,20.0,4.5514344526358785,False,False,nnUNet,external_test1
case_00023,23482,2661,297,664760,691200,23779,26143,0.03440248842592593,0.9407475662032772,0.888124054462935,0.8982136709635467,0.9875099878043652,0.003986988722260762,11.09260362179634,4.633995526374211,False,False,nnUNet,external_test1
case_00024,22927,1094,3011,664168,691200,25938,24021,0.03752604166666667,0.9178326227506556,0.8481429416987274,0.9544565172141043,0.8839154907857198,0.0016444648875180005,13.0,5.271179014834207,False,False,nnUNet,external_test1
case_00025,35347,1385,1781,513137,551650,37128,36732,0.0673035439137134,0.9571351204982399,0.9177939916391867,0.9622944571490798,0.9520308123249299,0.0026918188143558487,10.770329614269007,3.5296902897319034,False,False,nnUNet,external_test1
case_00026,93333,6356,3042,1402709,1505440,96375,99689,0.06401782867467319,0.9520666721070671,0.908518363493006,0.9362417117234599,0.9684357976653697,0.004510792617799747,25.0,6.551926254512705,False,False,nnUNet,external_test1
case_00027,28897,2265,1532,518956,551650,30429,31162,0.05515997462158977,0.9383513825071845,0.8838624824126751,0.9273153199409537,0.9496532912681981,0.004345565508680579,13.416407864998739,5.548524058608298,False,False,nnUNet,external_test1
case_00028,27889,1150,551,661610,691200,28440,29039,0.04114583333333333,0.9704065832738913,0.9425143629604597,0.960398085333517,0.9806258790436005,0.0017351680849779709,5.656854249492381,2.4141075211189915,False,False,nnUNet,external_test1
case_00029,27035,464,1343,522808,551650,28378,27499,0.05144203752379226,0.9676611128013315,0.9373483114901879,0.9831266591512419,0.9526746070899993,0.0008867281260988549,6.324555320336759,2.270329295054625,False,False,nnUNet,external_test1
case_00030,9868,1561,189,1493822,1505440,10057,11429,0.006680438941439048,0.9185516150051196,0.8493716646582888,0.863417621839181,0.9812071194193099,0.0010438797284709,20.184093768693245,4.13949543094666,False,False,nnUNet,external_test1
case_00031,57896,763,3038,1443743,1505440,60934,58659,0.04047587416303539,0.9682172033480221,0.9383924664084153,0.9869926183535348,0.9501427774313191,0.0005282082594326365,11.40175425099138,3.376306893891304,False,False,nnUNet,external_test1
case_00032,35080,2116,1111,652893,691200,36191,37196,0.05235966435185185,0.9560276343221551,0.9157595217584253,0.9431121625981288,0.9693017601061037,0.0032304899627333366,11.54483649727594,3.950205139092256,False,False,nnUNet,external_test1
case_00033,37959,1481,1910,510300,551650,39869,39440,0.07227227408683042,0.9572431880366667,0.9179927448609432,0.9624492900608519,0.9520931049186084,0.0028938159095394317,13.0,4.2746105632085545,False,False,nnUNet,external_test1
case_00034,19829,3477,1201,666693,691200,21030,23306,0.03042534722222222,0.8944875496210755,0.8091157628432692,0.8508109499699649,0.9428911079410366,0.005188235820761896,17.736934880288455,6.084992499902414,False,False,nnUNet,external_test1
case_00035,6291,7800,567,1490782,1505440,6858,14091,0.004555478796896589,0.6006014606902478,0.42918542775276297,0.4464551841601022,0.9173228346456693,0.005204920384737038,82.04357326411808,23.839051859547226,False,False,nnUNet,external_test1
case_00036,38346,17025,1233,1448836,1505440,39579,55371,0.026290652566691466,0.8077093206951027,0.6774432902268391,0.6925285799425692,0.9688471158947927,0.011614334510570921,319.3386133866173,55.93966600594232,False,False,nnUNet,external_test1
case_00037,42256,9288,743,1453153,1505440,42999,51544,0.02856241364650866,0.8939001300995314,0.8081549907242718,0.8198044389259662,0.9827205283843811,0.006351025443077704,40.22869139178624,11.62516438489716,False,False,nnUNet,external_test1
case_00038,66180,3043,3202,618775,691200,69382,69223,0.10037905092592593,0.9549439053425202,0.9137728684846392,0.9560406223365067,0.9538497016517252,0.004893714881203182,18.0,6.11328876269997,False,False,nnUNet,external_test1
case_00039,17319,2288,1457,670136,691200,18776,19607,0.027164351851851853,0.9024307636193106,0.8222085074060007,0.8833069822002346,0.9224009373668512,0.0034026150167156435,19.1049731745428,6.324190179587284,False,False,nnUNet,external_test1
case_00040,38886,3082,11834,637398,691200,50720,41968,0.07337962962962963,0.8390730191610565,0.7227612356417977,0.9265630956919558,0.766679810725552,0.004812015988008993,123.7457069962429,20.388449601013562,False,False,nnUNet,external_test1
case_00041,26292,428,779,1477941,1505440,27071,26720,0.01798211818471676,0.9775613020765556,0.9561074948179934,0.9839820359281437,0.9712238188467364,0.00028950823508880395,5.385164807134504,1.7249358559779981,False,False,nnUNet,external_test1
case_00042,7245,2860,1761,1241374,1253240,9006,10105,0.007186173438447544,0.7582020825702475,0.6105680094387325,0.7169717961405245,0.8044636908727515,0.002298602995899485,31.814233520029827,11.152962748494,False,False,nnUNet,external_test1
case_00043,23082,1465,674,665979,691200,23756,24547,0.03436921296296296,0.9557170362089311,0.915189722850006,0.9403185725343219,0.9716282202390975,0.002194940699144797,8.06225774829855,3.4032837750620244,False,False,nnUNet,external_test1
case_00044,2830,229,368,1249813,1253240,3198,3059,0.00255178577128084,0.9045868627137605,0.8257951561132185,0.9251389342922524,0.8849280800500313,0.00018319384468681852,9.433981132056603,2.466042101067184,False,False,nnUNet,external_test1
case_00045,22110,3587,2455,1225088,1253240,24565,25697,0.01960119370591427,0.8797899009191835,0.7853793691389599,0.8604117212125929,0.9000610624872787,0.0029194050501556556,32.01562118716424,7.3768431302294015,False,False,nnUNet,external_test1
case_00046,7837,284,995,1244124,1253240,8832,8121,0.007047333312055153,0.9245561257594526,0.8596972356296622,0.9650289373229898,0.8873414855072463,0.00022822096932838747,12.553793397048029,3.2168774024659927,False,False,nnUNet,external_test1
case_00047,16203,1126,1829,1234082,1253240,18032,17329,0.014388305512112605,0.9164333587851022,0.8457563419981209,0.9350222170927347,0.8985692102928128,0.0009115873601854911,28.071067811865476,5.558058400252529,False,False,nnUNet,external_test1
case_00048,68750,708,4071,1179711,1253240,72821,69458,0.058106188758737354,0.9664110655824121,0.9350052360293217,0.9898067897146478,0.9440957965422062,0.0005997870247767954,14.0,3.9360580214795737,False,False,nnUNet,external_test1
case_00049,26585,4335,182,1474338,1505440,26767,30920,0.017780183866510788,0.921698129561253,0.8547681821104752,0.8597994825355757,0.9932005828071879,0.0029316826641184357,24.879024325749324,6.564673429823619,False,False,nnUNet,external_test1
case_00050,53233,1343,809,1450055,1505440,54042,54576,0.03589781060686577,0.9801874459113591,0.9611447142728176,0.9753921137496335,0.985030161726065,0.0009253147654881707,4.47213595499958,1.6756190968325058,False,False,nnUNet,external_test1
case_00051,25130,2154,302,1477854,1505440,25432,27284,0.01689339993623127,0.9534107291903786,0.910969332269992,0.9210526315789473,0.9881251966027053,0.0014553975383916843,10.295630140987,3.0969177034149893,False,False,nnUNet,external_test1
case_00052,53398,3105,4962,1234893,1296358,58360,56503,0.045018428551372384,0.9297685068298756,0.8687545757748312,0.9450471656372228,0.9149760109664153,0.0025080815962545983,22.354513552671232,7.0620158099120225,False,False,nnUNet,external_test1
case_00053,67247,2457,2064,1224590,1296358,69311,69704,0.05346594073550671,0.9674783296766536,0.937005350574072,0.9647509468610123,0.9702211770137497,0.0020023682874413125,9.433981132056603,4.248726206876367,False,False,nnUNet,external_test1
case_00054,54916,1015,9061,1440448,1505440,63977,55931,0.04249721011797215,0.9159689094972813,0.8449655342195963,0.9818526398598273,0.8583709770698845,0.0007041457186205959,40.83135322418989,9.901998266066208,False,False,nnUNet,external_test1
case_00055,100046,6527,4257,1394610,1505440,104303,106573,0.06928406313104474,0.9488609419753788,0.9026978254985112,0.9387555947566457,0.9591862170790869,0.004658359603664738,35.68990893082611,9.702706817462346,False,False,nnUNet,external_test1
case_00056,66719,4349,37501,1396871,1505440,104220,71068,0.06922892974811351,0.7612500570489709,0.6145308513479907,0.9388050880846514,0.6401746305891384,0.00310372389774625,155.66117257537,33.20909368391847,False,False,nnUNet,external_test1
case_00057,98181,8174,6405,1183598,1296358,104586,106355,0.0806767883563028,0.9308858875230515,0.870707697765165,0.9231441869211603,0.9387585336469508,0.006858694448266951,25.96150997149434,11.10282145808517,False,False,nnUNet,external_test1
case_00058,88498,3102,3909,1200849,1296358,92407,91600,0.07128200697646792,0.9618981886558664,0.9265933053429519,0.9661353711790392,0.9576980098910256,0.0025765168183754985,17.00291573807422,5.737059526028292,False,False,nnUNet,external_test1
case_00059,32181,15768,6330,1451161,1505440,38511,47949,0.02558122542246785,0.7444136016655101,0.5928812247830653,0.6711505975098542,0.8356313780478305,0.010748986488098605,160.63934760823702,30.304841509553277,False,False,nnUNet,external_test1
case_00060,53350,5571,5573,1440946,1505440,58923,58921,0.03914005207779785,0.9054343029768168,0.8272087325952802,0.9054496698969807,0.9054189365782462,0.0038513201020105537,29.00086181285469,10.358411341283874,False,False,nnUNet,external_test1
case_00061,39795,2119,8852,1454674,1505440,48647,41914,0.03231414071633543,0.8788551363169577,0.7838907930504668,0.949444099823448,0.8180360556663309,0.0014545649244607848,40.007498828491066,13.009470761438209,False,False,nnUNet,external_test1
case_00062,24971,3011,12223,1465235,1505440,37194,27982,0.024706398129450528,0.7662636553332515,0.6210919039920408,0.8923951111428776,0.6713717266225735,0.0020507462645905387,36.37222529178899,10.257688763164897,False,False,nnUNet,external_test1
case_00063,75853,2031,2870,1424686,1505440,78723,77884,0.0522923530662132,0.9687051025816215,0.9393095078881541,0.9739227569205485,0.9635430560319094,0.0014235479075387762,15.342481771874647,4.507813883846405,False,False,nnUNet,external_test1
case_00064,36050,2313,1113,1465964,1505440,37163,38363,0.02468580614305452,0.9546381378598099,0.9132130914986321,0.9397075306936371,0.9700508570352232,0.0015753158293700712,12.041594578792296,4.279557824888643,False,False,nnUNet,external_test1
case_00065,95560,1424,6148,1193226,1296358,101708,96984,0.07845672260286125,0.9618907656070702,0.9265795291471124,0.9853171657180566,0.9395524442521729,0.0011919809149123174,18.681541692269406,6.171111055543946,False,False,nnUNet,external_test1
case_00066,63436,1818,2057,1229047,1296358,65493,65254,0.05052076664007936,0.970362608702303,0.9424314005140318,0.9721396389493364,0.9685920632739377,0.001477010070153916,9.433981132056603,3.207682040333704,False,False,nnUNet,external_test1
case_00067,62089,3179,3325,1436847,1505440,65414,65268,0.04345174832607078,0.9502303301143233,0.9051798288455091,0.9512931298645584,0.9491699024673618,0.002207599029461968,16.278820596099706,6.348198448486127,False,False,nnUNet,external_test1
case_00068,22973,391,2158,1479918,1505440,25131,23364,0.01669345839090233,0.9474378801938345,0.9001253820233523,0.9832648519089197,0.9141299590147627,0.0002641340422844149,18.617168528644505,3.7432384518335353,False,False,nnUNet,external_test1
case_00069,102787,1595,14722,1386336,1505440,117509,104382,0.07805624933574237,0.9264638944346548,0.8630020822138635,0.984719587668372,0.874715979201593,0.0011491925751352192,32.01562118716424,10.5318965603093,False,False,nnUNet,external_test1
case_00070,19766,1827,533,994046,1016172,20299,21593,0.019975948953523615,0.943664661510551,0.8933381542077194,0.9153892465150744,0.9737425488940342,0.0018345712756546266,14.317821063276353,4.135630248530953,False,False,nnUNet,external_test1
case_00071,139270,461,14264,1351445,1505440,153534,139731,0.10198613030077586,0.949789439585358,0.904380012338063,0.9967008036870845,0.907095496762932,0.00034100003994360555,30.306493447983335,8.83889572729283,False,False,nnUNet,external_test1
case_00072,54676,1324,2068,1447372,1505440,56744,56000,0.03769263471144649,0.9699141417725112,0.9415857270785976,0.9763571428571428,0.9635556182151417,0.0009139253507982351,8.94427190999916,3.2692622003132468,False,False,nnUNet,external_test1
case_00073,12938,1235,1517,1280668,1296358,14455,14173,0.011150469237664287,0.9038703367332681,0.8246016571064372,0.9128624850067029,0.8950536146662055,0.0009634114281657816,14.142135623730951,5.630560131011238,False,False,nnUNet,external_test1
case_00074,62039,865,4258,949010,1016172,66297,62904,0.0652419078659912,0.9603486041129713,0.923721747416694,0.9862488871931833,0.9357738660874549,0.0009106461376496908,14.866068747318506,4.8253821456310675,False,False,nnUNet,external_test1
case_00075,58911,2458,1945,1442126,1505440,60856,61369,0.04042406206823254,0.9639762732665167,0.9304577186720157,0.9599472046147077,0.9680393059024582,0.0017015279139184706,11.661903789690601,4.033209751609054,False,False,nnUNet,external_test1
case_00076,11146,204,5737,1488353,1505440,16883,11350,0.011214661494313955,0.7895724860978288,0.6523087727512143,0.9820264317180617,0.6601907243973227,0.00013704547424116107,45.37619986652947,11.984432661230546,False,False,nnUNet,external_test1
case_00077,46284,3968,1992,1453196,1505440,48276,50252,0.032067701137209054,0.9395095810328029,0.8859199142485261,0.9210379686380642,0.9587372607506836,0.0027230977432876466,14.317821063276353,5.943482319742033,False,False,nnUNet,external_test1
case_00078,23088,1052,1497,990535,1016172,24585,24140,0.02419373885523317,0.9476859928168292,0.9005733900222335,0.9564208782104391,0.9391092129347163,0.0010609255667934333,9.848857801796104,4.148124812618706,False,False,nnUNet,external_test1
case_00079,88965,2272,6489,918446,1016172,95454,91237,0.09393488503914692,0.9530721888039595,0.9103513906227616,0.9750978221554851,0.9320196115406374,0.002467639385783704,22.487726248616745,7.173247554889596,False,False,nnUNet,external_test1
case_00080,9439,1346,524,1004863,1016172,9963,10785,0.009804442555000532,0.9098708309234625,0.8346449730303298,0.8751970329160872,0.9474053999799257,0.0013376942563622467,11.313708498984761,4.355765858839285,False,False,nnUNet,external_test1
case_00081,79190,886,3936,932160,1016172,83126,80076,0.08180308058084655,0.9704537934584135,0.9426034376041518,0.9889355112642989,0.9526501936818805,0.0009495780486706979,21.600828232943922,4.220214779352182,False,False,nnUNet,external_test1
case_00082,109499,4550,3895,1387496,1505440,113394,114049,0.07532282920607929,0.962869817932405,0.9283982228854372,0.9601048672062008,0.9656507398980546,0.003268570147825575,17.0,6.734151545721164,False,False,nnUNet,external_test1
case_00083,59821,1029,2104,953218,1016172,61925,60850,0.06093948662234346,0.974481775605783,0.950233503828192,0.9830895645028759,0.9660234154218813,0.0010783371600853867,8.0,3.2903315960155046,False,False,nnUNet,external_test1
case_00084,40882,946,719,1210693,1253240,41601,41828,0.03319475918419457,0.9800429107384723,0.9608668061202905,0.9773835708138089,0.9827167616163073,0.000780760606088117,6.0,2.0403152901875754,False,False,nnUNet,external_test1
case_00085,46111,2259,2169,965633,1016172,48280,48370,0.047511641729943356,0.9541852043455769,0.9123844951423653,0.9532974984494521,0.9550745650372825,0.0023339380840011075,11.69186107441091,4.433331307545956,False,False,nnUNet,external_test1
case_00086,146294,767,48215,1101082,1296358,194509,147061,0.15004265796948066,0.856597476359165,0.7491652840082754,0.9947844771897376,0.7521194392033274,0.0006961026420135608,95.08041822554563,26.06954565019865,False,False,nnUNet,external_test1
case_00087,96129,3038,20856,1385417,1505440,116985,99167,0.07770817833988734,0.8894574188533995,0.8009214900477408,0.9693648088577853,0.8217207334273625,0.0021880435448033966,55.18694320157421,15.281550829290309,False,False,nnUNet,external_test1
case_00088,99565,9,163775,1242091,1505440,263340,99574,0.17492560314592412,0.548697487559036,0.37807244379131877,0.9999096149597284,0.3780853649274702,7.245793414378875e-06,252.6597564953976,82.76243602759479,False,False,nnUNet,external_test1
case_00089,30366,401,5224,1469449,1505440,35590,30767,0.023640928897863747,0.9152312491523125,0.843710927731933,0.986966555075243,0.8532171958415286,0.0002728169541109637,23.22049569434209,6.685941777026302,False,False,nnUNet,external_test1
case_00090,45717,3714,2234,964507,1016172,47951,49431,0.047187877642761264,0.9389209504836623,0.8848737056034066,0.9248649632821508,0.9534107734979458,0.0038359011010915896,16.439022025877907,6.53239744639859,False,False,nnUNet,external_test1
case_00091,71753,3918,2240,1175329,1253240,73993,75671,0.0590413647824838,0.958854500748343,0.9209610966359051,0.9482232295066803,0.9697268660548971,0.0033224591624994595,19.924858845171276,5.516025450828761,False,False,nnUNet,external_test1
case_00092,57234,2150,4058,952730,1016172,61292,59384,0.06031656058226363,0.9485564652457821,0.9021468427855364,0.9637949616058198,0.9337923383149513,0.0022515918230563005,24.706269207106736,6.373352773422914,False,False,nnUNet,external_test1
case_00093,96440,1442,13746,904544,1016172,110186,97882,0.1084324307302307,0.9270046331007171,0.8639409467158777,0.985267975725874,0.8752473090955294,0.0015916360738466157,56.25826234707749,11.259832714693722,False,False,nnUNet,external_test1
case_00094,12485,5392,651,1234712,1253240,13136,17877,0.010481631610864638,0.8051462290007416,0.6738449913644214,0.6983833976618001,0.9504415347137637,0.004348022423925736,32.64965543462902,10.885016824004115,False,False,nnUNet,external_test1
case_00095,42040,4620,1135,968377,1016172,43175,46660,0.042487885909078385,0.9359381087549397,0.8795899152631028,0.9009858551221603,0.9737116386797915,0.004748216078775166,26.63920410007369,5.865244989864804,False,False,nnUNet,external_test1
case_00096,82379,5317,6043,1202619,1296358,88422,87696,0.06820801044156012,0.9354977912535913,0.878812447327153,0.9393700966976829,0.9316572798624777,0.004401723270107026,27.647772633336974,9.600156574233976,False,False,nnUNet,external_test1
case_00097,43511,3899,2487,1246461,1296358,45998,47410,0.03548248246240622,0.931633264816718,0.8720163536885985,0.9177599662518456,0.9459324318448629,0.003118301929044435,31.596668214989336,7.172744151189741,False,False,nnUNet,external_test1
case_00098,55184,5259,10503,1434494,1505440,65687,60443,0.04363309065788075,0.8750336953936415,0.7778310264144561,0.9129924060685274,0.8401053480901852,0.0036527098745409805,49.28085683250715,15.241486798866795,False,False,nnUNet,external_test1
case_00099,7488,592,1035,1496325,1505440,8523,8080,0.005661467743649697,0.9020056616274167,0.8215030170049369,0.9267326732673268,0.8785638859556494,0.0003954795088839261,17.046153899894133,4.319461889624241,False,False,nnUNet,external_test1
case_00100,18846,3669,1598,1229127,1253240,20444,22515,0.01631291691934506,0.8773947252031006,0.7815701074109401,0.8370419720186543,0.9218352572882019,0.002976161506039929,23.769728648009426,6.457423798998524,False,False,nnUNet,external_test1
case_00101,81819,6316,3745,1413560,1505440,85564,88135,0.056836539483473274,0.9420779624522881,0.8904984762734001,0.9283372099619901,0.9562315927259127,0.004448275764925951,27.378727508093785,8.277299701022109,False,False,nnUNet,external_test1
case_00102,43866,1907,39346,1168121,1253240,83212,45773,0.0663974976859979,0.6801721130363996,0.5153490994959997,0.9583378847792366,0.5271595442964957,0.001629875524346426,125.30402090502336,37.10470257706315,False,False,nnUNet,external_test1
case_00103,78614,335,6144,931079,1016172,84758,78949,0.08340910790692914,0.9604231950985602,0.9238597769499254,0.9957567543604099,0.9275112673729914,0.000359668203398274,16.0,5.685823772777908,False,False,nnUNet,external_test1
case_00104,154111,2819,16307,1080003,1253240,170418,156930,0.13598193482493376,0.9415728826814277,0.8895963333468023,0.9820365768176894,0.9043117511061038,0.0026033826427612297,33.194084525656905,12.197806962723673,False,False,nnUNet,external_test1
case_00105,107657,1619,6741,900155,1016172,114398,109276,0.11257739831445858,0.9626241762565162,0.9279415947662842,0.9851843039642739,0.9410741446528785,0.001795350054448232,19.688792824798615,5.980907404088066,False,False,nnUNet,external_test1
case_00106,56469,1461,3121,955121,1016172,59590,57930,0.05864164728018485,0.9610108917631042,0.9249479942998476,0.9747799067840497,0.9476254405101527,0.0015273128701982683,13.423851101413726,4.513487541462321,False,False,nnUNet,external_test1
case_00107,72750,12924,2566,927932,1016172,75316,85674,0.07411737383041454,0.9037828436548854,0.824456029011786,0.8491491000770363,0.9659302140315471,0.013736427253479809,47.01063709417264,13.350717500355655,False,False,nnUNet,external_test1
case_00108,79564,625,6293,929690,1016172,85857,80189,0.08449061773006931,0.9583368464160534,0.9200064753359081,0.9922059135292871,0.9267037049978453,0.0006718154603548261,13.98209706929603,6.187441327363589,False,False,nnUNet,external_test1
case_00001,58192,561,9175,948244,1016172,67367,58753,0.06629487921336152,0.9228036790358389,0.8566717701095278,0.9904515514101407,0.8638057209019253,0.0005912700713002145,34.0,8.934170696531693,False,False,nnUNet,external_test2
case_00002,63935,8110,2565,1430830,1505440,66500,72045,0.04417313210755659,0.9229492222743513,0.856922664522182,0.8874314664445833,0.9614285714285714,0.005636093235298205,25.80284957547723,8.510423266930326,False,False,nnUNet,external_test2
case_00003,44220,1991,2137,1204892,1253240,46357,46211,0.03698972263891992,0.9554057557687322,0.9146190121618267,0.9569150202332778,0.9539012446879651,0.001649704238107588,13.0,4.706169377252244,False,False,nnUNet,external_test2
case_00004,19678,1174,2510,667838,691200,22188,20852,0.032100694444444446,0.9144052044609665,0.8423080215734954,0.9436984461922118,0.8868757887146205,0.001754826520301579,20.615528128088304,5.818702523566831,False,False,nnUNet,external_test2
case_00005,26713,1484,2112,521341,551650,28825,28197,0.0522523339073688,0.9369366209533163,0.8813553729915207,0.9473702876192502,0.9267302688638335,0.0028384258595132213,12.727922061357855,4.503288654780395,False,False,nnUNet,external_test2
case_00006,19027,2014,1778,668381,691200,20805,21041,0.03009982638888889,0.9093820197868374,0.8338226916166352,0.9042821158690176,0.9145397740927662,0.003004199016997442,23.073658309355785,6.561202098233149,False,False,nnUNet,external_test2
case_00007,29691,1688,1061,658760,691200,30752,31379,0.04449074074074074,0.955754776198677,0.9152589395807645,0.9462060613786291,0.9654981789802289,0.002555840883763748,7.615773105863909,3.104858702718075,False,False,nnUNet,external_test2
case_00008,94349,3705,15885,902233,1016172,110234,98054,0.10847966682805667,0.9059475341834383,0.8280658949086792,0.9622146980235381,0.8558974545058693,0.004089683841499087,56.43580423808985,15.678469016129073,False,False,nnUNet,external_test2
case_00009,110041,2501,5607,898023,1016172,115648,112542,0.11380750502867625,0.9644682063192953,0.9313747894607657,0.9777771854063372,0.9515166712783619,0.002777271899471863,19.951158249361324,6.283309084697166,False,False,nnUNet,external_test2
case_00010,111722,860,7795,895795,1016172,119517,112582,0.11761493133052278,0.9627098781123572,0.9281008830590561,0.992361123447798,0.9347791527565116,0.0009591202859516759,25.33176443438145,6.524741485406334,False,False,nnUNet,external_test2
case_00011,76802,1227,4608,933535,1016172,81410,78029,0.08011439008356853,0.9634029315286724,0.9293899826954027,0.9842750772148816,0.9433976170003685,0.0013126335901544992,21.400934559032695,5.114293059648922,False,False,nnUNet,external_test2
case_00012,83924,4080,4376,923792,1016172,88300,88004,0.08689473829233633,0.9520373899627915,0.9084650357220178,0.9536384709785919,0.9504416761041903,0.0043971582287212025,19.72308292331602,7.357173063442191,False,False,nnUNet,external_test2
case_00013,48438,9471,5184,953079,1016172,53622,57909,0.052768625783824,0.8686015547246954,0.7677238362417383,0.8364502927006164,0.9033232628398792,0.009839488857721677,50.991175622335064,13.885933650254929,False,False,nnUNet,external_test2
case_00014,53179,1007,2755,959231,1016172,55934,54186,0.055043831162441006,0.9658372684344352,0.9339316134244218,0.981415863876278,0.9507455215074909,0.001048698343535665,14.010700654285458,3.9805463366156126,False,False,nnUNet,external_test2
case_00015,73217,3796,2227,936932,1016172,75444,77013,0.07424333675795043,0.9604937785736306,0.9239904088844019,0.9507096204536897,0.9704814166799215,0.004035172759820054,13.892443989449804,4.910810474163017,False,False,nnUNet,external_test2
case_00016,85071,2615,5577,922909,1016172,90648,87686,0.08920537074432282,0.9540637231262686,0.9121623795074145,0.9701776794471181,0.9384763039449299,0.0028254264611182424,16.83568246122312,5.670664739323048,False,False,nnUNet,external_test2
case_00017,116713,1802,36690,1098035,1253240,153403,118515,0.12240512591363187,0.8584426187306468,0.7519925260139815,0.9847951736067164,0.7608260594642868,0.0016384246029184325,87.0,26.729390683064015,False,False,nnUNet,external_test2
case_00018,141436,4633,7273,1352098,1505440,148709,146069,0.09878108725688171,0.959610282992625,0.9223565624551656,0.9682821132478486,0.9510924019393581,0.0034148257834456497,17.46424919657298,7.817281177055727,False,False,nnUNet,external_test2
case_00019,68263,3279,2779,941851,1016172,71042,71542,0.06991139295316147,0.9575127644055434,0.918488717859017,0.9541667831483605,0.9608822949804341,0.003469364002835589,12.0,4.915768727931758,False,False,nnUNet,external_test2
case_00020,67907,3895,4893,1428745,1505440,72800,71802,0.048357955149325116,0.9392262900928064,0.8854162592085534,0.945753600178268,0.9327884615384615,0.0027187569801206163,18.0,7.229657057726874,False,False,nnUNet,external_test2
case_00021,48299,2905,1105,1453131,1505440,49404,51204,0.03281698373897332,0.960142334605598,0.9233401517903229,0.9432661510819467,0.9776333900089061,0.0019951429772340793,11.940939982143911,4.377065678334766,False,False,nnUNet,external_test2
case_00022,64952,8984,16438,1415066,1505440,81390,73936,0.054063928153895206,0.8363313289468601,0.7187022816296722,0.8784895044362692,0.7980341565302863,0.0063087672483409995,74.97865907608276,21.07719267608803,False,False,nnUNet,external_test2
case_00023,4304,4855,511,1243570,1253240,4815,9159,0.0038420414286170247,0.6160011449835409,0.4450879007238883,0.46992029697565235,0.8938733125649013,0.0038889000140176623,69.97489621089608,17.79178196007608,False,False,nnUNet,external_test2
case_00024,30194,5065,1949,1468232,1505440,32143,35259,0.021351232862153256,0.895937805999822,0.8114921522253279,0.8563487336566551,0.9393647139346047,0.0034378675854223554,22.476646218799864,8.14242048222441,False,False,nnUNet,external_test2
case_00025,12073,23218,91,1217858,1253240,12164,35291,0.009706041939293352,0.5088188810452007,0.3412186987733876,0.34209855203876344,0.9925189082538639,0.01870795986708308,104.7626514473293,39.23106058391837,False,False,nnUNet,external_test2
case_00026,169577,8171,9639,1065853,1253240,179216,177748,0.14300213845711915,0.9501070135924071,0.9049560535149184,0.9540304250962036,0.9462157396661013,0.007607837441248985,29.5296461204668,9.709870803403383,False,False,nnUNet,external_test2
case_00027,50960,3646,23154,1427680,1505440,74114,54606,0.049230789669465404,0.7917961466749533,0.6553497942386831,0.9332307805003113,0.687589389319157,0.002547288318663952,109.65856099730654,23.636654965208376,False,False,nnUNet,external_test2
case_00028,174197,6529,11651,1313063,1505440,185848,180726,0.12345095121691997,0.9504056479728513,0.9054980584997167,0.9638734880426724,0.9373089836855926,0.004947741423106536,30.364452901377952,10.904330855488775,False,False,nnUNet,external_test2
case_00029,68845,2764,9596,1424235,1505440,78441,71609,0.052105032415772135,0.917627457514162,0.8477926236069208,0.9614014998114762,0.877666016496475,0.0019369319810315215,54.548058964752464,11.395713155954095,False,False,nnUNet,external_test2
case_00030,85522,1275,4904,924471,1016172,90426,86797,0.08898690379187775,0.9651343222945103,0.9326179649076891,0.9853105522080257,0.9457678101431004,0.0013772676306459872,17.023509092741115,5.093244652324704,False,False,nnUNet,external_test2
case_00031,28578,518,2708,1221436,1253240,31286,29096,0.024964093070760588,0.9465734821635586,0.8985662180857754,0.982196865548529,0.9134437128428051,0.00042391121106031816,14.406547496069006,5.610482600499232,False,False,nnUNet,external_test2
case_00032,22889,1660,4591,1224100,1253240,27480,24549,0.021927164788867255,0.8798554652213189,0.785483870967742,0.932380137683816,0.8329330422125182,0.001354261845712048,33.09980254762476,8.78911004937526,False,False,nnUNet,external_test2
case_00033,87362,9507,1956,917347,1016172,89318,96869,0.08789653720039521,0.9384328658821507,0.8840070832279282,0.90185714728138,0.9781007187800891,0.010257278924188706,39.60293139181469,8.955449410155094,False,False,nnUNet,external_test2
case_00034,77811,22190,3792,1401647,1505440,81603,100001,0.054205415028164526,0.8569304640866942,0.749674833562957,0.7781022189778102,0.9535311201794052,0.01558464908553437,72.73512845919412,20.95383879121413,False,False,nnUNet,external_test2
case_00035,116785,2326,25681,871380,1016172,142466,119111,0.14019870651818786,0.892930188816295,0.8065708050168517,0.9804719967089521,0.8197394466048039,0.0026622227614323353,61.25816087943295,18.20606532765527,False,False,nnUNet,external_test2
case_00036,61098,5729,9387,1429226,1505440,70485,66827,0.0468201987458816,0.8899149382428339,0.8016637363214107,0.9142711778173492,0.866822728240051,0.003992459693857996,29.068883707497267,13.148198025432299,False,False,nnUNet,external_test2
case_00037,64643,19563,1810,1419424,1505440,66453,84206,0.04414191199914975,0.8581365865962206,0.7515229724702381,0.7676768876327102,0.9727627044678193,0.013594980357709972,59.92203138164801,18.986949921856443,False,False,nnUNet,external_test2
case_00038,144982,1408,13234,1093616,1253240,158216,146390,0.12624557147872714,0.951931347379894,0.9082719390567835,0.9903818566841998,0.916354856651666,0.0012858165665775361,45.792679325036495,10.269242151762942,False,False,nnUNet,external_test2
case_00039,94810,706,15280,1142444,1253240,110090,95516,0.08784430755481791,0.9222493506998823,0.8557168128813315,0.9926085681979983,0.8612044690707603,0.0006175917421160828,43.76983094778553,12.1647790299505,False,False,nnUNet,external_test2
case_00040,116591,2909,4911,1381029,1505440,121502,119500,0.08070863003507281,0.9675521364967925,0.9371438216877929,0.9756569037656904,0.9595809122483581,0.0021019727762370856,21.474397987331574,5.36971773812102,False,False,nnUNet,external_test2
case_00041,119686,176,41434,1091944,1253240,161120,119862,0.12856276531231048,0.8519122221352258,0.7420270806467613,0.9985316447247669,0.7428376365441907,0.0001611544518917335,77.10382610480494,24.19428566710806,False,False,nnUNet,external_test2
case_00042,126784,4906,4718,1369032,1505440,131502,131690,0.08735120629184823,0.9634335390133438,0.9294469532578734,0.9627458425089225,0.9641222186734802,0.003570757923574426,21.095023109728988,6.996926202560179,False,False,nnUNet,external_test2
case_00043,123454,341,18414,1111031,1253240,141868,123795,0.1132009830519294,0.9294030406944136,0.8681166452193603,0.9972454461004079,0.8702032875630868,0.0003068279567957444,43.766941929616024,12.398261974908573,False,False,nnUNet,external_test2
case_00044,80723,5909,970,1417838,1505440,81693,86632,0.0542651982144755,0.959132630328234,0.9214743955617452,0.9317919475482501,0.9881262776492478,0.004150316032272588,27.225877795081256,5.381651611665239,False,False,nnUNet,external_test2
case_00045,34562,555,12507,1457816,1505440,47069,35117,0.03126594218301626,0.8410678217701312,0.7257265244414581,0.9841956886977817,0.7342837111474644,0.0003805615992089804,38.61217014368329,14.901565936649154,False,False,nnUNet,external_test2
case_00046,66153,2040,2351,1434896,1505440,68504,68193,0.04550430438941439,0.9678778612551848,0.9377551599002041,0.9700849060754037,0.965680836155553,0.0014196874460657956,14.693211911648046,4.656890338156009,False,False,nnUNet,external_test2
case_00047,93360,2181,10631,1399268,1505440,103991,95541,0.06907681475183335,0.9357897480103442,0.87932788305768,0.9771721041228373,0.8977699993268649,0.0015562464278043653,42.0,10.083509633230326,False,False,nnUNet,external_test2
case_00048,20387,1042,1008,1273921,1296358,21395,21429,0.016503928698708228,0.9521296469269569,0.9086330614609797,0.9513743058472164,0.9528861883617668,0.0008172786190658082,9.433981132056603,3.4498313204586046,False,False,nnUNet,external_test2
case_00049,55964,9535,2239,1437702,1505440,58203,65499,0.038661786587310024,0.9048196472166982,0.8261832354070093,0.8544252584008916,0.9615311925502122,0.0065884164100282125,44.199546582230354,11.685826978882336,False,False,nnUNet,external_test2
case_00050,21675,1055,1566,991876,1016172,23241,22730,0.022871128116106327,0.9429857953927476,0.8921221600263418,0.9535855697316322,0.9326190783529108,0.001062510889477718,7.810249675906654,3.2075383182999593,False,False,nnUNet,external_test2
case_00051,122808,1517,53067,1075848,1253240,175875,124325,0.14033624844403306,0.8181745502998001,0.6922972851086858,0.9877981097928815,0.6982686567164179,0.00140806504759297,116.83663707372872,35.96258152963796,False,False,nnUNet,external_test2
case_00052,35700,1605,5632,1253421,1296358,41332,37305,0.03188316807548532,0.9079695308824091,0.8314507301395068,0.9569762766385203,0.8637375399206426,0.001278857967882737,29.68410468632853,9.056545510835887,False,False,nnUNet,external_test2
case_00053,14547,356,981,1237356,1253240,15528,14903,0.012390284382879577,0.9560645394499031,0.915827247544699,0.9761121921760719,0.9368238021638331,0.00028762749331023694,7.810249675906654,2.5312345715135858,False,False,nnUNet,external_test2
case_00054,175496,13028,11912,1305004,1505440,187408,188524,0.12448719311297694,0.9336582147835247,0.8755712546648307,0.9308947401922302,0.9364381456501323,0.009884433761851002,36.05551275463989,13.689275428795614,False,False,nnUNet,external_test2
case_00055,20297,769,2800,1229374,1253240,23097,21066,0.01842982988094858,0.9191857437221204,0.8504567166680633,0.9634956802430457,0.8787721349092956,0.0006251305742503107,16.93943652834158,5.905175669544557,False,False,nnUNet,external_test2
case_00056,32330,1911,6484,1212515,1253240,38814,34241,0.030970923366633686,0.8850865786051605,0.7938612645794966,0.9441897140854532,0.8329468748389757,0.0015735829107743082,64.8737096573108,11.760448024389127,False,False,nnUNet,external_test2
case_00057,53261,6477,4935,1440767,1505440,58196,59738,0.038657136783930277,0.9032340122441366,0.8235430550616176,0.8915765509391007,0.9152003574128806,0.0044754029037259785,31.78049716414141,8.869568607998078,False,False,nnUNet,external_test2
case_00058,97777,184,28915,1126364,1253240,126692,97961,0.10109157064887811,0.8704713491473517,0.7706500835461395,0.9981217014934515,0.7717693303444574,0.0001633308123577513,46.52364513269074,19.771990153677972,False,False,nnUNet,external_test2
case_00059,123327,8359,15585,1105969,1253240,138912,131686,0.11084229676678051,0.9115144975203069,0.8374153770939289,0.9365232446881218,0.8878066689702834,0.007501381998836967,47.07440918375928,17.057074664938074,False,False,nnUNet,external_test2
case_00060,87629,4503,11403,1192823,1296358,99032,92132,0.07639247800376131,0.9167939570211965,0.8463707924856329,0.9511244735813832,0.8848554002746587,0.0037608804953705175,36.91472448042005,12.590022324427094,False,False,nnUNet,external_test2
case_00061,45844,2048,3036,1454512,1505440,48880,47892,0.03246891274311829,0.9474641425205638,0.9001727929626139,0.9572371168462374,0.9378887070376432,0.0014060526171252815,65.08405655783915,9.834990196669564,False,False,nnUNet,external_test2
case_00062,24732,2269,205,1478234,1505440,24937,27001,0.016564592411520883,0.9523662828757364,0.909064177019775,0.9159660753305433,0.9917792837951638,0.0015325872355544028,31.04834939252005,4.890787582733745,False,False,nnUNet,external_test2
case_00063,9896,9025,804,1485715,1505440,10700,18921,0.007107556594749708,0.6681746058539549,0.5016983523447401,0.5230167538713598,0.9248598130841121,0.006037839356677416,356.9904010712121,105.25459197360817,False,False,nnUNet,external_test2
case_00064,68383,14912,3796,1418349,1505440,72179,83295,0.04794545116377936,0.8796711990429268,0.7851902033505185,0.8209736478780238,0.9474085260255753,0.010404245981715821,78.14728738914077,18.597249092326283,False,False,nnUNet,external_test2
case_00065,28092,3066,1207,1473075,1505440,29299,31158,0.019462084174726325,0.9293216666390989,0.8679746639888769,0.9015983054111304,0.9588040547458958,0.0020770373561875186,23.541065089535696,5.491355888558989,False,False,nnUNet,external_test2
case_00066,26136,3386,5813,1217905,1253240,31949,29522,0.02549312182822125,0.8503521985977127,0.739663223432857,0.8853058735858004,0.8180537732010391,0.0027724760110407758,35.89405470816448,10.564276766101024,False,False,nnUNet,external_test2
case_00067,77208,702,8983,1418547,1505440,86191,77910,0.05725302901477309,0.9409814687296238,0.8885410792583983,0.9909896033885253,0.8957779814597812,0.000494627792586079,31.78049716414141,8.662752324058472,False,False,nnUNet,external_test2
case_00068,37522,3646,1144,1463128,1505440,38666,41168,0.02568418535444787,0.9400005010396573,0.8867933446776328,0.9114360668480374,0.9704132829876377,0.0024857271808744904,16.1245154965971,5.061931718896044,False,False,nnUNet,external_test2
case_00069,71637,28893,17084,1178744,1296358,88721,100530,0.06843865660565986,0.7570580868793295,0.6090856530685123,0.7125932557445539,0.8074413047643737,0.02392523581175469,110.41104803127807,31.86281023567527,False,False,nnUNet,external_test2
case_00070,80301,2855,11513,1201689,1296358,91814,83156,0.07082457160753435,0.9178830656684003,0.8482290929448922,0.965666939246717,0.8746051800379027,0.0023701915413633706,28.600699292150182,11.02590189653722,False,False,nnUNet,external_test2
case_00071,120261,4439,5097,1375643,1505440,125358,124700,0.0832700074396854,0.9618648473554136,0.9265314298481475,0.9644025661587811,0.9593404489541952,0.0032164755427576044,24.75075558525032,6.961238783828672,False,False,nnUNet,external_test2
case_00072,67054,1787,3640,1432959,1505440,70694,68841,0.04695902858964821,0.961106532411223,0.9251252052261972,0.9740416321668773,0.9485104817947775,0.0012455166280303273,14.249473134455446,5.121120582225561,False,False,nnUNet,external_test2
case_00073,39222,1884,6329,1248923,1296358,45551,41106,0.03513767030403638,0.9052240442203169,0.8268578054179403,0.9541672748503868,0.8610568373910562,0.001506227579474691,17.69180601295413,7.927899161892831,False,False,nnUNet,external_test2
case_00074,139209,11609,3294,1351328,1505440,142503,150818,0.09465870443192688,0.9491921819440136,0.903297601744186,0.9230264292060629,0.9768846971642702,0.00851763507777689,38.897300677553446,9.980240832385917,False,False,nnUNet,external_test2
case_00075,32067,4696,548,1468129,1505440,32615,36763,0.02166476246147306,0.9244140793911615,0.8594516362466833,0.8722628729973071,0.9831979150697532,0.003188430397365607,35.85510696599779,6.015687757078305,False,False,nnUNet,external_test2
case_00076,88811,3590,84732,1076107,1253240,173543,92401,0.13847547157767068,0.6678924886442259,0.5013803187435429,0.9611476066276339,0.5117521305958753,0.0033250069232386493,187.7477979229384,54.020571165724206,False,False,nnUNet,external_test2
case_00077,23978,2005,491,1478966,1505440,24469,25983,0.016253719842703795,0.9505272338063903,0.9057188184633981,0.9228341607974445,0.9799337937798848,0.00135384149993484,18.769178972891652,4.002416180230582,False,False,nnUNet,external_test2
case_00078,22123,4542,3203,1475572,1505440,25326,26665,0.016822988627909447,0.8510319093689293,0.740692379804473,0.8296643540221263,0.8735291794993287,0.003068682547425401,31.248980615256038,9.963083603275738,False,False,nnUNet,external_test2
case_00079,95043,4921,3526,1401950,1505440,98569,99964,0.06547520990540971,0.9574529171472753,0.918378587303121,0.9507722780200872,0.9642281041706825,0.0034978331346655093,15.614084335242387,6.649848823019743,False,False,nnUNet,external_test2
case_00080,82205,2137,22428,1398670,1505440,104633,84342,0.06950326814751834,0.870009260484191,0.7699260091786082,0.9746626828863437,0.7856507985052517,0.0015255492012818325,79.23603922019608,20.715307397527738,False,False,nnUNet,external_test2
case_00081,25109,546,3826,1223759,1253240,28935,25655,0.023088155500941558,0.9199120718080235,0.8517010956209083,0.9787175989085948,0.8677725937445999,0.0004459673038989468,20.01374141697543,4.929443375223878,False,False,nnUNet,external_test2
case_00082,246922,27101,27437,994898,1296358,274359,274023,0.21163829744561302,0.9005474286172778,0.8190871094009156,0.9010995427391132,0.8999959906545804,0.02651763847127052,78.04603894359252,23.891202748735306,False,False,nnUNet,external_test2
case_00083,196193,5979,4913,1298355,1505440,201106,202172,0.13358619406950792,0.9729913360014679,0.9474032402153705,0.9704261717745286,0.9755700973615904,0.004583948589855053,24.33618542183762,6.505719769711641,False,False,nnUNet,external_test2
case_00084,23600,1928,4827,1475085,1505440,28427,25528,0.018882851525135507,0.874803076637939,0.777466644704332,0.924475086179881,0.8301966440356,0.0013053371906679224,26.97774721070176,9.321857489394567,False,False,nnUNet,external_test2
case_00085,102647,3430,5648,1393715,1505440,108295,106077,0.07193577957274949,0.9576530517045136,0.918746923249049,0.9676649980674416,0.947846160949259,0.002455006459601545,19.1049731745428,6.438255756096435,False,False,nnUNet,external_test2
case_00086,68482,3561,24233,1156964,1253240,92715,72043,0.07398024320960071,0.8313040944901007,0.7113091528522165,0.9505711866524159,0.7386291322871165,0.003068438853105276,81.0,22.10762605802082,False,False,nnUNet,external_test2
case_00087,46740,4520,2966,1451214,1505440,49706,51260,0.03301758954192794,0.9258562288295069,0.861948142957253,0.9118220834959032,0.9403291353156561,0.0031049628572252896,26.19539610866737,7.116231534480046,False,False,nnUNet,external_test2
case_00088,159525,3279,15563,1327073,1505440,175088,162804,0.11630353916462961,0.944236619985084,0.8943638677558069,0.9798592172182502,0.9111132687562825,0.002464761206056743,26.0,9.273284204246155,False,False,nnUNet,external_test2
case_00089,30814,1309,2798,1470519,1505440,33612,32123,0.022327027314273568,0.9375218681067924,0.8823916840869391,0.9592503813466986,0.9167559205045817,0.0008893702253252418,19.702789067536965,4.59178065030903,False,False,nnUNet,external_test2
case_00090,60895,1107,4480,1438958,1505440,65375,62002,0.04342584227866936,0.9561380783029904,0.915962215336482,0.9821457372342828,0.9314722753346081,0.0007687153010454389,13.0,5.663880228709253,False,False,nnUNet,external_test2
case_00091,32270,529,28622,1444019,1505440,60892,32799,0.04044797534275694,0.6888601893458283,0.525390338809202,0.9838714594957163,0.5299546738487815,0.00036620451518398837,108.50781648474931,31.79197884032935,False,False,nnUNet,external_test2
case_00092,54348,7575,11113,1432404,1505440,65461,61923,0.04348296843447763,0.8532939772655906,0.744126184347445,0.8776706554914975,0.8302347962909213,0.005260493382195157,42.05948168962618,14.221270255739851,False,False,nnUNet,external_test2
case_00093,178848,16318,1944,1308330,1505440,180792,195166,0.12009246466149431,0.9514254251804722,0.9073512252042008,0.9163891251549963,0.989247311827957,0.012318744300372627,41.65928038811049,10.426791446155706,False,False,nnUNet,external_test2
case_00094,55283,2657,2884,1444616,1505440,58167,57940,0.038637873312785634,0.9522767791778274,0.9089010916743391,0.9541422160856058,0.9504186222428525,0.001835866488216114,14.0,5.330971693790864,False,False,nnUNet,external_test2
case_00001,38452,6191,471,646086,691200,38923,44643,0.05631221064814815,0.9202785821985018,0.852329653766015,0.86132204376946,0.987899185571513,0.00949136639801802,26.076809620810597,8.250686684797676,False,False,DeepLabv3plus,train
case_00002,33457,10407,517,646819,691200,33974,43864,0.049152199074074074,0.859657236825201,0.7538586331988915,0.7627439358015685,0.984782480720551,0.015834735692136344,46.69047011971501,15.54076118659208,False,False,DeepLabv3plus,train
case_00003,8084,1958,1269,540339,551650,9353,10042,0.01695459077313514,0.8336169115751483,0.714702501989214,0.8050189205337582,0.864321608040201,0.0036105676409790206,25.059928172283335,8.024919639155911,False,False,DeepLabv3plus,train
case_00004,55840,12982,8061,1428557,1505440,63901,68822,0.04244672653842066,0.8414517453644056,0.7262984014671644,0.8113684577605998,0.8738517394093989,0.00900565298614883,66.70944442874065,21.34759383879931,False,False,DeepLabv3plus,train
case_00005,26137,2493,1882,660688,691200,28019,28630,0.040536747685185184,0.9227700400713164,0.8566137912952281,0.9129235068110374,0.9328312930511439,0.0037591547405610233,14.317821063276353,5.15549367564819,False,False,DeepLabv3plus,train
case_00006,24336,4260,1627,660977,691200,25963,28596,0.037562210648148145,0.8920984622152166,0.8052145716838169,0.8510281158203945,0.9373338982398028,0.006403732805000323,28.448197397113674,8.359065094430377,False,False,DeepLabv3plus,train
case_00007,26268,4263,675,659994,691200,26943,30531,0.03898003472222222,0.9140828896544525,0.8417611997692751,0.8603714257639776,0.974947110566752,0.006417696764956937,16.01404879384663,6.695820735394151,False,False,DeepLabv3plus,train
case_00008,95816,1387,26265,1381972,1505440,122081,97203,0.0810932352003401,0.8738986884588023,0.7760391356464833,0.9857308930794317,0.7848559562913148,0.0010026319993580843,86.01741886324103,20.45002521895743,False,False,DeepLabv3plus,train
case_00009,4849,7060,64,539677,551650,4913,11909,0.008906009244992295,0.5765069551777434,0.40499457111834963,0.40717104710722984,0.9869733360472217,0.012912972782160343,71.65051928690715,26.020456752464465,False,False,DeepLabv3plus,train
case_00010,31679,7154,5416,646951,691200,37095,38833,0.05366753472222222,0.834448424823517,0.7159257836335284,0.8157752427059459,0.8539964954845667,0.01093708196696249,48.767815416045856,16.14668695703404,False,False,DeepLabv3plus,train
case_00011,9278,3847,2606,675469,691200,11884,13125,0.017193287037037038,0.7419728897596866,0.5897908588138071,0.7068952380952381,0.7807135644564119,0.005663049302533725,36.87325394193527,14.796325641524913,False,False,DeepLabv3plus,train
case_00012,46229,69336,15420,1122255,1253240,61649,115565,0.0491916951262328,0.5217307887638674,0.3529335420086269,0.40002595941677843,0.7498742883096239,0.05818775066276936,255.08977496358267,87.1336608224964,False,False,DeepLabv3plus,train
case_00013,36726,12778,3951,1451985,1505440,40677,49504,0.02702000743968541,0.8144952928000355,0.6870451781872603,0.7418794440853265,0.9028689431373995,0.008723595557779655,102.95771751275308,22.96021529871407,False,False,DeepLabv3plus,train
case_00014,5828,403,3960,1243049,1253240,9788,6231,0.007810156075452428,0.7276359323303577,0.5718771465018153,0.9353233830845771,0.5954229668982427,0.0003240977536728398,43.058427964586144,12.601138936441652,False,False,DeepLabv3plus,train
case_00015,23014,8191,503,519942,551650,23517,31205,0.04263029094534578,0.8411242279156463,0.725810521004163,0.7375100144207659,0.9786112174171876,0.015509350864270932,63.181565405103605,17.243702426456778,False,False,DeepLabv3plus,train
case_00016,31154,9394,4708,645944,691200,35862,40548,0.051883680555555554,0.8154430048422981,0.6883949089623476,0.768323961724376,0.8687189783057275,0.014334587647900777,48.47520553029147,14.565783866932302,False,False,DeepLabv3plus,train
case_00017,17324,4930,2458,526938,551650,19782,22254,0.03585969364633373,0.8242458844799696,0.7010359339592102,0.778466792486744,0.875745627337984,0.009269217174186077,23.015210206509874,11.050249445964617,False,False,DeepLabv3plus,train
case_00018,36374,10369,2136,642321,691200,38510,46743,0.05571469907407407,0.8533189447878667,0.7441641604779149,0.778169993367991,0.9445338873019995,0.015886561767454687,58.349920091226494,15.746183380955676,False,False,DeepLabv3plus,train
case_00019,34107,655,83850,1134628,1253240,117957,34762,0.09412163671762791,0.4466634799861183,0.2875510066435099,0.9811575858696278,0.289147740278237,0.0005769486550930473,143.3486987740193,47.915128341160674,False,False,DeepLabv3plus,train
case_00020,29081,2492,2461,657166,691200,31542,31573,0.045633680555555556,0.921524201853759,0.8544690603514133,0.9210718018560162,0.9219770464777123,0.003777715119046536,35.84270975007648,7.935999121998411,False,False,DeepLabv3plus,train
case_00021,14693,5808,277,670422,691200,14970,20501,0.02165798611111111,0.8284514110118125,0.7071421696024641,0.7166967465001707,0.9814963259853039,0.008588793753604542,28.0,11.038535568109092,False,False,DeepLabv3plus,train
case_00022,19175,5589,919,665517,691200,20094,24764,0.029071180555555555,0.854919969682108,0.7466028111980688,0.7743094815054111,0.9542649547128496,0.008328043557947628,35.61969739436125,10.282447113865189,False,False,DeepLabv3plus,train
case_00023,2511,0,4793,544346,551650,7304,2511,0.013240279162512462,0.5116658176260825,0.3437842278203724,1.0,0.3437842278203724,0.0,41.068217447414455,16.214486970188435,False,False,DeepLabv3plus,train
case_00024,31003,1678,11862,1460897,1505440,42865,32681,0.02847340312466787,0.8207714505069759,0.696024066632243,0.9486551819099783,0.7232707336988219,0.0011472915918841768,64.03698562316023,19.052157048112253,False,False,DeepLabv3plus,train
case_00025,6877,21,4990,539762,551650,11867,6898,0.021511828151907914,0.7329602984279243,0.5784825033647375,0.9969556393157437,0.5795061936462459,3.890452274339874e-05,26.916523205105012,10.065838266185159,False,False,DeepLabv3plus,train
case_00026,0,0,35955,1469485,1505440,35955,0,0.02388338293123605,0.0,0.0,nan,0.0,0.0,nan,nan,True,False,DeepLabv3plus,train
case_00027,69,0,21374,1483997,1505440,21443,69,0.01424367626740355,0.006415024172554853,0.003217833325560789,1.0,0.003217833325560789,0.0,176.83338047339038,87.79234015467345,False,False,DeepLabv3plus,train
case_00028,92902,14857,8724,899689,1016172,101626,107759,0.10000865995126809,0.8873797072378633,0.7975584420044126,0.8621275253111109,0.9141558262649322,0.01624521893923324,41.048751503547585,13.742767064284301,False,False,DeepLabv3plus,train
case_00029,34680,28041,1592,951859,1016172,36272,62721,0.03569474459048271,0.7006556019112462,0.5392377901823893,0.5529248577031616,0.9561093956771063,0.028616185325033166,136.969884492742,40.44804930922247,False,False,DeepLabv3plus,train
case_00030,20463,35931,5036,1191810,1253240,25499,56394,0.020346461970572275,0.49974967335425496,0.3331108578870259,0.3628577508245558,0.8025020589042707,0.029265944527388104,342.3706870072351,107.96076226045935,False,False,DeepLabv3plus,train
case_00031,9086,0,6546,1237608,1253240,15632,9086,0.01247326928601066,0.735172748604256,0.581243602865916,1.0,0.581243602865916,0.0,28.861739379323623,14.420187980612523,False,False,DeepLabv3plus,train
case_00032,18970,2252,12831,1471387,1505440,31801,21222,0.021124056754171536,0.7155385398789205,0.5570727982850263,0.8938837055885402,0.5965221219458507,0.0015281897398209466,57.351481453779,22.102645627476555,False,False,DeepLabv3plus,train
case_00033,23689,2549,7557,982377,1016172,31246,26238,0.0307487315139563,0.8241945584858396,0.7009616807220003,0.9028508270447443,0.7581450425654483,0.002588011688187742,31.0,12.824560553288428,False,False,DeepLabv3plus,train
case_00034,0,0,31172,1474268,1505440,31172,0,0.020706238707620363,0.0,0.0,nan,0.0,0.0,nan,nan,True,False,DeepLabv3plus,train
case_00035,22165,5953,680,662402,691200,22845,28118,0.033051215277777775,0.8698467515648608,0.7696715049656226,0.7882850842876449,0.9702341869117969,0.008906943166431014,50.0,11.14932320982664,False,False,DeepLabv3plus,train
case_00036,4122,425,4756,1243937,1253240,8878,4547,0.007084038173055441,0.6140782122905027,0.4430828764914544,0.9065317791950737,0.4642937598558234,0.0003415404841999354,33.605058451358985,14.014647367517373,False,False,DeepLabv3plus,train
case_00037,45804,11862,37497,1410277,1505440,83301,57666,0.05533332447656499,0.6498542212007066,0.48132152202011286,0.7942981999791905,0.5498613462023265,0.00834095682630179,153.16020447832065,40.421079181507125,False,False,DeepLabv3plus,train
case_00038,82324,1124,116110,1305882,1505440,198434,83448,0.1318112976936975,0.5841025677411116,0.41253169504605175,0.9865305339852363,0.41486841972645816,0.0008599807498970931,175.85106135885783,54.43235353684809,False,False,DeepLabv3plus,train
case_00039,85710,21250,6035,1392445,1505440,91745,106960,0.06094231586778616,0.8626858911451649,0.7585291384574538,0.8013275991024682,0.9342198484931059,0.015031530846469712,78.48056749111134,22.25273825074493,False,False,DeepLabv3plus,train
case_00040,49187,9816,37203,1409234,1505440,86390,59003,0.05738521628228292,0.6766075395651785,0.5112674885142299,0.8336355778519736,0.5693598796156962,0.006917303830027131,84.00191366197272,29.92048424250609,False,False,DeepLabv3plus,train
case_00041,59057,2729,18705,1172749,1253240,77762,61786,0.06204876958922473,0.8464041046808267,0.7337093588103017,0.9558314181206099,0.7594583472647308,0.0023216087412950307,62.31371156212801,19.57584906176235,False,False,DeepLabv3plus,train
case_00042,57842,23155,5579,1418864,1505440,63421,80997,0.04212788287809544,0.8010358819537731,0.6681066346331547,0.7141252145141178,0.912032292142981,0.01605734737198331,57.57252264502507,24.613236741864498,False,False,DeepLabv3plus,train
case_00043,27301,13475,13642,1451022,1505440,40943,40776,0.027196699968115634,0.6681677455671263,0.5016906170752324,0.6695360015695507,0.6668050704638155,0.009201111371344564,82.6182461931017,33.19278195143448,False,False,DeepLabv3plus,train
case_00044,156656,10271,5581,1332932,1505440,162237,166927,0.1077671644170475,0.9518416351727407,0.9081086094557933,0.9384701096886663,0.9655997090675986,0.0076466476027823044,29.120439557122072,9.606556956022752,False,False,DeepLabv3plus,train
case_00045,66026,3542,17996,1208794,1296358,84022,69568,0.06481388628758414,0.8597695162445471,0.7540313370791649,0.9490857865685373,0.7858180000476066,0.0029216322867587864,65.9828644275269,20.5980431041062,False,False,DeepLabv3plus,train
case_00046,45562,9530,1455,1448893,1505440,47017,55092,0.03123140078648103,0.8924188857005749,0.8057368206978266,0.827016626733464,0.9690537465172172,0.006534455367201423,34.50360243130938,11.083624266816212,False,False,DeepLabv3plus,train
case_00047,6549,0,7781,1491110,1505440,14330,6549,0.009518811775959188,0.627328895062024,0.457013258897418,1.0,0.457013258897418,0.0,42.0029757688,19.051167875593084,False,False,DeepLabv3plus,train
case_00048,73630,4520,8542,1418748,1505440,82172,78150,0.05458337761717504,0.9185264654882049,0.8493286577769575,0.9421625079974408,0.8960473153872365,0.003175789802061172,32.2614285091717,10.684359429653039,False,False,DeepLabv3plus,train
case_00049,52484,6535,13405,1433016,1505440,65889,59019,0.043767270698267614,0.8403625068050085,0.724676902684193,0.8892729460004405,0.7965517764725524,0.004539609920037567,67.7845455096695,18.31129885515826,False,False,DeepLabv3plus,train
case_00050,8658,107,17442,1479233,1505440,26100,8765,0.017337124030183868,0.49665854008317795,0.3303697485404663,0.9877923559612094,0.3317241379310345,7.232955236794787e-05,87.69412558010295,33.50649009294324,False,False,DeepLabv3plus,train
case_00051,52320,16696,16556,1419868,1505440,68876,69016,0.04575140822616643,0.7588547558959186,0.611414948815033,0.7580850817201809,0.7596259945409141,0.011622176248325867,86.0,29.207117893989764,False,False,DeepLabv3plus,train
case_00052,0,1823,10702,1492915,1505440,10702,1823,0.007108885110001063,0.0,0.0,0.0,0.0,0.001219611731286687,392.59845880375275,306.9296173541251,False,False,DeepLabv3plus,train
case_00053,26348,16829,52749,1409514,1505440,79097,43177,0.0525407854182166,0.43096651782063233,0.27467005816983925,0.6102322996039559,0.3331099788866834,0.011798704799616923,132.61975720080324,70.17998939206304,False,False,DeepLabv3plus,train
case_00054,66838,18191,6174,1414237,1505440,73012,85029,0.048498777765968754,0.8458311450826052,0.7328487001524072,0.7860612261698949,0.9154385580452529,0.012699416654798705,64.12019476714974,20.124947059677144,False,False,DeepLabv3plus,train
case_00055,57618,5284,20969,1421569,1505440,78587,62902,0.05220201402912106,0.814452006869792,0.6869835819293916,0.9159963117229977,0.7331746981052846,0.0037032546450124857,66.3116443350051,24.5839112928793,False,False,DeepLabv3plus,train
case_00056,76065,3396,15550,1158229,1253240,91615,79461,0.07310251827263732,0.8892538988519723,0.800591510456684,0.9572620530826443,0.8302679692190144,0.0029234907995265252,59.61543424315552,15.922025718407827,False,False,DeepLabv3plus,train
case_00057,90861,7063,4116,1403400,1505440,94977,97924,0.06308919651397599,0.9420479935303602,0.8904449235593884,0.9278726359217352,0.9566631921412553,0.0050075755266178554,31.89043743820395,9.108664149362642,False,False,DeepLabv3plus,train
case_00058,129998,19583,42714,1060945,1253240,172712,149581,0.13781239028438289,0.8067069405789142,0.676034218258405,0.8690809661654889,0.7526865533373477,0.018123547006648602,79.92496481075234,34.48717544560637,False,False,DeepLabv3plus,train
case_00059,9584,17770,4705,1473381,1505440,14289,27354,0.009491577213306408,0.46029344667771294,0.2989488131257993,0.3503692330189369,0.6707257330813913,0.011916968838165953,250.52344996043712,114.4362263600731,False,False,DeepLabv3plus,train
case_00060,50625,4805,17876,1432134,1505440,68501,55430,0.04550231161653736,0.8169868717270093,0.6905983139170054,0.9133140898430453,0.7390403059809346,0.0033439136943182696,51.95911436630602,20.30545038894882,False,False,DeepLabv3plus,train
case_00061,9010,8063,14707,1473660,1505440,23717,17073,0.01575419810819428,0.4417749448394214,0.28351164254247957,0.5277338487670591,0.3798962769321584,0.005441637876985104,62.00806399170998,28.79613607880068,False,False,DeepLabv3plus,train
case_00062,110890,3062,28946,1362542,1505440,139836,113952,0.09288712934424487,0.8738789856100367,0.7760080616943554,0.9731290367874192,0.7930003718641837,0.0022422312764168824,55.19736852645344,18.911353947056373,False,False,DeepLabv3plus,train
case_00063,52416,6489,17674,1428861,1505440,70090,58905,0.046557816983738974,0.8126826621186868,0.6844696326669192,0.8898395721925134,0.7478384933656727,0.004520848573518654,93.6530825397699,24.720550934416917,False,False,DeepLabv3plus,train
case_00064,0,0,9993,1243247,1253240,9993,0,0.007973732086431968,0.0,0.0,nan,0.0,0.0,nan,nan,True,False,DeepLabv3plus,train
case_00065,0,0,36259,1469181,1505440,36259,0,0.024085317249442025,0.0,0.0,nan,0.0,0.0,nan,nan,True,False,DeepLabv3plus,train
case_00066,4482,0,49982,1450976,1505440,54464,4482,0.03617812732490169,0.15207138737149256,0.08229289071680376,1.0,0.08229289071680376,0.0,150.83401351222702,70.96896988808533,False,False,DeepLabv3plus,train
case_00067,77141,20782,6836,1400681,1505440,83977,97923,0.05578236263152301,0.8481693238042881,0.7363663265208718,0.7877720249583857,0.9185967586362933,0.014620148396405675,59.04870525501685,17.664513951345317,False,False,DeepLabv3plus,train
case_00068,0,0,23900,1481540,1505440,23900,0,0.015875757253693272,0.0,0.0,nan,0.0,0.0,nan,nan,True,False,DeepLabv3plus,train
case_00069,88966,7418,18393,1390663,1505440,107359,96384,0.07131403443511532,0.8733158930613567,0.7751204509614296,0.9230370185922975,0.8286776143592992,0.005305844225048477,47.42467701521832,18.523371459601474,False,False,DeepLabv3plus,train
case_00070,5318,0,9671,1490451,1505440,14989,5318,0.009956557551280689,0.5237602797065052,0.35479351524451264,1.0,0.35479351524451264,0.0,45.37397684885162,22.6052680016653,False,False,DeepLabv3plus,train
case_00071,15924,8078,1796,1479642,1505440,17720,24002,0.011770645127006058,0.7633382867551891,0.6172571517171874,0.6634447129405883,0.8986455981941309,0.005429785174629635,45.785889092950825,16.22474882288086,False,False,DeepLabv3plus,train
case_00072,13120,6727,1551,1484042,1505440,14671,19847,0.00974532362631523,0.7601830928790776,0.613141415085522,0.6610570867133572,0.8942812350896326,0.004512436199035531,46.4127902387948,16.348352881038473,False,False,DeepLabv3plus,train
case_00073,12408,21658,2864,1468510,1505440,15272,34066,0.010144542459347433,0.5029794478900644,0.33598700243704305,0.3642341337403863,0.8124672603457308,0.014533931744608661,123.54650189796094,45.52111901123871,False,False,DeepLabv3plus,train
case_00074,29022,2675,17323,1456420,1505440,46345,31697,0.03078501966202572,0.7437533635734604,0.5920440636474908,0.9156071552512857,0.6262164203258173,0.001833328193160829,62.03627853051036,22.12248477253674,False,False,DeepLabv3plus,train
case_00075,0,10638,35839,1458963,1505440,35839,10638,0.023806329046657457,0.0,0.0,0.0,0.0,0.007238699483737423,421.33668152723544,249.09287151988852,False,False,DeepLabv3plus,train
case_00076,39843,814,36481,1428302,1505440,76324,40657,0.050698799022212776,0.6811875432762585,0.5165158547019627,0.9799788474309467,0.5220245270164038,0.0005695828750080469,58.52349955359813,25.859425988297684,False,False,DeepLabv3plus,train
case_00077,42022,12356,2732,1196130,1253240,44754,54378,0.035710638026235995,0.8477988944034217,0.7358080896515496,0.772775754900879,0.9389551771908656,0.010224363376985748,43.174066289845804,13.699068790526228,False,False,DeepLabv3plus,train
case_00078,89658,26468,10092,1379222,1505440,99750,116126,0.0662596981613349,0.8306435175749041,0.7103424234261357,0.7720751597402821,0.898827067669173,0.01882918708961435,98.55198132994605,28.41210326104856,False,False,DeepLabv3plus,train
case_00079,76065,3396,15550,1158229,1253240,91615,79461,0.07310251827263732,0.8892538988519723,0.800591510456684,0.9572620530826443,0.8302679692190144,0.0029234907995265252,59.61543424315552,15.922025718407827,False,False,DeepLabv3plus,train
case_00080,129998,19583,42714,1060945,1253240,172712,149581,0.13781239028438289,0.8067069405789142,0.676034218258405,0.8690809661654889,0.7526865533373477,0.018123547006648602,79.92496481075234,34.48717544560637,False,False,DeepLabv3plus,train
case_00081,6293,0,24791,1474356,1505440,31084,6293,0.02064778403656074,0.33673114482168176,0.20245142195341656,1.0,0.20245142195341656,0.0,79.92964625291893,44.23712769522977,False,False,DeepLabv3plus,train
case_00082,23860,10057,2145,1469378,1505440,26005,33917,0.0172740195557445,0.7963686125296219,0.6616382896123343,0.7034820296606421,0.9175158623341665,0.006797865401318747,67.11929677819934,17.983519819468007,False,False,DeepLabv3plus,train
case_00083,4561,2984,27058,1218637,1253240,31619,7545,0.025229804347132234,0.23291798590542334,0.1318093806895356,0.6045062955599735,0.14424871121793859,0.002442656110201118,202.21976331267905,79.09255587822716,False,False,DeepLabv3plus,train
case_00084,68444,19129,7049,1410818,1505440,75493,87573,0.05014680093527474,0.8394637754038242,0.723341294836296,0.7815650942642138,0.9066271044997549,0.013377418883357216,89.11227740968076,26.452697725576904,False,False,DeepLabv3plus,train
case_00085,0,0,23900,1481540,1505440,23900,0,0.015875757253693272,0.0,0.0,nan,0.0,0.0,nan,nan,True,False,DeepLabv3plus,train
case_00086,8112,10,6393,1490925,1505440,14505,8122,0.009635056860452757,0.7170194899898351,0.5588701343437823,0.9987687761635066,0.5592554291623578,6.7072005151129995e-06,57.39010625531944,14.334853132713112,False,False,DeepLabv3plus,train
case_00087,28909,19530,6486,1198315,1253240,35395,48439,0.028242794676199293,0.6896724479328196,0.526335912608102,0.5968124858068912,0.8167537787823139,0.016036523531319666,86.60828117110654,29.34578650844744,False,False,DeepLabv3plus,train
case_00088,5318,0,9671,1490451,1505440,14989,5318,0.009956557551280689,0.5237602797065052,0.35479351524451264,1.0,0.35479351524451264,0.0,45.37397684885162,22.6052680016653,False,False,DeepLabv3plus,train
case_00089,28257,3496,1255,1472432,1505440,29512,31753,0.01960357104899564,0.9224516444952257,0.8560651963160446,0.8899001669133625,0.9574749254540526,0.002368679230965196,22.825424421026653,6.561909502907229,False,False,DeepLabv3plus,train
case_00090,46503,11696,15207,1432034,1505440,61710,58199,0.040991338080561164,0.7756381922958243,0.6335040732365201,0.7990343476692039,0.7535731648031113,0.008101237766064293,77.8329756778952,29.19193331977307,False,False,DeepLabv3plus,train
case_00091,29022,2675,17323,1456420,1505440,46345,31697,0.03078501966202572,0.7437533635734604,0.5920440636474908,0.9156071552512857,0.6262164203258173,0.001833328193160829,62.03627853051036,22.12248477253674,False,False,DeepLabv3plus,train
case_00092,82058,6405,9683,1407294,1505440,91741,88463,0.06093965883728345,0.9107234023662072,0.8360809406394555,0.927596848399896,0.894452861861109,0.004530667419302129,31.594294725289853,12.1689863610201,False,False,DeepLabv3plus,train
case_00093,39843,814,36481,1428302,1505440,76324,40657,0.050698799022212776,0.6811875432762585,0.5165158547019627,0.9799788474309467,0.5220245270164038,0.0005695828750080469,58.52349955359813,25.859425988297684,False,False,DeepLabv3plus,train
case_00094,19899,3327,20054,1462160,1505440,39953,23226,0.026539084918694868,0.6299245002295066,0.4597735674676525,0.856755360371997,0.49806022075939227,0.0022702350822627563,70.98870188505254,29.703177778515197,False,False,DeepLabv3plus,train
case_00095,89658,26468,10092,1379222,1505440,99750,116126,0.0662596981613349,0.8306435175749041,0.7103424234261357,0.7720751597402821,0.898827067669173,0.01882918708961435,98.55198132994605,28.41210326104856,False,False,DeepLabv3plus,train
case_00096,16500,1288,6012,1481640,1505440,22512,17788,0.014953767669252844,0.8188585607940446,0.6932773109243697,0.9275916348099843,0.7329424307036247,0.0008685519458800428,23.530814353357627,11.996875111236713,False,False,DeepLabv3plus,train
case_00097,68444,19129,7049,1410818,1505440,75493,87573,0.05014680093527474,0.8394637754038242,0.723341294836296,0.7815650942642138,0.9066271044997549,0.013377418883357216,89.11227740968076,26.452697725576904,False,False,DeepLabv3plus,train
case_00098,8112,10,6393,1490925,1505440,14505,8122,0.009635056860452757,0.7170194899898351,0.5588701343437823,0.9987687761635066,0.5592554291623578,6.7072005151129995e-06,57.39010625531944,14.334853132713112,False,False,DeepLabv3plus,train
case_00099,7570,4226,2243,1491401,1505440,9813,11796,0.006518360080773727,0.7006339950946365,0.5392121946007551,0.6417429637165141,0.7714256598389891,0.002825570814113412,72.34800209575668,19.348912483349494,False,False,DeepLabv3plus,train
case_00100,25141,1037,38311,1440951,1505440,63452,26178,0.04214847486449144,0.5609952024991632,0.389849431686024,0.9603865841546336,0.3962207653029061,0.0007191460677897459,99.43700595809935,48.07097543548296,False,False,DeepLabv3plus,train
case_00101,52625,6192,2821,1443802,1505440,55446,58817,0.03683042831331704,0.9211205727138269,0.8537752685031961,0.8947243143988983,0.9491216679291563,0.004270362498051716,27.665854959463196,8.778695481928963,False,False,DeepLabv3plus,train
case_00102,46503,11696,15207,1432034,1505440,61710,58199,0.040991338080561164,0.7756381922958243,0.6335040732365201,0.7990343476692039,0.7535731648031113,0.008101237766064293,77.8329756778952,29.19193331977307,False,False,DeepLabv3plus,train
case_00103,9242,4370,8880,1482948,1505440,18122,13612,0.012037676692528431,0.5824667549001071,0.41090165392139427,0.678959741404643,0.5099878600595961,0.002938174620356911,67.7687172564654,26.25858738387568,False,False,DeepLabv3plus,train
case_00104,11833,310,22290,1471007,1505440,34123,12143,0.022666462960994792,0.5115203389097825,0.3436528911218889,0.9744708885777814,0.3467749025583917,0.00021069558769456207,65.0,31.313008934881353,False,False,DeepLabv3plus,train
case_00105,52617,13901,20666,1418256,1505440,73283,66518,0.048678791582527366,0.7527413966995944,0.6035167003119839,0.7910189723082474,0.7179973527284637,0.00970633806209794,107.3007204922683,30.389459322982752,False,False,DeepLabv3plus,train
case_00106,52548,1369,13562,1437961,1505440,66110,53917,0.043914071633542356,0.8756029893274013,0.7787311608055839,0.9746091214273791,0.7948570564211164,0.0009511369873482801,47.51420672390682,13.894173309358674,False,False,DeepLabv3plus,train
case_00107,30346,11709,7289,1456096,1505440,37635,42055,0.024999335742374323,0.7616012046680889,0.6149886511024644,0.7215788847937225,0.8063239006244187,0.007977217682185305,106.0,26.778853761818727,False,False,DeepLabv3plus,train
case_00108,6948,5549,3579,1489364,1505440,10527,12497,0.0069926400255074924,0.603544127866574,0.4321970639462553,0.5559734336240698,0.6600170988885723,0.0037119216971154842,89.0,25.17082149824539,False,False,DeepLabv3plus,train
case_00109,11646,12691,5933,1475170,1505440,17579,24337,0.011676984801785525,0.5556827941597481,0.38473736372646183,0.4785306323704647,0.6624950224699926,0.008529694642174235,111.07902176445465,35.45695315170151,False,False,DeepLabv3plus,train
case_00110,3286,0,45488,1456666,1505440,48774,3286,0.03239850143479647,0.12623895505186322,0.0673719604707426,1.0,0.0673719604707426,0.0,456.01491178109944,117.75686484870762,False,False,DeepLabv3plus,train
case_00111,0,0,11494,1493946,1505440,11494,0,0.007634977149537677,0.0,0.0,nan,0.0,0.0,nan,nan,True,False,DeepLabv3plus,train
case_00112,47562,33112,10703,1414063,1505440,58265,80674,0.03870297056010203,0.6846457798026472,0.5205029712071966,0.5895579740684731,0.8163048142109328,0.022880439476911915,79.6353160025209,23.7618236697219,False,False,DeepLabv3plus,train
case_00113,45684,12440,8568,1438748,1505440,54252,58124,0.03603730470825805,0.8130561685769203,0.6849997001139567,0.785974812469892,0.8420703384207033,0.008572286981424874,55.65968020030299,16.747323210968393,False,False,DeepLabv3plus,train
case_00114,0,0,36639,1468801,1505440,36639,0,0.02433773514719949,0.0,0.0,nan,0.0,0.0,nan,nan,True,False,DeepLabv3plus,train
case_00115,0,0,16664,1488776,1505440,16664,0,0.011069189074290572,0.0,0.0,nan,0.0,0.0,nan,nan,True,False,DeepLabv3plus,train
case_00116,0,0,34448,1470992,1505440,34448,0,0.022882346689339993,0.0,0.0,nan,0.0,0.0,nan,nan,True,False,DeepLabv3plus,train
case_00117,46517,1131,9131,1448661,1505440,55648,47648,0.0369646083537039,0.9006544299876085,0.819264164567886,0.9762634318334452,0.8359150373778034,0.0007801119057078532,41.43669871020132,11.075290791845216,False,False,DeepLabv3plus,train
case_00118,8672,477,24342,1471949,1505440,33014,9149,0.0219298012541184,0.4113559281834784,0.25893523633214893,0.9478631544431085,0.26267644029805537,0.0003239551597160061,94.14112960790588,38.335266235283775,False,False,DeepLabv3plus,train
case_00119,8187,10129,15168,1471956,1505440,23355,18316,0.015513736847699012,0.3929351347459864,0.24450483813164497,0.4469862415374536,0.3505459216441875,0.006834290880752453,448.90644905146996,87.61959743283117,False,False,DeepLabv3plus,train
case_00120,0,480,69616,1435344,1505440,69616,480,0.046242958869167815,0.0,0.0,0.0,0.0,0.0003343028114866446,425.60433394335575,210.69692490641728,False,False,DeepLabv3plus,train
case_00121,0,0,4686,1500754,1505440,4686,0,0.0031127112339249655,0.0,0.0,nan,0.0,0.0,nan,nan,True,False,DeepLabv3plus,train
case_00122,0,0,18375,1487065,1505440,18375,0,0.012205733871824848,0.0,0.0,nan,0.0,0.0,nan,nan,True,False,DeepLabv3plus,train
case_00123,95339,3284,22447,1384370,1505440,117786,98623,0.07824024869805506,0.8811001390884853,0.7874700586437599,0.9667014793709379,0.8094255684037153,0.002366584177323742,49.0,15.513398418148197,False,False,DeepLabv3plus,train
case_00124,39843,11180,11791,1442626,1505440,51634,51023,0.034298278244234245,0.77623542476402,0.6343012704174229,0.7808831311369382,0.7716427160398187,0.0076901594848281,81.74350127074322,23.655750334483937,False,False,DeepLabv3plus,train
case_00125,0,0,16126,1489314,1505440,16126,0,0.010711818471676056,0.0,0.0,nan,0.0,0.0,nan,nan,True,False,DeepLabv3plus,train
case_00126,23863,7267,11334,1210776,1253240,35197,31130,0.02808480418754588,0.7195561385257889,0.5619583647324793,0.7665595888210729,0.6779839190840128,0.0059661276326041035,89.18379876784951,25.799614391089307,False,False,DeepLabv3plus,train
case_00127,0,0,8084,1245156,1253240,8084,0,0.006450480354920047,0.0,0.0,nan,0.0,0.0,nan,nan,True,False,DeepLabv3plus,train
case_00128,27503,1593,4701,1219443,1253240,32204,29096,0.025696594427244583,0.8973246329526917,0.8137704529987869,0.9452502062139125,0.8540243448018879,0.001304629838923668,23.016296649832007,7.950506210009755,False,False,DeepLabv3plus,train
case_00129,0,18713,2738,1231789,1253240,2738,18713,0.0021847371612779675,0.0,0.0,0.0,0.0,0.014964390300855177,390.1237621538707,252.43403363359994,False,False,DeepLabv3plus,train
case_00130,0,0,2653,1250587,1253240,2653,0,0.0021169129616035237,0.0,0.0,nan,0.0,0.0,nan,nan,True,False,DeepLabv3plus,train
case_00131,7066,0,4737,1241437,1253240,11803,7066,0.009417988573617184,0.7489533096613493,0.598661357282047,1.0,0.598661357282047,0.0,25.36712798166295,12.724386182760785,False,False,DeepLabv3plus,train
case_00132,0,0,3331,1249909,1253240,3331,0,0.0026579106954773227,0.0,0.0,nan,0.0,0.0,nan,nan,True,False,DeepLabv3plus,train
case_00133,28264,2951,5297,1216728,1253240,33561,31215,0.026779387826753057,0.8726688897122391,0.7741016652059597,0.9054621175716803,0.8421679926104705,0.0024194890622860604,65.0,16.913574669436727,False,False,DeepLabv3plus,train
case_00134,2705,0,12324,1238211,1253240,15029,2705,0.011992116434202548,0.30506371940904475,0.17998536163417392,1.0,0.17998536163417392,0.0,119.73279218005395,44.99601398398411,False,False,DeepLabv3plus,train
case_00135,33352,2919,8828,1460341,1505440,42180,36271,0.028018386651078753,0.8502632216287874,0.7395285926517218,0.9195224835267845,0.7907064959696538,0.001994860790290174,40.59678425390781,12.407927955960714,False,False,DeepLabv3plus,train
case_00136,1561,0,6723,1244956,1253240,8284,1561,0.006610066707095209,0.3171152869476892,0.18843553838725252,1.0,0.18843553838725252,0.0,38.58756276314948,26.697877610841775,False,False,DeepLabv3plus,train
case_00137,13,1912,75853,1175462,1253240,75866,1925,0.060535890970604196,0.00033422889537350076,0.00016714237959320117,0.006753246753246753,0.000171354757071679,0.0016239529665170115,187.4619903862063,95.52067692851104,False,False,DeepLabv3plus,train
case_00138,29981,9752,1547,1211960,1253240,31528,39733,0.025157192556892534,0.841442022985925,0.7262839147286821,0.7545616993431153,0.9509325044404974,0.007982241313828464,43.02208438466772,14.95190521016736,False,False,DeepLabv3plus,train
case_00139,47186,4708,7908,1193438,1253240,55094,51894,0.04396125243369187,0.8820802332971922,0.7890371559479616,0.9092766023046981,0.856463498747595,0.003929404262919544,26.1725046566048,9.138825683538231,False,False,DeepLabv3plus,train
case_00140,14012,42,6641,1232545,1253240,20653,14054,0.016479684657368102,0.8074451839686518,0.6770717564629137,0.9970115269674115,0.6784486515276231,3.4074673836410734e-05,41.0,12.519302692705327,False,False,DeepLabv3plus,train
case_00141,206861,58004,17993,970382,1253240,224854,264865,0.17941814815996937,0.8448150878360856,0.731324551541763,0.7810054178543786,0.9199791864943474,0.05640294597553837,189.61434542245834,40.27347938567425,False,False,DeepLabv3plus,train
case_00142,0,0,16394,1236846,1253240,16394,0,0.013081293287798028,0.0,0.0,nan,0.0,0.0,nan,nan,True,False,DeepLabv3plus,train
case_00143,26293,8066,9927,1208954,1253240,36220,34359,0.028901088378921833,0.7450658127771717,0.5937090728446913,0.7652434587735383,0.7259249033683048,0.006627664294752757,41.003656905736634,16.92133045417698,False,False,DeepLabv3plus,train
case_00144,18150,3465,3666,1227959,1253240,21816,21615,0.017407679295266668,0.8358085238654417,0.7179304616114869,0.8396946564885496,0.831958195819582,0.0028138155501273325,36.813002704688884,10.556288178866875,False,False,DeepLabv3plus,train
case_00145,29403,36653,1382,1185802,1253240,30785,66056,0.024564329258561807,0.6072428000536962,0.43600047450992024,0.4451223204553712,0.9551080071463375,0.029983107762657932,105.26850658077757,38.18802821985019,False,False,DeepLabv3plus,train
case_00146,29178,806,29287,1446169,1505440,58465,29984,0.03883582208523754,0.6597700369704576,0.49228121678392467,0.9731189967982924,0.4990678183528607,0.000557024136560756,130.094457090872,34.79351280169307,False,False,DeepLabv3plus,train
case_00147,3969,1354,5990,1241927,1253240,9959,5323,0.00794660240656219,0.519434628975265,0.35083532219570407,0.7456321623144843,0.3985339893563611,0.0010890538824288314,38.10107140124045,14.118983804327248,False,False,DeepLabv3plus,train
case_00148,0,0,5383,1247857,1253240,5383,0,0.004295266668794485,0.0,0.0,nan,0.0,0.0,nan,nan,True,False,DeepLabv3plus,train
case_00149,17794,12226,1650,1221570,1253240,19444,30020,0.015514985158469248,0.7194727478570273,0.5618566466687717,0.5927381745502998,0.9151409175066859,0.00990925566301074,49.676941589815556,21.700338184466332,False,False,DeepLabv3plus,train
case_00150,100,0,25130,1228010,1253240,25230,100,0.020131818326896683,0.007895775759968417,0.003963535473642489,1.0,0.003963535473642489,0.0,189.8760543392236,97.4141489759066,False,False,DeepLabv3plus,train
case_00151,0,0,12936,1240304,1253240,12936,0,0.010322045258689476,0.0,0.0,nan,0.0,0.0,nan,nan,True,False,DeepLabv3plus,train
case_00152,6642,12,24774,1221812,1253240,31416,6654,0.025067824199674443,0.34893617021276596,0.211340206185567,0.9981965734896303,0.2114209320091673,9.821381802943795e-06,129.83612155263015,49.940294777954044,False,False,DeepLabv3plus,train
case_00153,168506,64859,16996,1002879,1253240,185502,233365,0.1480179375059845,0.8045799740729157,0.6730521127491902,0.7220705761360958,0.9083783463251071,0.06074430244123558,212.4237510205284,49.494768570232004,False,False,DeepLabv3plus,train
case_00154,0,0,3722,1249518,1253240,3722,0,0.0029699020139797644,0.0,0.0,nan,0.0,0.0,nan,nan,True,False,DeepLabv3plus,train
case_00155,30668,337,8369,1213866,1253240,39037,31005,0.03114886214930899,0.8757031495388481,0.7788896225935896,0.9891307853572004,0.7856136485897994,0.00027754831770305296,45.56475263433939,14.324976440344457,False,False,DeepLabv3plus,train
case_00156,66694,1578,10680,1174288,1253240,77374,68272,0.06173917206600492,0.9158370295099075,0.8447411085216334,0.9768865713616124,0.8619691369193786,0.001341989648480354,32.01249465867306,10.915984292888734,False,False,DeepLabv3plus,train
case_00157,56310,15711,10211,1423208,1505440,66521,72021,0.04418708151769582,0.8128942847656306,0.6847699192528456,0.7818552922064398,0.8464996016295606,0.010918613208943658,57.245087125446844,20.461525939326922,False,False,DeepLabv3plus,train
case_00158,21357,1100,5252,1225531,1253240,26609,22457,0.021232166225144424,0.8705417193168385,0.7707604027572269,0.9510175001113239,0.8026231726107708,0.0008967652048578586,29.422758717781605,9.431241462892272,False,False,DeepLabv3plus,train
case_00159,10622,5966,7706,1228946,1253240,18328,16588,0.014624493313331844,0.6084316645663879,0.43722729892154444,0.6403424162044852,0.5795504146660847,0.004831113472053069,66.09500570855464,22.924206901501577,False,False,DeepLabv3plus,train
case_00160,0,0,4870,1248370,1253240,4870,0,0.003885927675465194,0.0,0.0,nan,0.0,0.0,nan,nan,True,False,DeepLabv3plus,train
case_00161,3919,0,25385,1223936,1253240,29304,3919,0.023382592320704734,0.23592089817295248,0.13373600873600874,1.0,0.13373600873600874,0.0,87.92001490154858,52.27551900148887,False,False,DeepLabv3plus,train
case_00162,110705,14387,25148,1103000,1253240,135853,125092,0.1084014235102614,0.8484929774473549,0.7368543663471778,0.8849886483548108,0.8148881511633899,0.012875574890346854,68.0,26.10647302708564,False,False,DeepLabv3plus,train
case_00163,79990,6411,21252,1145587,1253240,101242,86401,0.08078420733458874,0.852576435038877,0.7430354936694751,0.9257994699135427,0.7900871179945083,0.005565113828322619,77.73343128524151,18.53168351378669,False,False,DeepLabv3plus,train
case_00164,53496,3451,10150,1186143,1253240,63646,56947,0.0507851648527018,0.8872156758684169,0.7972934706469738,0.939399792789787,0.840524149200264,0.002900989749443928,38.0591525557726,13.577962682732267,False,False,DeepLabv3plus,train
case_00165,111161,33568,22100,1086411,1253240,133261,144729,0.1063331843860713,0.7997481923810209,0.6663170072349531,0.7680630695990437,0.8341600318172608,0.029971990546251312,155.27234062804555,45.94031760489654,False,False,DeepLabv3plus,train
case_00166,12856,158,25232,1214994,1253240,38088,13014,0.03039162490823785,0.5031505616218543,0.33613972703027767,0.9878592285231289,0.3375341314849821,0.00013002488577560669,126.44817307757197,29.94701280003894,False,False,DeepLabv3plus,train
case_00167,37909,12447,10480,1444604,1505440,48389,50356,0.03214276224891062,0.767816091954023,0.6231343283582089,0.7528199221542616,0.7834218520738184,0.008542597342165786,73.00890330650223,23.986606547522523,False,False,DeepLabv3plus,train
case_00168,26804,5116,4025,1469495,1505440,30829,31920,0.020478398342012965,0.8543243717031347,0.7456948115175963,0.8397243107769423,0.8694411106425768,0.003469389554262107,44.49930698610654,13.497675982844878,False,False,DeepLabv3plus,train
case_00169,2591,0,40154,1462695,1505440,42745,2591,0.028393692209586565,0.11430209987647785,0.06061527664054275,1.0,0.06061527664054275,0.0,136.4417082240212,62.41844649022056,False,False,DeepLabv3plus,train
case_00170,126519,5945,5797,1367179,1505440,132316,132464,0.08789191199914975,0.955653750283254,0.9150736650248443,0.9551198816282159,0.9561882160887573,0.004329543435261492,20.0,8.697041556236263,False,False,DeepLabv3plus,train
case_00171,9642,543,9896,1485359,1505440,19538,10185,0.01297826549048783,0.6487904989402147,0.4801553707484687,0.9466863033873343,0.4934998464530658,0.0003654345979748328,41.012193308819754,16.864709650049242,False,False,DeepLabv3plus,train
case_00172,28784,5432,8140,1463084,1505440,36924,34216,0.02452704857051759,0.809221253865617,0.6795731419397488,0.8412438625204582,0.779547177987217,0.0036989722958415162,44.19266689668447,14.512799769567573,False,False,DeepLabv3plus,train
case_00173,28711,2660,12529,1461540,1505440,41240,31371,0.027393984482941863,0.7908168183883985,0.6540091116173121,0.9152083134104746,0.6961930164888458,0.0018166917087829532,36.84011679447489,18.121496636127496,False,False,DeepLabv3plus,train
case_00174,42749,21219,15307,1426165,1505440,58056,63968,0.038564140716335425,0.7006654428636989,0.5392494481236203,0.6682872686343172,0.7363407744246934,0.01466024220248393,116.30132607968558,31.764084802951537,False,False,DeepLabv3plus,train
case_00175,54191,7163,13246,1430840,1505440,67437,61354,0.04479554150281645,0.8415339581181915,0.7264209115281501,0.8832512957590377,0.8035796372911014,0.00498121353015258,108.37435120913067,23.55072450726718,False,False,DeepLabv3plus,train
case_00176,0,0,53749,1451691,1505440,53749,0,0.03570318312254225,0.0,0.0,nan,0.0,0.0,nan,nan,True,False,DeepLabv3plus,train
case_00177,55857,11322,22311,1415950,1505440,78168,67179,0.051923690083962165,0.768602035129724,0.6241702983573584,0.8314651900147367,0.7145762972060178,0.007932615507065227,136.9234590739919,28.289684598365515,False,False,DeepLabv3plus,train
case_00178,52654,854,26620,1425312,1505440,79274,53508,0.05265835901796152,0.7930894247714299,0.6571236022364217,0.9840397697540555,0.6642026389484572,0.0005988082733707016,85.12049780142635,25.29987445761219,False,False,DeepLabv3plus,train
case_00179,41561,87529,2750,1373600,1505440,44311,129090,0.0294339196513976,0.4793628641126637,0.31523816747572814,0.3219536757301108,0.9379386608291395,0.05990504602947447,420.0499957289874,186.63669191087052,False,False,DeepLabv3plus,train
case_00180,37246,97,18523,1449574,1505440,55769,37343,0.037044983526410884,0.8000257754102587,0.6667024666165468,0.9974024582920494,0.66786207391203,6.691173376579927e-05,53.74662706861731,20.832454042287385,False,False,DeepLabv3plus,train
case_00181,33762,0,85101,1386577,1505440,118863,33762,0.07895565416090977,0.4424176904176904,0.2840412912344464,1.0,0.2840412912344464,0.0,116.22650174061887,62.64295701122098,False,False,DeepLabv3plus,train
case_00182,62645,14916,6154,1421725,1505440,68799,77561,0.045700260388989264,0.8560399016124625,0.7483127277071014,0.8076868529286626,0.9105510254509513,0.01038255207807657,193.2174940319846,26.820186015695796,False,False,DeepLabv3plus,train
case_00183,54743,10416,10875,1429406,1505440,65618,65159,0.043587256881709,0.8371961430526774,0.7199805350238051,0.8401448763793182,0.8342680362095767,0.00723422756424058,124.52750489731491,24.78868550788855,False,False,DeepLabv3plus,train
case_00184,71659,2704,33304,1397773,1505440,104963,74363,0.06972247316399192,0.7992036849090484,0.6655614069306287,0.9636378306415825,0.6827072396939874,0.0019307707302583335,149.84407131861306,27.709848887962963,False,False,DeepLabv3plus,train
case_00185,30133,3035,37222,1435050,1505440,67355,33168,0.04474107237751089,0.5995244869333386,0.4280863759056684,0.9084961408586589,0.44737584440650285,0.0021104454882708602,131.84176762527545,44.50499405174882,False,False,DeepLabv3plus,train
case_00186,73720,14118,26768,1390834,1505440,100488,87838,0.06674992028908491,0.7828977411509829,0.6432472994433102,0.8392722967280676,0.7336199347185733,0.010048741878726106,55.60124244267553,27.962683527645964,False,False,DeepLabv3plus,train
case_00187,33734,2502,5348,1463856,1505440,39082,36236,0.025960516526729725,0.8957752462890677,0.8112254713351289,0.9309526437796666,0.8631595107722225,0.0017062681828039264,33.03164790679984,10.873737253487949,False,False,DeepLabv3plus,train
case_00188,28798,1058,16603,1458981,1505440,45401,29856,0.03015796046338612,0.7653241558924752,0.6198583697453669,0.9645632368703109,0.6343032091804145,0.0007246381774733415,45.74492439579771,15.962847557338888,False,False,DeepLabv3plus,train
case_00189,32318,1115,5302,1466705,1505440,37620,33433,0.02498937187798916,0.9096871349555965,0.8343358719504325,0.966649717345138,0.8590643274853801,0.0007596299273752912,32.0624390837628,8.35271440322098,False,False,DeepLabv3plus,train
case_00190,59235,13372,2884,1429949,1505440,62119,72607,0.04126301944946328,0.8793402906640144,0.7846630724192288,0.8158304295729062,0.9535729808915147,0.009264744294581732,44.0,15.205011745922649,False,False,DeepLabv3plus,train
case_00191,714,0,45451,1459275,1505440,46165,714,0.030665453289403764,0.030461400627146484,0.015466262319939347,1.0,0.015466262319939347,0.0,157.14536477740302,81.3667465800495,False,False,DeepLabv3plus,train
case_00192,7873,4837,23065,1469665,1505440,30938,12710,0.02055080242321182,0.36074963343108507,0.22006988120195667,0.6194335169158143,0.25447669532613615,0.00328042959589068,95.27319319393936,39.731518950030065,False,False,DeepLabv3plus,train
case_00193,9954,1759,16771,1476956,1505440,26725,11713,0.01775228504623233,0.51792497008169,0.34945934559752845,0.8498249807905746,0.37246024321796073,0.0011895463290762587,83.22649770116637,29.748554496050648,False,False,DeepLabv3plus,train
case_00194,47155,21080,3219,1433986,1505440,50374,68235,0.03346131363588054,0.7951335901997318,0.6599350631175301,0.6910676339122152,0.936097987056815,0.014487315352018396,74.06314801561476,21.107695509190876,False,False,DeepLabv3plus,train
case_00195,7790,0,20287,1477363,1505440,28077,7790,0.01865036135614837,0.43438258008754566,0.27745129465398727,1.0,0.27745129465398727,0.0,76.7020132688614,36.442458961238316,False,False,DeepLabv3plus,train
case_00196,25239,656,41977,1437568,1505440,67216,25895,0.044648740567541714,0.5421271385765377,0.3718617397454031,0.9746669241166248,0.3754909545346346,0.00045611810121371914,94.89862966098116,46.870240097281766,False,False,DeepLabv3plus,train
case_00197,65571,5937,13465,1420467,1505440,79036,71508,0.05250026570305027,0.8711207354660432,0.7716686476880892,0.9169743245510992,0.8296345968925553,0.004162214912465192,227.00220263248548,27.311688100087025,False,False,DeepLabv3plus,train
case_00198,24398,426,28882,1451734,1505440,53280,24824,0.03539164629609948,0.6247567346102633,0.45428816147171636,0.9828391878826942,0.4579204204204204,0.0002933561040105773,103.99469500479239,38.408940300276875,False,False,DeepLabv3plus,train
case_00199,44687,16143,12262,1432348,1505440,56949,60830,0.037828807524710385,0.7588279744266805,0.6113801784052975,0.7346210751274043,0.7846845423097859,0.011144701623965907,81.49110363334903,30.45070510331435,False,False,DeepLabv3plus,train
case_00200,9681,0,53728,1442031,1505440,63409,9681,0.04211991178658731,0.26490627992885485,0.1526754877067924,1.0,0.1526754877067924,0.0,131.59208857876504,69.13259330056965,False,False,DeepLabv3plus,train
case_00201,16008,230,22399,1466803,1505440,38407,16238,0.025512142629397386,0.5858907493823772,0.4143178818231229,0.9858356940509915,0.4167990210117947,0.00015677902269410437,74.02702209328699,34.87076168553023,False,False,DeepLabv3plus,train
case_00202,18734,2330,6424,1477952,1505440,25158,21064,0.01671139334679562,0.8106096663926269,0.6815337601862631,0.8893847322445879,0.7446537880594641,0.0015740244088626356,46.69151037099707,16.8417720154685,False,False,DeepLabv3plus,train
case_00203,43838,4438,15364,1441800,1505440,59202,48276,0.03932537995536189,0.8157576434247009,0.6888434946574481,0.9080702626563925,0.7404817404817405,0.0030686512178493444,54.83609226519667,16.8610003506346,False,False,DeepLabv3plus,train
case_00204,73158,6662,7645,1417975,1505440,80803,79820,0.05367400892762249,0.9109280738125922,0.836425998971017,0.9165372087196192,0.9053871762187048,0.00467627893982818,49.27298986612697,10.990306941653499,False,False,DeepLabv3plus,train
case_00205,100243,15269,4503,1385425,1505440,104746,115512,0.06957832925921989,0.910232545469404,0.8352539265925093,0.8678145993489854,0.9570102915624463,0.010901024777717332,40.311288741492746,13.096698723528675,False,False,DeepLabv3plus,train
case_00206,50946,1678,63031,1389785,1505440,113977,52624,0.0757100914018493,0.611592967629246,0.44049976222385545,0.9681134083307996,0.4469849180097739,0.0012059249868663414,134.97407158413796,61.106404776167345,False,False,DeepLabv3plus,train
case_00207,27280,5222,15645,1457293,1505440,42925,32502,0.028513258582208524,0.7233484030917311,0.5665981265707105,0.8393329641252846,0.6355270821199767,0.003570561669452963,82.22043484019915,23.298355298519425,False,False,DeepLabv3plus,train
case_00208,9701,4338,483,1490918,1505440,10184,14039,0.006764799659900096,0.8009742806423646,0.6680209337556811,0.6910036327373744,0.9525726630007856,0.00290117545089269,39.0,12.098279431249408,False,False,DeepLabv3plus,train
case_00209,24367,2946,10705,1467422,1505440,35072,27313,0.02329684344776278,0.781181373727659,0.640933242148456,0.8921392743382273,0.6947707572992701,0.002003580056149209,44.64582820920762,18.320925753490535,False,False,DeepLabv3plus,train
case_00210,0,0,3142,1250098,1253240,3142,0,0.0025071015926717947,0.0,0.0,nan,0.0,0.0,nan,nan,True,False,DeepLabv3plus,train
case_00211,2728,1134,16041,1233337,1253240,18769,3862,0.014976381219878076,0.24108523706420396,0.13706476410591367,0.7063697566027964,0.14534604933667217,0.0009186121018638753,83.20306350456016,35.80724833787066,False,False,DeepLabv3plus,train
case_00212,2475,445,16883,1233437,1253240,19358,2920,0.015446363027033928,0.22219229733369245,0.12498106347523102,0.8476027397260274,0.12785411716086373,0.0003606503701326383,84.89901817124509,29.886693387283195,False,False,DeepLabv3plus,train
case_00213,49215,9554,9755,1184716,1253240,58970,58769,0.04705403593884651,0.8360016646990377,0.7182155157317144,0.8374312988140006,0.8345769035102595,0.007999866026945331,48.18492449462755,16.88400903433156,False,False,DeepLabv3plus,train
case_00214,12339,4751,1652,1234498,1253240,13991,17090,0.011163863266413457,0.7939898973649496,0.6583609006509444,0.7220011702750146,0.8819240940604675,0.0038337735192846634,32.47267641741061,13.918321718835099,False,False,DeepLabv3plus,train
case_00215,0,0,15137,1238103,1253240,15137,0,0.012078293064377134,0.0,0.0,nan,0.0,0.0,nan,nan,True,False,DeepLabv3plus,train
case_00216,36036,6820,11187,1451397,1505440,47223,42856,0.031368237857370605,0.8000976920258884,0.6668023610828414,0.8408624229979466,0.7631027253668763,0.0046769445151167485,93.00967630070734,22.41107676919864,False,False,DeepLabv3plus,train
case_00217,32505,2819,24230,1193686,1253240,56735,35324,0.04527065845328907,0.7061775600430159,0.5458071666050979,0.9201959008039859,0.5729267647836432,0.002356028599964062,109.08802896159355,29.581994793214577,False,False,DeepLabv3plus,train
case_00218,7060,881,47900,1197399,1253240,54960,7941,0.04385432957773451,0.22447973800098567,0.12643040060170843,0.8890567938546783,0.12845705967976712,0.0007352204826918584,242.20392547669914,78.84229409825286,False,False,DeepLabv3plus,train
case_00219,0,0,33851,1219389,1253240,33851,0,0.02701078803740704,0.0,0.0,nan,0.0,0.0,nan,nan,True,False,DeepLabv3plus,train
case_00220,0,2432,4352,1246456,1253240,4352,2432,0.003472599023331525,0.0,0.0,0.0,0.0,0.0019473323468557628,378.48493980816704,338.2473086300847,False,False,DeepLabv3plus,train
case_00221,74,0,30788,1222378,1253240,30862,74,0.024625770004149245,0.004784070338763899,0.002397770721275355,1.0,0.002397770721275355,0.0,204.15638264452272,108.13024622404403,False,False,DeepLabv3plus,train
case_00222,88698,19567,9999,1134976,1253240,98697,108265,0.07875347100315981,0.8571428571428571,0.75,0.8192675379854986,0.8986899297850999,0.016947831306413013,113.21724578246014,29.924135495881476,False,False,DeepLabv3plus,train
case_00223,18755,15557,3441,1215487,1253240,22196,34312,0.017710893364399478,0.6637998159552629,0.49678171271157257,0.5466017719748193,0.8449720670391061,0.012637241235894086,79.22057539486345,26.223012607126474,False,False,DeepLabv3plus,train
case_00224,43475,47953,4239,1157573,1253240,47714,91428,0.03807251603842839,0.6249011800894051,0.4544409252929432,0.47551078444240275,0.9111581506476086,0.03977765722182682,300.4882691330857,81.15530327315236,False,False,DeepLabv3plus,train
case_00225,53446,1862,23957,1173975,1253240,77403,55308,0.061762312087070316,0.8054494352389779,0.674269854286255,0.9663339842337456,0.6904900326860716,0.0015835528223724887,65.0,23.20461700617191,False,False,DeepLabv3plus,train
case_00226,23235,10077,1745,1218183,1253240,24980,33312,0.01993233538667773,0.7971934399231455,0.6627777619305703,0.6974963976945245,0.9301441152922338,0.008204288994186898,85.76566730235669,22.94332368795615,False,False,DeepLabv3plus,train
case_00227,24959,35526,13170,1431785,1505440,38129,60485,0.025327479009459027,0.5061958748250756,0.33886362093544226,0.412647763908407,0.654593616407459,0.024211636115315703,95.51099191730464,36.80178321702494,False,False,DeepLabv3plus,train
case_00228,68016,9167,6505,1169552,1253240,74521,77183,0.05946267275222623,0.8966935611453883,0.8127330083166046,0.8812303227394633,0.912709169227466,0.007777086820522958,55.0,15.368747362000033,False,False,DeepLabv3plus,train
case_00229,28857,44022,8294,1172067,1253240,37151,72879,0.029643962848297213,0.5245296737253476,0.3554999815209491,0.3959576832832503,0.7767489435008479,0.036199653150386195,201.2733112204777,62.69769693435626,False,False,DeepLabv3plus,train
case_00230,60870,6551,4898,1180921,1253240,65768,67421,0.05247837604928027,0.9140394477021375,0.8416875233341169,0.9028344284421768,0.9255260917163363,0.005516761658380155,29.0,10.493689446382023,False,False,DeepLabv3plus,train
case_00231,10733,358,12544,1229605,1253240,23277,11091,0.018573457597906226,0.6245926443202979,0.45411466046118043,0.9677215760526553,0.46109893886669245,0.0002910656662029671,111.07407568671033,31.59942867148791,False,False,DeepLabv3plus,train
case_00232,841,0,13547,1238852,1253240,14388,841,0.011480642175481153,0.11044717315647777,0.05845148735056992,1.0,0.05845148735056992,0.0,127.57863866563619,55.66180909255382,False,False,DeepLabv3plus,train
case_00233,20208,7472,3764,1221796,1253240,23972,27680,0.019128020171714916,0.7824672810346163,0.6426663274392571,0.7300578034682081,0.8429834807275154,0.006078414145654161,52.98268856115686,15.40396862191688,False,False,DeepLabv3plus,train
case_00234,21236,2381,10592,1219031,1253240,31828,23617,0.025396572085155278,0.766020380557309,0.6207723113800462,0.8991827920565694,0.6672112605253236,0.0019493831729179016,54.77772065757452,18.600990718775414,False,False,DeepLabv3plus,train
case_00235,0,0,34363,1218877,1253240,34363,0,0.027419329098975456,0.0,0.0,nan,0.0,0.0,nan,nan,True,False,DeepLabv3plus,train
case_00236,346,27886,17403,1207605,1253240,17749,28232,0.01416249082378475,0.015049694439007416,0.007581899857565465,0.01225559648625673,0.019494056003155107,0.022570783599394895,290.8184999618622,154.3504108595584,False,False,DeepLabv3plus,train
case_00237,25708,8281,4607,1214644,1253240,30315,33989,0.024189301330950177,0.7995770092062702,0.6660793864649186,0.7563623525258172,0.8480290285337292,0.00677147004109001,43.17753359949098,15.373631999733023,False,False,DeepLabv3plus,train
case_00238,14005,2635,11958,1476842,1505440,25963,16640,0.017246120735466042,0.6574654367063353,0.48971956080844814,0.8416466346153846,0.5394214844201364,0.0017810347845894192,78.90285127923774,25.85989509371629,False,False,DeepLabv3plus,train
case_00239,47472,3929,9197,1192642,1253240,56669,51401,0.045217994957071274,0.8785416859442954,0.7833921911614244,0.9235617984085913,0.8377066826660079,0.003283549409103179,34.61347394244356,12.169991849728586,False,False,DeepLabv3plus,train
case_00240,0,0,1918,1251322,1253240,1918,0,0.0015304331173598034,0.0,0.0,nan,0.0,0.0,nan,nan,True,False,DeepLabv3plus,train
case_00241,0,0,19646,1233594,1253240,19646,0,0.01567616737416616,0.0,0.0,nan,0.0,0.0,nan,nan,True,False,DeepLabv3plus,train
case_00242,22509,0,44438,1438493,1505440,66947,22509,0.04447005526623446,0.5032418172062243,0.3362211898964853,1.0,0.3362211898964853,0.0,116.38728238767118,57.99588247106286,False,False,DeepLabv3plus,train
case_00243,73432,1020,13380,1417608,1505440,86812,74452,0.05766553300031885,0.9107054271257069,0.8360506421349849,0.9862998979208081,0.8458738423259458,0.000719004559334794,52.70758945764959,12.810999928018704,False,False,DeepLabv3plus,train
case_00244,6503,0,37637,1461300,1505440,44140,6503,0.029320331597406737,0.25681732914716743,0.14732668781150884,1.0,0.14732668781150884,0.0,143.09334938570012,48.3872323916517,False,False,DeepLabv3plus,train
case_00245,0,0,4726,1500714,1505440,4726,0,0.0031392815389520673,0.0,0.0,nan,0.0,0.0,nan,nan,True,False,DeepLabv3plus,train
case_00246,93375,5688,8215,1398162,1505440,101590,99063,0.06748193219258157,0.9307112278410988,0.8704021327765246,0.9425819932770055,0.919135741706861,0.00405171492680842,41.082223446800306,20.46630422339659,False,False,DeepLabv3plus,train
case_00247,765,1740,21734,1481201,1505440,22499,2505,0.014945132320119035,0.06119020956646937,0.031560707949997935,0.30538922155688625,0.03400151117827459,0.001173344050774778,161.20382423538678,64.82151377325,False,False,DeepLabv3plus,train
case_00248,82448,4771,12905,1405316,1505440,95353,87219,0.06333895738123074,0.9031834016168964,0.8234589109504215,0.94529861612722,0.8646607867607732,0.003383479175398397,43.829214001622255,10.27969485914641,False,False,DeepLabv3plus,train
case_00249,35106,7665,1899,646530,691200,37005,42771,0.05353732638888889,0.8801143200962696,0.7858965748824714,0.8207897874728204,0.9486826104580462,0.011716689977758925,52.22259699558848,11.374705023510657,False,False,DeepLabv3plus,train
case_00250,25141,6640,2283,657136,691200,27424,31781,0.03967592592592593,0.8492863778397095,0.73805190230155,0.7910701362449262,0.9167517502917153,0.010003374632406112,25.0,12.000083257259845,False,False,DeepLabv3plus,train
case_00251,1546,29,3672,685953,691200,5218,1575,0.007549189814814815,0.4551744442808774,0.29464455879550216,0.9815873015873016,0.29628210042161746,4.227516173893776e-05,33.2955795809365,14.46727303739305,False,False,DeepLabv3plus,train
case_00252,11443,528,5736,673493,691200,17179,11971,0.024853877314814816,0.7851114922813036,0.6462415993674818,0.9558934090719238,0.6661039641422667,0.0007833583820088691,45.67593653941587,12.860199893632885,False,False,DeepLabv3plus,train
case_00253,21019,5664,1094,663423,691200,22113,26683,0.0319921875,0.8615050413968358,0.7567051877452569,0.7877300153655886,0.9505268394157284,0.008465266848705773,27.040696399872253,9.585468963559446,False,False,DeepLabv3plus,train
case_00254,36714,28547,1490,1229607,1296358,38204,65261,0.029470254358749667,0.7096892669018509,0.5500142319965244,0.5625718269716983,0.9609988482881374,0.02268959125830383,299.156703009499,101.46889601037586,False,False,DeepLabv3plus,train
case_00255,36563,136,25796,1442945,1505440,62359,36699,0.04142244127962589,0.738213975650629,0.5850548043843508,0.9962941769530504,0.5863307621995221,9.424280411148092e-05,67.43550976278377,25.816999693579543,False,False,DeepLabv3plus,train
case_00256,95157,5730,6090,1398463,1505440,101247,100887,0.06725409182697417,0.9415239395648431,0.8895089598698785,0.9432037824496714,0.9398500696316928,0.004080635639117984,25.308065095677826,9.193600435053943,False,False,DeepLabv3plus,train
case_00257,0,0,18991,1486449,1505440,18991,0,0.012614916569242214,0.0,0.0,nan,0.0,0.0,nan,nan,True,False,DeepLabv3plus,train
case_00258,35692,10160,524,798932,845308,36216,45852,0.042843555248501135,0.8698152751376907,0.7696222183888218,0.7784175172293466,0.9855312569030262,0.012557286439613789,31.748953051649877,12.410625395387063,False,False,DeepLabv3plus,train
case_00259,52551,3381,14547,945693,1016172,67098,55932,0.06603016024846188,0.8542794440380395,0.7456263567871281,0.9395515983694486,0.7831977108110525,0.003562419790237642,47.46574792329284,15.235066352113755,False,False,DeepLabv3plus,train
case_00260,49110,1863,3473,961726,1016172,52583,50973,0.05174616108296627,0.9484723241531152,0.9019946368879257,0.9634512388911777,0.9339520377308256,0.001933396915074788,14.953124061561459,5.6298984388175155,False,False,DeepLabv3plus,train
case_00261,40555,653,7056,1457176,1505440,47611,41208,0.03162596981613349,0.9132055078305318,0.8402743245483176,0.984153562415065,0.8517989540232299,0.0004479263342957233,33.09438532200117,9.003245457726907,False,False,DeepLabv3plus,train
case_00262,24135,20112,1637,970288,1016172,25772,44247,0.02536184819105427,0.6893843099730074,0.5260003487054311,0.5454607092006237,0.9364814527394071,0.020306946688206786,92.50402413987082,28.591613471479913,False,False,DeepLabv3plus,train
case_00263,61376,28551,33888,1381625,1505440,95264,89927,0.06327983845254544,0.6628399868244137,0.4957073052538061,0.6825091463075605,0.6442727578098757,0.020246408958881728,146.2714935306965,63.63083252441635,False,False,DeepLabv3plus,train
case_00264,28956,9978,1616,1464890,1505440,30572,38934,0.020307684132213837,0.83319425661094,0.7140813810110974,0.7437201417783942,0.9471411749313097,0.006765351204311165,52.00480724789169,14.269593586872265,False,False,DeepLabv3plus,train
case_00265,369,1583,8435,1495053,1505440,8804,1952,0.005848124136465086,0.06861286723689104,0.03552517570039473,0.18903688524590165,0.0419127669241254,0.001057705414008483,75.97433484032408,41.90416837169233,False,False,DeepLabv3plus,train
case_00266,40658,23496,1156,1440130,1505440,41814,64154,0.027775268360080773,0.7673637324475313,0.6225386617669576,0.6337562739657698,0.972353757114842,0.01605328137106064,63.0,25.006769765578913,False,False,DeepLabv3plus,train
case_00267,53370,10655,2494,949653,1016172,55864,64025,0.054974945186444815,0.8903235492830869,0.8023271546475443,0.8335806325654042,0.9553558642417299,0.011095398559628785,51.83118270617898,11.611952818031051,False,False,DeepLabv3plus,train
case_00268,15786,6574,508,1230372,1253240,16294,22360,0.013001500111710447,0.8167848088166814,0.6903096029386042,0.7059928443649374,0.9688228795875783,0.005314702501160115,44.401005273780044,14.503738101462739,False,False,DeepLabv3plus,train
case_00269,34977,2839,3912,1211512,1253240,38889,37816,0.03103076824869937,0.9119874845186102,0.8382141487730062,0.9249259572667654,0.899406001697138,0.0023378743048756085,26.570660511172846,8.574363778765294,False,False,DeepLabv3plus,train
case_00270,41009,59874,3193,1149164,1253240,44202,100883,0.03527017969423255,0.5653099906951098,0.39402936315769244,0.40650059970460833,0.9277634496176643,0.04952201667772229,332.93474683153676,126.90284719737855,False,False,DeepLabv3plus,train
case_00271,14695,8838,6094,1223613,1253240,20789,23533,0.016588203376847212,0.6631018455845855,0.49600027002396463,0.6244422725534357,0.7068642070325653,0.0071710761726024,52.630789467763066,22.100933896618177,False,False,DeepLabv3plus,train
case_00272,32287,3976,4131,975778,1016172,36418,36263,0.035838421054703334,0.8884577812633287,0.7993018765163143,0.8903565617847393,0.8865670822120929,0.004058161538508646,22.67156809750927,9.167034515031194,False,False,DeepLabv3plus,train
case_00273,80489,22634,19060,1131057,1253240,99549,103123,0.079433308863426,0.7942784400410515,0.6587577649918565,0.780514531190908,0.8085364996132558,0.01961877140412814,93.76923603156533,33.17436107755139,False,False,DeepLabv3plus,train
case_00274,18165,1580,2179,1483516,1505440,20344,19745,0.01351365713678393,0.9062336301728654,0.828544061302682,0.9199797417067612,0.8928922532441997,0.001063904286322231,33.502861806250266,9.248870278175689,False,False,DeepLabv3plus,train
case_00275,0,0,60204,1236154,1296358,60204,0,0.04644087512862959,0.0,0.0,nan,0.0,0.0,nan,nan,True,False,DeepLabv3plus,train
case_00276,51077,30983,5761,1417619,1505440,56838,82060,0.03775507492826018,0.7354605537876715,0.581603488914952,0.622434803802096,0.8986417537562899,0.02138820738891704,84.80473657245606,28.44914637550001,False,False,DeepLabv3plus,train
case_00277,96387,8475,11314,1137064,1253240,107701,104862,0.0859380485780856,0.9069028946712269,0.8296636138272965,0.919179493048006,0.8949499076145997,0.007398264048626891,40.807474460634026,14.009127685806472,False,False,DeepLabv3plus,train
case_00278,40405,7678,5548,1451809,1505440,45953,48083,0.030524630672760122,0.8593517376323961,0.7533888982118551,0.8403177838321236,0.8792679476856788,0.00526075257950225,57.60858906329094,14.51116566695297,False,False,DeepLabv3plus,train
case_00279,43574,41,147695,1061930,1253240,191269,43615,0.15261960997095528,0.37102569779125016,0.2277664523548168,0.9990599564370056,0.22781527586801834,3.860745726578221e-05,158.32040265552382,69.78680610231356,False,False,DeepLabv3plus,train
case_00280,55175,10429,14986,1172650,1253240,70161,65604,0.0559836902748077,0.8128015320590727,0.684638292592133,0.8410310346930066,0.7864055529425179,0.008815134069660606,66.40143065304609,21.417504199919577,False,False,DeepLabv3plus,train
case_00281,43725,2889,11025,1447801,1505440,54750,46614,0.03636810500584547,0.8627323310050906,0.7586009472752824,0.9380229115716309,0.7986301369863014,0.0019914661299105943,49.657827262507006,14.996212585482892,False,False,DeepLabv3plus,train
case_00282,25394,5863,3082,1471101,1505440,28476,31257,0.01891540014879371,0.8502502804145112,0.7395090130755118,0.8124260165722879,0.8917685068127545,0.003969629591513402,48.0,13.026167889798135,False,False,DeepLabv3plus,train
case_00283,16581,329,18262,1470268,1505440,34843,16910,0.023144728451482622,0.6407744478580952,0.4714261344251109,0.9805440567711413,0.4758775076772953,0.00022371866663674684,95.5960217276195,28.162545832401833,False,False,DeepLabv3plus,train
case_00284,0,0,39294,1257064,1296358,39294,0,0.0303110714787119,0.0,0.0,nan,0.0,0.0,nan,nan,True,False,DeepLabv3plus,train
case_00285,80000,16795,16579,1392066,1505440,96579,96795,0.0641533372303114,0.8274121650273563,0.7056291565967506,0.826488971537786,0.8283374232493607,0.011920977300102708,78.97871673293581,22.591610293592566,False,False,DeepLabv3plus,train
case_00286,67427,30561,8158,1190212,1296358,75585,97988,0.05830565322233519,0.7769295915839445,0.6352288357545268,0.6881148712087194,0.8920685321161607,0.025034138205874475,107.15525888127323,37.8925487814715,False,False,DeepLabv3plus,train
case_00287,32568,11195,8891,1452786,1505440,41459,43763,0.027539456902965245,0.7643096852925301,0.6185285068560793,0.7441902977401,0.7855471670807304,0.007646957166793832,93.27913569403023,25.465971371088383,False,False,DeepLabv3plus,train
case_00288,0,1198,34851,1260309,1296358,34851,1198,0.02688377747504933,0.0,0.0,0.0,0.0,0.0009496578298812452,266.63776411414096,147.63358966220375,False,False,DeepLabv3plus,train
case_00289,131279,66546,945,1054470,1253240,132224,197825,0.10550572915004308,0.7955121815245615,0.6604568093776727,0.6636117780866928,0.9928530372700871,0.0593622214134321,171.02192828735258,50.32233734153956,False,False,DeepLabv3plus,train
case_00290,17690,2809,82537,1193322,1296358,100227,20499,0.07731429126830705,0.29306031840697117,0.1716875655110835,0.86296892531343,0.1764993464834825,0.002348404982397413,121.41580802292563,57.56105115399165,False,False,DeepLabv3plus,train
case_00291,103738,18193,8504,1375005,1505440,112242,121931,0.07455760442129876,0.8859945424963596,0.7953233411277648,0.8507926614232639,0.9242351347980257,0.01305844538967182,51.795747546362556,18.964049957010815,False,False,DeepLabv3plus,train
case_00292,30642,71360,11715,1391723,1505440,42357,102002,0.02813596025082368,0.4245249690008936,0.26945839232480634,0.3004058743946197,0.7234223386925419,0.04877371960442436,140.6250331607209,79.06796216688329,False,False,DeepLabv3plus,train
case_00293,73086,23786,3086,1196400,1296358,76172,96872,0.05875846024014971,0.8447100159497006,0.7311670901778747,0.7544594929391362,0.9594864254581736,0.019493749313629235,52.673987841981116,21.62979345025204,False,False,DeepLabv3plus,train
case_00294,0,0,30514,1474926,1505440,30514,0,0.02026915718992454,0.0,0.0,nan,0.0,0.0,nan,nan,True,False,DeepLabv3plus,train
case_00295,4534,1774,2280,1244652,1253240,6814,6308,0.005437107018607769,0.6910531931108063,0.5279459711224965,0.7187698161065313,0.6653947754622835,0.0014232694119025117,45.12205669071391,12.597245406772416,False,False,DeepLabv3plus,train
case_00296,33971,6602,1427,1211240,1253240,35398,40573,0.02824518847148192,0.8943149359624067,0.8088333333333333,0.8372809503857245,0.9596869879654217,0.005421064473059724,28.0,10.898929937373435,False,False,DeepLabv3plus,train
case_00297,39727,2072,29647,1433994,1505440,69374,41799,0.04608220852375385,0.7146879188292121,0.5560423256725359,0.9504294361109118,0.5726496958514717,0.0014428306219909112,176.729813555283,34.19676275290326,False,False,DeepLabv3plus,train
case_00298,81810,8938,3912,1158580,1253240,85722,90748,0.06840030640579618,0.927183090610302,0.8642510035918023,0.9015074712390355,0.9543641072303493,0.007655556488208319,42.435777420875965,12.111623012576906,False,False,DeepLabv3plus,train
case_00299,73980,17990,10747,1150523,1253240,84727,91970,0.06760636430372474,0.8373656598584017,0.720231315166915,0.8043927367619876,0.8731573170299904,0.015395635307437743,55.0,23.468170458525325,False,False,DeepLabv3plus,train
case_00300,3318,113,27101,1474908,1505440,30419,3431,0.020206052715485173,0.1960413589364845,0.10867286781082143,0.9670649956280968,0.10907656398961176,7.660907878599694e-05,98.9696915568237,36.318372118205396,False,False,DeepLabv3plus,train
case_00301,55534,85,89686,1360135,1505440,145220,55619,0.09646349240089276,0.5530200807612068,0.38218918825917897,0.9984717452669052,0.38241289078639307,6.248989134110659e-05,149.81989172153212,68.35775886973308,False,False,DeepLabv3plus,train
case_00302,78038,13902,1541,1411959,1505440,79579,91940,0.052860957593793174,0.9099633276779832,0.8348006546784908,0.84879269088536,0.9806355948177283,0.00974989848239064,34.53910812458724,11.019268472380471,False,False,DeepLabv3plus,train
case_00303,96719,14366,7520,1134635,1253240,104239,111085,0.08317560882193355,0.8983578235589159,0.8154715231229712,0.8706756087680605,0.9278580953385969,0.012503035245400135,51.85506769419963,16.016817559992173,False,False,DeepLabv3plus,train
case_00304,0,12,11698,1493730,1505440,11698,12,0.007770485705175896,0.0,0.0,0.0,0.0,8.03351582803456e-06,446.5278588671934,376.3864582886264,False,False,DeepLabv3plus,train
case_00305,0,0,9285,1496155,1505440,9285,0,0.006167632054415985,0.0,0.0,nan,0.0,0.0,nan,nan,True,False,DeepLabv3plus,train
case_00306,26436,75833,6024,1144947,1253240,32460,102269,0.02590086495802879,0.39243221578130916,0.24411550146362185,0.2584947540310358,0.8144177449168207,0.06211848162650109,221.53103620034824,76.62247171636426,False,False,DeepLabv3plus,train
case_00307,66647,36911,7711,1141971,1253240,74358,103558,0.059332609875203474,0.7491962499156906,0.5989718609855396,0.6435717182641612,0.896298985986713,0.0313101735373006,154.00119246603052,42.830133345189935,False,False,DeepLabv3plus,train
case_00308,37930,1779,13805,1451926,1505440,51735,39709,0.034365368264427675,0.8295787585844888,0.7087864857794222,0.9551990732579516,0.7331593698656615,0.0012237696093774183,48.02809758769325,16.832084254944093,False,False,DeepLabv3plus,train
case_00309,42880,3190,1891,1457479,1505440,44771,46070,0.029739478159209267,0.9440671062625907,0.8940597568858031,0.9307575428695464,0.9577628375510934,0.0021839307878787047,19.0,5.654066478861287,False,False,DeepLabv3plus,train
case_00310,159252,17265,16294,1060429,1253240,175546,176517,0.14007372889470493,0.9046789921122071,0.8259487269917173,0.9021907238396302,0.9071810237772435,0.016020317455604283,47.827809033445035,17.61333664610598,False,False,DeepLabv3plus,train
case_00311,23909,2808,4793,1473930,1505440,28702,26717,0.019065522372196834,0.8628448726970894,0.7587749920660108,0.8948983793090541,0.8330081527419692,0.001901488280250119,26.981247432032205,10.478521519843174,False,False,DeepLabv3plus,train
case_00312,26458,7227,9768,1209787,1253240,36226,33685,0.02890587596948709,0.7569052080502353,0.6088877637907625,0.7854534659343921,0.7303594103682438,0.0059383047360178276,75.20893341414292,20.8777089155326,False,False,DeepLabv3plus,train
case_00313,34066,2851,10111,1458412,1505440,44177,36917,0.02934490912955681,0.8401608010457,0.7243769669133282,0.922772706341252,0.7711252461688208,0.0019510519324721148,45.18849004882457,15.96541083091993,False,False,DeepLabv3plus,train
case_00314,55948,11019,4503,1433970,1505440,60451,66967,0.040155037729833136,0.8781804768557033,0.7828179655799636,0.835456269505876,0.925509917122959,0.007625663586366401,58.92066573303673,14.371475241404289,False,False,DeepLabv3plus,train
case_00315,5646,75,4352,1495367,1505440,9998,5721,0.0066412477415240725,0.7183663082893313,0.5605082894867468,0.9868904037755637,0.5647129425885177,5.015239641524045e-05,32.48458918410827,11.16384434083738,False,False,DeepLabv3plus,train
case_00316,0,0,10786,1494654,1505440,10786,0,0.007164682750557976,0.0,0.0,nan,0.0,0.0,nan,nan,True,False,DeepLabv3plus,train
case_00317,0,0,43135,1462305,1505440,43135,0,0.028652752683600808,0.0,0.0,nan,0.0,0.0,nan,nan,True,False,DeepLabv3plus,train
case_00318,12132,1103,8770,1483435,1505440,20902,13235,0.013884312891911998,0.7107830213551278,0.5513292433537832,0.9166603702304496,0.580422926035786,0.0007429920958574317,63.56885592613346,18.655292369309016,False,False,DeepLabv3plus,train
case_00319,39115,1026,4796,1460503,1505440,43911,40141,0.02916821660112658,0.9307333555418075,0.8704408393973786,0.9744400986522508,0.8907790758579854,0.0007020045445557358,22.60086153692449,6.760625904269262,False,False,DeepLabv3plus,train
case_00320,0,6,11186,1494248,1505440,11186,6,0.007430385800828994,0.0,0.0,0.0,0.0,4.015381588404649e-06,429.5881748838066,366.1609444815265,False,False,DeepLabv3plus,train
case_00321,10371,55,5577,1489437,1505440,15948,10426,0.010593580614305452,0.7864563585349208,0.6480659876273199,0.9947247266449262,0.6503009781790821,3.6925340988739784e-05,22.733071900377446,11.54428589074567,False,False,DeepLabv3plus,train
case_00322,37948,1523,11778,1454191,1505440,49726,39471,0.03303087469444149,0.850880634998935,0.740463228550801,0.9614147095335817,0.7631420182600651,0.001046221991407653,49.193416591974625,16.672092001323914,False,False,DeepLabv3plus,train
case_00323,131682,3780,29758,1340220,1505440,161440,135462,0.10723775108938251,0.8870401681362874,0.7970100472097809,0.9720954954156885,0.8156714568880079,0.0028125,87.47513928992433,25.41833095477418,False,False,DeepLabv3plus,train
case_00324,34294,2689,9779,1458678,1505440,44073,36983,0.029275826336486344,0.8461804184761152,0.733373251785638,0.9272909174485574,0.7781181222063395,0.0018400579731169514,45.281845084918324,15.678190641047973,False,False,DeepLabv3plus,train
case_00325,65155,21410,8316,1410559,1505440,73471,86565,0.048803672016154744,0.8142542927841235,0.6867022902372445,0.7526714029919713,0.8868124838371603,0.014951440987898482,82.94814630405966,25.851029964467447,False,False,DeepLabv3plus,train
case_00326,5282,24,4455,1495679,1505440,9737,5306,0.006467876501222234,0.702253539852423,0.541133080626985,0.9954768186958161,0.5424668789154771,1.6045966344922755e-05,29.174694690138473,13.356728111906477,False,False,DeepLabv3plus,train
case_00327,100441,2102,68553,1334344,1505440,168994,102543,0.11225555319375066,0.7397960498937529,0.5870447000514332,0.9795012823888515,0.5943465448477461,0.0015728282324912492,170.7689940121368,46.953072483191114,False,False,DeepLabv3plus,train
case_00328,153738,3753,18441,1329508,1505440,172179,157491,0.11437121373153364,0.9326781326781327,0.8738489871086557,0.9761700668609635,0.8928963462443155,0.0028149027084719345,42.467623727921335,13.755838705137966,False,False,DeepLabv3plus,train
case_00329,18629,439,10786,1475586,1505440,29415,19068,0.01953913805930492,0.7684755481302724,0.6240034836202853,0.9769771344661212,0.6333163352031277,0.0002974204366457208,42.80186911806539,15.26148188898296,False,False,DeepLabv3plus,train
case_00330,16148,0,34508,1454784,1505440,50656,16148,0.03364863428632161,0.4834441051434046,0.3187776373973468,1.0,0.3187776373973468,0.0,82.35272966077574,40.743526142565145,False,False,DeepLabv3plus,train
case_00331,10250,107,5368,1489715,1505440,15618,10357,0.010374375597831864,0.7892204042348412,0.6518282988871225,0.9896688230182485,0.6562940197208349,7.182066045473889e-05,23.194827009486403,11.1694875491875,False,False,DeepLabv3plus,train
case_00332,66946,15783,22321,1400390,1505440,89267,82729,0.059296285471357214,0.7784599641852136,0.6372774869109947,0.8092204668254179,0.7499523900209484,0.01114482482013144,98.52293544534646,32.612086973257696,False,False,DeepLabv3plus,train
case_00333,17920,887,21194,1465439,1505440,39114,18807,0.025981772770751407,0.6187738471366171,0.447988800279993,0.9528367097357366,0.45814797770619214,0.0006049132321189149,130.24073295659895,34.952565828496255,False,False,DeepLabv3plus,train
case_00334,75503,3949,56964,1369024,1505440,132467,79452,0.08799221490062706,0.7125647063264738,0.5534761318320431,0.9502970346876102,0.5699759185306529,0.0028762401008614155,160.01546739068084,40.544573564279624,False,False,DeepLabv3plus,train
case_00335,16786,198,12665,1475791,1505440,29451,16984,0.019563051333829313,0.7229891245827501,0.5661573746163445,0.9883419689119171,0.569963668466266,0.0001341473412064724,49.14768665578381,16.649241403527174,False,False,DeepLabv3plus,train
case_00336,68178,5718,2733,1428811,1505440,70911,73896,0.04710317249442023,0.9416395616234022,0.8897153819050229,0.9226209808379344,0.9614587299572703,0.00398597727895358,25.459673614839957,7.358766849367116,False,False,DeepLabv3plus,train
case_00337,29752,799,17495,1457394,1505440,47247,30551,0.031384180040386865,0.7648525669040335,0.6192398951005287,0.9738470099178423,0.6297119393823947,0.0005479384416191821,50.10782283932501,19.99701280386895,False,False,DeepLabv3plus,train
case_00338,20263,3157,5895,1476125,1505440,26158,23420,0.017375650972473164,0.8174190164992537,0.6912161009721985,0.865200683176772,0.7746387338481535,0.002134143456082072,41.4758412041937,13.800627814533,False,False,DeepLabv3plus,train
case_00339,29763,10857,59256,1405564,1505440,89019,40620,0.05913154958018918,0.4591673801865179,0.29799951940406105,0.7327178729689808,0.3343443534526337,0.007665093923346237,165.55799287412884,53.86810153723221,False,False,DeepLabv3plus,train
case_00340,76503,13213,5950,1409774,1505440,82453,89716,0.054770034009990434,0.8886965713920625,0.7996884995714256,0.8527241517678006,0.927837677222175,0.00928539754755314,36.19735134850647,13.27645466217629,False,False,DeepLabv3plus,train
case_00341,5948,55,14931,1484506,1505440,20879,6003,0.013869034966521416,0.44252659772338365,0.2841310786280692,0.9908379143761452,0.28487954403946547,3.7047989270902304e-05,72.48861400136985,26.578798962317954,False,False,DeepLabv3plus,train
case_00342,15112,1095,5375,1483858,1505440,20487,16207,0.013608645977255819,0.8236768954052434,0.7002131405801131,0.9324366014685013,0.7376385024649778,0.0007373970758670477,25.059928172283335,9.984436376350166,False,False,DeepLabv3plus,train
case_00343,32068,0,23484,1449888,1505440,55552,32068,0.036900839621638856,0.7319790002282583,0.5772609447004609,1.0,0.5772609447004609,0.0,56.03570006144657,27.376172538148115,False,False,DeepLabv3plus,train
case_00344,6385,84,13794,1485177,1505440,20179,6469,0.013404054628547137,0.4792104473131192,0.3151063514780635,0.9870149945895811,0.3164180583775212,5.655571647003456e-05,97.0,31.69688507159144,False,False,DeepLabv3plus,train
case_00345,335,0,9011,1496094,1505440,9346,335,0.006208151769582315,0.06920772647453775,0.0358442114273486,1.0,0.0358442114273486,0.0,55.0,32.203832932386085,False,False,DeepLabv3plus,train
case_00346,0,0,33214,1220026,1253240,33214,0,0.02650250550572915,0.0,0.0,nan,0.0,0.0,nan,nan,True,False,DeepLabv3plus,train
case_00347,42389,6379,4985,1451687,1505440,47374,48768,0.03146854075884791,0.8817998377400096,0.7885885438952245,0.8691970144356955,0.8947735044539199,0.0043749734236996135,48.82622246293481,15.461680233265072,False,False,DeepLabv3plus,train
case_00348,56917,4749,6687,1437087,1505440,63604,61666,0.04224944202359443,0.9087091881535883,0.8326920544818808,0.9229883566308825,0.8948651028237218,0.003293717177265653,35.365144340711964,12.616108689918098,False,False,DeepLabv3plus,train
case_00349,84172,3475,15669,1402124,1505440,99841,87647,0.06632014560527155,0.8978921317630995,0.8147044020287274,0.960352322384109,0.8430604661411645,0.002472255600637166,61.83364576739989,14.22724746165857,False,False,DeepLabv3plus,train
case_00350,210,24,7598,1497608,1505440,7808,234,0.005186523541290254,0.05222581447401144,0.026813074565883555,0.8974358974358975,0.026895491803278687,1.6025298604730667e-05,66.0699071383495,36.771110691384216,False,False,DeepLabv3plus,train
case_00351,5775,181,12716,1486768,1505440,18491,5956,0.012282787756403443,0.47245060743649525,0.3092866323907455,0.9696104768300873,0.3123140987507436,0.00012172576194610576,62.73239617594893,28.23738971230034,False,False,DeepLabv3plus,train
case_00352,31611,0,24839,1196790,1253240,56450,31611,0.045043247901439466,0.7179341592759564,0.5599822852081489,1.0,0.5599822852081489,0.0,68.88722521250683,25.884133031699474,False,False,DeepLabv3plus,train
case_00353,52781,146,51629,1400884,1505440,104410,52927,0.06935513869699224,0.6709292791905274,0.5048108190825968,0.997241483552818,0.5055167129585288,0.00010420904620172302,75.1498337026781,40.46309412597242,False,False,DeepLabv3plus,train
case_00354,35916,2215,52455,1414854,1505440,88371,38131,0.05870111063875013,0.5678329196376342,0.3964851080740953,0.9419107812540977,0.4064229215466612,0.0015630854954839883,106.04244433244644,27.576335394945954,False,False,DeepLabv3plus,train
case_00355,17004,196,14724,1473516,1505440,31728,17200,0.02107556594749708,0.6950621321124918,0.5326400200476131,0.9886046511627907,0.5359304084720121,0.00013299749204729282,54.589376255824725,22.25649446427872,False,False,DeepLabv3plus,train
case_00356,42045,6181,2097,1455117,1505440,44142,48226,0.029321660112658094,0.9103802182574051,0.8355026528625082,0.8718326214075395,0.9524942231887998,0.0042298011767620295,25.963434472919623,9.824977308119564,False,False,DeepLabv3plus,train
case_00357,814,264,10232,1494130,1505440,11046,1078,0.007337389733234137,0.1342791158033652,0.07197170645446507,0.7551020408163265,0.07369183414810791,0.00017666023819688784,78.44328894574801,32.15261354830623,False,False,DeepLabv3plus,train
case_00358,65357,7244,29254,1403585,1505440,94611,72601,0.062846078222978,0.7817261919001028,0.6416670757449315,0.9002217600308535,0.6907970531967742,0.005134569816753129,70.94574860631741,22.586654130851514,False,False,DeepLabv3plus,train
case_00359,14605,344,17831,1472660,1505440,32436,14949,0.021545860346476778,0.6164398016249868,0.44554606467358143,0.9769884273195532,0.4502713034899494,0.00023353636514225352,71.78957093151094,28.023928442069455,False,False,DeepLabv3plus,train
case_00360,3923,18,10751,1490748,1505440,14674,3941,0.009747316399192263,0.421488047273704,0.26701606316362647,0.9954326313118498,0.2673436009268093,1.2074329572850468e-05,43.73785545725808,22.29114460735814,False,False,DeepLabv3plus,train
case_00361,0,6,16045,1489389,1505440,16045,6,0.010658013603996173,0.0,0.0,0.0,0.0,4.028481363238093e-06,342.9970830301767,268.57071819041613,False,False,DeepLabv3plus,train
case_00362,18454,5670,7875,1473441,1505440,26329,24124,0.017489239026464022,0.7315323172061127,0.576705522047564,0.7649643508539214,0.7009001481256409,0.0038333837014260593,54.15249069860295,20.269796930036883,False,False,DeepLabv3plus,train
case_00363,75974,495,26430,1402541,1505440,102404,76469,0.0680226378998831,0.8494742079576012,0.7383356495204035,0.9935267886333023,0.7419046131010507,0.00035280634281657775,72.51550173133035,23.118293450041016,False,False,DeepLabv3plus,train
case_00364,45221,11317,11137,1437765,1505440,56358,56538,0.03743623126793496,0.801108985260771,0.6682083487255264,0.7998337401393752,0.8023883033464637,0.007809771979777542,59.81303806651161,24.415035741875787,False,False,DeepLabv3plus,train
case_00365,4900,445,26257,1473838,1505440,31157,5345,0.0206962748432352,0.26847843953755957,0.15505347762799823,0.9167446211412535,0.15726802965625702,0.0003018416409875173,61.46373417332373,29.11198212457226,False,False,DeepLabv3plus,train
case_00366,16920,75,12834,1475611,1505440,29754,16995,0.019764321394409607,0.7238657511390618,0.5672332294076234,0.9955869373345102,0.5686630369026013,5.082382024360196e-05,43.41658669218482,18.57169090199961,False,False,DeepLabv3plus,train
case_00367,70310,22206,5419,1407505,1505440,75729,92516,0.050303565734934635,0.8358049273381081,0.7179251544391688,0.7599766526871028,0.9284422084010089,0.015531810274943677,56.96444904736385,23.806291921175948,False,False,DeepLabv3plus,train
case_00368,13754,819,10870,1479997,1505440,24624,14573,0.016356679774683813,0.7017884021736357,0.5405809063396612,0.943800178412132,0.5585607537361923,0.0005530734405895129,37.1274802813786,20.27799024330221,False,False,DeepLabv3plus,train
case_00369,38511,52866,53,1204928,1296358,38564,91377,0.029747955425893157,0.592745938541338,0.4212074811331073,0.42145178764897073,0.9986256612384607,0.04203072999235169,102.08620827213734,40.12328443689157,False,False,DeepLabv3plus,train
case_00370,79028,4485,26704,1395223,1505440,105732,83513,0.07023328727813795,0.8351924753626252,0.7170218750283531,0.9462957862847701,0.7474369159762418,0.0032042397414317842,57.723478758647246,21.533336262171492,False,False,DeepLabv3plus,train
case_00371,270,0,6844,1498326,1505440,7114,270,0.004725528749070039,0.07313109425785481,0.03795333145909474,1.0,0.03795333145909474,0.0,65.04454238272604,33.59219700966887,False,False,DeepLabv3plus,train
case_00372,0,0,48204,1457236,1505440,48204,0,0.032019874588160274,0.0,0.0,nan,0.0,0.0,nan,nan,True,False,DeepLabv3plus,train
case_00373,23896,3020,3502,1475022,1505440,27398,26916,0.01819933042831332,0.8799204624958574,0.785587481096719,0.8877990786149502,0.8721804511278195,0.0020432436967285097,44.97607943182986,11.93901961358382,False,False,DeepLabv3plus,train
case_00374,38866,5172,20893,1440509,1505440,59759,44038,0.03969537145286428,0.7488848425291675,0.5985738707243073,0.8825559743857577,0.6503790224066668,0.0035775527242870313,46.09772228646444,16.67591875296998,False,False,DeepLabv3plus,train
case_00375,17177,5482,6380,1476401,1505440,23557,22659,0.015647916888085873,0.7433356413363338,0.5915148593271118,0.7580652279447461,0.7291675510463981,0.0036993473843751497,44.357595833797035,17.717763894657743,False,False,DeepLabv3plus,train
case_00376,12464,6249,2448,1232079,1253240,14912,18713,0.011898758418180078,0.7413531598513011,0.589008080903549,0.6660610270934645,0.8358369098712446,0.005046320522510999,44.403262465019026,15.233924158207715,False,False,DeepLabv3plus,train
case_00377,130128,18378,5231,1099503,1253240,135359,148506,0.10800724522038875,0.9168301833618093,0.8464325438898899,0.876247424346491,0.961354619936613,0.01644003252582341,48.85897650640445,15.026268608719512,False,False,DeepLabv3plus,train
case_00378,18,0,9251,1243971,1253240,9269,18,0.007396029491557882,0.0038763863465058686,0.0019419570611716474,1.0,0.0019419570611716474,0.0,77.99550583138318,51.628486475931794,False,False,DeepLabv3plus,train
case_00379,33327,11425,5856,1202632,1253240,39183,44752,0.03126536018639686,0.7941144933579556,0.65853224786595,0.7447041473006794,0.8505474312839751,0.00941059604285466,70.83749005740734,22.546232668499943,False,False,DeepLabv3plus,train
case_00380,32282,3525,99768,1369865,1505440,132050,35807,0.08771521947071953,0.3846369230952537,0.23811174626590448,0.9015555617616667,0.24446800454373344,0.0025666416676981777,215.0036904782609,88.11058175870875,False,False,DeepLabv3plus,train
case_00381,0,0,72132,1433308,1505440,72132,0,0.047914231055372514,0.0,0.0,nan,0.0,0.0,nan,nan,True,False,DeepLabv3plus,train
case_00382,0,0,49339,1456101,1505440,49339,0,0.03277380699330428,0.0,0.0,nan,0.0,0.0,nan,nan,True,False,DeepLabv3plus,train
case_00383,0,0,18402,1487038,1505440,18402,0,0.012223668827718142,0.0,0.0,nan,0.0,0.0,nan,nan,True,False,DeepLabv3plus,train
case_00384,137080,639,82456,1285265,1505440,219536,137719,0.14582846211074504,0.767407034191264,0.6225956625411604,0.9953601173403815,0.6244078419940238,0.0004969266757082955,152.40438111336815,46.01990668246041,False,False,DeepLabv3plus,train
case_00385,0,0,76711,1428729,1505440,76711,0,0.050955866723349987,0.0,0.0,nan,0.0,0.0,nan,nan,True,False,DeepLabv3plus,train
case_00386,0,0,46023,1459417,1505440,46023,0,0.03057112870655755,0.0,0.0,nan,0.0,0.0,nan,nan,True,False,DeepLabv3plus,train
case_00387,5658,2198,18886,1478698,1505440,24544,7856,0.01630353916462961,0.34925925925925927,0.21157729414404308,0.720213849287169,0.23052477183833117,0.0014842365702925795,508.1326099368383,152.05422086232167,False,False,DeepLabv3plus,train
case_00388,65506,1657,41929,1396348,1505440,107435,67163,0.07136451801466681,0.7503636925967079,0.6004656620100466,0.975328677992347,0.6097268115604785,0.0011852604246765928,100.27761419927063,34.986364530167215,False,False,DeepLabv3plus,train
case_00389,13429,0,50883,1441128,1505440,64312,13429,0.04271973642257413,0.3454805057820198,0.20881017539494962,1.0,0.20881017539494962,0.0,89.54328283537349,42.22359687536048,False,False,DeepLabv3plus,train
case_00390,2703,0,21778,1480959,1505440,24481,2703,0.016261690934211925,0.19886698057680988,0.11041215636616152,1.0,0.11041215636616152,0.0,78.02723799465798,45.848152459247686,False,False,DeepLabv3plus,train
case_00391,84976,19163,19459,1381842,1505440,104435,104139,0.06937174513763418,0.8148283103359,0.6875192155212867,0.8159863259681771,0.8136735768659932,0.01367803826538806,137.07643179544252,38.27215143536045,False,False,DeepLabv3plus,train
case_00392,67646,774,63740,1373280,1505440,131386,68420,0.08727415240726964,0.6771168032992002,0.5118492736077482,0.9886875182695118,0.5148645974456943,0.0005632966389967207,132.83448347473634,45.22432846401177,False,False,DeepLabv3plus,train
case_00393,130128,18378,5231,1099503,1253240,135359,148506,0.10800724522038875,0.9168301833618093,0.8464325438898899,0.876247424346491,0.961354619936613,0.01644003252582341,48.85897650640445,15.026268608719512,False,False,DeepLabv3plus,train
case_00394,80128,15812,3280,1154020,1253240,83408,95940,0.06655389231112956,0.8935477395900707,0.8075791171134852,0.8351886595789035,0.9606752349894494,0.013516470741097866,34.72441926930832,14.364556479553137,False,False,DeepLabv3plus,train
case_00395,78252,11268,50758,1112962,1253240,129010,89520,0.10294117647058823,0.7161671166430238,0.5578351559047036,0.8741286863270777,0.6065576311913805,0.010022860090906666,125.0,42.565292036268175,False,False,DeepLabv3plus,train
case_00396,127705,21016,2025,1102494,1253240,129730,148721,0.10351568733841882,0.9172529457606545,0.8471534899765167,0.8586884165652463,0.9843906575194635,0.018705663500992425,38.90565463299053,14.592570854038133,False,False,DeepLabv3plus,train
case_00397,52808,6499,2778,1191155,1253240,55586,59307,0.04435383486004277,0.9192553071118345,0.8505758234678263,0.8904176572748579,0.9500233871838233,0.00542644202749709,40.79276887961547,8.587592625785769,False,False,DeepLabv3plus,train
case_00398,133032,6708,7342,1106158,1253240,140374,139740,0.11200887300118094,0.9498418501038862,0.9044750547313744,0.9519965650493775,0.9476968669411714,0.006027679882393748,32.28002478313795,9.337121797779979,False,False,DeepLabv3plus,train
case_00399,19653,804,101238,1131545,1253240,120891,20457,0.09646276850403754,0.2780796332456066,0.16149389868112904,0.9606980495673852,0.16256793309675657,0.0007100284452938096,157.2672698738572,80.90600696971879,False,False,DeepLabv3plus,train
case_00400,73035,29819,74,1150312,1253240,73109,102854,0.05833599310586959,0.8301176951972858,0.7095736825742266,0.7100841970171311,0.9989878127179964,0.025267533858529263,144.68521141571478,39.0935777988787,False,False,DeepLabv3plus,train
case_00401,49904,582,20004,1182750,1253240,69908,50486,0.05578181353930612,0.8290114125288636,0.7079585756844943,0.9884720516578853,0.7138524918464267,0.0004918315400918761,72.15536214449637,21.268397458324124,False,False,DeepLabv3plus,train
case_00402,106411,5920,16411,1124498,1253240,122822,112331,0.09800357473428872,0.905036295518237,0.8265445619922015,0.9472986085764393,0.8663838725961147,0.005237000826243036,101.04999999999973,22.01396321135824,False,False,DeepLabv3plus,train
case_00403,50509,1316,137389,1064026,1253240,187898,51825,0.14992978200504292,0.42139469304155214,0.2669411354339531,0.9746068499758803,0.2688107377406891,0.0012352840684024472,131.43305728692505,51.93826632390368,False,False,DeepLabv3plus,train
case_00404,28180,3771,4746,1216543,1253240,32926,31951,0.026272701158596916,0.8687208101484347,0.767910183393738,0.8819755250226909,0.8558585919941687,0.003090188263020829,38.971776303565484,13.509262736684155,False,False,DeepLabv3plus,train
case_00405,35285,943,39882,1177130,1253240,75167,36228,0.059978136669752005,0.6335113784281161,0.4636053081066877,0.9739704096279121,0.46942142163449385,0.0008004597338195511,99.87015406251768,37.2008641230374,False,False,DeepLabv3plus,train
case_00406,37844,857,21367,1193172,1253240,59211,38701,0.04724633749321758,0.7730206716234986,0.6300193114470267,0.9778558693573809,0.639137998007127,0.0007177380113883331,121.89792234520831,25.839541925351924,False,False,DeepLabv3plus,train
case_00407,47469,0,43591,1162180,1253240,91060,47469,0.07265966614535124,0.6853294256076345,0.5212936525367889,1.0,0.5212936525367889,0.0,82.76351849794787,42.37800650323474,False,False,DeepLabv3plus,train
case_00408,24258,15682,8595,1204705,1253240,32853,39940,0.026214452140052982,0.6664926572610004,0.49980426496342845,0.6073610415623435,0.7383800566158342,0.012850022165100087,86.68205264221037,32.73899443605789,False,False,DeepLabv3plus,train
case_00409,446,2550,35248,1214996,1253240,35694,2996,0.02848137627270116,0.02305505298526751,0.01166196004602029,0.14886515353805074,0.012495097215218244,0.002094376721700864,108.50898547430263,55.3731166593625,False,False,DeepLabv3plus,train
case_00410,0,0,4660,1248580,1253240,4660,0,0.0037183620056812743,0.0,0.0,nan,0.0,0.0,nan,nan,True,False,DeepLabv3plus,train
case_00411,66458,51722,15489,1119571,1253240,81947,118180,0.06538811400849,0.6641582595052142,0.4971833409391856,0.5623455745473007,0.8109875895395805,0.04415803731431845,209.43733942407704,59.77914567399951,False,False,DeepLabv3plus,train
case_00412,86871,26096,2336,1137937,1253240,89207,112967,0.07118109859244838,0.8593686626371343,0.753414915483552,0.7689944851151221,0.9738137141704126,0.02241860840714997,85.44003745317531,23.336912507327177,False,False,DeepLabv3plus,train
case_00413,81562,14212,29400,1128066,1253240,110962,95774,0.08854010405030162,0.7890449655599412,0.6515889881285251,0.8516089961785036,0.7350444296245562,0.012441804884625284,87.05309566498563,38.89989905430887,False,False,DeepLabv3plus,train
case_00414,74917,41616,2617,1134090,1253240,77534,116533,0.061866841147745044,0.7720735622233559,0.628762064624423,0.6428822736907143,0.9662470658033895,0.03539660425310409,139.46325680981354,36.60825760376032,False,False,DeepLabv3plus,train
case_00415,73049,9221,29082,1141888,1253240,102131,82270,0.08149356867000734,0.792284206701699,0.6560187513470795,0.887917831530327,0.7152480637612478,0.008010535926658553,138.52339993990023,27.899467974372477,False,False,DeepLabv3plus,train
case_00416,43175,1506,22068,1186491,1253240,65243,44681,0.05205946187482047,0.7855427386194098,0.6468261696804446,0.9662943980662921,0.6617568168232607,0.0012676799688888104,86.00436031773356,25.855918679725317,False,False,DeepLabv3plus,train
case_00417,55506,7528,4500,1185706,1253240,60006,63034,0.04788069324311385,0.9022431729518856,0.821897118488465,0.8805723895040771,0.925007499250075,0.006308905042933742,40.711784793586304,11.261741365158299,False,False,DeepLabv3plus,train
case_00418,28866,3937,3587,1216850,1253240,32453,32803,0.025895279435702658,0.8847002574475911,0.793239901071723,0.8799804895893668,0.8894709271870089,0.0032249688111030015,42.71122252887655,11.663987014626661,False,False,DeepLabv3plus,train
case_00419,40690,12864,7617,1192069,1253240,48307,53554,0.03854568957262775,0.7989318777549799,0.6651844828431773,0.7597938529334877,0.8423209886765893,0.010676112281761725,48.79549159502341,18.290608982626512,False,False,DeepLabv3plus,train
case_00420,34782,23474,588,1194396,1253240,35370,58256,0.028222846382177397,0.742998739666332,0.5910883012711576,0.5970543806646526,0.9833757421543681,0.019274635223792358,77.18743141288498,31.175540308226825,False,False,DeepLabv3plus,train
case_00421,12371,29,14360,1226480,1253240,26731,12400,0.021329513899971276,0.6322864225294523,0.4622944693572496,0.9976612903225807,0.4627960046388089,2.3644343416966365e-05,56.637356031481005,18.877900010892326,False,False,DeepLabv3plus,train
case_00422,45918,13512,961,1192849,1253240,46879,59430,0.03740624301809709,0.8638591276373591,0.7603450845324634,0.7726400807672893,0.9795004159645043,0.011200627341235335,58.750694093542904,17.405554400439424,False,False,DeepLabv3plus,train
case_00423,164081,9438,31328,1048393,1253240,195409,173519,0.15592304746098112,0.8895014745424582,0.8009929361914014,0.945608261919444,0.8396798509792281,0.008922030078528612,109.14210919713803,30.63719609777361,False,False,DeepLabv3plus,train
case_00424,58770,14026,574,1179870,1253240,59344,72796,0.04735246241741406,0.8895111245648555,0.801008586615783,0.8073245782735315,0.9903275815583715,0.01174809196110884,54.17736561573969,15.040313741011607,False,False,DeepLabv3plus,train
case_00425,31419,33756,61,1188004,1253240,31480,65175,0.025118891832370496,0.6501267394340696,0.48162057759519283,0.4820713463751438,0.9980622617534943,0.02762899423782085,243.6699610318572,62.605270595804605,False,False,DeepLabv3plus,train
case_00426,72296,5329,36305,1139310,1253240,108601,77625,0.08665618716287384,0.7764329363246808,0.6345650838234004,0.9313494363929147,0.665702894080165,0.004655616312217214,121.05638319104172,46.12397385348139,False,False,DeepLabv3plus,train
case_00427,31836,13,205727,1015664,1253240,237563,31849,0.18955906290894003,0.23633691149614716,0.13400343469037276,0.9995918239191184,0.13401076767004963,1.2799344673552714e-05,209.13140883130248,102.86603490591531,False,False,DeepLabv3plus,train
case_00428,102931,19501,17286,1113522,1253240,120217,122432,0.09592496249720724,0.8483941825435094,0.7367053636610887,0.8407197464715107,0.8562100202134474,0.017211477613428852,65.20427749558536,24.03303061125185,False,False,DeepLabv3plus,train
case_00429,53766,20863,1218,1177393,1253240,54984,74629,0.04387347993999553,0.8296390022605757,0.7088744446055876,0.7204437953074542,0.9778481012658228,0.0174111375198622,61.664008340165864,22.519599543407388,False,False,DeepLabv3plus,train
case_00430,76154,5158,28392,1143536,1253240,104546,81312,0.08342057387252243,0.8194858440314648,0.694177058265879,0.9365653286107831,0.7284257647351405,0.004490316829373184,98.03060746521976,27.28785026772261,False,False,DeepLabv3plus,train
case_00431,15588,6318,1329,1230005,1253240,16917,21906,0.013498611598736075,0.8030291322154393,0.6708844415752098,0.7115858668857847,0.9214399716261749,0.00511031502285406,104.90229435756731,21.90023483198299,False,False,DeepLabv3plus,train
case_00432,86964,55460,4190,1106626,1253240,91154,142424,0.07273467173087357,0.7446249218676416,0.5931493581786187,0.6105993371903612,0.9540338328542906,0.04772452296990068,257.9554225055174,82.1261876438998,False,False,DeepLabv3plus,train
case_00433,12629,11575,6357,1222679,1253240,18986,24204,0.015149532411988126,0.5848112989117852,0.41323909557933314,0.5217732606180796,0.6651743389866217,0.009378134484474023,78.49329544238127,27.049505294014505,False,False,DeepLabv3plus,train
case_00434,85156,26436,21365,1120283,1253240,106521,111592,0.08499648910025215,0.780842957549527,0.640477748444986,0.7631012975840562,0.7994292205292853,0.02305359900725461,116.0,34.178576297869306,False,False,DeepLabv3plus,train
case_00435,77107,11730,11421,1405182,1505440,88528,88837,0.05880539908598151,0.8694725565923378,0.7690857587424444,0.867960421896282,0.8709899692752575,0.00827856634709848,70.66116330771806,21.565467115961056,False,False,DeepLabv3plus,train
case_00436,19471,8434,838,1476697,1505440,20309,27905,0.013490408119885217,0.8076907122412578,0.6774171102529312,0.6977602580182763,0.9587375055394161,0.005678960307205223,44.79042558716891,15.883787676841347,False,False,DeepLabv3plus,train
case_00437,42206,16769,11186,1435279,1505440,53392,58975,0.03546604315017536,0.751216994313277,0.6015592708199712,0.7156591776176346,0.7904929577464789,0.011548516302491377,100.64230356713587,30.570104098613186,False,False,DeepLabv3plus,train
case_00438,55136,0,122131,1075973,1253240,177267,55136,0.14144696945517218,0.47448612969712095,0.31103363852268046,1.0,0.31103363852268046,0.0,251.11003020964762,73.46048276895222,False,False,DeepLabv3plus,train
case_00439,13473,1120,15924,1222723,1253240,29397,14593,0.023456799974466185,0.6125483064332803,0.4414916276173936,0.9232508737065717,0.4583120726604756,0.0009151500641830692,56.68153881638785,26.198431929508164,False,False,DeepLabv3plus,train
case_00440,64760,4595,6081,1177804,1253240,70841,69355,0.05652628387220325,0.9238494678878142,0.8584760591759902,0.9337466657054286,0.9141598791660197,0.0038861670214538407,21.587033144922902,9.028915066585856,False,False,DeepLabv3plus,train
case_00441,12565,14596,1021,1225058,1253240,13586,27161,0.010840700903258753,0.6167325201855351,0.44585196224540485,0.4626118331431096,0.9248491093773001,0.011774253138375709,214.12846596043184,63.54920664066775,False,False,DeepLabv3plus,train
case_00442,85498,15456,1161,1151125,1253240,86659,100954,0.06914796846573681,0.9114293785611871,0.8372717034715762,0.846900568575787,0.9866026610046273,0.013248972853149502,39.03011189423424,15.294118081685404,False,False,DeepLabv3plus,train
case_00443,32547,953,12101,1207639,1253240,44648,33500,0.03562605725958316,0.8329579771715208,0.7137343479309665,0.9715522388059702,0.7289688227916145,0.0007885208573281967,51.35172830587107,16.216965396319637,False,False,DeepLabv3plus,train
case_00444,48964,5518,37997,1160761,1253240,86961,54482,0.0693889438575213,0.6923495683773676,0.5294607424388239,0.8987188429205977,0.563057002564368,0.004731286424603375,87.93629776014015,35.810366104362394,False,False,DeepLabv3plus,train
case_00445,97505,22387,16261,1117087,1253240,113766,119892,0.09077750470779739,0.8345958623287026,0.7161428686844946,0.8132736129182931,0.8570662588119473,0.01964678439350086,80.109871129676,31.874053592295464,False,False,DeepLabv3plus,train
case_00446,118992,15373,13604,1105271,1253240,132596,134365,0.10580255976508889,0.8914560553788755,0.8041684406869006,0.8855877646708592,0.897402636580289,0.013718005004265404,51.61879479940849,19.301845876036076,False,False,DeepLabv3plus,train
case_00447,614,100,61945,1190581,1253240,62559,714,0.04991781302862979,0.019407962322001485,0.009799071162961427,0.8599439775910365,0.00981473489026359,8.398555112578432e-05,292.11470199422126,153.40222029143033,False,False,DeepLabv3plus,train
case_00448,2474,43,19833,1230890,1253240,22307,2517,0.017799463789856692,0.19932323557847245,0.11069351230425056,0.9829161700437028,0.11090689021383422,3.493285174741436e-05,150.8184176887223,46.680860587597415,False,False,DeepLabv3plus,train
case_00449,40587,18652,1540,1192461,1253240,42127,59239,0.03361447129041524,0.8008010575538149,0.6677799897991082,0.6851398571886764,0.9634438721010279,0.01540070992549828,50.11985634456667,21.653621658830303,False,False,DeepLabv3plus,train
case_00450,115356,4557,6630,1126697,1253240,121986,119913,0.09733650378219655,0.9537534260166433,0.911595268011664,0.9619974481499087,0.9456495007623825,0.004028273049200268,17.69180601295413,8.171334051616293,False,False,DeepLabv3plus,train
case_00451,62376,23018,3252,1164594,1253240,65628,85394,0.05236666560275765,0.8260518335077008,0.7036527310876971,0.7304494460969154,0.9504479795209362,0.01938175094222692,61.03892108147513,19.558089520750862,False,False,DeepLabv3plus,train
case_00452,115850,18594,5636,1113160,1253240,121486,134444,0.09693753790175864,0.9053256749892549,0.8270274129069103,0.8616970634613668,0.9536078231236521,0.01642936539212585,68.0,16.65228685872779,False,False,DeepLabv3plus,train
case_00453,119170,16657,8464,1108949,1253240,127634,135827,0.10184322236762312,0.904650024102239,0.8259004373107124,0.8773660612396652,0.9336853816381215,0.014798250897738641,54.121622195932964,18.38374290170198,False,False,DeepLabv3plus,train
case_00454,35448,17741,7161,1192890,1253240,42609,53189,0.033999074399157385,0.7400572036994509,0.5873736536868268,0.6664535900280133,0.8319369147363234,0.01465434141369253,85.15424045684986,25.707552762565747,False,False,DeepLabv3plus,train
case_00455,28024,5627,40130,1179459,1253240,68154,33651,0.05438224123072995,0.5505427041893817,0.37982678467356096,0.8327835725535645,0.4111864307304047,0.004748178613197692,112.13205954693434,45.17919480755708,False,False,DeepLabv3plus,train
case_00456,74001,9191,44669,1125379,1253240,118670,83192,0.09469056206313237,0.733184056434594,0.5787613111112849,0.8895206269833638,0.623586416111907,0.008100866407537658,91.4166286842826,41.363200565664805,False,False,DeepLabv3plus,train
case_00457,36500,5703,11497,1199540,1253240,47997,42203,0.03829833072675625,0.8093126385809313,0.6797020484171322,0.8648674264862688,0.7604641956788966,0.004731825864161833,44.61163715817646,14.249684040398705,False,False,DeepLabv3plus,train
case_00458,76340,5400,1951,1169549,1253240,78291,81740,0.06247087549072803,0.9540651498772112,0.9121649878720531,0.9339368730119892,0.9750801496979219,0.004595944164385008,15.0,5.821775542964289,False,False,DeepLabv3plus,train
case_00459,25669,5591,43791,1178189,1253240,69460,31260,0.055424340110433755,0.5097100873709293,0.3420207592170657,0.8211452335252719,0.369550820616182,0.0047230059639460035,107.23284820057611,40.76576901798036,False,False,DeepLabv3plus,train
case_00460,50855,1993,130093,1070299,1253240,180948,52848,0.14438415626695605,0.43503738301767353,0.27798579870012735,0.9622880714501968,0.2810475937838495,0.00185863552092154,167.15262454605593,66.30956941011405,False,False,DeepLabv3plus,train
case_00461,64890,11755,517,1176078,1253240,65407,76645,0.0521903226836041,0.9136091008926309,0.8409579845001426,0.8466305695087742,0.992095647254881,0.00989617227337513,35.579459883409605,12.247173489021137,False,False,DeepLabv3plus,train
case_00462,109000,24221,1769,1118250,1253240,110769,133221,0.08838610322045258,0.8934792409524981,0.8074672197940588,0.8181893245058962,0.9840298278399191,0.021200538131821288,57.27652088427623,17.339896018397248,False,False,DeepLabv3plus,train
case_00463,154538,14083,28006,1056613,1253240,182544,168621,0.14565765535731384,0.8801446613415346,0.7859449617804269,0.9164813398093951,0.8465794548163731,0.013153126564402968,70.18368641130252,21.942860389198707,False,False,DeepLabv3plus,train
case_00464,27062,3553,2046,1220579,1253240,29108,30615,0.023226197695573075,0.9062505232489996,0.8285723033587459,0.8839457782132941,0.9297100453483579,0.0029024647668715467,24.54165679618857,7.5724307125190755,False,False,DeepLabv3plus,train
case_00465,40527,1259,12980,1198474,1253240,53507,41786,0.04269493472918196,0.850576642565561,0.7400029215206515,0.9698702914851864,0.757414917674323,0.0010494001582018666,42.98603895694871,15.86970777185728,False,False,DeepLabv3plus,train
case_00466,154500,84747,2309,1011684,1253240,156809,239247,0.12512288149117487,0.7801927000222191,0.6396032390004802,0.6457761225846093,0.9852750798742419,0.07729350957789409,204.88578077053364,52.6394427325451,False,False,DeepLabv3plus,train
case_00467,88064,11465,9478,1144233,1253240,97542,99529,0.07783185981934825,0.8937286561696038,0.807874723641601,0.8848074430567975,0.9028316007463452,0.009920411733861267,33.24154027718932,12.241879919957846,False,False,DeepLabv3plus,train
case_00468,60323,5675,13745,1173497,1253240,74068,65998,0.05910120966454949,0.8613510773492496,0.7564676523331202,0.9140125458347222,0.814427283037209,0.0048126990803716505,69.04834259568531,19.3256431140329,False,False,DeepLabv3plus,train
case_00469,149655,22998,1138,1079449,1253240,150793,172653,0.120322524017746,0.9253785794228403,0.8611205413398852,0.8667964066653925,0.9924532305876268,0.020860866780897405,52.24169022715228,13.955847780831524,False,False,DeepLabv3plus,train
case_00470,79683,174,60862,1112521,1253240,140545,79857,0.1121453193322907,0.7230696636146677,0.5662561558851328,0.9978211052255908,0.5669572023195418,0.0001563770844660936,146.61546808700757,51.660952104560465,False,False,DeepLabv3plus,train
case_00471,56739,25081,5252,1166168,1253240,61991,81820,0.04946458778845233,0.7890773306631621,0.651633131201764,0.6934612564165241,0.9152780242293236,0.021054372343649395,52.911658589970365,23.80579391105366,False,False,DeepLabv3plus,train
case_00472,51799,2442,9032,1189967,1253240,60831,54241,0.048538986945836395,0.9002885150166852,0.8186588276199959,0.9549787061447982,0.8515230721178346,0.0020479550221442475,30.4138126514911,9.516073666550719,False,False,DeepLabv3plus,train
case_00473,14361,10004,22360,1206515,1253240,36721,24365,0.029300852191120615,0.4701895688046361,0.30735152487961476,0.5894110404268418,0.39108412080281035,0.008223463834103701,59.55494788339342,29.54328736098795,False,False,DeepLabv3plus,train
case_00474,18438,1389,16003,1217410,1253240,34441,19827,0.027481567776323768,0.6795164737967127,0.5145967066703879,0.9299440157361174,0.5353503092244708,0.0011396464880591467,54.12116030093505,18.53862147210851,False,False,DeepLabv3plus,train
case_00475,0,6,3917,1249317,1253240,3917,6,0.0031254987073505475,0.0,0.0,0.0,0.0,4.802601088749667e-06,86.37236874426797,62.30118190326138,False,False,DeepLabv3plus,train
case_00476,10979,3727,31316,1207218,1253240,42295,14706,0.03374852382624238,0.38522131190680864,0.23855981921689626,0.7465660274717802,0.2595815108168814,0.0030777615828960028,114.25801508579995,35.15574029976588,False,False,DeepLabv3plus,train
case_00477,20793,4124,6757,1221566,1253240,27550,24917,0.021983020012128564,0.792612499285265,0.6564690282250426,0.8344905084881807,0.7547368421052632,0.003364635429839519,45.28574304162542,14.931922250517278,False,False,DeepLabv3plus,train
case_00478,94655,5548,30320,1122717,1253240,124975,100203,0.09972152181545434,0.8407126806348755,0.7251978578488083,0.9446323962356417,0.7573914782956591,0.0049172845031973875,76.41197561326442,19.62288300368463,False,False,DeepLabv3plus,train
case_00479,9022,308,52401,1191509,1253240,61423,9330,0.04901136254827487,0.2550280553474764,0.14615023246019018,0.9669882100750268,0.14688308939648015,0.00025842893665722173,174.08330390997907,52.75832150682732,False,False,DeepLabv3plus,train
case_00480,85593,9552,17775,1140320,1253240,103368,95145,0.08248061025821071,0.8623415091203095,0.7579968119022317,0.8996058647327763,0.8280415602507546,0.008307011563026146,90.58559537490848,20.14213400075662,False,False,DeepLabv3plus,train
case_00481,5333,4,140751,1107152,1253240,146084,5337,0.11656506335578182,0.07043937102515503,0.03650539400909041,0.9992505152707514,0.03650639358177487,3.612860337657927e-06,336.17168229544103,138.10274125217003,False,False,DeepLabv3plus,train
case_00482,33107,1893,9365,1208875,1253240,42472,35000,0.0338897577479174,0.8546829822387443,0.7462414065141441,0.9459142857142857,0.7795017894142023,0.0015634704584197797,35.301516628859936,12.749163330871532,False,False,DeepLabv3plus,train
case_00483,57068,41682,25523,1128967,1253240,82591,98750,0.06590198206249402,0.6293998599323926,0.4592147932374691,0.5779037974683544,0.6909711711929871,0.035605890407799434,225.14639676744494,55.90449470002079,False,False,DeepLabv3plus,train
case_00484,91827,12223,26351,1122839,1253240,118178,104050,0.09429797963678146,0.8264215130406609,0.7041893850507281,0.8825276309466603,0.7770227961211055,0.010768574756268821,54.67948887195263,18.667879940279747,False,False,DeepLabv3plus,train
case_00485,3888,0,80112,1421440,1505440,84000,3888,0.055797640556913594,0.08847624249044238,0.046285714285714284,1.0,0.046285714285714284,0.0,222.6858774148015,104.18363800122755,False,False,DeepLabv3plus,train
case_00486,75522,39157,13381,1377380,1505440,88903,114679,0.05905449569561059,0.7419319979173011,0.589739184757145,0.6585512604748908,0.849487643836541,0.027642765420176105,159.6909511672723,40.81132367822772,False,False,DeepLabv3plus,train
case_00487,62750,4759,53376,1384555,1505440,116126,67509,0.07713758103943033,0.6834209164919541,0.519088389791951,0.9295056955368913,0.5403613316569933,0.0034254315439130392,110.08813474038688,36.805300746253714,False,False,DeepLabv3plus,train
case_00488,44348,29289,3905,1427898,1505440,48253,73637,0.03205242321181847,0.7276724915907786,0.5719223130690465,0.6022515854801255,0.9190723892814955,0.020099685215418474,391.0,114.31439576263435,False,False,DeepLabv3plus,train
case_00489,45492,15250,4222,1440476,1505440,49714,60742,0.03302290360293336,0.8237126095458825,0.700264762022043,0.7489381317704389,0.915074224564509,0.010475872519965982,58.2400047685895,18.03090247979727,False,False,DeepLabv3plus,train
case_00490,31987,8689,312,1464452,1505440,32299,40676,0.021454857051758956,0.8766563891743748,0.7803991412120621,0.7863850919461107,0.9903402582123285,0.00589828129147176,26.581859114896297,9.72835713681332,False,False,DeepLabv3plus,train
case_00491,0,0,32288,1473152,1505440,32288,0,0.0214475502178765,0.0,0.0,nan,0.0,0.0,nan,nan,True,False,DeepLabv3plus,train
case_00492,16002,5134,2715,1481589,1505440,18717,21136,0.012432909979806568,0.8030512132085413,0.6709152656073121,0.7570968962906889,0.854944702676711,0.0034532323775175334,39.140614722944214,14.038323421609281,False,False,DeepLabv3plus,train
case_00493,102840,6077,10358,1133965,1253240,113198,108917,0.09032427946761992,0.9260067982801702,0.8622091804653113,0.9442052204889962,0.9084966165479955,0.0053305053673461155,25.639695250663216,10.615681647707127,False,False,DeepLabv3plus,train
case_00494,91462,15347,39604,1106827,1253240,131066,106809,0.1045817241709489,0.7689921177088808,0.6246849664988765,0.8563136065312849,0.6978316268139716,0.013676132221919239,150.49576262601238,40.379391617599296,False,False,DeepLabv3plus,train
case_00495,5252,78,2936,1497174,1505440,8188,5330,0.00543894143904772,0.7770380233762391,0.6353738204693927,0.9853658536585366,0.6414264777723497,5.209543884396214e-05,23.41366966269539,8.961513184344868,False,False,DeepLabv3plus,train
case_00496,0,0,11890,1493550,1505440,11890,0,0.007898023169305983,0.0,0.0,nan,0.0,0.0,nan,nan,True,False,DeepLabv3plus,train
case_00497,88465,20276,32000,1364699,1505440,120465,108741,0.08001979487724518,0.7719256912995297,0.628565947378518,0.8135385916995429,0.7343626779562529,0.014639975450820412,121.15351233672055,30.829732687477893,False,False,DeepLabv3plus,train
case_00498,10439,1937,23412,1469652,1505440,33851,12376,0.022485784886810502,0.45164081597334893,0.2916899519391975,0.8434873949579832,0.30838084546985317,0.0013162642558486098,88.16227660839984,32.79529157433222,False,False,DeepLabv3plus,train
case_00499,202558,41298,15390,993994,1253240,217948,243856,0.17390763141936103,0.8772466241089293,0.7813351025666742,0.8306459549898301,0.9293868262154276,0.03989019522994479,93.60021367496978,27.27157374688453,False,False,DeepLabv3plus,train
case_00500,99710,16625,30913,1105992,1253240,130623,116335,0.10422824040088091,0.8075057297192235,0.6771569053569488,0.8570937379120643,0.7633418310710978,0.01480914684171004,78.0,29.849950221944145,False,False,DeepLabv3plus,train
case_00501,106875,1770,41408,1103187,1253240,148283,108645,0.11831971529794771,0.8319451363806203,0.7122483389202482,0.983708408118183,0.7207501871421539,0.001601872290052916,106.77850905033101,36.18644293499477,False,False,DeepLabv3plus,train
case_00502,64293,15301,22967,1150679,1253240,87260,79594,0.06962752545402318,0.7706497896364486,0.626875712990318,0.8077618915998693,0.7367980747192299,0.013122866601485445,57.69098704231953,24.149019073326517,False,False,DeepLabv3plus,train
case_00503,11340,1536,21101,1219263,1253240,32441,12876,0.02588570425457215,0.5004744356422535,0.33375518733260734,0.880708294501398,0.34955765851854137,0.0012581923805638766,76.50162873692346,39.160689993213744,False,False,DeepLabv3plus,train
case_00504,61841,451,70462,1120486,1253240,132303,62292,0.10556876575915228,0.6355867314165318,0.4658315380327523,0.9927599049637192,0.4674194840630976,0.00040234196926321463,123.2233744059949,56.773623829459986,False,False,DeepLabv3plus,train
case_00505,232,0,29200,1223808,1253240,29432,232,0.023484727586096838,0.01564185544768069,0.007882576787170427,1.0,0.007882576787170427,0.0,210.17944131727677,102.52275393038606,False,False,DeepLabv3plus,train
case_00506,53683,11870,2677,1185010,1253240,56360,65553,0.04497143404296065,0.8806772042358075,0.786794665103327,0.8189251445395329,0.9525017743080199,0.009917452041975803,41.55773891277565,14.037462258522401,False,False,DeepLabv3plus,train
case_00507,39754,0,217135,996351,1253240,256889,39754,0.20497989211962592,0.2680258762215862,0.15475166316969585,1.0,0.15475166316969585,0.0,204.91300969951612,106.74445232593814,False,False,DeepLabv3plus,train
case_00508,26601,8277,27819,1190543,1253240,54420,34878,0.04342344642686157,0.5957804206141235,0.4242786736207474,0.7626870806812317,0.4888092613009923,0.006904289217730768,100.68215463913964,41.82106483018248,False,False,DeepLabv3plus,train
case_00509,65599,16111,4008,1167522,1253240,69607,81710,0.0555416360792825,0.8670407158481862,0.7652885041648195,0.802827071349896,0.9424195842372175,0.013611482613276243,62.71305558483501,17.928912382882544,False,False,DeepLabv3plus,train
case_00510,69587,637,30777,1152239,1253240,100364,70224,0.08008362324853978,0.8158487115154641,0.6889733765012228,0.9909290271132376,0.6933462197600734,0.000552531234928995,68.57396927888863,27.385303023319494,False,False,DeepLabv3plus,train
case_00511,60833,11439,6471,1174497,1253240,67304,72272,0.05370399923398551,0.871682810798418,0.7725512109012864,0.8417229355767102,0.903854154285035,0.009645545796737766,39.98123238883856,14.493157174663423,False,False,DeepLabv3plus,train
case_00512,105422,3988,67255,1076575,1253240,172677,109410,0.13778446267275224,0.747443164697416,0.5967339314521836,0.963549949730372,0.6105155869050308,0.0036906686606889188,166.01204775557707,44.27629760348741,False,False,DeepLabv3plus,train
case_00513,39538,11261,19037,1435604,1505440,58575,50799,0.038908890424062065,0.7229871815970889,0.5661549916948279,0.7783224079214158,0.6749978659837815,0.007783034353585165,88.33575366456849,34.014258652912595,False,False,DeepLabv3plus,train
case_00514,66389,19762,36293,1130796,1253240,102682,86151,0.08193322907024991,0.7031504027368097,0.5421988827545654,0.770612064862857,0.646549541302273,0.017176013725514055,111.05156358214958,36.96603342306741,False,False,DeepLabv3plus,train
case_00515,62032,378,14783,1428247,1505440,76815,62410,0.05102494951642045,0.8911043275273838,0.8035961810008679,0.9939432783207819,0.8075506086050902,0.0002645900778720798,47.657454637701136,14.755143721615928,False,False,DeepLabv3plus,train
case_00516,34289,9242,5419,1456490,1505440,39708,43531,0.02637634180040387,0.8238686192770216,0.7004902962206333,0.787691530173899,0.8635287599476176,0.006305381884273523,47.16990566028302,16.593673260523865,False,False,DeepLabv3plus,train
case_00517,81530,13766,21941,1388203,1505440,103471,95296,0.06873140078648103,0.8203575040122354,0.695428917491918,0.8555448287441235,0.7879502469290912,0.009819047354114107,64.03124237432849,26.926246687044273,False,False,DeepLabv3plus,train
case_00518,7782,0,21598,1476060,1505440,29380,7782,0.019515889042406205,0.4188149184650988,0.26487406398910823,1.0,0.26487406398910823,0.0,67.4292203548702,42.20399624608702,False,False,DeepLabv3plus,train
case_00519,21644,6789,2600,1474407,1505440,24244,28433,0.016104261876926346,0.8217628186874727,0.6974511004414655,0.7612281503886329,0.8927569707968982,0.004583458232401384,54.04809460437568,17.266124131198218,False,False,DeepLabv3plus,train
case_00520,27956,10010,4580,1462894,1505440,32536,37966,0.02161228610904453,0.79305551615557,0.6570770460207775,0.7363430437760101,0.8592328497664126,0.006796098048481095,56.226326217115776,20.074617796558144,False,False,DeepLabv3plus,train
case_00521,26144,6,111834,1367456,1505440,137978,26150,0.091652938675736,0.3185806200038994,0.18947124304267163,0.9997705544933079,0.18947948223629854,4.38769048061299e-06,219.97328564283092,70.88950917777105,False,False,DeepLabv3plus,train
case_00522,77207,4826,36531,1386876,1505440,113738,82033,0.07555133382931237,0.7887480781116712,0.651184170574542,0.9411700169444004,0.6788144683395171,0.0034676963890258117,98.54336732263661,37.711916845235386,False,False,DeepLabv3plus,train
case_00523,116534,10524,12061,1366321,1505440,128595,127058,0.08542020937400362,0.9116575983853114,0.8376569699322163,0.9171716853720349,0.9062094171624091,0.007643561911471516,38.0,15.482908116283527,False,False,DeepLabv3plus,train
case_00524,228,0,111785,1393427,1505440,112013,228,0.0744054894250186,0.004062686540568954,0.002035478024872113,1.0,0.002035478024872113,0.0,335.6711896111448,182.53738759679783,False,False,DeepLabv3plus,train
case_00525,20396,32379,114,1200351,1253240,20510,52775,0.01636558041556286,0.5566214095653954,0.3856378452986443,0.3864708668877309,0.994441735738664,0.026266092331654133,127.23403345874114,42.4784002895896,False,False,DeepLabv3plus,train
case_00526,54067,9773,37992,1403608,1505440,92059,63840,0.06115089276224891,0.6936157383947299,0.5309431220048708,0.8469141604010025,0.5873081393454198,0.006914625285043452,106.37832152526234,38.36002927098392,False,False,DeepLabv3plus,train
case_00527,80810,14803,6718,1403109,1505440,87528,95613,0.05814114146030396,0.8824894480209238,0.7896922731137193,0.8451779569723782,0.923247417969107,0.010439999097264147,395.7197231827116,53.954171120021435,False,False,DeepLabv3plus,train
case_00528,18226,13330,7333,1466551,1505440,25559,31556,0.016977760654692316,0.6382211328022411,0.46866723237933605,0.5775763721637723,0.713095191517665,0.0090074810069188,576.4041525613997,157.0798620360628,False,False,DeepLabv3plus,train
case_00529,66399,18471,2074,1418496,1505440,68473,84870,0.045483712403018385,0.8660193161735456,0.7636984725800515,0.7823612583951927,0.9697106888846698,0.012854157402362058,46.57252408878007,16.311554336858208,False,False,DeepLabv3plus,train
case_00530,0,0,12500,1492940,1505440,12500,0,0.008303220320969284,0.0,0.0,nan,0.0,0.0,nan,nan,True,False,DeepLabv3plus,train
case_00531,3203,288,14429,1487520,1505440,17632,3491,0.011712190455946434,0.303271315627515,0.1787388392857143,0.9175021483815525,0.18165834845735027,0.00019357336430507162,82.34193969123037,29.61085213521261,False,False,DeepLabv3plus,train
case_00532,43234,1898,6449,1453859,1505440,49683,45132,0.033002311616537355,0.9119654063175658,0.8381768480642097,0.9579455818487991,0.8701970492925145,0.0013037890252287985,20.396078054371138,8.858018180877368,False,False,DeepLabv3plus,train
case_00533,29810,61,114150,1361419,1505440,143960,29871,0.09562652779253906,0.3429767993050722,0.2069837037654231,0.9979578855746376,0.20707140872464574,4.48041836824632e-05,225.10308719913448,78.9932233675728,False,False,DeepLabv3plus,train
case_00534,11643,382,25764,1467651,1505440,37407,12025,0.024847885003719844,0.4710713707719696,0.3081055333562677,0.9682328482328483,0.31125190472371483,0.0002602121341958934,90.4267659490264,38.13874533052061,False,False,DeepLabv3plus,train
case_00535,44252,37713,8020,1415455,1505440,52272,81965,0.034722074609416516,0.6593115161989616,0.49177085069733845,0.539888977002379,0.8465717783899602,0.025952264294286688,147.30036436790655,47.778642537001836,False,False,DeepLabv3plus,train
case_00536,13347,5731,959,1233203,1253240,14306,19078,0.011415211771089336,0.7996046010064701,0.6661176822877676,0.6996016353915505,0.9329651894310079,0.0046257508470991995,247.64339184063616,71.06208523517391,False,False,DeepLabv3plus,train
case_00537,134942,29521,7474,1333503,1505440,142416,164463,0.09460091401849294,0.879447599868352,0.7848339798879822,0.8205006597228556,0.9475199415795978,0.021658459425512682,89.29267866743497,23.895470359910064,False,False,DeepLabv3plus,train
case_00538,75143,2908,15068,1412321,1505440,90211,78051,0.05992334466999681,0.8931666092165789,0.8069566898269955,0.9627423095155732,0.832969371806099,0.002054791132742475,48.16637831516918,15.184655819210443,False,False,DeepLabv3plus,train
case_00539,42722,2086,21717,1438915,1505440,64439,44808,0.042804097141035176,0.7821175867529543,0.6421946636602781,0.9534458132476343,0.6629835968900821,0.0014476048247017178,58.22842242231444,21.59239856114438,False,False,DeepLabv3plus,train
case_00540,23491,887,150782,1330280,1505440,174273,24378,0.11576216919970242,0.23650522776124963,0.13411166933089747,0.9636147345967676,0.13479425958123176,0.0006663326239307315,192.36188543894323,72.59914133711106,False,False,DeepLabv3plus,train
case_00541,22549,5577,33025,1444289,1505440,55574,28126,0.036915453289403766,0.538805256869773,0.3687429477849912,0.8017137168456233,0.4057472918990895,0.003846562371970927,109.20278507120706,41.870576174167745,False,False,DeepLabv3plus,train
case_00542,63678,8521,49977,1383264,1505440,113655,72199,0.07549620044638113,0.6852475599126195,0.5211989261393399,0.881978974778044,0.5602745149795434,0.006122353668131213,147.29958445094982,38.115100558801984,False,False,DeepLabv3plus,train
case_00543,38730,4559,1225,1208726,1253240,39955,43289,0.03188136350579299,0.9305175147758397,0.8700633508559105,0.8946845618979418,0.9693405080715806,0.003757567265728992,23.41473712300943,7.027320043625324,False,False,DeepLabv3plus,train
case_00544,24337,4504,3200,1221199,1253240,27537,28841,0.021972646899237176,0.8633509524992018,0.7595580662276459,0.8438334315731078,0.8837927152558376,0.0036746259085602305,36.22154055254967,10.259906980047075,False,False,DeepLabv3plus,train
case_00545,79623,27904,3455,1142258,1253240,83078,107527,0.06629057483004054,0.8354765090107814,0.7174406660539547,0.740493085457606,0.9584125761332724,0.02384627085822305,163.26999430073175,28.604477012206946,False,False,DeepLabv3plus,train
case_00546,0,0,9895,1243345,1253240,9895,0,0.007895534773866139,0.0,0.0,nan,0.0,0.0,nan,nan,True,False,DeepLabv3plus,train
case_00547,6545,0,20555,1226140,1253240,27100,6545,0.02162395071973445,0.3890622677961064,0.2415129151291513,1.0,0.2415129151291513,0.0,72.18023194054555,39.73433561990367,False,False,DeepLabv3plus,train
case_00548,34433,11796,69045,1390166,1505440,103478,46229,0.06873605058986078,0.4600052101772128,0.29870569252389956,0.7448354928724393,0.3327567212354317,0.00841392277394109,163.46554738661342,53.547329310133456,False,False,DeepLabv3plus,train
case_00549,45792,11455,12279,1435914,1505440,58071,57247,0.03857410458072059,0.7941865103453061,0.6586313033972903,0.7999021782800846,0.7885519450328047,0.007914360470619448,456.570036055986,68.14070559105907,False,False,DeepLabv3plus,train
case_00550,124360,30595,1708,1348777,1505440,126068,154955,0.08374163035391646,0.8850521131722314,0.7938058124764622,0.8025555806524475,0.9864517561950693,0.0221803835368559,46.760019867503615,19.665352260934597,False,False,DeepLabv3plus,train
case_00551,0,398,23671,1481371,1505440,23671,398,0.015723642257413115,0.0,0.0,0.0,0.0,0.0002685978718680172,287.713335556243,195.16100783312652,False,False,DeepLabv3plus,train
case_00552,72399,13581,14410,1405050,1505440,86809,85980,0.05766354022744181,0.8380047340976566,0.7211774081083774,0.8420446615491974,0.8340033867456139,0.009573313990741779,73.72516211447339,25.671808283432014,False,False,DeepLabv3plus,train
case_00553,5764,2637,12334,1484705,1505440,18098,8401,0.01202173450951217,0.4350352843503528,0.2779840848806366,0.6861087965718367,0.31848823074372856,0.0017729614305250574,63.759247016789296,30.13764694241439,False,False,DeepLabv3plus,train
case_00554,64381,4161,19645,1417253,1505440,84026,68542,0.05581491125518121,0.8439646583818363,0.7300509145338883,0.9392926964488927,0.7662033180206127,0.002927366692603281,54.65744359220188,20.28092296479563,False,False,DeepLabv3plus,train
case_00555,13129,861,55366,1436084,1505440,68495,13990,0.045498326070783295,0.3183366672728375,0.18929869081261896,0.9384560400285918,0.1916782246879334,0.0005991878603565202,103.65783713258436,51.189916781868554,False,False,DeepLabv3plus,train
case_00556,90209,19662,2995,1140374,1253240,93204,109871,0.07437043184066898,0.8884303828634741,0.7992575266244928,0.8210446796697946,0.9678661860006008,0.016949473981841944,54.443547281198875,17.743790248411543,False,False,DeepLabv3plus,train
case_00557,58423,20466,3085,1171266,1253240,61508,78889,0.04907918674794932,0.8322542504469469,0.7127015883084881,0.7405721963771882,0.9498439227417572,0.017173324203763933,51.894122981316485,21.38596300824749,False,False,DeepLabv3plus,train
case_00558,6413,142,3625,1243060,1253240,10038,6555,0.00800963901567138,0.772976556379196,0.6299607072691552,0.9783371472158657,0.6388722853158,0.00011422118046785639,20.0,9.651838685660193,False,False,DeepLabv3plus,train
case_00559,88783,8466,7682,1148309,1253240,96465,97249,0.076972487312885,0.9166399950442404,0.8461083950405505,0.912945120258306,0.9203648991862333,0.007318622895550128,37.87333933419262,12.452327907545405,False,False,DeepLabv3plus,train
case_00560,46547,19558,1116,1186019,1253240,47663,66105,0.03803182151862373,0.8182793052527951,0.6924473006947234,0.7041373572347024,0.9765856114806034,0.01622293723254508,218.00470175945676,45.0693230936043,False,False,DeepLabv3plus,train
case_00561,142661,72440,7048,1031091,1253240,149709,215101,0.11945756598895663,0.7821112359858556,0.6421861003200554,0.6632279719759555,0.9529220020172467,0.06564382876421233,147.04670654744712,59.27497416899385,False,False,DeepLabv3plus,train
case_00562,50806,19338,2990,1180106,1253240,53796,70144,0.04292553700807507,0.8198483137001775,0.6946974047638581,0.7243099908759124,0.9444196594542346,0.016122470077802716,67.88225099390856,23.20015841348145,False,False,DeepLabv3plus,train
case_00563,0,0,10102,1243138,1253240,10102,0,0.008060706648367432,0.0,0.0,nan,0.0,0.0,nan,nan,True,False,DeepLabv3plus,train
case_00564,69816,7113,6984,1169327,1253240,76800,76929,0.0612811592352622,0.9082996701988564,0.8320045761681741,0.9075381195647935,0.9090625,0.006046207201387236,34.132096331752024,12.45379548291658,False,False,DeepLabv3plus,train
case_00565,62798,8654,8488,1173300,1253240,71286,71452,0.05688136350579298,0.8799058414717875,0.7855641731298474,0.8788837261378268,0.8809303369525573,0.007321773943825225,42.0,15.75621396324786,False,False,DeepLabv3plus,train
case_00566,106100,3472,23022,1120646,1253240,129122,109572,0.10303054482780633,0.8890043319061225,0.800187037120835,0.9683130726828022,0.821703505212125,0.0030886437188978383,75.37536200962572,18.239460855524634,False,False,DeepLabv3plus,train
case_00567,36678,1728,31492,1183342,1253240,68170,38406,0.05439500813890396,0.688297552919982,0.5247360439497554,0.9550070301515389,0.5380372597916973,0.0014581417131477466,75.60951969760555,27.61639006555873,False,False,DeepLabv3plus,train
case_00568,35395,736,21683,1195426,1253240,57078,36131,0.04554434904726948,0.7594760162645238,0.6122219531601342,0.9796296808834519,0.6201163320368618,0.0006153012719012977,99.8839200908973,24.646630104869157,False,False,DeepLabv3plus,train
case_00569,38268,60,92856,1122056,1253240,131124,38328,0.1046280042130797,0.45166772891438284,0.29171240395170145,0.9984345648090169,0.2918458863365974,5.34704076940352e-05,208.8506643315908,67.31796295254101,False,False,DeepLabv3plus,train
case_00570,27764,11979,3264,1210233,1253240,31028,39743,0.02475822667645463,0.784615167229515,0.6455693259236869,0.6985884306670357,0.8948046925357741,0.00980108197268559,47.43416490252569,20.56883901254931,False,False,DeepLabv3plus,train
case_00571,61997,4739,19687,1166817,1253240,81684,66736,0.06517825795537965,0.8354264923864708,0.7173669046434398,0.9289888515943419,0.7589858479016699,0.004045047782607063,90.50792578841417,20.926014484718646,False,False,DeepLabv3plus,train
case_00572,137910,38229,878,1076223,1253240,138788,176139,0.1107433532284319,0.8758220158957473,0.779077715699622,0.7829611840648578,0.993673804651699,0.03430295786628765,101.26154232443167,24.228150892400922,False,False,DeepLabv3plus,train
case_00573,45980,10584,52114,1396762,1505440,98094,56564,0.06515968753321288,0.5946022837486583,0.42308470895673456,0.8128845201895198,0.4687340714009012,0.007520538659292029,227.21520619547468,53.11759479073579,False,False,DeepLabv3plus,train
case_00574,67137,10901,1545,1425857,1505440,68682,78038,0.04562254224678499,0.9151717557251908,0.8436098161667693,0.8603116430456957,0.9775050231501704,0.007587220673210102,40.5634939901496,12.169874699312754,False,False,DeepLabv3plus,train
case_00575,26076,376,12343,1466645,1505440,38419,26452,0.025520113720905516,0.8039339612461655,0.6721484727413326,0.9857855738696507,0.678726671698899,0.0002563017161990183,39.01793693283664,17.244344997843367,False,False,DeepLabv3plus,train
case_00576,99393,14115,5499,1386433,1505440,104892,113508,0.06967531087256881,0.9101923076923077,0.8351861655196753,0.8756475314515276,0.947574648209587,0.010078197962511817,39.01281840626232,14.692025734526677,False,False,DeepLabv3plus,train
case_00577,0,0,23565,1481875,1505440,23565,0,0.015653230949091296,0.0,0.0,nan,0.0,0.0,nan,nan,True,False,DeepLabv3plus,train
case_00578,201,0,17754,1487485,1505440,17955,201,0.01192674566904028,0.022141440846001323,0.011194653299916459,1.0,0.011194653299916459,0.0,113.51451714109301,66.9707294108667,False,False,DeepLabv3plus,train
case_00579,20173,1064,5811,1226192,1253240,25984,21237,0.020733458874597044,0.8544079964422608,0.7458222419402544,0.9498987615953289,0.7763623768472906,0.0008669747795081059,43.052219886953736,12.249272760511703,False,False,DeepLabv3plus,train
case_00580,54137,11206,11960,1175937,1253240,66097,65343,0.05274089559860841,0.8237522824102252,0.7003221091031396,0.8285049661019543,0.8190538148478751,0.009439469381531963,52.92447448959697,20.99545095124181,False,False,DeepLabv3plus,train
case_00581,99542,8669,16905,1128124,1253240,116447,108211,0.09291675975870543,0.8861647481950342,0.795597685347997,0.9198879965992367,0.8548266593385833,0.007625838653123304,52.5275634203359,18.50301836794498,False,False,DeepLabv3plus,train
case_00582,111661,16176,3197,1122206,1253240,114858,127837,0.09164884619067377,0.9201755289560971,0.8521528763527023,0.8734638641394902,0.9721656306047467,0.01420964140332507,35.35533905932738,12.307497874627142,False,False,DeepLabv3plus,train
case_00583,52503,7600,21099,1172038,1253240,73602,60103,0.05872937346398136,0.7853558206499383,0.646572744513682,0.8735504051378467,0.7133365941142904,0.006442654441447292,189.43441461419226,35.19794389200743,False,False,DeepLabv3plus,train
case_00584,100567,4423,6747,1141503,1253240,107314,104990,0.08562924898662666,0.9473867661466576,0.9000331134718133,0.9578721783026954,0.9371284268594964,0.003859760577908172,34.22267219865016,9.735592273022618,False,False,DeepLabv3plus,train
case_00585,123297,18993,6483,1104467,1253240,129780,142290,0.10355558392646261,0.9063623332230676,0.8287592506704846,0.8665190807505798,0.950046232085067,0.01690580884054617,135.96689160543605,25.43750071084286,False,False,DeepLabv3plus,train
case_00586,16441,5233,15911,1215655,1253240,32352,21674,0.0258146883278542,0.6086328804649613,0.43743514700013303,0.7585586416905048,0.5081911473788329,0.00428622445302108,57.915446250586925,21.122037659414687,False,False,DeepLabv3plus,train
case_00587,17958,3910,854,1230518,1253240,18812,21868,0.015010692285595735,0.8828908554572271,0.7903353578030103,0.8211999268337297,0.9546034446098235,0.003167458936446678,28.784199576606117,8.272457415108711,False,False,DeepLabv3plus,train
case_00588,12496,4747,31187,1204810,1253240,43683,17243,0.034856053110338,0.41020254078718443,0.25802188725996283,0.7246998782114481,0.28606093903806973,0.003924577345259463,70.79475242309779,30.708894958753152,False,False,DeepLabv3plus,train
case_00589,26923,1757,21905,1202655,1253240,48828,28680,0.038961412020044044,0.6947153842184033,0.5322328753583078,0.9387377963737796,0.5513844515441959,0.0014588031338113535,92.47958200943093,27.095045066463467,False,False,DeepLabv3plus,train
case_00590,40866,7796,18707,1185871,1253240,59573,48662,0.047535188790654624,0.7551346606920127,0.6065994745357657,0.839792856849287,0.6859819045540765,0.006531134730205325,63.67533063394468,27.642574066560634,False,False,DeepLabv3plus,train
case_00591,49701,23931,42,1431766,1505440,49743,73632,0.03304216707407801,0.8056899696048633,0.6746070526915873,0.67499185136897,0.9991556600928774,0.016439547515726145,62.14377528492488,23.114237007461227,False,False,DeepLabv3plus,train
case_00592,18765,17571,1239,1467865,1505440,20004,36336,0.013287809544053565,0.6661341853035144,0.4994011976047904,0.5164299867899603,0.9380623875224955,0.011828850250027601,75.9999817568025,25.10557154023975,False,False,DeepLabv3plus,train
case_00593,0,0,75158,1430282,1505440,75158,0,0.04992427463067276,0.0,0.0,nan,0.0,0.0,nan,nan,True,False,DeepLabv3plus,train
case_00594,94662,6727,17198,1386853,1505440,111860,101389,0.07430385800828994,0.8878072112882124,0.7982493865263477,0.9336515795599128,0.8462542463794028,0.004827135865899338,75.1265173117409,17.664081083415038,False,False,DeepLabv3plus,train
case_00595,33625,2076,4357,1465382,1505440,37982,35701,0.02522983313848443,0.9126935656800076,0.8394078586050228,0.9418503683370214,0.8852877678900531,0.0014146912552182073,21.573120970007427,9.47658034354232,False,False,DeepLabv3plus,train
case_00596,120400,10047,16134,1358859,1505440,136534,130447,0.09069375066425762,0.9019368419475543,0.8213888566731022,0.9229802141866045,0.8818316316814859,0.007339437477810748,47.05099466871704,15.775234590747294,False,False,DeepLabv3plus,train
case_00597,55123,14590,14760,1420967,1505440,69883,69713,0.04642031565522372,0.7897504226482134,0.6525517029109893,0.7907133533200408,0.7887898344375599,0.01016330246726532,57.47085540348693,28.629143959455927,False,False,DeepLabv3plus,train
case_00598,37758,10747,11726,1445209,1505440,49484,48505,0.03287012434902753,0.7706579309922542,0.626886487024954,0.7784352128646531,0.7630345162072589,0.007381404383099489,59.43904440685432,21.864611976028545,False,False,DeepLabv3plus,train
case_00599,42600,131,9241,1453468,1505440,51841,42731,0.03443577957274949,0.9009009009009009,0.819672131147541,0.9969343099857246,0.8217434077274743,9.012114069973906e-05,26.948986451781064,10.417465572548219,False,False,DeepLabv3plus,train
case_00600,45268,661,16105,1443406,1505440,61373,45929,0.04076748326070783,0.8437494175318261,0.7297288583679917,0.9856082213851814,0.7375881902465253,0.00045773499429043114,48.86101302217137,16.302040499705104,False,False,DeepLabv3plus,train
case_00001,113483,874,27571,1363512,1505440,141054,114357,0.09369619513232012,0.8886304818508208,0.7995814779324728,0.9923572671546124,0.8045358515178584,0.0006405811845035056,49.0,15.942062225569908,False,False,DeepLabv3plus,internal_val
case_00002,5160,0,12373,1487907,1505440,17533,5160,0.011646428951004357,0.4547657868065042,0.2943021730451149,1.0,0.2943021730451149,0.0,82.5365801367499,30.147538822700746,False,False,DeepLabv3plus,internal_val
case_00003,62227,13256,2113,1427844,1505440,64340,75483,0.042738335636093104,0.8900824613976241,0.8019356667869478,0.8243842984513069,0.9671588436431457,0.00919852890153355,73.13854161559395,14.22028326030235,False,False,DeepLabv3plus,internal_val
case_00004,32359,3250,21893,1447938,1505440,54252,35609,0.03603730470825805,0.7202011996305405,0.5627456436297867,0.9087309388076048,0.5964572734645728,0.0022395444284269163,53.75872022286245,24.361943271968457,False,False,DeepLabv3plus,internal_val
case_00005,64614,4083,21534,1415209,1505440,86148,68697,0.05722446593686895,0.8345635958539185,0.7160953552548459,0.9405650901786105,0.7500348237916145,0.002876786454091195,70.00714249274856,21.377798032187545,False,False,DeepLabv3plus,internal_val
case_00006,50580,15586,4481,1434793,1505440,55061,66166,0.036574689127431184,0.8344675691058923,0.7159539683213725,0.7644409515461112,0.9186175332812698,0.010746156694215787,46.35729665328734,18.17858845874229,False,False,DeepLabv3plus,internal_val
case_00007,27025,1071,12411,1464933,1505440,39436,28096,0.02619566372621958,0.800361310193686,0.6671686375194411,0.96188069476082,0.6852875545187138,0.0007305573518216868,53.78641063277841,16.828738319233775,False,False,DeepLabv3plus,internal_val
case_00008,38094,650,10684,1456012,1505440,48778,38744,0.03240115846529918,0.8705011311441695,0.7706967710609371,0.983223208754904,0.7809668293082948,0.00044622568584887917,63.57947280208198,14.667997821968294,False,False,DeepLabv3plus,internal_val
case_00009,22835,4940,6738,1470927,1505440,29573,27775,0.019644090764161973,0.7963660458952361,0.6616347463274708,0.8221422142214222,0.7721570351333987,0.003347185078330229,47.44466252140367,16.1803223022818,False,False,DeepLabv3plus,internal_val
case_00010,32080,590,5334,1467436,1505440,37414,32670,0.024852534807099584,0.9154728611380629,0.8441216714030102,0.9819406183042547,0.8574330464531993,0.000401900238824108,18.439088914585774,7.846829785997239,False,False,DeepLabv3plus,internal_val
case_00011,0,0,10372,1495068,1505440,10372,0,0.0068896800935274735,0.0,0.0,nan,0.0,0.0,nan,nan,True,False,DeepLabv3plus,internal_val
case_00012,43525,20837,5453,1435625,1505440,48978,64362,0.03253400999043469,0.7680430562908064,0.6234333595932107,0.6762530685808397,0.88866429825636,0.014306586783589273,90.92790140083545,29.368040546644405,False,False,DeepLabv3plus,internal_val
case_00013,33926,1608,7266,1462640,1505440,41192,35534,0.027362100116909344,0.8843416833928525,0.7926635514018692,0.9547475657117127,0.8236065255389396,0.001098174626156225,41.76109423278099,9.799341171783592,False,False,DeepLabv3plus,internal_val
case_00014,11269,6,10320,1483845,1505440,21589,11275,0.01434065788075247,0.6857960077896786,0.5218337578143089,0.9994678492239468,0.521978785492612,4.043532672754879e-06,70.36935757661978,22.504785444508823,False,False,DeepLabv3plus,internal_val
case_00015,96432,23769,3348,1381891,1505440,99780,120201,0.06627962589010522,0.876730263068174,0.780516232426001,0.8022562208301096,0.9664461815995189,0.01690949447234751,50.24937810560445,18.673884172712192,False,False,DeepLabv3plus,internal_val
case_00016,67265,1389,20453,1416333,1505440,87718,68654,0.0582673504091827,0.8603202619394776,0.7548789657378209,0.9797681125644536,0.766832349118767,0.000979740739016535,46.0,18.11052044430587,False,False,DeepLabv3plus,internal_val
case_00017,39539,3368,8527,1454006,1505440,48066,42907,0.03192820703581677,0.8692469194156508,0.7687327448769297,0.9215046495909758,0.822598094287022,0.002311005960034967,35.0,12.65239582080785,False,False,DeepLabv3plus,internal_val
case_00018,16531,310,4218,1484381,1505440,20749,16841,0.013782681475183335,0.8795424314977388,0.7849850420247875,0.9815925420105694,0.796713094606969,0.0002087976555390987,18.37661134280091,7.334557338144576,False,False,DeepLabv3plus,internal_val
case_00019,24969,7218,855,1472398,1505440,25824,32187,0.017153788925496866,0.860836737860061,0.7556745959687671,0.7757479727840433,0.9668912639405205,0.004878292746226048,21.95449840010015,10.200025635016646,False,False,DeepLabv3plus,internal_val
case_00020,63279,1038,18167,1422956,1505440,81446,64317,0.05410112658093315,0.8682450278877356,0.7671669657145628,0.9838611875553898,0.7769442329887287,0.0007289356556277625,52.20153254455275,15.95854570730898,False,False,DeepLabv3plus,internal_val
case_00021,3242,0,14714,1487484,1505440,17956,3242,0.011927409926665957,0.30587791301066136,0.18055246157273336,1.0,0.18055246157273336,0.0,66.35508219316414,35.52600008995904,False,False,DeepLabv3plus,internal_val
case_00022,75798,3083,4304,1422255,1505440,80102,78881,0.05320836433202253,0.9535359126447481,0.9111979323195287,0.9609158098908482,0.9462685076527427,0.0021629957245228853,12.36931687685298,5.63725783626509,False,False,DeepLabv3plus,internal_val
case_00023,47993,9958,12459,1435030,1505440,60452,57951,0.04015570198745882,0.8106720268912105,0.6816219287033092,0.8281651740263326,0.7939026004102429,0.006891406710643964,61.10030418940342,18.66549535619841,False,False,DeepLabv3plus,internal_val
case_00024,54327,38504,939,1411670,1505440,55266,92831,0.03671086194069508,0.7336677988075383,0.5793644022608511,0.5852247632795079,0.9830094452285311,0.026551296603028327,73.97431808876455,31.71256319256866,False,False,DeepLabv3plus,internal_val
case_00025,18290,1072,14835,1471243,1505440,33125,19362,0.022003533850568604,0.6969344790138511,0.5348422376231833,0.9446338188203698,0.5521509433962264,0.0007281050590396757,48.682547063960826,19.790517141511003,False,False,DeepLabv3plus,internal_val
case_00026,21625,125,7471,1476219,1505440,29096,21750,0.019327239876713784,0.8506077174212328,0.7400499640669381,0.9942528735632183,0.7432293098707726,8.466861381900154e-05,31.39984057205193,11.493448082942267,False,False,DeepLabv3plus,internal_val
case_00027,1671,0,18586,1485183,1505440,20257,1671,0.013455866723349984,0.15240788033564392,0.0824900034555956,1.0,0.0824900034555956,0.0,112.44776562945631,53.464827961411764,False,False,DeepLabv3plus,internal_val
case_00028,34901,1037,9981,1459521,1505440,44882,35938,0.029813210755659476,0.8636723583271467,0.7600557503429953,0.9711447492904447,0.7776168619936723,0.000710002615438757,30.444098697931917,13.042358607071694,False,False,DeepLabv3plus,internal_val
case_00029,9226,0,11234,1484980,1505440,20460,9226,0.013590711021362525,0.621572458397898,0.4509286412512219,1.0,0.4509286412512219,0.0,55.66506749114633,24.02227097343212,False,False,DeepLabv3plus,internal_val
case_00030,24862,0,39198,1441380,1505440,64060,24862,0.04255234350090339,0.55918670295315,0.38810490165469874,1.0,0.38810490165469874,0.0,105.45614179510028,47.17830670538162,False,False,DeepLabv3plus,internal_val
case_00031,17140,163,11577,1476560,1505440,28717,17303,0.019075486236581996,0.7448935245545415,0.5934903047091413,0.9905796682656187,0.5968590033777902,0.00011037953631114298,45.30673130222179,18.806067996599005,False,False,DeepLabv3plus,internal_val
case_00032,38382,0,12458,1454600,1505440,50840,38382,0.03377085768944627,0.8603707605747462,0.7549567269866247,1.0,0.7549567269866247,0.0,29.068883707497267,14.027344368470027,False,False,DeepLabv3plus,internal_val
case_00033,27349,3268,1866,1472957,1505440,29215,30617,0.019406286534169412,0.9141930739403663,0.8419480959271003,0.8932619133161316,0.9361287010097553,0.002213754678318007,30.763255511849593,7.1386787247094,False,False,DeepLabv3plus,internal_val
case_00034,51558,14300,17897,1421685,1505440,69455,65858,0.046136013391433736,0.7620553827052833,0.6155811593337711,0.7828661666008685,0.7423223670002159,0.009958321291656946,73.824115301167,25.525165015827838,False,False,DeepLabv3plus,internal_val
case_00035,53421,1361,5257,1445401,1505440,58678,54782,0.03897730895950686,0.9416710735060815,0.8897716484285214,0.9751560731627177,0.9104093527386755,0.0009407214178973459,26.667392059059438,6.723688668644612,False,False,DeepLabv3plus,internal_val
case_00036,18362,1005,4931,1481142,1505440,23293,19367,0.015472552874907003,0.8608532583216127,0.7557000576179109,0.9481076057210719,0.7883054995062895,0.000678070393827333,28.0,10.204895686746495,False,False,DeepLabv3plus,internal_val
case_00037,14629,1,39756,1451054,1505440,54385,14630,0.03612565097247317,0.4239368253278273,0.26898466517118375,0.9999316473000683,0.2689896111060035,6.891537536482077e-07,90.23967987030879,43.72464116315578,False,False,DeepLabv3plus,internal_val
case_00038,27945,462,5915,1471118,1505440,33860,28407,0.0224917632054416,0.8975862013586651,0.8142008041489424,0.9837364029992608,0.8253101004134672,0.00031394827328449696,20.096012899854717,8.819295739577033,False,False,DeepLabv3plus,internal_val
case_00039,25496,13635,7047,1459262,1505440,32543,39131,0.021616935912424275,0.7114434802020259,0.5521243882368227,0.6515550330939665,0.7834557354884307,0.009257266461945404,270.85604980087953,42.31157925587022,False,False,DeepLabv3plus,internal_val
case_00040,57260,666,11415,1436099,1505440,68675,57926,0.04561789244340525,0.9045742134738273,0.825774073059229,0.98850257224735,0.8337823079723334,0.0004635413585381047,20.57666513131582,10.932494517007767,False,False,DeepLabv3plus,internal_val
case_00041,11372,6661,17024,1470383,1505440,28396,18033,0.018862259538739504,0.48986624738848566,0.32438599994295003,0.6306216381079133,0.40047894069587264,0.0045096828530497395,106.70520137275409,46.830369488799526,False,False,DeepLabv3plus,internal_val
case_00042,32292,62,23757,1449329,1505440,56049,32354,0.03723097566160059,0.7305634424171126,0.5755021297071875,0.9980836990789392,0.5761387357490767,4.277658685613475e-05,78.62117468332985,25.872149703058408,False,False,DeepLabv3plus,internal_val
case_00043,45866,3185,31245,1425144,1505440,77111,49051,0.051221569773621,0.7270969071511232,0.571211517385673,0.9350675827200261,0.5948048916496997,0.002229878410366239,137.90848371018416,36.72801939305243,False,False,DeepLabv3plus,internal_val
case_00044,89583,1844,26627,1387386,1505440,116210,91427,0.07719337867998724,0.8628808930970877,0.7588307045928134,0.9798309033436512,0.7708716977884864,0.001327354001857144,72.05898480942928,21.66902942702343,False,False,DeepLabv3plus,internal_val
case_00045,22945,124,7342,1475029,1505440,30287,23069,0.020118370708895737,0.8600719694129995,0.7544967281575745,0.9946248211886081,0.7575857628685575,8.405907726181624e-05,24.0,10.734010754233756,False,False,DeepLabv3plus,internal_val
case_00046,1973,1010,35287,1467170,1505440,37260,2983,0.024750239132745246,0.09805432000596377,0.05155474261823883,0.6614146832048273,0.05295222758990875,0.0006879265485158495,141.67639149072892,75.93490528370177,False,False,DeepLabv3plus,internal_val
case_00047,24254,13845,2462,1464879,1505440,26716,38099,0.017746306727601233,0.7484070045514156,0.597963561056187,0.6366046352922649,0.9078454858511753,0.009362801983331575,113.00221234606659,28.488914550290897,False,False,DeepLabv3plus,internal_val
case_00048,13816,0,12263,1479361,1505440,26079,13816,0.017323174620044637,0.6926181225717508,0.5297749146823114,1.0,0.5297749146823114,0.0,38.2228858579067,20.644092649375416,False,False,DeepLabv3plus,internal_val
case_00049,53184,38196,8746,1405314,1505440,61930,91380,0.041137474758210224,0.6938099275976779,0.5311707248866429,0.5820091923834537,0.8587760374616502,0.026460502525095082,249.39025061859755,75.22458952565185,False,False,DeepLabv3plus,internal_val
case_00050,83,0,18531,1234626,1253240,18614,83,0.014852701796942326,0.008878429694603413,0.004459009347802729,1.0,0.004459009347802729,0.0,162.07515492883638,90.10837913565668,False,False,DeepLabv3plus,internal_val
case_00051,26492,19780,3796,1455372,1505440,30288,46272,0.020119034966521416,0.6920585161964472,0.529120396261085,0.572527662517289,0.8746698362387745,0.013408787704589087,76.25415251981211,28.196552274774888,False,False,DeepLabv3plus,internal_val
case_00052,40442,5712,5838,1453448,1505440,46280,46154,0.03074184291635668,0.8750459787524071,0.7778504385290045,0.8762404125319583,0.8738547968885048,0.003914580991803503,32.01562118716424,12.35870737912979,False,False,DeepLabv3plus,internal_val
case_00053,38548,5988,3897,1457007,1505440,42445,44536,0.028194414921883303,0.8863544912107242,0.7959036194330312,0.8655469732351356,0.9081870656143244,0.004092973660197062,40.22437072223753,12.041467391710736,False,False,DeepLabv3plus,internal_val
case_00054,19343,704,18685,1466708,1505440,38028,20047,0.025260388989265598,0.6661386138613862,0.4994061757719715,0.9648825260637501,0.5086515199326812,0.00047975619662371576,58.52349955359813,24.94059389311829,False,False,DeepLabv3plus,internal_val
case_00055,34146,4897,6997,1207200,1253240,41143,39043,0.032829306437713444,0.8516698675579278,0.7416594265855777,0.8745741874343672,0.8299346182825754,0.0040401057011113795,48.966104925177376,14.694446608239287,False,False,DeepLabv3plus,internal_val
case_00056,27850,2508,4344,1470738,1505440,32194,30358,0.021385110001062812,0.8904591379971863,0.8025474036078613,0.9173858620462481,0.8650680250978443,0.0017023633527598243,26.659451392297765,8.045192211241233,False,False,DeepLabv3plus,internal_val
case_00057,105274,5736,14853,1379577,1505440,120127,111010,0.07979527579976618,0.9109229591108303,0.8364173744468192,0.9483289793712278,0.8763558567183065,0.004140580504189306,36.05551275463989,14.19357108173443,False,False,DeepLabv3plus,internal_val
case_00058,21536,3462,1769,1226473,1253240,23305,24998,0.01859579968721075,0.891704448999027,0.8045727948593417,0.8615089207136571,0.9240935421583352,0.002814782895031038,25.48920955117669,6.794626633463606,False,False,DeepLabv3plus,internal_val
case_00059,21337,20768,3662,1207473,1253240,24999,42105,0.01994749609013437,0.6359382451120649,0.46620927742696705,0.5067569172307327,0.8535141405656226,0.01690873370942673,97.09865864902632,31.78280152040126,False,False,DeepLabv3plus,internal_val
case_00060,7112,440,33408,1212280,1253240,40520,7552,0.032332194950687815,0.2958894990847063,0.1736328125,0.9417372881355932,0.1755182625863771,0.0003628207665413286,117.6057315712853,39.75110671351337,False,False,DeepLabv3plus,internal_val
case_00061,34202,7278,3163,1208597,1253240,37365,41480,0.029814720245124635,0.8675756230578984,0.7661223484084851,0.8245419479267116,0.915348588251037,0.005985812686337,30.12970417824865,11.953004252997449,False,False,DeepLabv3plus,internal_val
case_00062,30111,2807,4777,1467745,1505440,34888,32918,0.023174620044638113,0.8881514910184939,0.7988062077198568,0.91472750470867,0.8630761293281357,0.0019088070330052932,29.0,9.34264546160775,False,False,DeepLabv3plus,internal_val
case_00063,42555,6665,22333,1433887,1505440,64888,49220,0.04310234881496439,0.7458723314754443,0.5947339734183054,0.864587566030069,0.6558223400320552,0.004626698654404701,73.55066142669845,24.67113485980124,False,False,DeepLabv3plus,internal_val
case_00064,35517,3139,4561,1210023,1253240,40078,38656,0.03197950911238071,0.902202352223944,0.8218293727005577,0.9187965645695364,0.8861969160137732,0.0025874532832383472,22.313556835850857,8.472501795908908,False,False,DeepLabv3plus,internal_val
case_00065,1087,0,6859,1245294,1253240,7946,1087,0.006340365771919185,0.24067308756780692,0.13679838912660458,1.0,0.13679838912660458,0.0,50.265286110212855,27.72220753514962,False,False,DeepLabv3plus,internal_val
case_00066,23579,1136,18055,1462670,1505440,41634,24715,0.027655701987458817,0.7107567559420639,0.5512976385316811,0.9540360105199271,0.5663400105682855,0.000776059122588649,70.83784299369935,27.966352616803697,False,False,DeepLabv3plus,internal_val
case_00067,810,52,57347,1195031,1253240,58157,862,0.046405317417254476,0.0274487876785442,0.013915373911250837,0.9396751740139211,0.013927816084048352,4.351162220531963e-05,214.4958953166592,113.15209975581473,False,False,DeepLabv3plus,internal_val
case_00068,9703,115,8624,1234798,1253240,18327,9818,0.014623695381570968,0.6895007994315153,0.526135993926906,0.9882868201262986,0.529437442025427,9.312396905692952e-05,47.55993716625213,14.42505092072815,False,False,DeepLabv3plus,internal_val
case_00069,0,0,11658,1241582,1253240,11658,0,0.009302288468290192,0.0,0.0,nan,0.0,0.0,nan,nan,True,False,DeepLabv3plus,internal_val
case_00070,19016,949,9651,1223624,1253240,28667,19965,0.022874309789026843,0.7820365191643363,0.642085359265262,0.9524668169296269,0.6633411239404193,0.0007749640078623324,39.86724514054618,16.139856511446613,False,False,DeepLabv3plus,internal_val
case_00071,72543,6778,5021,1421098,1505440,77564,79321,0.05152247847805293,0.9247920451285974,0.8601052856228214,0.9145497409261104,0.935266360682791,0.004746910796175579,33.24154027718932,9.648841284533834,False,False,DeepLabv3plus,internal_val
case_00072,80721,15716,4535,1404468,1505440,85256,96437,0.05663194813476459,0.8885427616914245,0.7994394485599968,0.8370335037381917,0.9468072628319415,0.011066171707328064,34.00735135169495,14.059593946628784,False,False,DeepLabv3plus,internal_val
case_00073,17459,8555,3888,1475538,1505440,21347,26014,0.014179907535338506,0.7372732839255928,0.5838739883619825,0.6711386176674099,0.817866679158664,0.005764463547769581,55.019086853889846,19.82899158961205,False,False,DeepLabv3plus,internal_val
case_00074,39,24,13776,1491601,1505440,13815,63,0.009176719098735254,0.005620406398616515,0.0028181226967266423,0.6190476190476191,0.0028230184581976114,1.608983491158971e-05,95.13135785500761,50.6237652250635,False,False,DeepLabv3plus,internal_val
case_00075,102652,9550,36369,1356869,1505440,139021,112202,0.09234575937931767,0.8172181687186285,0.6909289161411043,0.9148856526621629,0.7383920414901346,0.0069890714341647765,123.14204209110744,31.160717692328785,False,False,DeepLabv3plus,internal_val
case_00076,22322,4831,250,1478037,1505440,22572,27153,0.014993623126793495,0.8978179989944696,0.8145823449987227,0.8220822745184694,0.9889243310295942,0.00325787595389475,24.7487188480102,8.119339105482213,False,False,DeepLabv3plus,internal_val
case_00077,19361,0,19493,1466586,1505440,38854,19361,0.025809065788075247,0.6651550287726531,0.49830133319606734,1.0,0.49830133319606734,0.0,46.74557116917066,27.45040441040562,False,False,DeepLabv3plus,internal_val
case_00078,14153,535,6323,1484429,1505440,20476,14688,0.013601339143373366,0.8049709930610852,0.6735995430964733,0.9635757080610022,0.6911994530181677,0.00036027809428376716,320.9606573370251,37.990122416318094,False,False,DeepLabv3plus,internal_val
case_00079,17317,3353,3994,1480776,1505440,21311,20670,0.014155994260814115,0.8249922584026107,0.7021164450210834,0.8377842283502661,0.8125850499741918,0.002259237573014206,39.279077138338096,13.009002369967838,False,False,DeepLabv3plus,internal_val
case_00080,73531,12778,25523,1393608,1505440,99054,86309,0.06579737485386332,0.7933730032422868,0.6575130552972316,0.8519505497688538,0.7423324651200356,0.009085699089723589,70.71916255167052,25.173792277159244,False,False,DeepLabv3plus,internal_val
case_00081,35694,2659,6854,1460233,1505440,42548,38353,0.02826283345732809,0.8824118366892869,0.7895679872586104,0.9306703517325894,0.8389113471843564,0.0018176324704762895,174.29684560870635,21.843121810523897,False,False,DeepLabv3plus,internal_val
case_00082,0,0,38642,1466798,1505440,38642,0,0.02566824317143161,0.0,0.0,nan,0.0,0.0,nan,nan,True,False,DeepLabv3plus,internal_val
case_00083,1491,0,13001,1490948,1505440,14492,1491,0.00962642151131895,0.18657323406119,0.10288434998619929,1.0,0.10288434998619929,0.0,63.071388124885914,33.447685066789056,False,False,DeepLabv3plus,internal_val
case_00084,61493,13643,3784,1426520,1505440,65277,75136,0.04336074503135296,0.8758875602686361,0.779181449569184,0.8184225936967632,0.9420316497388054,0.009473233238182067,70.61019551994568,18.493782126752645,False,False,DeepLabv3plus,internal_val
case_00085,13358,64,11847,1480171,1505440,25205,13422,0.016742613455202466,0.6916405623009811,0.5286319205350429,0.9952317091342572,0.529974211465979,4.32363780075461e-05,41.28188430601429,21.451605632044004,False,False,DeepLabv3plus,internal_val
case_00086,11522,209,13915,1479794,1505440,25437,11731,0.016896721224359656,0.6199956952216961,0.4492708414567574,0.9821839570369107,0.45296222038762435,0.00014121592996770954,60.26171262396026,20.605993606184327,False,False,DeepLabv3plus,internal_val
case_00087,53249,10678,21455,1420058,1505440,74704,63927,0.049622701668615155,0.7682120160714414,0.6236560399147362,0.8329657265318253,0.7127998500749625,0.007463291620536563,76.57675887630658,26.70372475249607,False,False,DeepLabv3plus,internal_val
case_00088,46872,5929,5838,1446801,1505440,52710,52801,0.03501301944946328,0.8884760830624295,0.7993315029246747,0.8877104600291661,0.8892430278884462,0.004081281449409044,36.12893521521941,13.492490086633413,False,False,DeepLabv3plus,internal_val
case_00089,33662,1949,16402,1453427,1505440,50064,35611,0.0332553937719205,0.7858068281295594,0.6471843577567147,0.9452697200303277,0.6723793544263343,0.0013391728323127493,59.841457201508724,20.299488194771435,False,False,DeepLabv3plus,internal_val
case_00090,70000,740,23552,1411148,1505440,93552,70740,0.062142629397385483,0.8521413093759891,0.7423747507741908,0.9895391574780887,0.7482469642551736,0.0005241208934419727,54.8465617741486,18.213419284829968,False,False,DeepLabv3plus,internal_val
case_00091,33287,2728,10787,1458638,1505440,44074,36015,0.02927649059411202,0.8312502341145476,0.7112302893038759,0.9242537831459114,0.7552525298361846,0.0018667465918873164,68.73369495811225,18.017957992945295,False,False,DeepLabv3plus,internal_val
case_00092,69851,5307,8310,1421972,1505440,78161,75158,0.05191904028058242,0.9111851760055831,0.8368596348301145,0.9293887543574869,0.8936809917989791,0.003718263913362419,26.348581985962156,10.645425257461072,False,False,DeepLabv3plus,internal_val
case_00093,144,0,14291,1491005,1505440,14435,144,0.00958855882665533,0.019754441319706426,0.009975753377208175,1.0,0.009975753377208175,0.0,112.11129126407982,60.300351133519044,False,False,DeepLabv3plus,internal_val
case_00094,26491,5908,13813,1459228,1505440,40304,32399,0.026772239345307685,0.7287457188836775,0.5732493724573704,0.8176486928608908,0.6572796744739976,0.004032390167192671,47.747219661830194,21.696898661919278,False,False,DeepLabv3plus,internal_val
case_00095,39789,5160,1735,1458756,1505440,41524,44949,0.027582633648634287,0.9202641286875672,0.8523048581955274,0.8852032303277048,0.9582169347847028,0.003524792406121663,27.723618207751237,8.609785825284007,False,False,DeepLabv3plus,internal_val
case_00096,18585,396,2707,1483752,1505440,21292,18981,0.014143373365926241,0.9229508603779207,0.8569254887495389,0.9791370317686107,0.8728630471538606,0.00026681975112994124,12.411285941426023,4.246770590837893,False,False,DeepLabv3plus,internal_val
case_00097,47922,8745,71361,1377412,1505440,119283,56667,0.07923464236369433,0.5447229326513214,0.37430874496203953,0.8456773783683625,0.4017504589924801,0.006308809175295439,295.6635570421123,70.0293881157884,False,False,DeepLabv3plus,internal_val
case_00098,52115,5082,14967,1433276,1505440,67082,57197,0.04455973004570093,0.838677491772544,0.7221744914361732,0.9111491861461265,0.7768850064100653,0.003533195490969564,60.440052945046304,16.42472259936075,False,False,DeepLabv3plus,internal_val
case_00099,21734,3053,6676,1473977,1505440,28410,24787,0.01887155914549899,0.8171137470158092,0.6907796459333185,0.8768305966837455,0.7650123196057727,0.0020669857755089604,42.693630133454285,15.106602722464398,False,False,DeepLabv3plus,internal_val
case_00100,53473,30648,6125,1415194,1505440,59598,84121,0.039588425975130195,0.7441326477362075,0.5925248764488177,0.6356676691908085,0.8972280949025135,0.021197336915098605,207.96802533523632,63.226299393832406,False,False,DeepLabv3plus,internal_val
case_00101,0,0,15548,1489892,1505440,15548,0,0.010327877564034435,0.0,0.0,nan,0.0,0.0,nan,nan,True,False,DeepLabv3plus,internal_val
case_00102,41570,21397,5120,1437353,1505440,46690,62967,0.03101418854288447,0.7581823321812561,0.6105423942896588,0.6601870821223815,0.8903405440137074,0.014668037703513282,122.3601207453157,28.71128052613069,False,False,DeepLabv3plus,internal_val
case_00103,93485,2737,13511,1395707,1505440,106996,96222,0.07107290891699437,0.9200464525780196,0.851931506474807,0.9715553615597264,0.8737242513738831,0.001957175260503817,31.806437232987125,12.276216766023872,False,False,DeepLabv3plus,internal_val
case_00104,129199,72456,4632,1299153,1505440,133831,201655,0.08889826230205122,0.7702199197582016,0.6263070382525316,0.6406932632466341,0.9653891848674822,0.0528255501385599,185.78747932978058,53.144406379408224,False,False,DeepLabv3plus,internal_val
case_00105,86606,4303,7862,1406669,1505440,94468,90909,0.0627510893825061,0.9343769723320584,0.8768363183525528,0.9526669526669527,0.9167760511495956,0.0030496707234445473,22.71115021885128,9.631457190262594,False,False,DeepLabv3plus,internal_val
case_00106,103181,36004,6083,1360172,1505440,109264,139185,0.07257944521203104,0.8306010489074216,0.7102803094969298,0.7413227000035923,0.9443275003660858,0.02578757978936753,141.20056512141886,41.283791814064585,False,False,DeepLabv3plus,internal_val
case_00107,115554,28354,1720,1359812,1505440,117274,143908,0.07790014879370816,0.8848542395724055,0.7934875161370066,0.8029713428023459,0.9853334925047325,0.020425511070001713,68.66367137209949,23.06422386488328,False,False,DeepLabv3plus,internal_val
case_00108,17875,4554,7084,1475927,1505440,24959,22429,0.01657920607928579,0.7544103992571959,0.6056653000372717,0.7969592937714566,0.7161745262230057,0.003076027318148629,43.072610467822464,17.035785718348848,False,False,DeepLabv3plus,internal_val
case_00109,142080,26610,13678,1323072,1505440,155758,168690,0.1034634392602827,0.8758260183450044,0.779084049833304,0.8422550240085364,0.9121842858793769,0.01971575526679618,65.9772596686194,21.786061318347983,False,False,DeepLabv3plus,internal_val
case_00110,48917,1721,28603,1426199,1505440,77520,50638,0.051493251142523115,0.7633858206276627,0.6173193170202295,0.9660136656266045,0.6310242518059855,0.0012052495938147795,58.52860509214125,23.642245616219917,False,False,DeepLabv3plus,internal_val
case_00111,93055,437,70142,1341806,1505440,163197,93492,0.10840485173769795,0.7250408081374737,0.568677658677292,0.9953258032772857,0.5702004326059915,0.0003255744302633726,107.05419157447785,40.35477678526334,False,False,DeepLabv3plus,internal_val
case_00112,83496,3180,19993,1398771,1505440,103489,86676,0.06874335742374323,0.8781426655798912,0.7827578771714369,0.9633116433614841,0.8068103856448512,0.002268267578538765,69.16790673707149,16.7692139988837,False,False,DeepLabv3plus,internal_val
case_00113,80742,11866,2909,1409923,1505440,83651,92608,0.05556581464555213,0.9161744932173677,0.8453154935770596,0.8718685210780927,0.9652245639621762,0.00834582346606986,38.2066542425575,12.397373033979685,False,False,DeepLabv3plus,internal_val
case_00114,112176,13860,11765,1367639,1505440,123941,126036,0.08232875438410032,0.8974905691323601,0.8140434394525439,0.8900314195944016,0.9050758021962063,0.010032580551994609,121.69264316617459,29.132795914390357,False,False,DeepLabv3plus,internal_val
case_00115,80492,15547,12711,1396690,1505440,93203,96039,0.06191080348602402,0.8506779678929625,0.7401563218390804,0.8381178479576006,0.8636202697338069,0.011008775439249928,41.193445919677565,18.338742306912575,False,False,DeepLabv3plus,internal_val
case_00116,99600,2539,27078,1376223,1505440,126678,102139,0.08414682750557977,0.8705646870643352,0.77079641223678,0.9751417186383262,0.7862454411973665,0.0018415070911440843,94.05712475322098,24.43514115395364,False,False,DeepLabv3plus,internal_val
case_00117,114985,2885,40666,1346904,1505440,155651,117870,0.10339236369433522,0.8407763937686686,0.7252926780037342,0.9755238822431492,0.7387360184001388,0.0021373711002238126,103.70866999798888,28.456289421275798,False,False,DeepLabv3plus,internal_val
case_00118,56735,317,85187,1363201,1505440,141922,57052,0.09427277075140823,0.5702755133836581,0.39887091444681133,0.9944436654280305,0.3997618410112597,0.00023248684652494504,164.69729078361496,60.37689226989581,False,False,DeepLabv3plus,internal_val
case_00119,15622,1265,10408,1478145,1505440,26030,16887,0.01729062599638644,0.7280098795349162,0.5723392562740429,0.9250903061526619,0.600153668843642,0.0008550706024699036,46.00054341406547,16.689420933707698,False,False,DeepLabv3plus,internal_val
case_00120,100693,18575,4132,1382040,1505440,104825,119268,0.06963080561164842,0.8986715336936004,0.8159886547811993,0.8442583090183452,0.9605819222513713,0.013262031321954998,42.460562458185706,15.440891652393251,False,False,DeepLabv3plus,internal_val
case_00121,57368,9838,5825,1432409,1505440,63193,67206,0.04197643213944096,0.8798840481905537,0.7855294327066589,0.8536142606314913,0.9078220689000364,0.006821300373653057,116.78569768081391,23.825308133356508,False,False,DeepLabv3plus,internal_val
case_00122,53949,405,92906,1358180,1505440,146855,54354,0.09754955361887555,0.5362483785516552,0.3663520304223822,0.9925488464510431,0.3673623642368323,0.00029810427761236874,145.86997609722619,68.40219027668961,False,False,DeepLabv3plus,internal_val
case_00123,79938,11806,3112,1410584,1505440,83050,91744,0.055166595812519925,0.9146538210693731,0.8427300328919626,0.8713158353679805,0.962528597230584,0.00830011459585627,29.154759474226502,10.529501016256253,False,False,DeepLabv3plus,internal_val
case_00124,93632,2976,13291,1395541,1505440,106923,96608,0.07102441811031991,0.9200760572099582,0.8519822746339821,0.969195097714475,0.8756955940256073,0.0021279684122538375,30.870698080866262,11.815248459344483,False,False,DeepLabv3plus,internal_val
case_00125,14810,1310,25032,1464288,1505440,39842,16120,0.02646535232224466,0.5292877309602945,0.3598853032659409,0.9187344913151365,0.37171828723457656,0.0008938330974796636,83.51526682882097,36.35271515337266,False,False,DeepLabv3plus,internal_val
case_00126,157241,9294,37712,1301193,1505440,194953,166535,0.129499016898714,0.8699652547249148,0.7698570848041831,0.944191911610172,0.8065585038445163,0.007092019989515348,71.33647341314271,21.365999634643025,False,False,DeepLabv3plus,internal_val
case_00127,127467,70987,964,1306022,1505440,128431,198454,0.0853112711233925,0.7798889517720299,0.6391950576176674,0.6422999788364054,0.9924940240284666,0.05155158753501248,175.3636221549081,46.80505094211526,False,False,DeepLabv3plus,internal_val
case_00128,88128,2025,24704,1390583,1505440,112832,90153,0.0749495164204485,0.8683203192354115,0.7672845364235528,0.977538185085355,0.7810550198525241,0.0014541062524414624,61.83037025939138,19.411166666466194,False,False,DeepLabv3plus,internal_val
case_00129,37955,0,27244,1440241,1505440,65199,37955,0.04330893293655011,0.7358900285010761,0.5821408303808341,1.0,0.5821408303808341,0.0,68.42950210981044,30.429880292468717,False,False,DeepLabv3plus,internal_val
case_00130,42319,3920,1806,1457395,1505440,44125,46239,0.029310367733021574,0.9366340578106326,0.8808200645228431,0.9152230800839118,0.959070821529745,0.0026825154056449156,17.029386365926403,6.3859140673429735,False,False,DeepLabv3plus,internal_val
case_00131,98772,37749,6057,1362862,1505440,104829,136521,0.06963346264215113,0.8184959602237415,0.6927576484450616,0.7234930889753225,0.9422201871619494,0.026951808889120535,137.29894217572013,38.296267264161145,False,False,DeepLabv3plus,internal_val
case_00132,23096,2230,4007,1476107,1505440,27103,25326,0.018003374428738443,0.8810391195712297,0.7873725837793611,0.911948195530285,0.8521565878316053,0.001508451726500791,21.968148880070103,8.86435894111572,False,False,DeepLabv3plus,internal_val
case_00133,118358,24229,6145,1356708,1505440,124503,142587,0.08270206716973111,0.8862780336216257,0.7957803297205712,0.830075673097828,0.9506437595881224,0.01754533334974731,60.4123330489369,22.09666871265513,False,False,DeepLabv3plus,internal_val
case_00134,19994,0,49094,1436352,1505440,69088,19994,0.04589223084281008,0.44888978693787746,0.2893990273274664,1.0,0.2893990273274664,0.0,135.4643853049657,57.383062056766704,False,False,DeepLabv3plus,internal_val
case_00135,57362,8118,4951,1435009,1505440,62313,65480,0.04139188542884472,0.8977330526711166,0.8144425040110179,0.8760232131948686,0.9205462744531638,0.005625284538367032,53.02998515327777,12.173110135907022,False,False,DeepLabv3plus,internal_val
case_00136,46627,8578,3207,1447028,1505440,49834,55205,0.03310261451801467,0.8878035777187521,0.798243511607204,0.8446155239561633,0.9356463458682827,0.0058930782093506075,46.8652320393971,13.596726660658517,False,False,DeepLabv3plus,internal_val
case_00137,89957,5266,12808,1397409,1505440,102765,95223,0.06826243490275269,0.9087116390892377,0.8326961705436402,0.9446982346701952,0.8753661265995232,0.00375425526226674,38.30991543357945,12.611962018559504,False,False,DeepLabv3plus,internal_val
case_00138,50485,1953,34886,1418116,1505440,85371,52438,0.056708337761717506,0.7326807392840816,0.578134304429481,0.9627560166291621,0.5913600637218728,0.0013752852854333134,95.5111768162599,28.132897878979303,False,False,DeepLabv3plus,internal_val
case_00139,112884,3777,42370,1346409,1505440,155254,116661,0.10312865341694123,0.8302888770387805,0.7098238708176393,0.9676241417440276,0.7270923776521055,0.0027973923592749445,114.03069711545908,33.13779474712578,False,False,DeepLabv3plus,internal_val
case_00140,78373,18061,3891,1405115,1505440,82264,96434,0.05464448931873738,0.8771558719179845,0.7811911288312983,0.812711284401767,0.952701060001945,0.012690629971275513,76.91163655586035,14.507461283625403,False,False,DeepLabv3plus,internal_val
case_00141,66665,12441,1074,1425260,1505440,67739,79106,0.04499614730577107,0.9079641799176001,0.83144175604889,0.842730007837585,0.9841450272368946,0.008653398724769615,37.94733192202055,12.447229861722088,False,False,DeepLabv3plus,internal_val
case_00142,36316,0,22119,1447005,1505440,58435,36316,0.038815894356467213,0.7665565534928391,0.6214768546247967,1.0,0.6214768546247967,0.0,67.22588960238657,25.149122609951952,False,False,DeepLabv3plus,internal_val
case_00143,130203,3653,41352,1330232,1505440,171555,133856,0.11395671697311086,0.8526411949798796,0.7431338751655175,0.9727094788429357,0.7589577686456238,0.002738616897258759,136.03106261680168,33.47480213476411,False,False,DeepLabv3plus,internal_val
case_00144,17470,0,58569,1429401,1505440,76039,17470,0.05050948559889468,0.3736538728892406,0.22975052275805838,1.0,0.22975052275805838,0.0,147.0510038561405,61.39031424620167,False,False,DeepLabv3plus,internal_val
case_00145,92010,639,50058,1362733,1505440,142068,92649,0.09436975236475714,0.7840079755620598,0.6447476297588766,0.993103001651394,0.6476476053720753,0.0004686908635354107,82.56512580987206,30.69636049334073,False,False,DeepLabv3plus,internal_val
case_00146,46434,7801,5196,1446009,1505440,51630,54235,0.03429562121373153,0.8772304349879564,0.7813094176439905,0.8561629943763253,0.8993608367228355,0.005365900633507817,47.853944456021594,15.067685461838453,False,False,DeepLabv3plus,internal_val
case_00147,151687,5778,17527,1330448,1505440,169214,157465,0.11240168987139973,0.9286608566819416,0.8668224833135229,0.9633061315212904,0.896421099908991,0.004324118824210874,46.67761363142922,14.539056058355527,False,False,DeepLabv3plus,internal_val
case_00148,37554,2448,24898,1440540,1505440,62452,40002,0.0414842172388139,0.7330899720850332,0.5786440677966102,0.9388030598470076,0.6013258182283994,0.0016964798044058578,62.18802019691276,27.906593050999263,False,False,DeepLabv3plus,internal_val
case_00149,76927,19468,4057,1404988,1505440,80984,96395,0.053794239557870126,0.8673743791542403,0.7658085453749054,0.7980393173919809,0.949903684678455,0.013666971812397153,79.32716278149807,16.25009786655534,False,False,DeepLabv3plus,internal_val
case_00150,68937,9838,2157,1424508,1505440,71094,78775,0.04722473163991923,0.9199634347330001,0.8517891563287698,0.8751126626467788,0.9696598869102878,0.006858875055251662,40.97852967457637,11.04975746164528,False,False,DeepLabv3plus,internal_val
case_00151,55952,947,9328,1439213,1505440,65280,56899,0.043362737804229994,0.9159020780985275,0.8448517976052063,0.9833564737517355,0.8571078431372549,0.0006575658260193312,33.83784863137726,9.7577935552759,False,False,DeepLabv3plus,internal_val
case_00152,15679,1851,2475,1485435,1505440,18154,17530,0.012058932936550111,0.8787691962784441,0.7837540614846289,0.8944095835710211,0.8636664096066983,0.001244548795591433,21.93171219946131,7.378674042132075,False,False,DeepLabv3plus,internal_val
case_00153,90988,1185,13344,1399923,1505440,104332,92173,0.0693033266021894,0.9260629500521615,0.8623065477600765,0.9871437405747887,0.8721006019246252,0.0008457592134225199,31.786775550536845,11.604428275112696,False,False,DeepLabv3plus,internal_val
case_00154,73181,2652,8745,1420862,1505440,81926,75833,0.05441997024125837,0.9277568950107442,0.8652486462200573,0.9650284177073306,0.893257329785416,0.0018629953762309328,25.0,10.115915248725772,False,False,DeepLabv3plus,internal_val
case_00155,0,0,79411,1426029,1505440,79411,0,0.05274936231267935,0.0,0.0,nan,0.0,0.0,nan,nan,True,False,DeepLabv3plus,internal_val
case_00156,39192,13296,1501,1451451,1505440,40693,52488,0.02703063556169625,0.841201532501261,0.7259256515216063,0.7466849565614998,0.9631140490993537,0.009077335539857737,67.54257916307313,18.702951965177405,False,False,DeepLabv3plus,internal_val
case_00157,134774,23352,6864,1088250,1253240,141638,158126,0.11301745874692797,0.8992007045542494,0.8168616279774532,0.8523203015316899,0.9515384289526821,0.021007518878159628,51.0,16.54415867538468,False,False,DeepLabv3plus,internal_val
case_00158,57026,2437,4901,1441076,1505440,61927,59463,0.04113548198533319,0.9395502100667271,0.8859921695357653,0.9590165312883642,0.9208584300870379,0.0016882425028385611,20.615528128088304,6.901582995517671,False,False,DeepLabv3plus,internal_val
case_00159,91772,3554,54615,1355499,1505440,146387,95326,0.09723868105005845,0.7593468286769847,0.612054074602677,0.9627174118288819,0.6269135920539393,0.0026150562192938757,95.89445388901706,36.98800944477943,False,False,DeepLabv3plus,internal_val
case_00160,135210,1475,19559,1349196,1505440,154769,136685,0.10280648846848763,0.9278308069197884,0.8653772304856506,0.9892087646779091,0.8736245630584937,0.0010920498033940168,38.58756276314948,12.334972874208873,False,False,DeepLabv3plus,internal_val
case_00161,90660,2132,89838,1322810,1505440,180498,92792,0.11989717291954512,0.6634710380914047,0.4964135136615014,0.9770238813690836,0.5022770335405379,0.0016091270410327396,141.771644674385,48.00700261728871,False,False,DeepLabv3plus,internal_val
case_00162,22338,1466,15864,1465772,1505440,38202,23804,0.02537596981613349,0.7205109182982292,0.5631239286074418,0.9384137119811796,0.5847337835715407,0.0009991562377746487,58.137767414994535,22.678542226479188,False,False,DeepLabv3plus,internal_val
case_00163,5159,1981,4605,1493695,1505440,9764,7140,0.006485811457115528,0.6103880738286797,0.4392507449978714,0.7225490196078431,0.5283695206882425,0.001324484714603965,148.47558721890948,33.93775303024526,False,False,DeepLabv3plus,internal_val
case_00164,99068,1862,18112,1386398,1505440,117180,100930,0.07783770857689447,0.908422355692082,0.8322104803346718,0.9815515703953235,0.8454343744666325,0.0013412473167850403,34.058772731852805,14.755977852142152,False,False,DeepLabv3plus,internal_val
case_00165,48254,1537,24611,1431038,1505440,72865,49791,0.048401131894994155,0.7868184189929559,0.6485578344668154,0.9691309674439156,0.6622383860564057,0.00107289321676003,102.61091513582112,33.69103953912011,False,False,DeepLabv3plus,internal_val
case_00166,46541,18916,1284,1438699,1505440,47825,65457,0.031768120948028486,0.8216839391959888,0.6973374687223746,0.711016392440839,0.9731521170935703,0.01297736370715175,62.84841551431263,20.40392409964953,False,False,DeepLabv3plus,internal_val
case_00167,45,29414,52382,1171399,1253240,52427,29459,0.041833168427436083,0.001099088977358767,0.0005498466538776408,0.0015275467599035948,0.0008583363534056879,0.024495071255890802,206.94374707693353,78.76907545375794,False,False,DeepLabv3plus,internal_val
case_00168,80801,36400,3819,1132220,1253240,84620,117201,0.06752098560531103,0.8007194494130938,0.6676665014047265,0.6894224452009795,0.9548688253367998,0.03114784960038336,93.35094500429621,29.68206903328808,False,False,DeepLabv3plus,internal_val
case_00169,99560,4017,21965,1379898,1505440,121525,103577,0.08072390796046339,0.8845767696422067,0.7930413726083702,0.9612172586578102,0.8192552972639374,0.0029026349161617583,67.44405055651713,18.823689706396245,False,False,DeepLabv3plus,internal_val
case_00170,42788,2244,17287,1443121,1505440,60075,45032,0.03990527686257838,0.8141798357863891,0.6865963831255315,0.9501687688754663,0.7122430295464003,0.0015525490101116327,64.56583199353821,22.312070518752705,False,False,DeepLabv3plus,internal_val
case_00171,53624,11234,2732,1437850,1505440,56356,64858,0.0374349027526836,0.884782285874569,0.7933718005622133,0.8267908353634092,0.9515224643338774,0.007752483637939554,28.794962603072733,13.145298369404905,False,False,DeepLabv3plus,internal_val
case_00172,91262,15623,998,1397557,1505440,92260,106885,0.0612844085450101,0.9165382008084562,0.8459349480455679,0.8538335594330355,0.9891827444179493,0.011055208819824792,58.58321753699963,13.286579849766806,False,False,DeepLabv3plus,internal_val
case_00173,7037,19,34696,1463688,1505440,41733,7056,0.027721463492400893,0.288466662567382,0.1685428242958421,0.9973072562358276,0.1686195576641986,1.2980739997827434e-05,98.1719882103952,52.14905157405479,False,False,DeepLabv3plus,internal_val
case_00174,7356,0,43740,1454344,1505440,51096,7356,0.03394090764161973,0.2516936973927325,0.14396430248943165,1.0,0.14396430248943165,0.0,170.54779155345477,76.42083482052185,False,False,DeepLabv3plus,internal_val
case_00175,34433,8249,6254,1456504,1505440,40687,42682,0.027026650015942184,0.8260384555410284,0.7036333169854504,0.8067335176420973,0.8462899697692138,0.005631666226319386,35.4682957019364,16.768209600115764,False,False,DeepLabv3plus,internal_val
case_00176,144465,29994,5665,1073116,1253240,150130,174459,0.11979349526028533,0.8901410707078798,0.8020308232106771,0.8280742180111086,0.9622660361020449,0.027190398056404167,119.0,27.509860686919374,False,False,DeepLabv3plus,internal_val
case_00177,39488,8704,6105,1451143,1505440,45593,48192,0.030285497927516208,0.8420962840539532,0.7272593329281544,0.8193891102257637,0.8660978659004672,0.005962268648700857,37.499325367061914,16.325324058552027,False,False,DeepLabv3plus,internal_val
case_00178,48062,2037,32467,1422874,1505440,80529,50099,0.05349200233818684,0.7358606118137,0.58210401375869,0.9593405057985189,0.5968284717306809,0.0014295629691959708,105.95942377690521,36.26212993048663,False,False,DeepLabv3plus,internal_val
case_00179,0,0,24028,1481412,1505440,24028,0,0.015960782229779997,0.0,0.0,nan,0.0,0.0,nan,nan,True,False,DeepLabv3plus,internal_val
case_00180,59507,702,173567,1271664,1505440,233074,60209,0.15482118184716762,0.4057991769042188,0.2545470878105537,0.9883406135295387,0.25531376301088926,0.0005517280405166438,173.61437111546223,86.56200744095507,False,False,DeepLabv3plus,internal_val
case_00181,51209,28495,548,1172988,1253240,51757,79704,0.04129855414764929,0.7790751629760918,0.63810247719683,0.6424897119341564,0.9894120602044167,0.02371652366284001,163.9030014027803,45.0378367517452,False,False,DeepLabv3plus,internal_val
case_00182,77883,4621,43729,1379207,1505440,121612,82504,0.08078169837389733,0.763124889768563,0.6169781277478947,0.9439905943954232,0.6404219978291616,0.0033392878305685387,128.6405682815332,36.15456772505973,False,False,DeepLabv3plus,internal_val
case_00183,110477,5550,14591,1122622,1253240,125068,116027,0.09979572946921579,0.9164603164727597,0.8458022630877827,0.9521663061184035,0.8833354655067643,0.004919462635130104,31.89827485264579,13.891457786236927,False,False,DeepLabv3plus,internal_val
case_00184,16025,2407,20608,1466400,1505440,36633,18432,0.024333749601445423,0.5820394079723963,0.4104764344262295,0.8694118923611112,0.43744711052875823,0.001638744913388893,72.18582382937062,27.565143978178085,False,False,DeepLabv3plus,internal_val
case_00185,97088,5783,3889,1398680,1505440,100977,102871,0.06707474226804123,0.9525528825399318,0.9094042712626452,0.9437839624383937,0.9614862790536459,0.004117588003386348,26.30199132063954,7.304494327424985,False,False,DeepLabv3plus,internal_val
case_00186,98028,4958,62440,1340014,1505440,160468,102986,0.10659209267722393,0.7441754537794074,0.5925791592615429,0.9518575340337522,0.6108881521549467,0.0036863220944376536,111.6413865300813,33.031121418745684,False,False,DeepLabv3plus,internal_val
case_00187,55251,8769,50077,1391343,1505440,105328,64020,0.06996492719736423,0.6525143491508609,0.4842458609779398,0.8630271790065605,0.5245613701959593,0.006263070382940794,137.65805506454709,39.811969116319545,False,False,DeepLabv3plus,internal_val
case_00188,75597,22362,9303,1398178,1505440,84900,97959,0.05639547242002338,0.8268337899693207,0.7047882754377133,0.7717208219765412,0.8904240282685513,0.01574190096723781,78.0,24.75132597687161,False,False,DeepLabv3plus,internal_val
case_00189,135175,6233,19711,1092121,1253240,154886,141408,0.12358845871501069,0.9124383213969909,0.8389761604776593,0.9559218714641322,0.872738659401108,0.005674855283451419,43.05519448931533,17.06742896128225,False,False,DeepLabv3plus,internal_val
case_00190,63978,17273,6745,1417444,1505440,70723,81251,0.046978292060792855,0.8419598089146828,0.727055775262512,0.7874118472388032,0.9046279145398244,0.012039308100482534,55.709043819052795,21.21946132827865,False,False,DeepLabv3plus,internal_val
case_00191,3089,36,112768,1389547,1505440,115857,3125,0.07695889573812308,0.05192382040980989,0.026653896266383648,0.98848,0.026662178375065813,2.5907052691346974e-05,190.05525512334563,79.9532611714293,False,False,DeepLabv3plus,internal_val
case_00192,54232,620,26202,1424386,1505440,80434,54852,0.05342889786374747,0.8017385390949544,0.6690848076590915,0.9886968569970102,0.6742422358704031,0.00043508588735766726,79.34697053416936,26.462397525430035,False,False,DeepLabv3plus,internal_val
case_00193,97417,3471,64621,1339931,1505440,162038,100888,0.10763497714953768,0.7410221887527288,0.5885903485611055,0.96559551185473,0.6011984843061504,0.0025837388957289033,99.44344859768118,32.75738147950745,False,False,DeepLabv3plus,internal_val
case_00194,14966,3,10603,1479868,1505440,25569,14969,0.016984403230949092,0.7383689377867679,0.5852494916314719,0.9997995858106754,0.5853181587078102,2.027203722486622e-06,39.09282631312696,18.77625518896354,False,False,DeepLabv3plus,internal_val
case_00195,3005,0,178353,1324082,1505440,181358,3005,0.1204684344776278,0.03259873184966615,0.016569437245668787,1.0,0.016569437245668787,0.0,416.56716109317335,223.02771497133045,False,False,DeepLabv3plus,internal_val
case_00196,22791,10200,4818,1467631,1505440,27609,32991,0.018339488787331278,0.7521782178217822,0.6027929857970324,0.690824770391925,0.8254916874932088,0.0069020070630538945,64.76109943476871,25.56067452724623,False,False,DeepLabv3plus,internal_val
case_00197,12605,0,107745,1385090,1505440,120350,12605,0.07994340525029227,0.1896130269640104,0.10473618612380557,1.0,0.10473618612380557,0.0,234.9215825287374,91.6157572147189,False,False,DeepLabv3plus,internal_val
case_00198,73579,1108,18693,1412060,1505440,92272,74687,0.06129237963651823,0.8814020208554196,0.7879524523452559,0.9851647542410326,0.797414166811167,0.0007840539836735618,52.33736631104757,16.206257244457493,False,False,DeepLabv3plus,internal_val
case_00199,111711,185,26910,1366634,1505440,138621,111896,0.09208005632904666,0.8918436672960318,0.8047995043441926,0.9983466790591263,0.805873568939771,0.00013535076699987343,46.71936407545297,18.47523188788225,False,False,DeepLabv3plus,internal_val
case_00200,148541,16349,10028,1330522,1505440,158569,164890,0.10533066744606229,0.9184533433912799,0.8492036268422918,0.9008490508824064,0.9367593918105052,0.012138504726881787,56.32228635397021,16.42730439846415,False,False,DeepLabv3plus,internal_val
case_00201,72771,4553,9164,1418952,1505440,81935,77324,0.05442594855988947,0.9138698597881438,0.8413999630006475,0.9411178935388754,0.8881552450112894,0.0031984432790892903,26.16293515302539,11.338912666862896,False,False,DeepLabv3plus,internal_val
case_00202,132582,12633,4613,1355612,1505440,137195,145215,0.09113282495483048,0.9389327573386211,0.8848946792321862,0.9130048548703646,0.966376325667845,0.009232995552697068,29.969148823146575,10.855987089315349,False,False,DeepLabv3plus,internal_val
case_00203,55914,18167,453,1430906,1505440,56367,74081,0.03744220958656606,0.8572611308720717,0.7501811253924383,0.7547684291518743,0.9919633828303794,0.012536980538592604,38.47076812334269,18.009682608619748,False,False,DeepLabv3plus,internal_val
case_00204,26747,195,147620,1330878,1505440,174367,26942,0.11582460941651611,0.2657307919665787,0.15322349652272546,0.9927622299755029,0.15339485108994247,0.00014649835133009233,198.16416659617474,109.4810630809616,False,False,DeepLabv3plus,internal_val
case_00205,25555,1158,14613,1464114,1505440,40168,26713,0.026681900308215538,0.7641931191220227,0.618375840874994,0.9566503200688803,0.636202947619996,0.0007902969551045813,65.26675617048205,20.258532957801858,False,False,DeepLabv3plus,internal_val
case_00206,75140,1857,20031,1408412,1505440,95171,76997,0.06321806249335743,0.8728683611356349,0.7744156326008987,0.9758821772276842,0.7895262212228515,0.0013167700630163466,67.42745275333664,17.786887086815952,False,False,DeepLabv3plus,internal_val
case_00207,55022,2096,9172,1439150,1505440,64194,57118,0.04264135402274418,0.9071155367976788,0.8300196108010258,0.9633040372562065,0.857120603171636,0.001454297184519506,34.025720210505625,11.587370133976739,False,False,DeepLabv3plus,internal_val
case_00208,29976,2548,6138,1466778,1505440,36114,32524,0.02398899989371878,0.8734520236603631,0.7753349542186125,0.9216578526626491,0.8300382123276292,0.001734128437120149,31.064449134018133,11.18823840954133,False,False,DeepLabv3plus,internal_val
case_00209,43884,1808,19421,1440327,1505440,63305,45692,0.042050828993516844,0.8052331715551804,0.6739667961850936,0.9604307099711109,0.6932153858305031,0.0012536967759606418,54.201892985715006,21.811307312815668,False,False,DeepLabv3plus,internal_val
case_00210,9929,0,66122,1429389,1505440,76051,9929,0.05051745669040281,0.2309606885322168,0.13055712613903828,1.0,0.13055712613903828,0.0,172.03531398698877,85.17046122352347,False,False,DeepLabv3plus,internal_val
case_00211,0,0,18721,1486719,1505440,18721,0,0.012435567010309278,0.0,0.0,nan,0.0,0.0,nan,nan,True,False,DeepLabv3plus,internal_val
case_00212,148505,13843,11228,1331864,1505440,159733,162348,0.10610386332235094,0.9221593325902491,0.8555618288242615,0.9147325498312268,0.9297076997239143,0.01028678605372492,43.51771630373392,15.410810535066075,False,False,DeepLabv3plus,internal_val
case_00213,55658,16301,5868,1427613,1505440,61526,71959,0.040869114677436494,0.8339214143911301,0.715150269186786,0.7734682249614364,0.9046256867015571,0.011289453527010612,62.10068692328075,19.789688589750124,False,False,DeepLabv3plus,internal_val
case_00214,54466,20386,3444,1427144,1505440,57910,74852,0.0384671591029865,0.8205058676428496,0.6956421783999183,0.7276492278095442,0.9405284061474702,0.014083300518814809,183.5404874273169,36.33940571525628,False,False,DeepLabv3plus,internal_val
case_00215,154402,19411,1360,1330267,1505440,155762,173813,0.10346609629078542,0.9369764090116058,0.8814257905042444,0.8883225075224523,0.9912687304990948,0.014381948879658704,37.51130727642138,12.554652563644106,False,False,DeepLabv3plus,internal_val
case_00216,28715,5509,2362,1468854,1505440,31077,34224,0.020643134233180996,0.879465858103245,0.7848630623735855,0.8390310892940627,0.9239952376355504,0.003736528928086231,46.04232639407119,11.526578672635466,False,False,DeepLabv3plus,internal_val
case_00217,82889,10016,3129,1409406,1505440,86018,92905,0.057138112445530874,0.9265326425333803,0.8631213945061125,0.8921909477423174,0.9636238926736265,0.0070563933770224786,36.069377593742864,10.90840455653312,False,False,DeepLabv3plus,internal_val
case_00218,34070,502,29962,1440906,1505440,64032,34572,0.04253374428738442,0.6910470163482212,0.5279387609632132,0.9854795788499363,0.5320777111444278,0.00034827057987745315,92.1262566994065,29.56664779355986,False,False,DeepLabv3plus,internal_val
case_00219,85471,7205,15468,1397296,1505440,100939,92676,0.0670495004782655,0.882896469798311,0.7903443556739163,0.9222560317665847,0.8467589336133704,0.005129935827742379,52.791088467300874,17.143792802481034,False,False,DeepLabv3plus,internal_val
case_00220,1326,0,224928,1279186,1505440,226254,1326,0.15029094484004676,0.011653045083047719,0.005860669866610093,1.0,0.005860669866610093,0.0,448.42656357032655,238.05840616807075,False,False,DeepLabv3plus,internal_val
case_00221,72505,3788,10175,1418972,1505440,82680,76293,0.054920820491019234,0.912167474980028,0.8385182957857242,0.9503493112081056,0.8769351717464925,0.0026624307683657117,30.241501902453358,12.28912060036012,False,False,DeepLabv3plus,internal_val
case_00222,39838,5132,12702,1447768,1505440,52540,44970,0.034900095653098095,0.8171059378525279,0.6907684838396448,0.8858794752056927,0.7582413399314808,0.0035322458531213434,63.67413495427239,21.869196970743015,False,False,DeepLabv3plus,internal_val
case_00223,3000,0,54934,1447506,1505440,57934,3000,0.03848310128600276,0.0984671940131946,0.051783063486035834,1.0,0.051783063486035834,0.0,166.66057271503377,97.45699371688309,False,False,DeepLabv3plus,internal_val
case_00224,35712,10514,466,1458748,1505440,36178,46226,0.024031512381762144,0.8667540410659677,0.7648419429452583,0.7725522433262666,0.987119243739289,0.007155973543180182,41.87003686609936,14.111167512914651,False,False,DeepLabv3plus,internal_val
case_00225,35287,2425,8880,1458848,1505440,44167,37712,0.029338266553300033,0.8619304095067111,0.7573617788461539,0.9356968604157828,0.7989449136232935,0.00165951194609084,34.17601498127012,14.320214663158353,False,False,DeepLabv3plus,internal_val
case_00226,60160,21786,42212,1381282,1505440,102372,81946,0.0680013816558614,0.6527848609468418,0.48454388762705586,0.7341419959485515,0.5876606884695034,0.015527401380403516,193.98675484837787,50.41697177639925,False,False,DeepLabv3plus,internal_val
case_00227,101111,8867,8073,1387389,1505440,109184,109978,0.07252630460197683,0.922705578521824,0.8565026979864635,0.9193747840477187,0.9260605949589683,0.006350554626085761,32.73223340440848,10.87446873626793,False,False,DeepLabv3plus,internal_val
case_00228,45008,7737,994,1451701,1505440,46002,52745,0.030557179296418324,0.911582124013894,0.8375295409293064,0.8533131102474169,0.9783922438154863,0.005301355727341621,24.73863375370596,8.949754252050537,False,False,DeepLabv3plus,internal_val
case_00229,102463,33772,2169,1367036,1505440,104632,136235,0.06950260388989266,0.8507848729796942,0.7403181988959857,0.7521048188791427,0.9792702041440478,0.02410894283870452,102.14792873642124,28.89353681654489,False,False,DeepLabv3plus,internal_val
case_00230,2569,0,76157,1426714,1505440,78726,2569,0.052294345839090234,0.063201918937204,0.03263216726367401,1.0,0.03263216726367401,0.0,207.08319350744281,117.76685585541479,False,False,DeepLabv3plus,internal_val
case_00231,69936,10924,13222,1411358,1505440,83158,80860,0.0552383356360931,0.8527844504871417,0.7433515443974406,0.8649023002720752,0.8410014670867505,0.0076806146741644765,51.82465277206596,18.61563522013492,False,False,DeepLabv3plus,internal_val
case_00232,68809,7192,3781,1425658,1505440,72590,76001,0.04821846104793283,0.9261529971532596,0.8624627108871675,0.9053696661886028,0.9479129356660697,0.0050193669958474366,28.539313374782164,10.040195710735485,False,False,DeepLabv3plus,internal_val
case_00233,8885,0,75066,1421489,1505440,83951,8885,0.05576509193325539,0.19141281399457108,0.10583554692618313,1.0,0.10583554692618313,0.0,119.06300453031965,63.411367732230985,False,False,DeepLabv3plus,internal_val
case_00234,80577,6157,9708,1408998,1505440,90285,86734,0.05997249973429695,0.910376852202306,0.8354969826424172,0.9290128438674569,0.8924738328626017,0.004350760164080966,37.8767384922711,13.553947007631661,False,False,DeepLabv3plus,internal_val
case_00235,22829,1034,4010,1477567,1505440,26839,23863,0.01782801041555957,0.9005167449015818,0.8190363434147742,0.956669320705695,0.850590558515593,0.0006993096853038785,17.0,7.092910668180288,False,False,DeepLabv3plus,internal_val
case_00236,107835,19515,7582,1370508,1505440,115417,127350,0.07666662238282496,0.8883826879271071,0.7991803278688525,0.8467608951707891,0.934307770952286,0.014039336039763371,86.3527647184139,19.817713654476933,False,False,DeepLabv3plus,internal_val
case_00237,127273,9441,23574,1345152,1505440,150847,136714,0.1002012700605803,0.8851895771679748,0.7940270013974845,0.9309434293488597,0.8437224472478737,0.0069696211334326985,79.4166199493979,20.702686595838507,False,False,DeepLabv3plus,internal_val
case_00238,50763,4532,2698,1447447,1505440,53461,55295,0.035511876926347115,0.933520909191217,0.8753297811804873,0.9180396057509721,0.9495333046519893,0.0031212572633626244,22.360679774997898,8.547439622301201,False,False,DeepLabv3plus,internal_val
case_00239,95722,1273,15907,1392538,1505440,111629,96995,0.07415041449675842,0.9176508934734259,0.8478326336114507,0.9868756121449559,0.8575011869675443,0.0009133232554485507,49.251903320319386,12.585652259913926,False,False,DeepLabv3plus,internal_val
case_00240,37550,324,130224,1337342,1505440,167774,37874,0.11144515889042406,0.36518711584844005,0.22338159882925437,0.9914453186882822,0.22381298651757722,0.00024221292908693201,137.88763541376724,65.33019507892286,False,False,DeepLabv3plus,internal_val
case_00241,51690,8146,6066,1439538,1505440,57756,59836,0.038364863428632164,0.8791414381930743,0.784346453825377,0.8638612206698308,0.8949719509661334,0.0056269185816794276,45.32104046594071,16.28834683783834,False,False,DeepLabv3plus,internal_val
case_00242,109650,16243,13301,1366246,1505440,122951,125893,0.08167113933467957,0.8812750156724695,0.7877494719599982,0.8709777350607262,0.8918186919992518,0.01174909890783941,120.13159241806008,30.73369829080601,False,False,DeepLabv3plus,internal_val
case_00243,66677,5196,7695,1425872,1505440,74372,71873,0.04940216813689021,0.911853396697323,0.8379876332193846,0.9277058144226622,0.8965336416931103,0.0036308547182943088,32.26216183283799,11.87097089066786,False,False,DeepLabv3plus,internal_val
case_00244,112830,2380,13975,1376255,1505440,126805,115210,0.08423118822404081,0.9324215441191661,0.8733986143902156,0.9793420710007812,0.8897914120105674,0.0017263452617988083,36.56488749700148,11.141239296264725,False,False,DeepLabv3plus,internal_val
case_00245,28989,7118,6087,1463246,1505440,35076,36107,0.02329950047826549,0.81449222426703,0.6870408114897852,0.8028637106378265,0.8264625384878549,0.00484097815234867,52.03437887744216,16.56141993668321,False,False,DeepLabv3plus,internal_val
case_00246,71532,1111,20454,1412343,1505440,91986,72643,0.06110240195557445,0.8690084978952676,0.7683598827029872,0.9847060281100726,0.777640075663688,0.0007860177975370971,100.0199980003999,20.83757983583857,False,False,DeepLabv3plus,internal_val
case_00247,152293,4170,24296,1324681,1505440,176589,156463,0.1173005898607716,0.9145298632045447,0.8425195979176694,0.973348331554425,0.8624149862109192,0.0031380493373598696,55.62766055357079,18.021390516589868,False,False,DeepLabv3plus,internal_val
case_00248,33322,5264,6372,1460482,1505440,39694,38586,0.026367042193644382,0.8513541134389372,0.7411806575025579,0.8635774633286685,0.8394719604978083,0.0035913452944780337,44.58189029197555,14.359308024781612,False,False,DeepLabv3plus,internal_val
case_00249,90407,16136,28257,1370640,1505440,118664,106543,0.07882346689339993,0.802879128979117,0.6706750741839763,0.848549411974508,0.761873862333985,0.011635621037572038,74.3545468223575,26.27243599855025,False,False,DeepLabv3plus,internal_val
case_00250,99516,2223,147058,1256643,1505440,246574,101739,0.16378865979381443,0.5714170875046295,0.39998874584500616,0.9781499719871436,0.40359486401648187,0.001765875001787323,214.5291354783901,79.4554000695159,False,False,DeepLabv3plus,internal_val
case_00251,24824,8207,38514,1433895,1505440,63338,33031,0.04207274949516421,0.5151864188691384,0.34697043818575724,0.7515364354697103,0.3919290157567337,0.005690998278901215,178.47016534881487,50.20939740865846,False,False,DeepLabv3plus,internal_val
case_00252,13207,2801,8848,1480584,1505440,22055,16008,0.014650201934318206,0.6939547592149857,0.5313405214032829,0.8250249875062469,0.5988211289956926,0.0018882488362764892,52.304519189706355,17.743563800854442,False,False,DeepLabv3plus,internal_val
case_00253,27493,964,17382,1459601,1505440,44875,28457,0.029808560952279732,0.7498227240495282,0.5997731189598376,0.9661243279333731,0.6126573816155989,0.0006600185544635124,68.38749411755424,26.193404258595805,False,False,DeepLabv3plus,internal_val
case_00254,19062,6007,238,1480133,1505440,19300,25069,0.012820172175576575,0.8592485744551376,0.753230331528826,0.7603813474809525,0.9876683937823835,0.004042014884196644,36.392289067281816,9.955783484222312,False,False,DeepLabv3plus,internal_val
case_00255,60916,17742,2325,1424457,1505440,63241,78658,0.04200831650547348,0.8585825129141149,0.7522072533741649,0.7744412520023393,0.9632358754605398,0.01230204708226812,90.36707010872556,18.529419850626535,False,False,DeepLabv3plus,internal_val
case_00256,29113,6169,57481,1412677,1505440,86594,35282,0.05752072483792114,0.4777478748892317,0.31384280370406303,0.8251516353948188,0.33620112247961753,0.0043478996311086615,109.50728725382608,43.87589788111247,False,False,DeepLabv3plus,internal_val
case_00257,56516,14454,4595,1429875,1505440,61111,70970,0.040593447762780316,0.8557778938681566,0.7479123933037782,0.7963364802029026,0.9248089541980985,0.010007415208030857,71.42128534267638,18.80431837221317,False,False,DeepLabv3plus,internal_val
case_00001,22994,2578,2280,523798,551650,25274,25572,0.04581528142844195,0.9044565944223735,0.8255780554358754,0.8991866103550759,0.909788715676189,0.004897639710017174,19.07350294090185,7.437434986790612,False,False,DeepLabv3plus,external_test1
case_00002,15225,2822,678,672475,691200,15903,18047,0.0230078125,0.8969072164948454,0.8130841121495327,0.8436305203080845,0.9573665346161102,0.004178902023850246,29.0,7.106856438575454,False,False,DeepLabv3plus,external_test1
case_00003,6105,15,14754,1484566,1505440,20859,6120,0.013855749814007865,0.45257422439675304,0.2924691003161828,0.9975490196078431,0.29267941895584637,1.0103860954707085e-05,68.57636266695434,28.34723018289475,False,False,DeepLabv3plus,external_test1
case_00004,77301,8928,9756,1409455,1505440,87057,86229,0.05782827611860984,0.8921782486755999,0.8053445850914205,0.8964617472080159,0.8879354905406802,0.006294491685250035,48.373546489791295,13.854445259950346,False,False,DeepLabv3plus,external_test1
case_00005,10110,2944,349,677797,691200,10459,13054,0.015131655092592592,0.8599498149959597,0.7543087368499589,0.7744752566263214,0.9666316091404532,0.004324699114641251,24.338239542095515,7.65368942879845,False,False,DeepLabv3plus,external_test1
case_00006,58344,10173,1280,481853,551650,59624,68517,0.10808302365630382,0.9106218930709141,0.8359098528590054,0.851525898682079,0.9785321347108547,0.020675736648063315,35.84689665786984,10.75923273102125,False,False,DeepLabv3plus,external_test1
case_00007,2252,10124,1996,676828,691200,4248,12376,0.006145833333333333,0.27093358999037537,0.15669357083217367,0.1819650937297996,0.5301318267419962,0.01473756536118972,67.87452895318253,30.709446576282843,False,False,DeepLabv3plus,external_test1
case_00008,125052,53529,3658,1323201,1505440,128710,178581,0.08549659900095653,0.8138995284599939,0.6861977952030026,0.7002536664034807,0.9715795198508275,0.03888126212111307,123.3566926493497,41.58926286277356,False,False,DeepLabv3plus,external_test1
case_00009,25311,5150,6048,654691,691200,31359,30461,0.04536892361111111,0.8188612099644128,0.6932811087677011,0.8309313548471816,0.8071367071654071,0.007804910576942021,62.39831433162735,15.483502675056252,False,False,DeepLabv3plus,external_test1
case_00010,19473,5905,3537,1476525,1505440,23010,25378,0.01528456796684026,0.8048689757791188,0.6734566833823276,0.767318149578375,0.8462842242503259,0.00398332467637595,41.773197148410844,12.99987587947811,False,False,DeepLabv3plus,external_test1
case_00011,11236,2476,11559,1480169,1505440,22795,13712,0.015141752577319588,0.6155531815816145,0.4446203157769776,0.8194282380396732,0.49291511296336915,0.0016699884328345625,68.70589022226471,23.588383968685637,False,False,DeepLabv3plus,external_test1
case_00012,9361,2330,838,678671,691200,10199,11691,0.014755497685185186,0.8552763819095477,0.7471466198419666,0.8007013942348815,0.9178350818707717,0.0034214340360733684,20.765096918984543,6.261041062252244,False,False,DeepLabv3plus,external_test1
case_00013,11638,1117,1207,677238,691200,12845,12755,0.018583622685185184,0.90921875,0.8335482022632861,0.9124264994119953,0.906033476060724,0.0016466304516071968,17.0,5.2738675712141365,False,False,DeepLabv3plus,external_test1
case_00014,3866,1420,859,685055,691200,4725,5286,0.0068359375,0.7723504145440016,0.6291293734743694,0.7313658721150208,0.8182010582010582,0.002068538548381223,22.750681050778777,7.856696291885405,False,False,DeepLabv3plus,external_test1
case_00015,10381,2513,3865,674441,691200,14246,12894,0.020610532407407407,0.7649963154016213,0.6194283668476639,0.8051031487513572,0.7286957742524217,0.003712216782824239,34.3132215444366,11.59601525467503,False,False,DeepLabv3plus,external_test1
case_00016,12264,1446,875,537065,551650,13139,13710,0.02381763799510559,0.9135535774144289,0.8408639012684265,0.8945295404814004,0.933404368673415,0.0026851819182895057,15.162158770053573,5.031653101721453,False,False,DeepLabv3plus,external_test1
case_00017,26539,9996,2652,1466253,1505440,29191,36535,0.019390344351153152,0.8075647384596659,0.6772399009875724,0.7263993430956617,0.909150080504265,0.006771215425040084,49.7619315298338,15.923946278364724,False,False,DeepLabv3plus,external_test1
case_00018,91060,7929,18160,1388291,1505440,109220,98989,0.07255021787650122,0.8746980197782036,0.777300702524136,0.9199001909303054,0.8337300860648232,0.005678904470642163,77.50495693620013,17.956498342326345,False,False,DeepLabv3plus,external_test1
case_00019,38056,4256,6262,503076,551650,44318,42312,0.08033717030726004,0.8785870945399977,0.7834644048256268,0.8994138778597088,0.858703010063631,0.00838898393951101,36.124783736376884,10.649574611078908,False,False,DeepLabv3plus,external_test1
case_00020,0,0,2173,689027,691200,2173,0,0.00314380787037037,0.0,0.0,nan,0.0,0.0,nan,nan,True,False,DeepLabv3plus,external_test1
case_00021,47815,1042,52642,1403941,1505440,100457,48857,0.06672932830268892,0.6404623812904349,0.47108838510724244,0.9786724522586323,0.475974795186,0.000741645984328636,111.95043505255494,38.021492774745326,False,False,DeepLabv3plus,external_test1
case_00022,18840,5245,3840,1477515,1505440,22680,24085,0.01506536295036667,0.8057307815674115,0.674664279319606,0.7822296034876479,0.8306878306878307,0.003537322290862985,34.47379772633347,13.046565965595889,False,False,DeepLabv3plus,external_test1
case_00023,22779,7833,1000,659588,691200,23779,30612,0.03440248842592593,0.8376018091228328,0.7205807921042642,0.7441199529596236,0.9579460868833845,0.011736220466542107,39.84218703428371,13.551283807914102,False,False,DeepLabv3plus,external_test1
case_00024,22054,1302,3884,663960,691200,25938,23356,0.03752604166666667,0.8947944983162252,0.8096182085168869,0.944254153108409,0.8502583082735754,0.0019571236595506735,18.027756377319946,7.561151287420273,False,False,DeepLabv3plus,external_test1
case_00025,33999,787,3129,513735,551650,37128,34786,0.0673035439137134,0.9455460689156493,0.8967163391797441,0.9773759558443051,0.9157239819004525,0.001529575023031085,15.715943826327603,4.26223221781533,False,False,DeepLabv3plus,external_test1
case_00026,77476,502,18899,1408563,1505440,96375,77978,0.06401782867467319,0.8887257460439453,0.7997357473910216,0.9935622867988407,0.8039014267185474,0.0003562646151880857,42.12343339186772,14.156189432012745,False,False,DeepLabv3plus,external_test1
case_00027,25212,7001,5217,514220,551650,30429,32213,0.05515997462158977,0.8049551419175633,0.6735773443761689,0.7826653835408065,0.8285517105392882,0.01343192235155529,42.80186911806539,17.143911741559986,False,False,DeepLabv3plus,external_test1
case_00028,23029,835,5411,661925,691200,28440,23864,0.04114583333333333,0.8805827470174366,0.7866438941076004,0.9650100569896077,0.8097398030942334,0.0012598829138753093,58.52349955359813,13.516114478375838,False,False,DeepLabv3plus,external_test1
case_00029,22399,96,5979,523176,551650,28378,22495,0.05144203752379226,0.8805849861419613,0.7866474678654211,0.9957323849744387,0.78930861935302,0.00018346099160665964,25.047771785649594,8.582975973608264,False,False,DeepLabv3plus,external_test1
case_00030,2418,0,7639,1495383,1505440,10057,2418,0.006680438941439048,0.3876553106212425,0.24042955155613005,1.0,0.24042955155613005,0.0,46.51877991831504,25.068704395198584,False,False,DeepLabv3plus,external_test1
case_00031,52047,493,8887,1444013,1505440,60934,52540,0.04047587416303539,0.9173378923806335,0.8472984192618881,0.9906166730110392,0.8541536744674566,0.00034129314796892504,32.01562118716424,9.10930072973551,False,False,DeepLabv3plus,external_test1
case_00032,33890,1659,2301,653350,691200,36191,35549,0.05235966435185185,0.944800669082799,0.8953764861294584,0.9533320205912965,0.9364206570694371,0.0025327896257914015,13.0,4.805714413024885,False,False,DeepLabv3plus,external_test1
case_00033,36720,8897,3149,502884,551650,39869,45617,0.07227227408683042,0.8590880378073603,0.7529836361399336,0.8049630620163536,0.9210163284757581,0.017384389025774695,112.62326440235188,23.221014118149682,False,False,DeepLabv3plus,external_test1
case_00034,20468,7623,562,662547,691200,21030,28091,0.03042534722222222,0.8333706561348507,0.7143405577077444,0.7286319461749314,0.9732762719923919,0.011374725815837773,30.53179849861318,10.714187076867107,False,False,DeepLabv3plus,external_test1
case_00035,0,0,6858,1498582,1505440,6858,0,0.004555478796896589,0.0,0.0,nan,0.0,0.0,nan,nan,True,False,DeepLabv3plus,external_test1
case_00036,1129,5118,38450,1460743,1505440,39579,6247,0.026290652566691466,0.049273338279579276,0.025258965926124796,0.18072674883944292,0.028525228024962733,0.003491463378860615,312.49086918121776,124.18839319068375,False,False,DeepLabv3plus,external_test1
case_00037,7867,44,35132,1462397,1505440,42999,7911,0.02856241364650866,0.3090551954429385,0.18277071765443859,0.9944381241309569,0.1829577432033303,3.0086683838869397e-05,163.37074401495514,57.67434884045148,False,False,DeepLabv3plus,external_test1
case_00038,41630,3440,27752,618378,691200,69382,45070,0.10037905092592593,0.7274665361898438,0.5716679025569196,0.9236742844464166,0.600011530368107,0.005532165360282269,85.77524215229222,39.29188977327708,False,False,DeepLabv3plus,external_test1
case_00039,15048,2102,3728,670322,691200,18776,17150,0.027164351851851853,0.8377219840783834,0.7207586933614331,0.8774344023323615,0.8014486578610993,0.003126003830916208,31.575306807693888,10.02653407752824,False,False,DeepLabv3plus,external_test1
case_00040,49041,11595,1679,628885,691200,50720,60636,0.07337962962962963,0.8807967240202593,0.7869854770119554,0.8087769641796952,0.9668966876971609,0.018103609792655507,53.00800677200036,13.081691993519554,False,False,DeepLabv3plus,external_test1
case_00041,12315,0,14756,1478369,1505440,27071,12315,0.01798211818471676,0.6253491088203931,0.4549148535333013,1.0,0.4549148535333013,0.0,61.25024253399222,25.44169420292165,False,False,DeepLabv3plus,external_test1
case_00042,0,7305,9006,1236929,1253240,9006,7305,0.007186173438447544,0.0,0.0,0.0,0.0,0.00587108212763837,231.93102326730767,190.44734748211695,False,False,DeepLabv3plus,external_test1
case_00043,22197,3071,1559,664373,691200,23756,25268,0.03436921296296296,0.9055564621409922,0.8274126812539606,0.8784628779483932,0.9343744738171409,0.0046011350765008,29.832867780352597,7.815406152606144,False,False,DeepLabv3plus,external_test1
case_00044,0,0,3198,1250042,1253240,3198,0,0.00255178577128084,0.0,0.0,nan,0.0,0.0,nan,nan,True,False,DeepLabv3plus,external_test1
case_00045,743,18189,23822,1210486,1253240,24565,18932,0.01960119370591427,0.034163275628204245,0.017378490901436124,0.03924572152968519,0.030246285365357214,0.014803752009278288,386.3816100575714,199.39602144864634,False,False,DeepLabv3plus,external_test1
case_00046,2076,22739,6756,1221669,1253240,8832,24815,0.007047333312055153,0.12339881713079918,0.06575654873143075,0.08365907717106588,0.23505434782608695,0.01827294585055705,384.1497013219736,211.26720885029715,False,False,DeepLabv3plus,external_test1
case_00047,11835,6903,6197,1228305,1253240,18032,18738,0.014388305512112605,0.6437313026924123,0.47463404852616803,0.6316042267050913,0.6563331854480923,0.0055885324576913364,62.42435383101301,21.806392857444532,False,False,DeepLabv3plus,external_test1
case_00048,57155,555,15666,1179864,1253240,72821,57710,0.058106188758737354,0.8757306693429147,0.7789331661578718,0.9903829492289031,0.7848697491108334,0.0004701720321343523,44.58025927312968,13.795257488206785,False,False,DeepLabv3plus,external_test1
case_00049,8284,0,18483,1478673,1505440,26767,8284,0.017780183866510788,0.4726826624062081,0.30948556057832405,1.0,0.30948556057832405,0.0,53.00188662455886,33.820435359190654,False,False,DeepLabv3plus,external_test1
case_00050,41734,305,12308,1451093,1505440,54042,42039,0.03589781060686577,0.8687253463223739,0.7679172723425396,0.9927448321796427,0.7722512120202806,0.00021014222149954732,55.44366510251645,14.564206784102115,False,False,DeepLabv3plus,external_test1
case_00051,22629,3452,2803,1476556,1505440,25432,26081,0.01689339993623127,0.8785743404577485,0.7834441213128376,0.867643111843871,0.8897845234350424,0.002332419824757704,36.16349756519461,10.869107376928794,False,False,DeepLabv3plus,external_test1
case_00052,51837,10236,6523,1227762,1296358,58360,62073,0.045018428551372384,0.8608437886625758,0.7556854627091959,0.8350973853366198,0.8882282385195339,0.008268187832290521,41.038363353766115,14.518117999925735,False,False,DeepLabv3plus,external_test1
case_00053,58062,230,11249,1226817,1296358,69311,58292,0.05346594073550671,0.9100412999694365,0.8349319106714025,0.9960543470802168,0.8377025291800724,0.0001874418828292641,21.095023109728988,11.174006941218037,False,False,DeepLabv3plus,external_test1
case_00054,51973,1856,12004,1439607,1505440,63977,53829,0.04249721011797215,0.8823489465731796,0.7894672884419668,0.9655204443701351,0.8123700704940838,0.0012875807426205182,37.02159012611177,13.219585455607888,False,False,DeepLabv3plus,external_test1
case_00055,100510,52033,3793,1349104,1505440,104303,152543,0.06928406313104474,0.7826479680431075,0.6429101422577014,0.6588961800934818,0.9636347947805911,0.03713626861613104,121.0,43.14533607981003,False,False,DeepLabv3plus,external_test1
case_00056,89200,13797,15020,1387423,1505440,104220,102997,0.06922892974811351,0.8609332245906465,0.755823313590415,0.8660446420769538,0.8558817885242755,0.009846419548679009,42.87184511261658,16.68209335452279,False,False,DeepLabv3plus,external_test1
case_00057,102016,24330,2570,1167442,1296358,104586,126346,0.0806767883563028,0.8835154937384165,0.7913369946321636,0.807433555474649,0.9754269213852714,0.02041497870398029,86.83317338436964,25.192405211434714,False,False,DeepLabv3plus,external_test1
case_00058,90984,24541,1423,1179410,1296358,92407,115525,0.07128200697646792,0.8751322547755997,0.7779867975510484,0.7875697900887254,0.9846007337106496,0.02038371993544588,46.87855825198024,20.95385231910962,False,False,DeepLabv3plus,external_test1
case_00059,32035,3267,6476,1463662,1505440,38511,35302,0.02558122542246785,0.8680042810886971,0.7667911340897123,0.9074556682340944,0.8318402534340837,0.0022271016524998822,31.78049716414141,11.811420591149158,False,False,DeepLabv3plus,external_test1
case_00060,50380,14071,8543,1432446,1505440,58923,64451,0.03914005207779785,0.8167036814888063,0.6901937145518809,0.7816791050565546,0.8550141710367768,0.009727504066664961,66.94586921333034,20.632447552049072,False,False,DeepLabv3plus,external_test1
case_00061,48104,22539,543,1434254,1505440,48647,70643,0.03231414071633543,0.8065051555033951,0.6757508498862136,0.6809450334781931,0.9888379550640327,0.015471655890713368,168.47365568481743,38.13526165717489,False,False,DeepLabv3plus,external_test1
case_00062,21185,24199,16009,1444047,1505440,37194,45384,0.024706398129450528,0.5130906536850008,0.3450719137360937,0.46679446500969507,0.5695811152336399,0.01648157052700978,122.2125752186835,34.67393215477459,False,False,DeepLabv3plus,external_test1
case_00063,77480,13745,1243,1412972,1505440,78723,91225,0.0522923530662132,0.9118083178383977,0.8379114937059307,0.8493285831734722,0.9842104594591161,0.009634005903062766,42.022609777617184,14.057907038259637,False,False,DeepLabv3plus,external_test1
case_00064,36020,3239,1143,1465038,1505440,37163,39259,0.02468580614305452,0.9426604904346916,0.89154002277115,0.9174966249777121,0.9692436025078708,0.0022059870174360834,17.4928556845359,5.75678277669732,False,False,DeepLabv3plus,external_test1
case_00065,90269,7798,11439,1186852,1296358,101708,98067,0.07845672260286125,0.9037066700037543,0.8243292604971417,0.9204829351361824,0.8875309710150627,0.006527434813543715,53.536799819740644,17.06651919120482,False,False,DeepLabv3plus,external_test1
case_00066,65352,15740,141,1215125,1296358,65493,81092,0.05052076664007936,0.89166012893543,0.8045006339788017,0.8058994722044098,0.9978470981631625,0.012787754952817735,52.39031331451329,14.281812058323911,False,False,DeepLabv3plus,external_test1
case_00067,50120,8371,15294,1431655,1505440,65414,58491,0.04345174832607078,0.8090069004479238,0.6792708545097242,0.8568839650544529,0.7661968385972422,0.005813089485884283,67.76354355526865,24.11898801815015,False,False,DeepLabv3plus,external_test1
case_00068,1255,0,23876,1480309,1505440,25131,1255,0.01669345839090233,0.09512620328962329,0.04993832318650272,1.0,0.04993832318650272,0.0,114.02279631423247,55.01586519699259,False,False,DeepLabv3plus,external_test1
case_00069,104307,8646,13202,1379285,1505440,117509,112953,0.07805624933574237,0.9051991217641087,0.8268162181443462,0.9234548883163793,0.8876511586346578,0.00622941630383643,55.073587068419876,15.230708495485635,False,False,DeepLabv3plus,external_test1
case_00070,19649,3663,650,992210,1016172,20299,23312,0.019975948953523615,0.9011029327463255,0.8200066772389617,0.8428706245710363,0.9679787181634564,0.00367817984823366,15.21178615946656,7.508045581814822,False,False,DeepLabv3plus,external_test1
case_00071,145653,7896,7881,1344010,1505440,153534,153549,0.10198613030077586,0.9486230107169723,0.9022672365731277,0.9485766758494031,0.948669350111376,0.005840642766582884,24.250701510400763,9.409088101613152,False,False,DeepLabv3plus,external_test1
case_00072,47113,3357,9631,1445339,1505440,56744,50470,0.03769263471144649,0.8788591042214636,0.7838971065373288,0.9334852387556964,0.8302728041731284,0.002317256346397036,99.26880570244559,19.788648334075397,False,False,DeepLabv3plus,external_test1
case_00073,12812,17363,1643,1264540,1296358,14455,30175,0.011150469237664287,0.5741429531705131,0.4026651580866176,0.42458989229494615,0.8863369076444138,0.01354470658076313,83.38465086573187,30.084208178546188,False,False,DeepLabv3plus,external_test1
case_00074,60063,3130,6234,946745,1016172,66297,63193,0.0652419078659912,0.9276855355625917,0.8651245192792429,0.950469197537702,0.9059685958640662,0.003295170417160153,26.870057685088806,9.300973423178133,False,False,DeepLabv3plus,external_test1
case_00075,59297,11979,1559,1432605,1505440,60856,71276,0.04042406206823254,0.8975418520873066,0.8141278231619413,0.83193501318817,0.9743821480215591,0.008292352677310561,39.62312257415969,12.338552133915261,False,False,DeepLabv3plus,external_test1
case_00076,13356,25636,3527,1462921,1505440,16883,38992,0.011214661494313955,0.47806711409395974,0.3141183941296832,0.342531801395158,0.7910916306343659,0.01722204792963924,340.9460354735121,151.66622098071355,False,False,DeepLabv3plus,external_test1
case_00077,45155,7437,3121,1449727,1505440,48276,52592,0.032067701137209054,0.89532854820161,0.8104930626604203,0.8585906601764527,0.9353508989974314,0.005103749475007618,36.40054944640259,10.973523673668172,False,False,DeepLabv3plus,external_test1
case_00078,23160,7683,1425,983904,1016172,24585,30843,0.02419373885523317,0.8356787183373025,0.7177389364075865,0.7508997179262717,0.9420378279438683,0.007748185484480938,46.0,14.714527807382453,False,False,DeepLabv3plus,external_test1
case_00079,90547,4783,4907,915935,1016172,95454,95330,0.09393488503914692,0.949209577323046,0.903329110009278,0.9498269170250708,0.9485930395792738,0.005194858794983915,22.81884964531348,7.87438619227418,False,False,DeepLabv3plus,external_test1
case_00080,5761,1799,4202,1004410,1016172,9963,7560,0.009804442555000532,0.657535810078183,0.48979765346029586,0.7620370370370371,0.5782394860985647,0.001787898935509422,34.04992079189853,13.928753344558075,False,False,DeepLabv3plus,external_test1
case_00081,79036,7063,4090,925983,1016172,83126,86099,0.08180308058084655,0.9340936622839415,0.8763374690926832,0.9179665269050744,0.9507975843899622,0.007569830426366974,21.10921265833221,9.653487207078374,False,False,DeepLabv3plus,external_test1
case_00082,103284,29502,10110,1362544,1505440,113394,132786,0.07532282920607929,0.8390933463319522,0.722791400738999,0.7778229632641995,0.9108418434837822,0.021193265165087936,92.88105926629616,31.669684985478874,False,False,DeepLabv3plus,external_test1
case_00083,60830,6009,1095,948238,1016172,61925,66839,0.06093948662234346,0.9448293001149389,0.8954279153295845,0.9100973982255869,0.9823173193379088,0.006297111754084634,22.422018678583377,7.147434888236903,False,False,DeepLabv3plus,external_test1
case_00084,32420,287,9181,1211352,1253240,41601,32707,0.03319475918419457,0.8725843785325941,0.773968678380443,0.9912251200048919,0.7793081897069782,0.00023686923250242027,41.98928267563382,12.966293426681961,False,False,DeepLabv3plus,external_test1
case_00085,46131,5544,2149,962348,1016172,48280,51675,0.047511641729943356,0.9230353659146616,0.8570711950059453,0.8927140783744557,0.9554888152444077,0.005727911791811483,25.00599281722833,7.5112646448601454,False,False,DeepLabv3plus,external_test1
case_00086,145173,17594,49336,1084255,1296358,194509,162767,0.15004265796948066,0.8126658381755282,0.6844457645577856,0.8919068361522913,0.7463562097383669,0.01596770519372437,125.35947674253853,35.4216993783284,False,False,DeepLabv3plus,external_test1
case_00087,88110,1295,28875,1387160,1505440,116985,89405,0.07770817833988734,0.8538204370366781,0.7449272911734867,0.9855153514904088,0.7531734837799718,0.000932691372784858,49.02294243606876,18.677694639848408,False,False,DeepLabv3plus,external_test1
case_00088,4552,0,258788,1242100,1505440,263340,4552,0.17492560314592412,0.03398384423573679,0.017285638338269918,1.0,0.017285638338269918,0.0,444.5875051091355,226.32689413751453,False,False,DeepLabv3plus,external_test1
case_00089,11458,2,24132,1469848,1505440,35590,11460,0.023640928897863747,0.48705632306057384,0.3219262755675433,0.999825479930192,0.3219443663950548,1.3606830628975747e-06,75.87941848685992,37.95728507630401,False,False,DeepLabv3plus,external_test1
case_00090,46585,12285,1366,955936,1016172,47951,58870,0.047187877642761264,0.8722067758212336,0.7733747260774287,0.7913198573127229,0.9715125857646347,0.012688218908699563,43.02437578373086,14.220224586502336,False,False,DeepLabv3plus,external_test1
case_00091,62794,4924,11199,1174323,1253240,73993,67718,0.0590413647824838,0.8862261927443882,0.7956967446811206,0.9272866889157979,0.8486478450664252,0.00417554592040514,100.7580693707917,25.050488175866395,False,False,DeepLabv3plus,external_test1
case_00092,23747,2,37545,954878,1016172,61292,23749,0.06031656058226363,0.5584835549911219,0.38742780696316115,0.9999157859278286,0.38744044899823793,2.0945040214477214e-06,113.1918674790193,46.11199602839829,False,False,DeepLabv3plus,external_test1
case_00093,88129,1341,22057,904645,1016172,110186,89470,0.1084324307302307,0.8828084305004608,0.7902032691635209,0.9850117357773556,0.7998203038498539,0.001480155322488427,61.0,17.976043433805877,False,False,DeepLabv3plus,external_test1
case_00094,1600,0,11536,1240104,1253240,13136,1600,0.010481631610864638,0.21715526601520088,0.1218026796589525,1.0,0.1218026796589525,0.0,95.07942304650216,38.13740634776276,False,False,DeepLabv3plus,external_test1
case_00095,38873,7639,4302,965358,1016172,43175,46512,0.042487885909078385,0.8668591880651599,0.7650057070885976,0.8357628138974889,0.9003590040532715,0.007851000568347076,30.854484461024377,12.565485153483586,False,False,DeepLabv3plus,external_test1
case_00096,59685,13091,28737,1194845,1296358,88422,72776,0.06820801044156012,0.7405178724301791,0.5879542521647474,0.8201192700890404,0.6750016964103956,0.01083749470170605,82.4038696816789,34.90414211961161,False,False,DeepLabv3plus,external_test1
case_00097,44342,13051,1656,1237309,1296358,45998,57393,0.03548248246240622,0.8577535762300393,0.7509356636014157,0.7726029306709877,0.9639984347145528,0.010437793915352378,41.04387310984863,15.63269498494986,False,False,DeepLabv3plus,external_test1
case_00098,8278,5187,57409,1434566,1505440,65687,13465,0.04363309065788075,0.20916717202344856,0.1167988260857296,0.6147790568139622,0.1260218916985096,0.00360270129668075,88.75330972101604,47.502817722258065,False,False,DeepLabv3plus,external_test1
case_00099,27,0,8496,1496917,1505440,8523,27,0.005661467743649697,0.00631578947368421,0.0031678986272439284,1.0,0.0031678986272439284,0.0,75.63181381505986,51.865250469019124,False,False,DeepLabv3plus,external_test1
case_00100,0,0,20444,1232796,1253240,20444,0,0.01631291691934506,0.0,0.0,nan,0.0,0.0,nan,nan,True,False,DeepLabv3plus,external_test1
case_00101,83837,11478,1727,1408398,1505440,85564,95315,0.056836539483473274,0.9269953947113816,0.8639248984975577,0.8795782405707391,0.9798162778738722,0.008083804501238136,31.391080566256324,9.780045824014568,False,False,DeepLabv3plus,external_test1
case_00102,5483,18,77729,1170010,1253240,83212,5501,0.0663974976859979,0.12361209743780506,0.06587768833353358,0.9967278676604254,0.06589193866269288,1.5384247214596572e-05,181.2419636149683,60.43266088118338,False,False,DeepLabv3plus,external_test1
case_00103,80080,6325,4678,925089,1016172,84758,86405,0.08340910790692914,0.9357162470861109,0.8791980940460898,0.9267982176957352,0.9448075697869228,0.006790750407445025,27.202941017470888,9.739170011198297,False,False,DeepLabv3plus,external_test1
case_00104,160066,13510,10352,1069312,1253240,170418,173576,0.13598193482493376,0.9306325110321692,0.8702644513070332,0.9221666589851132,0.9392552429907639,0.012476658213445978,80.35413227493378,19.74651178524311,False,False,DeepLabv3plus,external_test1
case_00105,100303,11745,14095,890029,1016172,114398,112048,0.11257739831445858,0.885888909497187,0.7951531198718914,0.8951788519206054,0.8767898040175528,0.013024327603146686,98.96741413243315,24.932441620687158,False,False,DeepLabv3plus,external_test1
case_00106,58397,5595,1193,950987,1016172,59590,63992,0.05864164728018485,0.9450729070576621,0.8958656132545831,0.9125671958994874,0.9799798623930189,0.005848949697987209,20.506063881251997,6.648948951999942,False,False,DeepLabv3plus,external_test1
case_00107,65345,1495,9971,939361,1016172,75316,66840,0.07411737383041454,0.9193421311798307,0.850724505604666,0.9776331538001197,0.8676111317648308,0.00158897854719532,45.530204449989554,11.195157526341136,False,False,DeepLabv3plus,external_test1
case_00108,72877,9699,12980,920616,1016172,85857,82576,0.08449061773006931,0.8653529890223413,0.7626627318012474,0.8825445650067816,0.8488183840572114,0.010425501039970333,40.45553071269676,20.35421199285811,False,False,DeepLabv3plus,external_test1
case_00001,61210,14097,6157,934708,1016172,67367,75307,0.06629487921336152,0.8580400072893449,0.7513748404203083,0.8128062464312746,0.9086051033888997,0.014857636711442287,51.884487084291386,18.139627621204305,False,False,DeepLabv3plus,external_test2
case_00002,46416,2021,20084,1436919,1505440,66500,48437,0.04417313210755659,0.8076772492756902,0.6773981699041169,0.9582756983297892,0.697984962406015,0.0014045060947642015,53.0,19.038374785046216,False,False,DeepLabv3plus,external_test2
case_00003,46085,19691,272,1187192,1253240,46357,65776,0.03698972263891992,0.8219703387941105,0.697750121124031,0.7006354901483823,0.9941324934745561,0.016315583200691368,79.19342223504623,22.875843445815033,False,False,DeepLabv3plus,external_test2
case_00004,7889,0,14299,669012,691200,22188,7889,0.032100694444444446,0.5245868936396582,0.3555525509284298,1.0,0.3555525509284298,0.0,108.8518134992926,29.01612206936281,False,False,DeepLabv3plus,external_test2
case_00005,23773,19266,5052,503559,551650,28825,43039,0.0522523339073688,0.6616108204386063,0.4943336591046142,0.5523594879063175,0.8247354726799653,0.03684980634055372,69.47908477448033,28.326771070002916,False,False,DeepLabv3plus,external_test2
case_00006,19505,1351,1300,669044,691200,20805,20856,0.03009982638888889,0.9363673459590505,0.8803484383462719,0.9352224779439969,0.9375150204277818,0.002015229827191432,10.693228523425118,4.068862678907177,False,False,DeepLabv3plus,external_test2
case_00007,28350,4055,2402,656393,691200,30752,32405,0.04449074074074074,0.897762718305176,0.8144913379492631,0.8748649899706835,0.9218912591050988,0.006139771791268957,27.09701840962439,9.110727735136887,False,False,DeepLabv3plus,external_test2
case_00008,100556,13825,9678,892113,1016172,110234,114381,0.10847966682805667,0.8953631769917414,0.810549819037716,0.8791320236752608,0.9122049458424806,0.015260426210182153,39.02818660874328,17.367399938936124,False,False,DeepLabv3plus,external_test2
case_00009,106351,3702,9297,896822,1016172,115648,110053,0.11380750502867625,0.9424061036504048,0.8910850439882698,0.9663616621082569,0.9196095047039292,0.004110939852796816,34.40930106817051,8.914924316098299,False,False,DeepLabv3plus,external_test2
case_00010,109449,7045,10068,889610,1016172,119517,116494,0.11761493133052278,0.9274906678078564,0.8647856386593132,0.9395247823922263,0.9157609377745425,0.007856979551778555,28.30194339616981,12.551341690995299,False,False,DeepLabv3plus,external_test2
case_00011,79240,9868,2170,924894,1016172,81410,89108,0.08011439008356853,0.9294033474471903,0.8681171804816057,0.8892579790815639,0.9733447979363714,0.010556697854641075,35.4400902933387,10.616082661674048,False,False,DeepLabv3plus,external_test2
case_00012,78721,6212,9579,921660,1016172,88300,84933,0.08689473829233633,0.9088453123827446,0.8329206873201287,0.9268599955258852,0.8915175537938845,0.006694888950200028,60.440052945046304,16.825968536563117,False,False,DeepLabv3plus,external_test2
case_00013,33482,351,20140,962199,1016172,53622,33833,0.052768625783824,0.7656966439883368,0.6203472106423582,0.9896255135518577,0.6244078922830182,0.000364656381486676,43.829214001622255,18.038196546199853,False,False,DeepLabv3plus,external_test2
case_00014,54392,2344,1542,957894,1016172,55934,56736,0.055043831162441006,0.9655098961569184,0.9333196060262878,0.9586858432036097,0.9724317946150821,0.002441061486839721,11.313708498984761,4.014714269828994,False,False,DeepLabv3plus,external_test2
case_00015,73602,15540,1842,925188,1016172,75444,89142,0.07424333675795043,0.8943895592577741,0.8089554207333157,0.8256714006865451,0.975584539526006,0.016519121361328673,42.44997055358225,13.97762597576213,False,False,DeepLabv3plus,external_test2
case_00016,72199,8784,18449,916740,1016172,90648,80983,0.08920537074432282,0.8413281982858575,0.7261143293909406,0.8915327908326439,0.7964764804518577,0.009490839783733322,69.4779315380729,20.90748397923719,False,False,DeepLabv3plus,external_test2
case_00017,103308,1818,50095,1098019,1253240,153403,105126,0.12240512591363187,0.7991985425232759,0.6655542742283582,0.9827064665258832,0.6734418492467553,0.0016529722131552222,98.00510190801293,33.42732852350132,False,False,DeepLabv3plus,external_test2
case_00018,61075,22,87634,1356709,1505440,148709,61097,0.09878108725688171,0.5822045127403411,0.4106406868776516,0.999639916853528,0.4107014370347457,1.6215447277315842e-05,157.62201620284196,63.58140542991767,False,False,DeepLabv3plus,external_test2
case_00019,54905,12576,16137,932554,1016172,71042,67481,0.06991139295316147,0.7927203424702035,0.6566169963405009,0.8136364309953913,0.7728526786971087,0.01330610603832277,57.06133415643279,23.052196366895508,False,False,DeepLabv3plus,external_test2
case_00020,31903,1718,40897,1430922,1505440,72800,33621,0.048357955149325116,0.599562116499563,0.428124748382941,0.9489009845037328,0.43822802197802196,0.0011991847219119947,108.664621657649,39.14678360481185,False,False,DeepLabv3plus,external_test2
case_00021,41771,2157,7633,1453879,1505440,49404,43928,0.03281698373897332,0.8951056443663481,0.8101278097787087,0.9508969222363868,0.8454983402153672,0.0014814194154540135,32.108985109576196,10.789898238475008,False,False,DeepLabv3plus,external_test2
case_00022,54172,8830,27218,1415220,1505440,81390,63002,0.054063928153895206,0.7503462795722755,0.6004433606739082,0.8598457191835179,0.6655854527583241,0.0062006249780555455,106.0932738516987,31.406165715632483,False,False,DeepLabv3plus,external_test2
case_00023,540,7274,4275,1241151,1253240,4815,7814,0.0038420414286170247,0.08551745981471218,0.04466870708908925,0.06910673150755055,0.11214953271028037,0.005826541442217194,323.02840383830267,111.19043623809623,False,False,DeepLabv3plus,external_test2
case_00024,25340,13864,6803,1459433,1505440,32143,39204,0.021351232862153256,0.7103311982283768,0.5507857499945661,0.6463626160595858,0.7883520517686589,0.009410186812299217,163.99847388076495,38.26437219202416,False,False,DeepLabv3plus,external_test2
case_00025,31,0,12133,1241076,1253240,12164,31,0.009706041939293352,0.005084050840508405,0.002548503781650773,1.0,0.002548503781650773,0.0,93.12035015285745,61.254437042006856,False,False,DeepLabv3plus,external_test2
case_00026,158183,26851,21033,1047173,1253240,179216,185034,0.14300213845711915,0.8685408373369938,0.7676289750420979,0.8548861290357448,0.8826388268904563,0.0250003724311561,179.85382925068012,44.02957814162779,False,False,DeepLabv3plus,external_test2
case_00027,73047,31889,1067,1399437,1505440,74114,104936,0.049230789669465404,0.8159396816531695,0.6891031385904173,0.6961100099108027,0.9856032598429446,0.022279340974732522,103.0,34.72496906167859,False,False,DeepLabv3plus,external_test2
case_00028,91657,9655,94191,1309937,1505440,185848,101312,0.12345095121691997,0.6383688536007801,0.4688265653212483,0.9047003316487682,0.493182600835091,0.007316655451078818,153.897630059325,56.10618939963366,False,False,DeepLabv3plus,external_test2
case_00029,50630,3867,27811,1423132,1505440,78441,54497,0.052105032415772135,0.7617084656005055,0.6151285415755455,0.9290419656127861,0.6454532706110325,0.0027098827679626967,90.43837649043999,30.278920334746708,False,False,DeepLabv3plus,external_test2
case_00030,78366,2417,12060,923329,1016172,90426,80783,0.08898690379187775,0.9154425293062864,0.8440700968301326,0.9700803386851194,0.8666312786145578,0.002610867343742236,43.993171219946106,12.496408896958476,False,False,DeepLabv3plus,external_test2
case_00031,4034,451,27252,1221503,1253240,31286,4485,0.024964093070760588,0.22554583321685165,0.12710716198758548,0.8994425863991081,0.12893946174007542,0.00036908099650232335,88.13488945231224,38.95294986070466,False,False,DeepLabv3plus,external_test2
case_00032,20578,79,6902,1225681,1253240,27480,20657,0.021927164788867255,0.8549764214637389,0.7466889219492725,0.996175630536864,0.7488355167394468,6.444981072966975e-05,27.0,9.773872403247022,False,False,DeepLabv3plus,external_test2
case_00033,88289,35281,1029,891573,1016172,89318,123570,0.08789653720039521,0.8294408327383412,0.7085851411327538,0.7144857165978797,0.9884793658613046,0.03806532636208076,59.22963777463882,25.634440849843827,False,False,DeepLabv3plus,external_test2
case_00034,62579,4926,19024,1418911,1505440,81603,67505,0.054205415028164526,0.8393781688440594,0.7232141825284009,0.9270276275831419,0.766871316005539,0.0034596656780235377,66.91934904995236,21.857538535248196,False,False,DeepLabv3plus,external_test2
case_00035,104879,7954,37587,865752,1016172,142466,112833,0.14019870651818786,0.8216170059420522,0.6972410583698976,0.929506438719169,0.7361686297081409,0.009103748858311606,82.86223497129177,29.703076023578458,False,False,DeepLabv3plus,external_test2
case_00036,64545,10363,5940,1424592,1505440,70485,74908,0.0468201987458816,0.887869429752464,0.7983499901048882,0.8616569658781439,0.9157267503724197,0.007221829255969699,34.28696354430011,12.734506531775166,False,False,DeepLabv3plus,external_test2
case_00037,50598,19015,15855,1419972,1505440,66453,69613,0.04414191199914975,0.7437273088060206,0.5920110450694996,0.7268469969689569,0.7614103200758431,0.013214156903432762,68.85489125182242,27.31317514849007,False,False,DeepLabv3plus,external_test2
case_00038,151736,12510,6480,1082514,1253240,158216,164246,0.12624557147872714,0.9411093400152576,0.8887691388540703,0.9238337615527927,0.9590433331647874,0.011424407136281945,26.419689627245813,9.841940615456917,False,False,DeepLabv3plus,external_test2
case_00039,71635,464,38455,1142686,1253240,110090,72099,0.08784430755481791,0.7863811755923793,0.6479638909492194,0.9935644044993689,0.6506948860023617,0.0004058959891527796,97.94386147176351,29.259089162127285,False,False,DeepLabv3plus,external_test2
case_00040,91323,16088,30179,1367850,1505440,121502,107411,0.08070863003507281,0.7978839122286633,0.6637328294207427,0.8502201822904544,0.7516172573290975,0.011624798220729541,105.31571498746024,33.174843063900106,False,False,DeepLabv3plus,external_test2
case_00041,109106,53,52014,1092067,1253240,161120,109159,0.12856276531231048,0.8073583223261889,0.6769496131486042,0.999514469718484,0.6771722939424032,4.852946562648793e-05,81.17880234996399,30.588549979551416,False,False,DeepLabv3plus,external_test2
case_00042,93598,10357,37904,1363581,1505440,131502,103955,0.08735120629184823,0.7950326386558905,0.6597959946143707,0.9003703525563946,0.7117610378549376,0.007538185857003736,108.00786535662873,37.24277405594033,False,False,DeepLabv3plus,external_test2
case_00043,102837,33125,39031,1078247,1253240,141868,135962,0.1132009830519294,0.7402872260015118,0.5876635065402616,0.7563657492534679,0.7248780556573716,0.029805501668208306,185.39821981589415,52.632872081172984,False,False,DeepLabv3plus,external_test2
case_00044,61094,8440,20599,1415307,1505440,81693,69534,0.0542651982144755,0.8079774114410786,0.6778205540700964,0.8786205309632698,0.747848652883356,0.005928019514703104,113.19207830380262,23.61063782973111,False,False,DeepLabv3plus,external_test2
case_00045,42509,3356,4560,1455015,1505440,47069,45865,0.03126594218301626,0.9148212710095337,0.8430143777887953,0.9268287365093208,0.9031209500945421,0.0023011977062078167,21.93171219946131,7.774196906049025,False,False,DeepLabv3plus,external_test2
case_00046,40652,8917,27852,1428019,1505440,68504,49569,0.04550430438941439,0.688590956442201,0.5250771754433552,0.8201093425326312,0.5934252014480906,0.006205565174788578,112.4031937296008,39.42534563603317,False,False,DeepLabv3plus,external_test2
case_00047,84868,20491,19123,1380958,1505440,103991,105359,0.06907681475183335,0.810776212085025,0.6817692517793738,0.805512580795186,0.816109086363243,0.014621295530554447,93.33215813483532,31.25944464555374,False,False,DeepLabv3plus,external_test2
case_00048,16741,1169,4654,1273794,1296358,21395,17910,0.016503928698708228,0.851850909553492,0.7419340542457011,0.9347292015633725,0.7824725403131573,0.0009168893528674949,17.697453839697175,9.915783847992394,False,False,DeepLabv3plus,external_test2
case_00049,55098,16944,3105,1430293,1505440,58203,72042,0.038661786587310024,0.8460670275250489,0.7332029222723462,0.7648038644124261,0.9466522344209062,0.011707826707028635,112.40729423554383,29.179846150058097,False,False,DeepLabv3plus,external_test2
case_00050,18969,2063,4272,990868,1016172,23241,21032,0.022871128116106327,0.8569105323786507,0.7496443250079039,0.9019113731456828,0.8161869110623468,0.002077687170609035,24.73863375370596,8.513141269545345,False,False,DeepLabv3plus,external_test2
case_00051,139826,11619,36049,1065746,1253240,175875,151445,0.14033624844403306,0.8543688133936209,0.7457625310676609,0.9232790782132128,0.7950305614783226,0.010784645872104625,76.69419795525604,28.399774266269763,False,False,DeepLabv3plus,external_test2
case_00052,41328,25927,4,1229099,1296358,41332,67255,0.03188316807548532,0.7611960916131766,0.6144605182949494,0.6144970634153595,0.9999032226846027,0.02065853615781665,73.03320279278519,28.373238265572404,False,False,DeepLabv3plus,external_test2
case_00053,12715,257,2813,1237455,1253240,15528,12972,0.012390284382879577,0.892280701754386,0.8055115616091226,0.9801880974406414,0.8188433797011849,0.00020764119601328904,17.0,5.736323263095032,False,False,DeepLabv3plus,external_test2
case_00054,4167,2505,183241,1315527,1505440,187408,6672,0.12448719311297694,0.04294105523495466,0.021941625902386883,0.6245503597122302,0.022234909929138565,0.0019005608361557231,330.2764631977466,113.32823920525978,False,False,DeepLabv3plus,external_test2
case_00055,18306,482,4791,1229661,1253240,23097,18788,0.01842982988094858,0.8741076757789185,0.7763688027482082,0.9743453268043432,0.792570463696584,0.0003918243651347851,33.96174050113453,9.128025370214326,False,False,DeepLabv3plus,external_test2
case_00056,38302,24765,512,1189661,1253240,38814,63067,0.030970923366633686,0.7518968208007382,0.6024316205036254,0.6073223714462397,0.9868088833925903,0.02039234996615685,68.7662582041465,26.246444959456046,False,False,DeepLabv3plus,external_test2
case_00057,34129,268,24067,1446976,1505440,58196,34397,0.038657136783930277,0.7371831563941119,0.5837609469074986,0.9922086228450155,0.5864492404976287,0.00018517955507157052,71.69379331573968,21.584307080212607,False,False,DeepLabv3plus,external_test2
case_00058,103395,9393,23297,1117155,1253240,126692,112788,0.10109157064887811,0.8634959078002339,0.7597824888856229,0.9167198638152995,0.8161130931708395,0.00833786043737151,58.273485689486854,21.606223863732755,False,False,DeepLabv3plus,external_test2
case_00059,103737,8556,35175,1105772,1253240,138912,112293,0.11084229676678051,0.8259150892697199,0.7034543087313858,0.9238064705725201,0.7467821354526607,0.007678170161747708,91.74692544915605,31.997347350502576,False,False,DeepLabv3plus,external_test2
case_00060,19653,613,79379,1196713,1296358,99032,20266,0.07639247800376131,0.3294774430417945,0.19723016709318078,0.9697522944833712,0.19845100573551983,0.0005119741824699372,117.54658052551355,49.02769850320394,False,False,DeepLabv3plus,external_test2
case_00061,44098,12031,4782,1444529,1505440,48880,56129,0.03246891274311829,0.8398899141978307,0.7239743231928552,0.7856544745140658,0.9021685761047463,0.008259872576481572,94.14975047068529,22.927252236988373,False,False,DeepLabv3plus,external_test2
case_00062,3538,0,21399,1480503,1505440,24937,3538,0.016564592411520883,0.24849868305531167,0.14187753137907527,1.0,0.14187753137907527,0.0,86.40023148117139,40.49454540079433,False,False,DeepLabv3plus,external_test2
case_00063,607,22621,10093,1472119,1505440,10700,23228,0.007107556594749708,0.035781655269983496,0.018216740193871733,0.02613225417599449,0.05672897196261682,0.015133735632952889,386.29203148274024,146.79872769249747,False,False,DeepLabv3plus,external_test2
case_00064,59941,26117,12238,1407144,1505440,72179,86058,0.04794545116377936,0.757610419813318,0.609801009196712,0.6965186269725069,0.8304492996577952,0.018222082370203334,75.00866592611811,31.808021525928957,False,False,DeepLabv3plus,external_test2
case_00065,8575,0,20724,1476141,1505440,29299,8575,0.019462084174726325,0.4528172360986429,0.2926721048499949,1.0,0.2926721048499949,0.0,61.832028440291765,33.79727364163419,False,False,DeepLabv3plus,external_test2
case_00066,28536,11633,3413,1209658,1253240,31949,40169,0.02549312182822125,0.7913696996588924,0.654765728970676,0.7103985660584032,0.8931734952580676,0.009525166401783032,35.70363663896494,11.616197603846597,False,False,DeepLabv3plus,external_test2
case_00067,80890,15336,5301,1403913,1505440,86191,96226,0.05725302901477309,0.8868690966302483,0.79673387374787,0.8406251948537817,0.9384970588576533,0.010805714853418956,61.40032573203501,20.028373256588957,False,False,DeepLabv3plus,external_test2
case_00068,34656,11889,4010,1454885,1505440,38666,46545,0.02568418535444787,0.813416108248935,0.6855108297893383,0.7445697711891718,0.8962913153675064,0.008105543185248715,38.18376618407357,17.44742235217541,False,False,DeepLabv3plus,external_test2
case_00069,31500,22965,57221,1184672,1296358,88721,54465,0.06843865660565986,0.439987149581663,0.28204072130795266,0.5783530707793996,0.3550455923625748,0.019016475977466737,198.79181952500656,78.82912565416841,False,False,DeepLabv3plus,external_test2
case_00070,68488,8476,23326,1196068,1296358,91814,76964,0.07082457160753435,0.8115749683015558,0.6828995911855619,0.8898705888467335,0.7459428845274141,0.007036687742415387,73.33686981063956,25.169468885085596,False,False,DeepLabv3plus,external_test2
case_00071,108930,15854,16428,1364228,1505440,125358,124784,0.0832700074396854,0.8709453030678574,0.7713933660028893,0.8729484549301193,0.8689513234097545,0.011487723193259532,62.29004733454476,22.343308890129777,False,False,DeepLabv3plus,external_test2
case_00072,63717,2369,6977,1432377,1505440,70694,66086,0.04695902858964821,0.9316712969732417,0.8720829968657187,0.9641527706322065,0.9013070416159787,0.0016511633418040544,20.16174982919923,8.806907912039922,False,False,DeepLabv3plus,external_test2
case_00073,15744,1031,29807,1249776,1296358,45551,16775,0.03513767030403638,0.5052145172159291,0.33798462925593575,0.9385394932935917,0.34563456345634563,0.0008242678526743135,78.91609349044295,25.12335564364972,False,False,DeepLabv3plus,external_test2
case_00074,108886,2451,33617,1360486,1505440,142503,111337,0.09465870443192688,0.8579104947998739,0.7511762352194489,0.9779857549601659,0.7640961944660815,0.0017983222995633693,84.44524604392817,25.8971683034844,False,False,DeepLabv3plus,external_test2
case_00075,30630,30258,1985,1442567,1505440,32615,60888,0.02166476246147306,0.6551661444017839,0.487172554196555,0.5030547891210091,0.939138433236241,0.020544192283536742,226.09652498980498,51.81903361816129,False,False,DeepLabv3plus,external_test2
case_00076,86463,2831,87080,1076866,1253240,173543,89294,0.13847547157767068,0.6579210689514794,0.4902253166566501,0.968295742155128,0.4982223425894447,0.0026220319219188346,126.7812910706649,52.759171539384226,False,False,DeepLabv3plus,external_test2
case_00077,23186,1163,1283,1479808,1505440,24469,24349,0.016253719842703795,0.9498955303371707,0.9045724094881398,0.9522362314674114,0.9475663083902081,0.000785295593229037,10.198039027185569,4.380122512029927,False,False,DeepLabv3plus,external_test2
case_00078,0,0,25326,1480114,1505440,25326,0,0.016822988627909447,0.0,0.0,nan,0.0,0.0,nan,nan,True,False,DeepLabv3plus,external_test2
case_00079,85702,8276,12867,1398595,1505440,98569,93978,0.06547520990540971,0.8901930437763247,0.802115213627217,0.9119368362808317,0.8694620012377117,0.005882557818023116,44.97220505424423,16.868472695647025,False,False,DeepLabv3plus,external_test2
case_00080,94548,5428,10085,1395379,1505440,104633,99976,0.06950326814751834,0.9241822207234286,0.8590508899610216,0.9457069696727215,0.9036154941557635,0.0038749092487401905,31.016124838541646,11.852548684773176,False,False,DeepLabv3plus,external_test2
case_00081,25592,13156,3343,1211149,1253240,28935,38748,0.023088155500941558,0.7562312545247699,0.6080159654082821,0.6604727985960566,0.8844651805771557,0.010745688370136527,158.83150152715314,34.48210229548453,False,False,DeepLabv3plus,external_test2
case_00082,64016,21048,210343,1000951,1296358,274359,85064,0.21163829744561302,0.35621537853726665,0.21670441120217193,0.7525627762625787,0.23332932398791364,0.020594932088974647,219.39529581893242,73.20449890268746,False,False,DeepLabv3plus,external_test2
case_00083,16708,688,184398,1303646,1505440,201106,17396,0.13358619406950792,0.15293223860651162,0.082797308145931,0.9604506783168545,0.08308056447843426,0.0005274722578726001,249.63813767997277,84.67684409011538,False,False,DeepLabv3plus,external_test2
case_00084,4980,74,23447,1476939,1505440,28427,5054,0.018882851525135507,0.29748215405752515,0.17473071120311567,0.9853581321725366,0.17518556302107152,5.010111623932897e-05,109.30095816605176,44.146063154566704,False,False,DeepLabv3plus,external_test2
case_00085,101486,17685,6809,1379460,1505440,108295,119171,0.07193577957274949,0.8923179727959344,0.805572313065566,0.8515998019652432,0.9371254443880143,0.012657956046079683,42.84201003590666,16.10339688911568,False,False,DeepLabv3plus,external_test2
case_00086,66408,4081,26307,1156444,1253240,92715,70489,0.07398024320960071,0.8138035832455087,0.6860614074961775,0.942104441827803,0.7162595049344767,0.0035165119234829064,75.14092688000089,24.854059882213267,False,False,DeepLabv3plus,external_test2
case_00087,47275,9339,2431,1446395,1505440,49706,56614,0.03301758954192794,0.8892964635063958,0.8006605131679227,0.8350408026283251,0.9510924234498853,0.006415320381333403,36.011102550927966,11.90850443914349,False,False,DeepLabv3plus,external_test2
case_00088,150913,13169,24175,1317183,1505440,175088,164082,0.11630353916462961,0.8898959223987971,0.8016328742091927,0.9197413488377763,0.8619265740656127,0.009898883904410261,60.9778242289357,19.2572832815178,False,False,DeepLabv3plus,external_test2
case_00089,12293,62,21319,1471766,1505440,33612,12355,0.022327027314273568,0.5348619661931385,0.3650590960384867,0.9949817887494942,0.3657324764964893,4.212448737216577e-05,67.98087192854717,28.8975083045779,False,False,DeepLabv3plus,external_test2
case_00090,59695,7729,5680,1432336,1505440,65375,67424,0.04342584227866936,0.8990278541254075,0.8165763843291749,0.8853672282866635,0.9131166347992352,0.005367118845329899,114.00085102872086,21.775379174796846,False,False,DeepLabv3plus,external_test2
case_00091,34032,346,26860,1444202,1505440,60892,34378,0.04044797534275694,0.7144326650572058,0.5557333681700904,0.9899354238175577,0.5588911515470012,0.00023952128970446118,73.01369349282888,27.463571929152586,False,False,DeepLabv3plus,external_test2
case_00092,24938,0,40523,1439979,1505440,65461,24938,0.04348296843447763,0.5517317669443246,0.38095965536731796,1.0,0.38095965536731796,0.0,77.48033520741596,38.802811260351795,False,False,DeepLabv3plus,external_test2
case_00093,157562,4081,23230,1320567,1505440,180792,161643,0.12009246466149431,0.9202447179756742,0.8522715593948278,0.974753005079094,0.8715098013186424,0.00308081845139237,52.4993453741056,17.869889275117526,False,False,DeepLabv3plus,external_test2
case_00094,53326,6243,4841,1441030,1505440,58167,59569,0.038637873312785634,0.9058571719779847,0.8279149200434716,0.8951971663113364,0.9167741159076452,0.004313629840396387,32.63432333766413,10.572059559959031,False,False,DeepLabv3plus,external_test2
case_00001,38753,9940,170,642337,691200,38923,48693,0.05631221064814815,0.8846101168736303,0.7930949798415979,0.7958638818721376,0.9956324024355779,0.015238924567323392,75.9357466184991,22.078596066277665,False,False,UNet,train
case_00002,32200,24897,1774,632329,691200,33974,57097,0.049152199074074074,0.7071405826223496,0.5469586044062441,0.5639525719389811,0.9477835992229352,0.03788194624071476,132.5745073534124,30.38453026969586,False,False,UNet,train
case_00003,9149,1875,204,540422,551650,9353,11024,0.01695459077313514,0.8979732050841636,0.8148379052369077,0.8299165457184325,0.9781888164225382,0.0034575149779548847,16.0,5.069097581988975,False,False,UNet,train
case_00004,58644,4399,5257,1437140,1505440,63901,63043,0.04244672653842066,0.9239349634484497,0.8586237188872621,0.9302222292720841,0.9177321168682806,0.0030515997139168626,22.090722034374522,8.426459946262055,False,False,UNet,train
case_00005,25304,6562,2715,656619,691200,28019,31866,0.040536747685185184,0.8450864156299575,0.7317312975333276,0.7940751898575285,0.9031014668617724,0.009894734619960464,31.425126961314582,12.24000655289745,False,False,UNet,train
case_00006,25442,4635,521,660602,691200,25963,30077,0.037562210648148145,0.907994289793005,0.8314922543957122,0.8458955347940287,0.9799329815506682,0.0069674416786799295,20.615528128088304,6.867855677416728,False,False,UNet,train
case_00007,26501,3475,442,660782,691200,26943,29976,0.03898003472222222,0.9311829090461884,0.8712275626273916,0.8840739258073125,0.9835949968451917,0.005231408927568697,15.0,5.405445071964386,False,False,UNet,train
case_00008,98097,3491,23984,1379868,1505440,122081,101588,0.0810932352003401,0.8771622352672923,0.7812012232026248,0.9656357050045281,0.8035402724420672,0.0025235676350101456,94.6012556957432,27.764637522613075,False,False,UNet,train
case_00009,4682,12700,231,534037,551650,4913,17382,0.008906009244992295,0.42000448531060774,0.265826378243343,0.2693591071223104,0.9529818847954407,0.0232287187441128,165.5294535724685,61.36301762025691,False,False,UNet,train
case_00010,31341,3533,5754,650572,691200,37095,34874,0.05366753472222222,0.8709583292806625,0.7714138032883725,0.8986924356253942,0.8448847553578649,0.005401273495845468,38.92941855249417,13.63203347142901,False,False,UNet,train
case_00011,11791,8926,93,670390,691200,11884,20717,0.017193287037037038,0.7233520444158155,0.566602594906295,0.5691461118887869,0.9921743520700101,0.013139687568083189,56.00681555610445,17.223762442953394,False,False,UNet,train
case_00012,40434,38256,21215,1153335,1253240,61649,78690,0.0491916951262328,0.576233263739944,0.40472448826385066,0.513839115516584,0.6558743856348035,0.03210497561663356,178.39282496782207,64.6157186998542,False,False,UNet,train
case_00013,35646,7234,5031,1457529,1505440,40677,42880,0.02702000743968541,0.8532139736946037,0.7440045083592495,0.8312966417910448,0.8763183125599233,0.004938682913208485,42.67081421702848,13.481824260019996,False,False,UNet,train
case_00014,8053,11355,1735,1232097,1253240,9788,19408,0.007810156075452428,0.5516509110837101,0.3808825616043135,0.41493198680956306,0.8227421332243564,0.00913183621080669,454.5708687355378,99.49430713266217,False,False,UNet,train
case_00015,22638,33127,879,495006,551650,23517,55765,0.04263029094534578,0.5710754017305315,0.39965397923875434,0.40595355509728326,0.9626227835183059,0.06272473032361167,305.6926491680291,126.2719527311846,False,False,UNet,train
case_00016,32190,9747,3672,645591,691200,35862,41937,0.051883680555555554,0.8275170632013265,0.7057817536012629,0.7675799413405823,0.8976074953990296,0.014873240984041823,60.08452355146899,13.370488461377272,False,False,UNet,train
case_00017,18953,6494,829,525374,551650,19782,25447,0.03585969364633373,0.8380906055849123,0.7213046125742122,0.7448029237238182,0.9580932160549995,0.012209796415652004,38.67025539523485,10.032707593533424,False,False,UNet,train
case_00018,36165,1152,2345,651538,691200,38510,37317,0.05571469907407407,0.9538818626610575,0.9118299631889466,0.969129351234022,0.9391067255258374,0.0017650032940599671,12.521931725677204,4.24832248075611,False,False,UNet,train
case_00019,82432,4720,35525,1130563,1253240,117957,87152,0.09412163671762791,0.8037872545817102,0.6719433960726134,0.9458417477510557,0.6988309299151386,0.004157553667235394,138.00362314084367,48.28068476712444,False,False,UNet,train
case_00020,30186,16580,1356,643078,691200,31542,46766,0.045633680555555556,0.7709557133370792,0.6272806616516354,0.6454689304195356,0.9570097013505802,0.02513423622543803,113.78262279148227,26.309623800437375,False,False,UNet,train
case_00021,14889,8206,81,668024,691200,14970,23095,0.02165798611111111,0.782293445422304,0.6424318260269244,0.6446849967525439,0.9945891783567135,0.012134924507933692,139.97224146665465,26.27742182026703,False,False,UNet,train
case_00022,18741,10604,1353,660502,691200,20094,29345,0.029071180555555555,0.7581464026375938,0.6104957977718418,0.6386437212472312,0.9326664676022693,0.01580078258874157,86.6856075486642,23.59482387237812,False,False,UNet,train
case_00023,6336,8131,968,536215,551650,7304,14467,0.013240279162512462,0.5820587019429516,0.41049562682215746,0.43796225893412594,0.8674698795180723,0.014937190683866512,75.90779679478935,21.705215013666574,False,False,UNet,train
case_00024,34168,4052,8697,1458523,1505440,42865,38220,0.02847340312466787,0.842769932786582,0.7282648080653068,0.8939822082679225,0.7971071970138808,0.002770456215920551,54.594848343374444,16.305562633620767,False,False,UNet,train
case_00025,10328,31247,1539,508536,551650,11867,41575,0.021511828151907914,0.3865124808203286,0.23955095792549982,0.24841852074564041,0.8703126316676498,0.057888077245856207,110.72488428533127,38.20262646504891,False,False,UNet,train
case_00026,18599,1626,17356,1467859,1505440,35955,20225,0.02388338293123605,0.6621217515129939,0.49490433995902183,0.9196044499381953,0.5172854957585872,0.0011065101038799307,125.96240796615025,27.390183061768013,False,False,UNet,train
case_00027,14283,4582,7160,1479415,1505440,21443,18865,0.01424367626740355,0.7086930634117297,0.5488184438040346,0.7571163530347204,0.6660914983910834,0.0030876073199608894,117.29232180360373,30.634039523380213,False,False,UNet,train
case_00028,70156,20541,31470,894005,1016172,101626,90697,0.10000865995126809,0.7295643266795963,0.5742630988728543,0.7735206236148936,0.690335150453624,0.02246032457634717,116.62975458885927,34.45310130534783,False,False,UNet,train
case_00029,26077,7296,10195,972604,1016172,36272,33373,0.03569474459048271,0.7488549070285017,0.5985356224752112,0.7813801576124412,0.7189292015880018,0.007445657720175528,177.72450590731714,48.74172039001018,False,False,UNet,train
case_00030,24618,13152,881,1214589,1253240,25499,37770,0.020346461970572275,0.7782010147149473,0.6369304804532872,0.6517871326449564,0.9654496254755088,0.010712357085085535,52.354560450833695,20.03885307238027,False,False,UNet,train
case_00031,14995,31946,637,1205662,1253240,15632,46941,0.01247326928601066,0.47928020072555255,0.3151666736727059,0.3194435568053514,0.9592502558853634,0.025812696750505813,259.9111118051763,109.77025056186643,False,False,UNet,train
case_00032,30822,10319,979,1463320,1505440,31801,41141,0.021124056754171536,0.8451098132763017,0.7317663817663818,0.7491796504703337,0.9692148045658942,0.007002393394854507,72.72963611725645,24.07364054137665,False,False,UNet,train
case_00033,25662,1132,5584,983794,1016172,31246,26794,0.0307487315139563,0.8842866988283942,0.7925752053863735,0.9577517354631634,0.821289125008001,0.0011493249239029125,23.233183965499588,8.685240370971393,False,False,UNet,train
case_00034,24372,1875,6800,1472393,1505440,31172,26247,0.020706238707620363,0.8489176056705968,0.7374950827609162,0.9285632643730712,0.7818555113563455,0.001271817607110783,32.86635046710131,11.77179625005663,False,False,UNet,train
case_00035,22831,15241,14,653114,691200,22845,38072,0.033051215277777775,0.7495772936946994,0.5994591188363179,0.5996795545282623,0.9993871744364193,0.022803749504380157,56.15865896017322,24.29163854334191,False,False,UNet,train
case_00036,6783,3434,2095,1240928,1253240,8878,10217,0.007084038173055441,0.7104477611940299,0.5509259259259259,0.6638935108153078,0.7640234287001577,0.0027596471123354778,260.24216250770036,53.00149909036502,False,False,UNet,train
case_00037,71386,5553,11915,1416586,1505440,83301,76939,0.05533332447656499,0.8909885172241637,0.8034078375762487,0.9278259400304137,0.856964502226864,0.0039046816098848285,57.0,16.80900446289511,False,False,UNet,train
case_00038,105422,13233,93012,1293773,1505440,198434,118655,0.1318112976936975,0.6649363427933482,0.49805590857337234,0.8884749905187308,0.5312698428696695,0.01012466660443793,147.35874561670718,56.88552511658235,False,False,UNet,train
case_00039,88791,12913,2954,1400782,1505440,91745,101704,0.06094231586778616,0.9179783818991052,0.8483919050622026,0.8730335090065288,0.9678020600577688,0.009134219191551218,43.248105502423435,13.084164608165944,False,False,UNet,train
case_00040,59991,7965,26399,1411085,1505440,86390,67956,0.05738521628228292,0.777357365918132,0.6358009644427959,0.8827918064630055,0.6944206505382567,0.005612910045452944,86.39589048800919,29.35138445765395,False,False,UNet,train
case_00041,22825,1224,54937,1174254,1253240,77762,24049,0.06204876958922473,0.44837984107807605,0.288975261438736,0.9491039128446089,0.2935238291196214,0.0010412785266929708,210.741531606569,68.28693126383982,False,False,UNet,train
case_00042,58281,6918,5140,1435101,1505440,63421,65199,0.04212788287809544,0.906250971855077,0.8285730533558907,0.8938940781300326,0.918954289588622,0.00479744025564157,27.302928725724694,10.146401673837403,False,False,UNet,train
case_00043,37066,6109,3877,1458388,1505440,40943,43175,0.027196699968115634,0.8812858127867995,0.7877667261752954,0.8585060799073538,0.905307378550668,0.004171398097776916,35.70783665649112,10.200868697112085,False,False,UNet,train
case_00044,140112,3934,22125,1339269,1505440,162237,144046,0.1077671644170475,0.9149185557148127,0.8431796161785149,0.9726892798133929,0.8636254368608887,0.0029288201411104653,156.60906717075147,43.31894093074813,False,False,UNet,train
case_00045,70502,2728,13520,1209608,1296358,84022,73230,0.06481388628758414,0.8966753999949126,0.8127031700288184,0.9627475078519733,0.8390897622051368,0.0022502012643359597,83.2310030061627,22.34906439195785,False,False,UNet,train
case_00046,43898,8542,3119,1449881,1505440,47017,52440,0.03123140078648103,0.8827533506942699,0.7901150128692022,0.8371090770404271,0.933662292362337,0.005857011306047696,49.0,12.464108740807987,False,False,UNet,train
case_00047,13726,4382,604,1486728,1505440,14330,18108,0.009518811775959188,0.8462913866452926,0.733539974348012,0.7580075104926,0.9578506629448709,0.0029387503269376505,32.04371192512337,10.677948269919675,False,False,UNet,train
case_00048,73432,11540,8740,1411728,1505440,82172,84972,0.05458337761717504,0.8786674962906237,0.7835922827386034,0.8641905568893282,0.8936377354816726,0.008108100512342018,198.32875493753355,38.33540290878165,False,False,UNet,train
case_00049,46619,5565,19270,1433986,1505440,65889,52184,0.043767270698267614,0.7896640214104833,0.6524337335908417,0.8933581174306301,0.7075384358542397,0.003865788707729007,83.94740760220387,24.748612908853275,False,False,UNet,train
case_00050,22379,2762,3721,1476578,1505440,26100,25141,0.017337124030183868,0.873480220916844,0.7753793915875545,0.8901396125850205,0.8574329501915708,0.0018670488190679628,25.298221281347036,9.815310713816128,False,False,UNet,train
case_00051,55038,40657,13838,1395907,1505440,68876,95695,0.04575140822616643,0.6688663251727218,0.5024787050477938,0.5751397669679712,0.7990882165050235,0.028301558440835217,137.80441759005674,48.05881464696041,False,False,UNet,train
case_00052,9733,22897,969,1471841,1505440,10702,32630,0.007108885110001063,0.44922920705252467,0.2896812405131105,0.2982837879252222,0.9094561764156233,0.01531840362658874,168.0013392738515,71.32778386147938,False,False,UNet,train
case_00053,34652,40430,44445,1385913,1505440,79097,75082,0.0525407854182166,0.4495034991795251,0.2899093928568441,0.4615220692043366,0.4380949972818185,0.028345215701973507,128.3160161476345,60.20636779045548,False,False,UNet,train
case_00054,64103,16781,8909,1415647,1505440,73012,80884,0.048498777765968754,0.8330690856162604,0.7138975198512133,0.7925300430245784,0.8779789623623514,0.011715073986266674,146.27827385490176,36.57711363983148,False,False,UNet,train
case_00055,64973,3594,13614,1423259,1505440,78587,68567,0.05220201402912106,0.883061282737812,0.7906085348194838,0.9475841148074147,0.826765241070406,0.002518829900487296,41.3906450298629,14.59008467572399,False,False,UNet,train
case_00056,67961,1068,23654,1160557,1253240,91615,69029,0.07310251827263732,0.8461069196484151,0.7332628421609141,0.984528241753466,0.7418108388364351,0.000919401700204455,70.71067811865476,22.889082511250937,False,False,UNet,train
case_00057,93243,10341,1734,1400122,1505440,94977,103584,0.06308919651397599,0.9391874537295843,0.8853472340910385,0.9001679796107507,0.9817429482927446,0.007331635073022121,46.36645974728523,11.483641511242446,False,False,UNet,train
case_00058,115897,3064,56815,1077464,1253240,172712,118961,0.13781239028438289,0.7947050292622218,0.6593448479883488,0.974243659686788,0.6710419658159248,0.0028356507189077934,105.80170130957252,38.39410403217909,False,False,UNet,train
case_00059,10033,1622,4256,1489529,1505440,14289,11655,0.009491577213306408,0.7734350909651557,0.6305700458802087,0.8608322608322608,0.702148505843656,0.0010877503351437916,66.70306946566942,22.73712765044851,False,False,UNet,train
case_00060,60660,24609,7841,1412330,1505440,68501,85269,0.04550231161653736,0.7889705404175067,0.6514874879175169,0.7113957006649544,0.8855345177442665,0.01712598795077592,71.44185295288801,23.99860719641173,False,False,UNet,train
case_00061,21581,15504,2136,1466219,1505440,23717,37085,0.01575419810819428,0.7098779645406401,0.5502409423523112,0.5819333962518538,0.9099380191423874,0.01046349418885986,66.47223000553998,22.16982976895803,False,False,UNet,train
case_00062,125387,13846,14449,1351758,1505440,139836,139233,0.09288712934424487,0.8986093045089207,0.8158860504157937,0.9005551844749449,0.8966718155553649,0.010139103283235843,55.60575509783138,16.61522817573799,False,False,UNet,train
case_00063,58690,16848,11400,1418502,1505440,70090,75538,0.046557816983738974,0.806026313621007,0.6750787917826497,0.776959940692102,0.8373519760308176,0.011737903647194065,101.8967333822574,28.500317161598563,False,False,UNet,train
case_00064,4382,17996,5611,1225251,1253240,9993,22378,0.007973732086431968,0.27073615272929474,0.15656150630604881,0.19581732058271517,0.4385069548684079,0.014474999738587747,116.98290348469371,45.59408106900338,False,False,UNet,train
case_00065,25038,8289,11221,1460892,1505440,36259,33327,0.024085317249442025,0.7196275112810048,0.5620454341384574,0.7512827437213071,0.6905320058468243,0.005641918865000296,67.0,27.505374690547324,False,False,UNet,train
case_00066,34484,17026,19980,1433950,1505440,54464,51510,0.03617812732490169,0.6508011399022402,0.4823611693943209,0.6694622403416812,0.6331521739130435,0.011734170654786847,167.2979377850692,52.776552109348195,False,False,UNet,train
case_00067,75199,11010,8778,1410453,1505440,83977,86209,0.05578236263152301,0.8837272161047325,0.7916767557665786,0.8722871161943648,0.8954713790680782,0.007745541037649239,54.45181356024793,16.05481916761697,False,False,UNet,train
case_00068,22582,6955,1318,1474585,1505440,23900,29537,0.015875757253693272,0.8451821771431779,0.7318748987198185,0.7645326201035989,0.9448535564853556,0.004694439569636999,41.00914498161482,11.753683939304278,False,False,UNet,train
case_00069,83445,5193,23914,1392888,1505440,107359,88638,0.07131403443511532,0.8514926248871156,0.7413906461013576,0.9414133892912746,0.7772520235844224,0.0037143770639898547,79.47295017976639,23.39257389399611,False,False,UNet,train
case_00070,11825,5961,3164,1484490,1505440,14989,17786,0.009956557551280689,0.7215865751334859,0.5644391408114559,0.6648487574496795,0.7889118687037161,0.00399946056596292,159.13785739340005,36.70407278133823,False,False,UNet,train
case_00071,14975,4156,2745,1483564,1505440,17720,19131,0.011770645127006058,0.8127323546172424,0.6845401353081002,0.7827609638806127,0.8450902934537246,0.002793536418143199,26.393160161484438,10.814720372006404,False,False,UNet,train
case_00072,14530,27052,141,1463717,1505440,14671,41582,0.00974532362631523,0.5165946705064619,0.3482491671260456,0.3494300418450291,0.9903892031899666,0.018146339238339408,159.43336536785782,51.0478091846206,False,False,UNet,train
case_00073,14083,18605,1189,1471563,1505440,15272,32688,0.010144542459347433,0.5872810675562969,0.415709773592703,0.43083088595203134,0.9221451021477213,0.012485169457403461,100.64986799413722,34.56138609920723,False,False,UNet,train
case_00074,41810,12216,4535,1446879,1505440,46345,54026,0.03078501966202572,0.8331091649978579,0.7139563873567732,0.7738866471698812,0.9021469414176286,0.008372312974823435,44.68109017911336,16.80391526320284,False,False,UNet,train
case_00075,5448,8788,30391,1460813,1505440,35839,14236,0.023806329046657457,0.21759360958562157,0.12207856230533086,0.3826917673503793,0.15201317001032394,0.005979854395853024,247.29334807066687,69.60918346576564,False,False,UNet,train
case_00076,59345,5542,16979,1423574,1505440,76324,64887,0.050698799022212776,0.8405152573099829,0.724904111597,0.9145899795028279,0.7775404852995126,0.0038779217362341478,50.635955604688654,15.21289423896408,False,False,UNet,train
case_00077,44111,28936,643,1179550,1253240,44754,73047,0.035710638026235995,0.7489070551183776,0.5986022526801466,0.6038714800060235,0.9856325691558296,0.023944009281034285,83.86166454939939,25.43640431857139,False,False,UNet,train
case_00078,72478,20300,27272,1385390,1505440,99750,92778,0.0662596981613349,0.7529086678301338,0.603731778425656,0.7811981288667572,0.7265964912280701,0.01444130640468382,100.29938710354722,31.47197466790011,False,False,UNet,train
case_00079,67961,1068,23654,1160557,1253240,91615,69029,0.07310251827263732,0.8461069196484151,0.7332628421609141,0.984528241753466,0.7418108388364351,0.000919401700204455,70.71067811865476,22.889082511250937,False,False,UNet,train
case_00080,115897,3064,56815,1077464,1253240,172712,118961,0.13781239028438289,0.7947050292622218,0.6593448479883488,0.974243659686788,0.6710419658159248,0.0028356507189077934,105.80170130957252,38.39410403217909,False,False,UNet,train
case_00081,27923,7242,3161,1467114,1505440,31084,35165,0.02064778403656074,0.8429712146598439,0.7285654646975943,0.7940565903597326,0.8983078110925234,0.004911975126767212,42.720018726587654,13.443298232010394,False,False,UNet,train
case_00082,25708,28487,297,1450948,1505440,26005,54195,0.0172740195557445,0.6410972568578553,0.4717756734933568,0.474361103422825,0.9885791194001153,0.01925532382294592,171.65430129234394,59.47691531590202,False,False,UNet,train
case_00083,30819,41744,800,1179877,1253240,31619,72563,0.025229804347132234,0.5916377109289512,0.420089145754672,0.4247205876273032,0.9746987570764414,0.034170990839221003,118.84864324004712,43.498565047090494,False,False,UNet,train
case_00084,70434,8851,5059,1421096,1505440,75493,79285,0.05014680093527474,0.910129346547959,0.8350801479654747,0.8883647600428832,0.9329871643728558,0.006189739899450819,98.29038610159185,22.100168311826035,False,False,UNet,train
case_00085,22582,6955,1318,1474585,1505440,23900,29537,0.015875757253693272,0.8451821771431779,0.7318748987198185,0.7645326201035989,0.9448535564853556,0.004694439569636999,41.00914498161482,11.753683939304278,False,False,UNet,train
case_00086,11776,4193,2729,1486742,1505440,14505,15969,0.009635056860452757,0.7728555489925838,0.6297999786073377,0.737428768238462,0.8118579800068941,0.0028123291759868806,43.86337120129781,12.466153378044458,False,False,UNet,train
case_00087,23672,15092,11723,1202753,1253240,35395,38764,0.028242794676199293,0.6384120605725536,0.4688731752728425,0.6106696935300795,0.6687950275462636,0.012392381624919428,119.87743318485516,36.41403486157133,False,False,UNet,train
case_00088,11825,5961,3164,1484490,1505440,14989,17786,0.009956557551280689,0.7215865751334859,0.5644391408114559,0.6648487574496795,0.7889118687037161,0.00399946056596292,159.13785739340005,36.70407278133823,False,False,UNet,train
case_00089,27630,6917,1882,1469011,1505440,29512,34547,0.01960357104899564,0.8626422516742378,0.7584616651568805,0.799780009841665,0.9362293304418542,0.00468654297499607,47.35182657793538,13.57359037352519,False,False,UNet,train
case_00090,53463,18748,8247,1424982,1505440,61710,72211,0.040991338080561164,0.7984259376796768,0.6644833329190385,0.7403719654900223,0.8663587749149246,0.012985807595603057,220.85151418706192,47.33468168130133,False,False,UNet,train
case_00091,41810,12216,4535,1446879,1505440,46345,54026,0.03078501966202572,0.8331091649978579,0.7139563873567732,0.7738866471698812,0.9021469414176286,0.008372312974823435,44.68109017911336,16.80391526320284,False,False,UNet,train
case_00092,75517,39252,16224,1374447,1505440,91741,114769,0.06093965883728345,0.7313640985908673,0.5764964540089929,0.6579912694194425,0.8231543148646734,0.027765457852060447,201.1024608235311,57.87678167068448,False,False,UNet,train
case_00093,59345,5542,16979,1423574,1505440,76324,64887,0.050698799022212776,0.8405152573099829,0.724904111597,0.9145899795028279,0.7775404852995126,0.0038779217362341478,50.635955604688654,15.21289423896408,False,False,UNet,train
case_00094,31258,2904,8695,1462583,1505440,39953,34162,0.026539084918694868,0.8434999662686365,0.729355764519215,0.9149932673731046,0.7823692839085926,0.0019815938319480146,38.118189775249355,12.266924381569108,False,False,UNet,train
case_00095,72478,20300,27272,1385390,1505440,99750,92778,0.0662596981613349,0.7529086678301338,0.603731778425656,0.7811981288667572,0.7265964912280701,0.01444130640468382,100.29938710354722,31.47197466790011,False,False,UNet,train
case_00096,22017,6917,495,1476011,1505440,22512,28934,0.014953767669252844,0.8559266026513237,0.7481395902001428,0.7609386880486625,0.9780117270788913,0.0046644206596679,26.596836670195113,11.432785500610725,False,False,UNet,train
case_00097,70434,8851,5059,1421096,1505440,75493,79285,0.05014680093527474,0.910129346547959,0.8350801479654747,0.8883647600428832,0.9329871643728558,0.006189739899450819,98.29038610159185,22.100168311826035,False,False,UNet,train
case_00098,11776,4193,2729,1486742,1505440,14505,15969,0.009635056860452757,0.7728555489925838,0.6297999786073377,0.737428768238462,0.8118579800068941,0.0028123291759868806,43.86337120129781,12.466153378044458,False,False,UNet,train
case_00099,8943,5227,870,1490400,1505440,9813,14170,0.006518360080773727,0.7457782596005504,0.5946143617021277,0.631122088920254,0.9113420972179761,0.003494855334919736,35.234205365202584,11.756155336722184,False,False,UNet,train
case_00100,17464,51332,45988,1390656,1505440,63452,68796,0.04214847486449144,0.26410985421329625,0.15214664064678005,0.2538519681376824,0.2752316711845174,0.03559807709911594,133.94719045584083,62.09773519302281,False,False,UNet,train
case_00101,52426,5361,3020,1444633,1505440,55446,57787,0.03683042831331704,0.925984474490652,0.8621704737941356,0.9072282693339332,0.9455325902680085,0.0036972566783034966,151.58743313269156,25.7531658033781,False,False,UNet,train
case_00102,53463,18748,8247,1424982,1505440,61710,72211,0.040991338080561164,0.7984259376796768,0.6644833329190385,0.7403719654900223,0.8663587749149246,0.012985807595603057,220.85151418706192,47.33468168130133,False,False,UNet,train
case_00103,16386,15350,1736,1471968,1505440,18122,31736,0.012037676692528431,0.6573067511733323,0.48954349904397704,0.5163221578018654,0.9042048339035427,0.010320590485693039,88.2677464995334,34.80376594875522,False,False,UNet,train
case_00104,27727,4906,6396,1466411,1505440,34123,32633,0.022666462960994792,0.830696866199293,0.7104204565835661,0.849661385713848,0.8125604431028924,0.003334427591062973,39.67987540105915,16.82314778752698,False,False,UNet,train
case_00105,54504,14481,18779,1417676,1505440,73283,68985,0.048678791582527366,0.7662158742654708,0.6210291235586345,0.7900848010437052,0.7437468444250371,0.010111321593931391,125.26523725459272,50.99875560284476,False,False,UNet,train
case_00106,59348,23014,6762,1416316,1505440,66110,82362,0.043914071633542356,0.7994504014224905,0.6659036847538261,0.7205750224618149,0.8977159279987899,0.015989383949476493,144.2879057573805,32.2879500412523,False,False,UNet,train
case_00107,27663,15573,9972,1452232,1505440,37635,43236,0.024999335742374323,0.684126571947917,0.5199030221019395,0.6398140438523453,0.7350338780390594,0.010609719955988705,139.6638462200297,41.52776910718389,False,False,UNet,train
case_00108,9212,18777,1315,1476136,1505440,10527,27989,0.0069926400255074924,0.47834666112784296,0.31435981435981436,0.3291293007967416,0.8750831195972262,0.012560597171875553,157.39676758302954,60.61634112793128,False,False,UNet,train
case_00109,12248,13703,5331,1474158,1505440,17579,25951,0.011676984801785525,0.5627383413737652,0.39153506809027555,0.47196639821201497,0.6967404289208715,0.009209865706541136,326.05106938284064,108.96258774841141,False,False,UNet,train
case_00110,23788,2791,24986,1453875,1505440,48774,26579,0.03239850143479647,0.6313749950234231,0.46132066324057014,0.8949922871439858,0.487718866609259,0.0019160191835328071,400.70599985000734,60.20527529072823,False,False,UNet,train
case_00111,5956,2893,5538,1491053,1505440,11494,8849,0.007634977149537677,0.5855576856904094,0.41398484743170916,0.6730704034354165,0.5181834000348008,0.0019364823092668678,165.05270634902453,42.75927523963977,False,False,UNet,train
case_00112,47641,27201,10624,1419974,1505440,58265,74842,0.03870297056010203,0.7158301216314694,0.55742634497929,0.6365543411453461,0.8176606882347893,0.018795930001554752,80.25583703992102,22.452967218322037,False,False,UNet,train
case_00113,49235,28700,5017,1422488,1505440,54252,77935,0.03603730470825805,0.7449295316483466,0.5935360208313242,0.6317444023866042,0.9075241465752415,0.019776900029493078,157.03820571516317,44.1313606455122,False,False,UNet,train
case_00114,33437,21181,3202,1447620,1505440,36639,54618,0.02433773514719949,0.7328095378984626,0.5782947077135939,0.6121974440660588,0.9126067851196812,0.014420605650459117,97.30493284227506,28.34887407303276,False,False,UNet,train
case_00115,9981,11913,6683,1476863,1505440,16664,21894,0.011069189074290572,0.5177135743555163,0.3492668929558736,0.4558783228281721,0.5989558329332694,0.008001875366072532,123.45037495085522,39.4803944996244,False,False,UNet,train
case_00116,2384,3956,32064,1467036,1505440,34448,6340,0.022882346689339993,0.11689712660586447,0.06207686699302156,0.3760252365930599,0.06920575940548072,0.0026893416143663595,68.25613486623024,34.198954892635214,False,False,UNet,train
case_00117,36538,9863,19110,1439929,1505440,55648,46401,0.0369646083537039,0.7160873697929426,0.557738395078689,0.7874399258636667,0.6565914318573893,0.006803044850571668,92.02925196824543,30.567952134937457,False,False,UNet,train
case_00118,18610,11445,14404,1460981,1505440,33014,30055,0.0219298012541184,0.5901472989899951,0.4185879124586698,0.6191981367492929,0.5637002483794754,0.007772886379349454,109.78880355568542,35.58500799671401,False,False,UNet,train
case_00119,10841,6228,12514,1475857,1505440,23355,17069,0.015513736847699012,0.5363645359192559,0.36646046716019337,0.6351280098424044,0.4641832584029116,0.004202188133609071,52.0,23.37582903045916,False,False,UNet,train
case_00120,33059,40443,36557,1395381,1505440,69616,73502,0.046242958869167815,0.46198242010089574,0.3003752532732443,0.449770074283693,0.4748764651804183,0.0281671012603216,141.1261001662063,48.489413008406885,False,False,UNet,train
case_00121,0,30,4686,1500724,1505440,4686,30,0.0031127112339249655,0.0,0.0,0.0,0.0,1.9989951717603283e-05,256.9518254587853,206.67043755241008,False,False,UNet,train
case_00122,13911,11875,4464,1475190,1505440,18375,25786,0.012205733871824848,0.6300129073164104,0.4598677685950413,0.5394787869386489,0.757061224489796,0.007985528541119587,76.05754366701402,26.569082631395144,False,False,UNet,train
case_00123,52562,11815,65224,1375839,1505440,117786,64377,0.07824024869805506,0.5770875534548728,0.40556785827269853,0.8164717212669121,0.44624997877506667,0.008514370296918396,133.94327096250151,53.592351103153355,False,False,UNet,train
case_00124,37398,4567,14236,1449239,1505440,51634,41965,0.034298278244234245,0.7991111016143335,0.6654329994128219,0.891171214106994,0.7242901963822288,0.003141409514061711,93.28771896206158,23.983009175004153,False,False,UNet,train
case_00125,14692,15736,1434,1473578,1505440,16126,30428,0.010711818471676056,0.6311809941143618,0.46111355219383593,0.48284474825818324,0.9110752821530448,0.010565938411913136,161.47693276241242,69.84349918969305,False,False,UNet,train
case_00126,27461,24626,7736,1193417,1253240,35197,52087,0.02808480418754588,0.6292333073644655,0.4590374939404577,0.5272140841284774,0.7802085405006108,0.02021767704424228,133.3397867516752,49.04220269951353,False,False,UNet,train
case_00127,2412,2566,5672,1242590,1253240,8084,4978,0.006450480354920047,0.36931557188791914,0.2264788732394366,0.48453194053836884,0.2983671449777338,0.0020607859577434474,131.93104262906604,36.32641441947908,False,False,UNet,train
case_00128,26579,7885,5625,1213151,1253240,32204,34464,0.025696594427244583,0.7973540529189416,0.6629998253885105,0.771210538532962,0.8253322568625016,0.0064576310608368635,91.36154659589229,25.068058026323207,False,False,UNet,train
case_00129,0,7292,2738,1243210,1253240,2738,7292,0.0021847371612779675,0.0,0.0,0.0,0.0,0.005831258166720245,180.8337634313117,122.08081470954117,False,False,UNet,train
case_00130,239,1917,2414,1248670,1253240,2653,2156,0.0021169129616035237,0.09939696402578499,0.052297592997811816,0.11085343228200371,0.09008669430833019,0.0015328801594771096,49.23413135687794,23.153237850131003,False,False,UNet,train
case_00131,4298,1882,7505,1239555,1253240,11803,6180,0.009417988573617184,0.47800700661736084,0.3140664961636829,0.6954692556634304,0.3641447089722952,0.0015159851043589003,227.99012849251835,60.76235065176665,False,False,UNet,train
case_00132,0,0,3331,1249909,1253240,3331,0,0.0026579106954773227,0.0,0.0,nan,0.0,0.0,nan,nan,True,False,UNet,train
case_00133,22518,8459,11043,1211220,1253240,33561,30977,0.026779387826753057,0.6978214385323376,0.5358876725368872,0.7269264292862446,0.670957361222848,0.006935431371696979,233.37516199790034,70.657267604586,False,False,UNet,train
case_00134,6563,2999,8466,1235212,1253240,15029,9562,0.011992116434202548,0.533772518401041,0.3640448191701797,0.6863626856306212,0.436689067802249,0.002422042769770257,45.970069746954465,18.048725215936468,False,False,UNet,train
case_00135,40522,43793,1658,1419467,1505440,42180,84315,0.028018386651078753,0.6406893553104865,0.47133402347248554,0.4806025025203107,0.960692271218587,0.029928379098724766,167.70509831248424,52.04795750057012,False,False,UNet,train
case_00136,7822,5287,462,1239669,1253240,8284,13109,0.006610066707095209,0.7312672369466648,0.5763760960872448,0.596689297429247,0.9442298406566876,0.004246736430845749,68.34423951093844,20.941431183125516,False,False,UNet,train
case_00137,41564,59810,34302,1117564,1253240,75866,101374,0.060535890970604196,0.4690137666440984,0.30634747486659397,0.41000651054511017,0.5478607017636359,0.05079949107080673,172.15458038189655,59.943919186006596,False,False,UNet,train
case_00138,22737,12541,8791,1209171,1253240,31528,35278,0.025157192556892534,0.6806873634104721,0.5159409108443577,0.644509325925506,0.7211684851560518,0.010265103395890356,280.5232282734965,54.05717568355402,False,False,UNet,train
case_00139,48846,22128,6248,1176018,1253240,55094,70974,0.04396125243369187,0.7749151251705428,0.6325399497552511,0.6882238566235522,0.8865938214687625,0.018468533884852097,91.69787262466551,25.586170652319293,False,False,UNet,train
case_00140,18479,18708,2174,1213879,1253240,20653,37187,0.016479684657368102,0.638969571230982,0.46947486090292423,0.49692096700459837,0.8947368421052632,0.015177833288846953,125.11653171118304,40.270493239424894,False,False,UNet,train
case_00141,100928,26042,123926,1002344,1253240,224854,126970,0.17941814815996937,0.5737414161626267,0.4022702633760602,0.7948964322280854,0.4488601492524038,0.025323176317063826,178.4740877550576,78.393576673563,False,False,UNet,train
case_00142,7377,3179,9017,1233667,1253240,16394,10556,0.013081293287798028,0.5474582560296846,0.3768967455167833,0.6988442591890868,0.44998170062217885,0.002570247225604481,74.2494763691574,25.435890412945078,False,False,UNet,train
case_00143,34412,27389,1808,1189631,1253240,36220,61801,0.028901088378921833,0.7021352567307005,0.5409926268295367,0.5568194689406321,0.9500828271673109,0.022504971159060656,120.96693424303936,27.753547833942992,False,False,UNet,train
case_00144,19378,17853,2438,1213571,1253240,21816,37231,0.017407679295266668,0.6563584940809863,0.4884922735637399,0.5204802449571594,0.8882471580491382,0.014497849643989398,187.140585162359,57.80739227255698,False,False,UNet,train
case_00145,30219,30712,566,1191743,1253240,30785,60931,0.024564329258561807,0.6589689912338087,0.4913898238938485,0.49595444026850044,0.9816144226084131,0.02512321516947454,129.6919426949878,35.45691214505672,False,False,UNet,train
case_00146,44787,7202,13678,1439773,1505440,58465,51989,0.03883582208523754,0.8109620294421207,0.6820320709031934,0.8614706957240955,0.7660480629436415,0.004977280187978369,96.23458797748508,27.035676381325928,False,False,UNet,train
case_00147,7905,11825,2054,1231456,1253240,9959,19730,0.00794660240656219,0.532520462124019,0.36288101358795444,0.400658895083629,0.7937543930113465,0.009511124194771736,99.30005006527327,32.057444849791466,False,False,UNet,train
case_00148,0,0,5383,1247857,1253240,5383,0,0.004295266668794485,0.0,0.0,nan,0.0,0.0,nan,nan,True,False,UNet,train
case_00149,19099,26442,345,1207354,1253240,19444,45541,0.015514985158469248,0.5877971839655305,0.41622717168635315,0.41938033859599044,0.9822567372968525,0.021431419780903814,120.50726119201282,50.48664011785382,False,False,UNet,train
case_00150,20776,27019,4454,1200991,1253240,25230,47795,0.020131818326896683,0.5690106128038342,0.39763440448621024,0.43468982111099486,0.8234641300039636,0.02200226382521315,100.03719605215285,38.184103350485515,False,False,UNet,train
case_00151,0,39986,12936,1200318,1253240,12936,39986,0.010322045258689476,0.0,0.0,0.0,0.0,0.03223887047046531,182.05437649677233,104.53149009185603,False,False,UNet,train
case_00152,21035,6328,10381,1215496,1253240,31416,27363,0.025067824199674443,0.7157318089793974,0.557307121661721,0.768738807879253,0.6695632798573975,0.005179142004085695,116.0,29.80011742285649,False,False,UNet,train
case_00153,124464,3283,61038,1064455,1253240,185502,127747,0.1480179375059845,0.7946649470548989,0.659289668141007,0.9743007663585055,0.6709577255231749,0.003074724323757326,120.41739905876443,41.32185460333106,False,False,UNet,train
case_00154,2159,3966,1563,1245552,1253240,3722,6125,0.0029699020139797644,0.4385091906164314,0.28082726326742974,0.3524897959183673,0.5800644814615799,0.0031740239036172346,82.75264213873743,25.221070853933433,False,False,UNet,train
case_00155,34947,7348,4090,1206855,1253240,39037,42295,0.03114886214930899,0.8593665469925736,0.7534116632532069,0.8262678803641093,0.89522760458027,0.006051706345644015,56.006249501833246,13.858282310032768,False,False,UNet,train
case_00156,49016,10398,28358,1165468,1253240,77374,59414,0.06173917206600492,0.7166710530163465,0.558446885111425,0.8249907429225435,0.6334944555018481,0.008842844337705146,148.67010340132674,42.70069208705073,False,False,UNet,train
case_00157,53817,10584,12704,1428335,1505440,66521,64401,0.04418708151769582,0.8221230961946808,0.6979703002399326,0.8356547258582941,0.8090227146314698,0.0073555217493131994,64.5170514755412,18.233504793624356,False,False,UNet,train
case_00158,20838,2753,5771,1223878,1253240,26609,23591,0.021232166225144424,0.830199203187251,0.7096928002179688,0.8833029545165529,0.7831184937427186,0.0022443587354306228,31.144823004794873,12.073275070565153,False,False,UNet,train
case_00159,10046,2749,8282,1232163,1253240,18328,12795,0.014624493313331844,0.645567586672236,0.4766332969587702,0.7851504493942947,0.5481230903535574,0.0022260695498950533,76.9912304370028,24.68182749628257,False,False,UNet,train
case_00160,0,58446,4870,1189924,1253240,4870,58446,0.003885927675465194,0.0,0.0,0.0,0.0,0.046817850477022034,298.2052771453436,164.93957061863193,False,False,UNet,train
case_00161,21005,9148,8299,1214788,1253240,29304,30153,0.023382592320704734,0.7065610441159157,0.5462654738375117,0.6966139355951315,0.7167963417963418,0.007474247019451997,75.92759709091287,27.60294070728233,False,False,UNet,train
case_00162,85159,10247,50694,1107140,1253240,135853,95406,0.1084014235102614,0.7364816072023143,0.5828815879534566,0.8925958535102614,0.6268466651454145,0.009170502252129299,112.0,44.67366545819824,False,False,UNet,train
case_00163,88386,53929,12856,1098069,1253240,101242,142315,0.08078420733458874,0.725793140825351,0.5696038563906916,0.6210589185960721,0.8730171272791925,0.046813449328905084,149.32112915632968,29.826517048843545,False,False,UNet,train
case_00164,58290,11676,5356,1177918,1253240,63646,69966,0.0507851648527018,0.8725264197826542,0.7738774859934681,0.8331189434868365,0.9158470288784841,0.009815113391627732,56.792330193827304,16.76897987144063,False,False,UNet,train
case_00165,731,6648,132530,1113331,1253240,133261,7379,0.1063331843860713,0.01039533560864619,0.005224824707488439,0.09906491394497899,0.005485475870659833,0.005935825582443956,330.0060605504087,116.42756764689611,False,False,UNet,train
case_00166,30335,57222,7753,1157930,1253240,38088,87557,0.03039162490823785,0.48286839906084605,0.31827720071346133,0.34646002032961387,0.7964450745641672,0.04709040515096054,176.944194454046,56.68733426056808,False,False,UNet,train
case_00167,45387,33682,3002,1423369,1505440,48389,79069,0.03214276224891062,0.7121875441321848,0.5530211646013817,0.5740176301711164,0.9379611068631301,0.023116555288730457,251.4801860063637,74.32796587652994,False,False,UNet,train
case_00168,28416,7548,2413,1467063,1505440,30829,35964,0.020478398342012965,0.8508676058868444,0.7404434948015739,0.7901234567901234,0.9217295403678355,0.0051186380679379175,43.92151946022781,13.137756075168657,False,False,UNet,train
case_00169,15753,32049,26992,1430646,1505440,42745,47802,0.028393692209586565,0.34795189238737895,0.21061849881006497,0.32954688088364503,0.3685343315007603,0.021910924697219857,177.10519462353574,60.28165676097658,False,False,UNet,train
case_00170,120947,9994,11369,1363130,1505440,132316,130941,0.08789191199914975,0.9188511606528981,0.8498840559342281,0.9236755485294904,0.9140769067988754,0.0072782938758626315,78.7369023282934,20.64838311727831,False,False,UNet,train
case_00171,17599,3797,1939,1482105,1505440,19538,21396,0.01297826549048783,0.8598719890555528,0.7541889865009642,0.8225369227893065,0.9007574982086191,0.002555350218251271,29.00773797371132,11.480347244574352,False,False,UNet,train
case_00172,35490,4360,1434,1464156,1505440,36924,39850,0.02452704857051759,0.924531742516998,0.859655072182928,0.8905897114178168,0.9611634709132272,0.0029689836542468725,17.710161449869027,5.874035457397576,False,False,UNet,train
case_00173,34376,17378,6864,1446822,1505440,41240,51754,0.027393984482941863,0.7393165150439813,0.5864410249411444,0.6642191907871855,0.8335596508244423,0.011868597186176753,100.2082468491709,25.903438471630054,False,False,UNet,train
case_00174,44286,21891,13770,1425493,1505440,58056,66177,0.038564140716335425,0.7129506652821714,0.5539419865661,0.6692053130241624,0.7628152128978917,0.015124528114170116,106.15172331792263,26.214852645821416,False,False,UNet,train
case_00175,58672,24023,8765,1413980,1505440,67437,82695,0.04479554150281645,0.7816055204753151,0.6415044828340258,0.7094987605054719,0.8700268398653558,0.01670580659428388,276.1925856465973,51.73256173109806,False,False,UNet,train
case_00176,22583,1,31166,1451690,1505440,53749,22584,0.03570318312254225,0.5916969069733929,0.42014883720930235,0.9999557208643287,0.42015665407728514,6.888518286605069e-07,126.70042012634347,36.2327002739751,False,False,UNet,train
case_00177,60473,2458,17695,1424814,1505440,78168,62931,0.051923690083962165,0.8571712060326437,0.7500434103142907,0.9609413484610129,0.7736285948214103,0.0017221664826326025,58.53033042835441,15.486866556081456,False,False,UNet,train
case_00178,59344,12197,19930,1413969,1505440,79274,71541,0.05265835901796152,0.7869774226701588,0.6487739283488756,0.8295103507079856,0.7485934858844009,0.008552300363351811,73.36620151408493,28.132996249450166,False,False,UNet,train
case_00179,43857,51034,454,1410095,1505440,44311,94891,0.0294339196513976,0.6301202568928608,0.4599821700141591,0.4621829256726138,0.9897542370968834,0.03492778529479601,296.6695971434704,106.4599387879524,False,False,UNet,train
case_00180,50731,11796,5038,1437875,1505440,55769,62527,0.037044983526410884,0.8576959491445189,0.7508473321986235,0.8113454987445423,0.9096630744678943,0.008137018675271838,48.18138356262117,15.767273959025356,False,False,UNet,train
case_00181,80942,10851,37921,1375726,1505440,118863,91793,0.07895565416090977,0.7684756190186844,0.6240035771003901,0.8817883716623272,0.6809688464871323,0.007825746424468313,117.03247388864847,41.9780399025652,False,False,UNet,train
case_00182,54170,2553,14629,1434088,1505440,68799,56723,0.045700260388989264,0.8631156291327416,0.759193855813432,0.954991802267158,0.7873660954374336,0.0017770619103867982,50.041912168506514,14.638030210554529,False,False,UNet,train
case_00183,59667,6735,5951,1433087,1505440,65618,66402,0.043587256881709,0.9039084987123163,0.824665183199038,0.8985723321586699,0.9093084214697187,0.0046776615442742225,51.03526363911169,11.386188162935097,False,False,UNet,train
case_00184,66510,286,38453,1400191,1505440,104963,66796,0.06972247316399192,0.7744572336820778,0.6319299945842716,0.9957183064854183,0.6336518582738679,0.00020421613493116987,75.58934279148932,29.642392139195593,False,False,UNet,train
case_00185,50869,822,16486,1437263,1505440,67355,51691,0.04474107237751089,0.8546108227071888,0.7461313932851255,0.9840978119982202,0.7552371761561874,0.0005715934732647931,49.738817790525644,14.130428895526942,False,False,UNet,train
case_00186,66105,5741,34383,1399211,1505440,100488,71846,0.06674992028908491,0.7671730476864693,0.622287699215845,0.9200929766444896,0.6578397420587533,0.0040862605982268435,96.1737969260728,30.653259439461824,False,False,UNet,train
case_00187,36455,6413,2627,1459945,1505440,39082,42868,0.025960516526729725,0.8896888346552776,0.8012968458072316,0.8504012316879723,0.9327823550483598,0.004373420406203669,140.55049594132961,26.374011024489196,False,False,UNet,train
case_00188,39686,22190,5715,1437849,1505440,45401,61876,0.03015796046338612,0.7398790048192996,0.5871491766655323,0.6413795332600686,0.8741217153807185,0.015198224157025942,329.9969696830563,74.2598485157233,False,False,UNet,train
case_00189,35771,3037,1849,1464783,1505440,37620,38808,0.02498937187798916,0.9360705500601874,0.879823892564626,0.9217429396000825,0.9508506113769272,0.0020690547887343134,22.310057197809257,6.3299809240952,False,False,UNet,train
case_00190,60844,8967,1275,1434354,1505440,62119,69811,0.04126301944946328,0.922367922383082,0.8559209971021017,0.8715531936227815,0.9794748788615399,0.006212755166730062,27.51363298439521,9.581921690520995,False,False,UNet,train
case_00191,29034,442,17131,1458833,1505440,46165,29476,0.030665453289403764,0.7676789042979336,0.6229536335743557,0.9850047496268151,0.6289180114805588,0.00030289013379931814,68.90674954199102,20.989376080100904,False,False,UNet,train
case_00192,19252,2825,11686,1471677,1505440,30938,22077,0.02055080242321182,0.7262850136753749,0.5702099931878092,0.8720387733840649,0.622276811687892,0.0019159010974552765,37.656340767525464,17.293389623941895,False,False,UNet,train
case_00193,18783,11756,7942,1466959,1505440,26725,30539,0.01775228504623233,0.6560142497904442,0.48811101582599203,0.6150496086970759,0.7028250701590272,0.007950145903706934,50.340836176410555,25.959641767461182,False,False,UNet,train
case_00194,47494,15322,2880,1439744,1505440,50374,62816,0.03346131363588054,0.8391907412315576,0.7229359473940575,0.7560812531839022,0.9428276491841029,0.010530106538122669,50.0,15.355281533051198,False,False,UNet,train
case_00195,23079,6715,4998,1470648,1505440,28077,29794,0.01865036135614837,0.7976015620950044,0.6633421476201425,0.7746190508156005,0.8219895287958116,0.004545260711145467,70.19248601341052,16.85154667716872,False,False,UNet,train
case_00196,53439,3065,13777,1435159,1505440,67216,56504,0.044648740567541714,0.8638700290979632,0.7603619754983566,0.9457560526688376,0.7950339204951202,0.0021311005796037334,61.71709649683789,17.67609388331824,False,False,UNet,train
case_00197,72374,36181,6662,1390223,1505440,79036,108555,0.05250026570305027,0.7716148429295648,0.6281538314658427,0.6667035143475657,0.9157092970292019,0.02536518405725166,247.72969139770066,58.40800493865194,False,False,UNet,train
case_00198,38617,4655,14663,1447505,1505440,53280,43272,0.03539164629609948,0.799921285939183,0.6665573487529127,0.8924246625993714,0.7247935435435435,0.003205569634200088,58.64280560392329,21.205945477230514,False,False,UNet,train
case_00199,40899,2432,16050,1446059,1505440,56949,43331,0.037828807524710385,0.8156960510570402,0.6887556625856756,0.9438739009023562,0.7181688879523784,0.0016789886854664613,84.63115546980436,29.21223277762293,False,False,UNet,train
case_00200,41848,3530,21561,1438501,1505440,63409,45378,0.04211991178658731,0.7693566326858908,0.6251661960889765,0.9222089999559258,0.6599694049740573,0.0024479362787623847,65.19202405202648,25.83316069017945,False,False,UNet,train
case_00201,33376,2177,5031,1464856,1505440,38407,35553,0.025512142629397386,0.9025419145484045,0.8223930613049477,0.9387674739121874,0.8690082537037519,0.0014839475321959355,26.14858089765625,9.35107764683254,False,False,UNet,train
case_00202,25124,7589,34,1472693,1505440,25158,32713,0.01671139334679562,0.8682759931571945,0.767215317433658,0.7680127166569866,0.9986485412194928,0.005126725853587357,34.63810467872903,11.790175557676582,False,False,UNet,train
case_00203,47014,5251,12188,1440987,1505440,59202,52265,0.03932537995536189,0.8435501090008702,0.7294307479869052,0.8995312350521382,0.7941285767372724,0.0036307993566757337,53.3924101097894,16.327677814711365,False,False,UNet,train
case_00204,74409,10002,6394,1414635,1505440,80803,84411,0.05367400892762249,0.9007590155797934,0.8194372556577281,0.8815083342218432,0.9208692746556439,0.007020735808490163,37.384365215373485,10.620267488373225,False,False,UNet,train
case_00205,96109,4676,8637,1396018,1505440,104746,100785,0.06957832925921989,0.9352263162248031,0.8783334247226334,0.9536042069752443,0.917543390678403,0.003338345134626121,31.684241898882327,9.256516830172947,False,False,UNet,train
case_00206,65959,2000,48018,1389463,1505440,113977,67959,0.0757100914018493,0.7250791487116348,0.5687248333721341,0.9705704910313572,0.5787044754643481,0.0014373360987679873,132.0,47.18384392299029,False,False,UNet,train
case_00207,39205,42277,3720,1420238,1505440,42925,81482,0.028513258582208524,0.6302700008841946,0.460141780709373,0.4811492108686581,0.9133372160745487,0.028907053944745867,335.534694651577,110.39058807338033,False,False,UNet,train
case_00208,10119,10405,65,1484851,1505440,10184,20524,0.006764799659900096,0.6590465025400547,0.49147603089028125,0.49303254726174234,0.9936174391201885,0.006958674634978893,315.55812716751655,112.40477892932311,False,False,UNet,train
case_00209,30299,11523,4773,1458845,1505440,35072,41822,0.02329684344776278,0.7880718911748641,0.650262903745037,0.724475156616135,0.8639085310218978,0.007836813641210907,81.32896078540448,23.36560246848337,False,False,UNet,train
case_00210,0,14397,3142,1235701,1253240,3142,14397,0.0025071015926717947,0.0,0.0,0.0,0.0,0.01151669709094807,137.3702983875654,91.06489448679346,False,False,UNet,train
case_00211,7195,18372,11574,1216099,1253240,18769,25567,0.014976381219878076,0.3245669433417539,0.1937212245227646,0.2814174521844565,0.383344877191113,0.014882488126493048,175.58556723085255,45.44313973488715,False,False,UNet,train
case_00212,2043,10104,17315,1223778,1253240,19358,12147,0.015446363027033928,0.12969369941279163,0.06934356119747472,0.16818967646332428,0.10553776216551297,0.008188789527685791,110.17826322501737,43.26017124503849,False,False,UNet,train
case_00213,44614,8577,14356,1185693,1253240,58970,53191,0.04705403593884651,0.795534989880618,0.6604882526240988,0.8387509165084319,0.7565541800915719,0.007181793061870431,70.14412479705469,25.03595839835743,False,False,UNet,train
case_00214,12384,3266,1607,1235983,1253240,13991,15650,0.011163863266413457,0.8355993387537533,0.7176218346178362,0.7913099041533547,0.885140447430491,0.002635467125654328,43.853162614512115,11.334190298426867,False,False,UNet,train
case_00215,12464,21681,2673,1216422,1253240,15137,34145,0.012078293064377134,0.5058236272878536,0.33853006681514475,0.3650314833797042,0.8234128294906521,0.017511467139648317,120.53732574566983,39.11709089748589,False,False,UNet,train
case_00216,37567,23632,9656,1434585,1505440,47223,61199,0.031368237857370605,0.6929774400029515,0.5301954696210571,0.6138498995081619,0.7955233678504119,0.016206092783172876,165.34535603646444,47.349158208962855,False,False,UNet,train
case_00217,47175,20609,9560,1175896,1253240,56735,67784,0.04527065845328907,0.7577156899750239,0.6099374224244932,0.6959606986899564,0.831497312064863,0.017224332535175364,131.42094456497207,32.729521561122745,False,False,UNet,train
case_00218,38430,11122,16530,1187158,1253240,54960,49552,0.04385432957773451,0.7354179424372321,0.5815501952120093,0.7755489183080401,0.699235807860262,0.009281637013052041,129.11220059629196,32.378630672317165,False,False,UNet,train
case_00219,25372,5241,8479,1214148,1253240,33851,30613,0.02701078803740704,0.7871680317696699,0.6490330502404584,0.8287982229771665,0.7495199550973384,0.0042980541894342165,54.0,20.102924495235474,False,False,UNet,train
case_00220,1670,830,2682,1248058,1253240,4352,2500,0.003472599023331525,0.48744892002335083,0.3222693940563489,0.668,0.3837316176470588,0.0006645912203496231,28.284271247461902,13.11207298831253,False,False,UNet,train
case_00221,11428,2,19434,1222376,1253240,30862,11430,0.024625770004149245,0.5404331788517923,0.3702695697252462,0.999825021872266,0.370293564901821,1.6361551009589504e-06,65.93935911631841,27.590477655354693,False,False,UNet,train
case_00222,84395,25775,14302,1128768,1253240,98697,110170,0.07875347100315981,0.8081219149027851,0.6780239732630632,0.7660433874920577,0.8550918467633262,0.022324850611887128,107.86333819212106,34.41031437448981,False,False,UNet,train
case_00223,19704,40237,2492,1190807,1253240,22196,59941,0.017710893364399478,0.47978377588662846,0.31560232569314306,0.3287232445237817,0.8877275184717968,0.03268526551447389,159.67435141110855,66.31559811326308,False,False,UNet,train
case_00224,46288,16037,1426,1189489,1253240,47714,62325,0.03807251603842839,0.8413017202991666,0.7260748850998415,0.7426875250701965,0.9701135934945718,0.013302906780940435,80.32214401384685,25.725651818012082,False,False,UNet,train
case_00225,65487,25529,11916,1150308,1253240,77403,91016,0.061762312087070316,0.7776676028239095,0.6362161426961489,0.7195108552342445,0.8460524785861013,0.0217113426435807,143.00244333941305,43.92595685857757,False,False,UNet,train
case_00226,22119,11220,2861,1217040,1253240,24980,33339,0.01993233538667773,0.7585521013734804,0.6110220994475138,0.6634572122739134,0.8854683746997598,0.009134873723804407,157.15851857254637,36.352045140334035,False,False,UNet,train
case_00227,30742,30022,7387,1437289,1505440,38129,60764,0.025327479009459027,0.6217224677176342,0.4510865577907881,0.5059245605950892,0.8062629494610402,0.020460556759950687,91.0,30.47285990279508,False,False,UNet,train
case_00228,57032,92610,17489,1086109,1253240,74521,149642,0.05946267275222623,0.508844010831404,0.3412413017333708,0.38112294676628217,0.7653144751143973,0.0785683441091558,156.32210237409925,51.64888040002207,False,False,UNet,train
case_00229,35976,16301,1175,1199788,1253240,37151,52277,0.029643962848297213,0.8045802209598784,0.6730524582803262,0.6881802704822388,0.968372318376356,0.013404446549553528,96.66408634419813,26.61238466093211,False,False,UNet,train
case_00230,61038,11272,4730,1176200,1253240,65768,72310,0.05247837604928027,0.884108981879807,0.7922897196261682,0.8441156133314894,0.9280805254835178,0.009492434347925677,42.432295333144694,12.926326674860494,False,False,UNet,train
case_00231,19822,35500,3455,1194463,1253240,23277,55322,0.018573457597906226,0.5043830074173972,0.33724075743913434,0.35830230288131304,0.8515702195300081,0.02886265684414897,147.78700890132393,50.70635503473386,False,False,UNet,train
case_00232,9365,3656,5023,1235196,1253240,14388,13021,0.011480642175481153,0.6833521835893319,0.5190090888938151,0.7192227939482375,0.6508896302474284,0.002951119262026457,56.08029957123981,17.866142399132997,False,False,UNet,train
case_00233,19346,18847,4626,1210421,1253240,23972,38193,0.019128020171714916,0.622408107455964,0.4518087764777318,0.5065326106878224,0.807024862339396,0.01533188857108458,206.0952342804265,58.18324749764824,False,False,UNet,train
case_00234,25513,43734,6315,1177678,1253240,31828,69247,0.025396572085155278,0.5048330447687361,0.3376432598396019,0.3684347336346701,0.8015897951489255,0.035806099825447926,190.58331419330864,62.02689548158321,False,False,UNet,train
case_00235,17736,9666,16627,1209211,1253240,34363,27402,0.027419329098975456,0.5743058366388731,0.40282541052488136,0.6472520253996059,0.5161365422110992,0.00793025055030163,81.10048784001748,38.53280974980777,False,False,UNet,train
case_00236,14767,33547,2982,1201944,1253240,17749,48314,0.01416249082378475,0.4470581111968878,0.28787819713038054,0.3056463964896303,0.83199053467801,0.027152767604134712,192.8569394545077,61.38462596387264,False,False,UNet,train
case_00237,27646,9590,2669,1213335,1253240,30315,37236,0.024189301330950177,0.818522301668369,0.6927953890489914,0.7424535395853475,0.9119577766782121,0.007841854569985894,35.0,13.501063755833622,False,False,UNet,train
case_00238,20293,6593,5670,1472884,1505440,25963,26886,0.017246120735466042,0.7679615508335068,0.6233259614203219,0.7547794391132931,0.7816122944189808,0.004456304491384455,59.07449663179165,17.135096476076463,False,False,UNet,train
case_00239,48534,11202,8135,1185369,1253240,56669,59736,0.045217994957071274,0.8338817061122804,0.7150918654506343,0.812474889513861,0.8564470874728688,0.009361751204065618,98.490978157335,20.396281204131576,False,False,UNet,train
case_00240,0,436,1918,1250886,1253240,1918,436,0.0015304331173598034,0.0,0.0,0.0,0.0,0.0003484314988468196,83.64115210317458,59.777837166494635,False,False,UNet,train
case_00241,15121,6571,4525,1227023,1253240,19646,21692,0.01567616737416616,0.7315786927282404,0.5767631689361864,0.6970772635072838,0.7696732159218161,0.005326712030052027,71.740407704652,21.718272681163704,False,False,UNet,train
case_00242,59802,11053,7145,1427440,1505440,66947,70855,0.04447005526623446,0.8679409587669265,0.7666923076923077,0.8440053630654153,0.8932737837393759,0.0076837356872782835,111.7821496306325,27.37485556246446,False,False,UNet,train
case_00243,67280,13392,19532,1405236,1505440,86812,80672,0.05766553300031885,0.8034200281817965,0.6714302822242625,0.8339944466481555,0.7750080634013731,0.009440106920207412,166.34812687610432,48.96068084568374,False,False,UNet,train
case_00244,32623,1406,11517,1459894,1505440,44140,34029,0.029320331597406737,0.8346787089511187,0.7162648750713564,0.9586823003908431,0.7390801993656547,0.0009621569835078355,76.17868672228494,21.53344375233864,False,False,UNet,train
case_00245,2515,37483,2211,1463231,1505440,4726,39998,0.0031392815389520673,0.11246757892853948,0.05958444881423393,0.06287814390719536,0.5321625052898857,0.024976777720471723,321.31487295319704,133.09234807026513,False,False,UNet,train
case_00246,87325,4110,14265,1399740,1505440,101590,91435,0.06748193219258157,0.9048050770625566,0.8261589403973509,0.9550500355443758,0.859582636086229,0.0029276632118816113,363.0,54.72553250645283,False,False,UNet,train
case_00247,18031,11804,4468,1471137,1505440,22499,29835,0.014945132320119035,0.6890740245347193,0.5256391569250503,0.6043572984749456,0.8014133961509401,0.007959858146750275,56.0410542167991,19.778823812815016,False,False,UNet,train
case_00248,80874,9591,14479,1400496,1505440,95353,90465,0.06333895738123074,0.8704646482041568,0.7706395792041469,0.8939810976620792,0.8481537025578639,0.0068017079797204,49.4539696575687,15.875866934901682,False,False,UNet,train
case_00249,30213,1512,6792,652683,691200,37005,31725,0.05353732638888889,0.8791793976429507,0.7844068852714385,0.9523404255319149,0.8164572355087151,0.0023112374750647743,42.79005206556006,10.53849482691431,False,False,UNet,train
case_00250,25530,5151,1894,658625,691200,27424,30681,0.03967592592592593,0.8787539798640392,0.7837298541826554,0.8321110785176493,0.9309364060676779,0.0077601480017355255,22.48996971246676,10.159134550124104,False,False,UNet,train
case_00251,4974,997,244,684985,691200,5218,5971,0.007549189814814815,0.8890874966484941,0.8003218020917136,0.8330262937531402,0.9532387888079724,0.0014533909053007221,23.08679276123039,5.285231854867372,False,False,UNet,train
case_00252,17087,13438,92,660583,691200,17179,30525,0.024853877314814816,0.7163759852423277,0.5580886435640331,0.5597706797706797,0.9946446242505385,0.019937064275445424,64.44452148700799,23.062425300766417,False,False,UNet,train
case_00253,20302,4609,1811,664478,691200,22113,24911,0.0319921875,0.8634739707383464,0.7597485218172293,0.8149813335474289,0.9181024736580292,0.006888491332218381,36.67693843970342,11.068625126940965,False,False,UNet,train
case_00254,33388,8299,4816,1249855,1296358,38204,41687,0.029470254358749667,0.8358388304064288,0.7179751843967056,0.8009211504785665,0.8739399015809863,0.006596171851776492,184.37623649328714,44.80893506730435,False,False,UNet,train
case_00255,53978,6250,8381,1436831,1505440,62359,60228,0.04142244127962589,0.880648029562678,0.786748094273346,0.8962276681941954,0.8656007953944098,0.004331011218358498,160.1873858846127,34.60864836061249,False,False,UNet,train
case_00256,89294,18759,11953,1385434,1505440,101247,108053,0.06725409182697417,0.8532632584806498,0.744079462693532,0.8263907526861818,0.8819421810028939,0.01335927468659935,152.44300300623058,31.47957465321057,False,False,UNet,train
case_00257,7526,5132,11465,1481317,1505440,18991,12658,0.012614916569242214,0.47559164586558816,0.3119844132156034,0.594564702164639,0.3962929808856827,0.003452523429999953,76.2876022514947,32.226143543609005,False,False,UNet,train
case_00258,32939,28012,3277,781080,845308,36216,60951,0.042843555248501135,0.6779873825475727,0.5128448651678396,0.5404177125888009,0.9095151314336205,0.03462152635299818,156.9407525236057,53.25106966138019,False,False,UNet,train
case_00259,56725,44484,10373,904590,1016172,67098,101209,0.06603016024846188,0.6740658439637092,0.5083705257120325,0.5604738709008092,0.8454052281737161,0.0468709499996839,240.33563308052425,46.70193520603452,False,False,UNet,train
case_00260,45468,1513,7115,962076,1016172,52583,46981,0.05174616108296627,0.9133421718693504,0.8405057675244011,0.9677954917945553,0.8646901089705799,0.0015701715150338994,25.495097567963924,9.19276294571418,False,False,UNet,train
case_00261,41782,5116,5829,1452713,1505440,47611,46898,0.03162596981613349,0.8841909236157403,0.7924213401103799,0.8909121924175871,0.8775703093822856,0.0035093279115726195,45.09711580427382,13.544820393774888,False,False,UNet,train
case_00262,23887,13924,1885,976476,1016172,25772,37811,0.02536184819105427,0.7513643583976849,0.601748286981056,0.6317473751024834,0.9268586062393295,0.014058966074313409,106.86225601261886,26.260389236733143,False,False,UNet,train
case_00263,53667,10650,41597,1399526,1505440,95264,64317,0.06327983845254544,0.6725988682863248,0.5067035519383651,0.8344139185596343,0.5633502687269063,0.007552248797313243,121.0,48.683743413213435,False,False,UNet,train
case_00264,28561,10121,2011,1464747,1505440,30572,38682,0.020307684132213837,0.8248187830305831,0.701865185658467,0.7383537562690657,0.9342208556849405,0.006862309033757597,39.527150953200845,15.186662132503036,False,False,UNet,train
case_00265,7844,22590,960,1474046,1505440,8804,30434,0.005848124136465086,0.3998165044089913,0.2498566605083774,0.2577380561214431,0.8909586551567469,0.01509385047533268,211.9810117213293,74.9513358546549,False,False,UNet,train
case_00266,40266,30128,1548,1433498,1505440,41814,70394,0.027775268360080773,0.7177028375873378,0.5597008701453949,0.572008978037901,0.9629789065863108,0.02058449357964398,70.19792624881855,28.969510126228055,False,False,UNet,train
case_00267,47872,14486,7992,945822,1016172,55864,62358,0.054974945186444815,0.8098661839589925,0.6804832977967307,0.7676962057795311,0.8569382786767865,0.01508474364474731,116.51115313090594,29.411097796425594,False,False,UNet,train
case_00268,14651,2054,1643,1234892,1253240,16294,16705,0.013001500111710447,0.8879663020091518,0.7985066492260737,0.8770428015564202,0.8991653369338407,0.0016605413655891204,29.154759474226502,8.500748221550886,False,False,UNet,train
case_00269,36629,7284,2260,1207067,1253240,38889,43913,0.03103076824869937,0.8847370836453226,0.7932991142009399,0.8341265684421469,0.9418858803260562,0.005998265740300786,124.93336264630723,21.309768256957515,False,False,UNet,train
case_00270,38505,20626,5697,1188412,1253240,44202,59131,0.03527017969423255,0.7452604685821567,0.5939563151724564,0.6511812754731021,0.8711144292113479,0.017059844272884723,176.0213054082868,59.11697176696299,False,False,UNet,train
case_00271,20206,16987,583,1215464,1253240,20789,37193,0.016588203376847212,0.6969749232520437,0.5348898771706904,0.5432742720404378,0.971956323055462,0.013783103750169378,131.56823098928143,37.62399824009275,False,False,UNet,train
case_00272,34240,7679,2178,972075,1016172,36418,41919,0.035838421054703334,0.8741718472752339,0.776470054652244,0.8168133781817314,0.9401944093580098,0.007837681703774621,31.31452021011886,11.617940416123405,False,False,UNet,train
case_00273,76728,7858,22821,1145833,1253240,99549,84586,0.079433308863426,0.8333885464469004,0.7143668475983874,0.9071004657981226,0.7707561100563541,0.006811182543679373,52.258939083359635,22.483273327877374,False,False,UNet,train
case_00274,18091,64754,2253,1420342,1505440,20344,82845,0.01351365713678393,0.3506381494151508,0.21259019013372818,0.21837165791538415,0.8892548171451042,0.04360256845348718,257.9731555559166,90.47401258828653,False,False,UNet,train
case_00275,22203,149,38001,1236005,1296358,60204,22352,0.04644087512862959,0.5378894326275497,0.36788560634931156,0.9933339298496778,0.36879609328283836,0.00012053514367950919,127.68435677200951,51.62792905146041,False,False,UNet,train
case_00276,53717,6074,3121,1442528,1505440,56838,59791,0.03775507492826018,0.9211602603126152,0.853843463886063,0.8984128046026995,0.9450895527639959,0.004193008155449185,28.003570290448756,8.889891290038037,False,False,UNet,train
case_00277,89883,12642,17818,1132897,1253240,107701,102525,0.0859380485780856,0.855108312007078,0.7468901390193031,0.876693489392831,0.8345604961885219,0.011035852991473883,75.14117997464007,23.9206559029913,False,False,UNet,train
case_00278,44742,10126,1211,1449361,1505440,45953,54868,0.030524630672760122,0.8875531883238611,0.7978387631733804,0.8154479842531166,0.9736469871390334,0.00693805426153162,41.21865955325979,10.665720663433873,False,False,UNet,train
case_00279,75789,3525,115480,1058446,1253240,191269,79314,0.15261960997095528,0.5601904036838974,0.38907255870304014,0.9555563960965278,0.39624298762475885,0.0033192996795581046,131.60470337915308,51.992617185186,False,False,UNet,train
case_00280,55439,8693,14722,1174386,1253240,70161,64132,0.0559836902748077,0.8256424385485468,0.7030588175615695,0.8644514438969625,0.7901683271333076,0.007347776437583627,47.00797782062948,20.27846519660673,False,False,UNet,train
case_00281,49086,8515,5664,1442175,1505440,54750,57601,0.03636810500584547,0.8737972959742236,0.7758792381253458,0.8521727053349768,0.8965479452054794,0.0058696206632705816,41.48493702538308,14.70827639804923,False,False,UNet,train
case_00282,28004,8725,472,1468239,1505440,28476,36729,0.01891540014879371,0.8589525343148532,0.7527754630251875,0.7624492907511775,0.983424638291895,0.005907388399446432,39.0,12.456144413397928,False,False,UNet,train
case_00283,25787,2486,9056,1468111,1505440,34843,28273,0.023144728451482622,0.8171303631408835,0.6908033968228455,0.9120715877338804,0.7400912665384726,0.0016904699247992482,45.00388840889766,15.683687470829376,False,False,UNet,train
case_00284,33023,3559,6271,1253505,1296358,39294,36582,0.0303110714787119,0.8704465180030576,0.7706111590787109,0.9027117161445519,0.8404082048149845,0.0028312003207473925,34.97497443760108,15.921835396191586,False,False,UNet,train
case_00285,88458,36165,8121,1372696,1505440,96579,124623,0.0641533372303114,0.799793853581794,0.6663804013740734,0.7098047711899088,0.9159133973223993,0.0256696721678008,240.81735731913346,49.352600833526516,False,False,UNet,train
case_00286,45404,806,30181,1219967,1296358,75585,46210,0.05830565322233519,0.7455806888624328,0.5943632103258237,0.9825578879030513,0.600701197327512,0.0006602374069544461,74.90326538199068,25.007743815080218,False,False,UNet,train
case_00287,36183,20475,5276,1443506,1505440,41459,56658,0.027539456902965245,0.7375480293934792,0.5842186844059806,0.6386212008895478,0.8727417448563641,0.01398583724788778,104.32017834200052,29.941802150070753,False,False,UNet,train
case_00288,1263,3850,33588,1257657,1296358,34851,5113,0.02688377747504933,0.06320688619757782,0.032634815637838814,0.24701740661060043,0.0362399931135405,0.0030519053798353873,104.29429416420666,67.72817270963989,False,False,UNet,train
case_00289,74304,45118,57920,1075898,1253240,132224,119422,0.10550572915004308,0.5905438592308243,0.4189870419866698,0.6221969151412637,0.5619554695062924,0.04024741841329651,138.5225612334995,46.811625563332456,False,False,UNet,train
case_00290,49914,572,50313,1195559,1296358,100227,50486,0.07731429126830705,0.6623715273400437,0.49518348396313455,0.9886701263716674,0.4980095183932473,0.00047820849054158786,120.18651878623518,43.18322407220552,False,False,UNet,train
case_00291,90355,150,21887,1393048,1505440,112242,90505,0.07455760442129876,0.8913078861832727,0.8039273257883124,0.9983426330037014,0.805001692770977,0.00010766595989945435,42.02974084481309,15.804320218906184,False,False,UNet,train
case_00292,24445,69576,17912,1393507,1505440,42357,94021,0.02813596025082368,0.358488905835252,0.21838957233344947,0.2599951074759894,0.5771183039403168,0.04755437661431375,139.35350624740076,79.54041028089968,False,False,UNet,train
case_00293,55191,7703,20981,1212483,1296358,76172,62894,0.05875846024014971,0.7937382250154603,0.6580149031296573,0.8775240881483131,0.7245575802132017,0.006312971956734465,162.29386655425523,39.02499208096745,False,False,UNet,train
case_00294,21316,371,9198,1474555,1505440,30514,21687,0.02026915718992454,0.8166893354533438,0.6901732232475312,0.9828929773597086,0.6985645933014354,0.00025153804326454347,35.0,15.013511222674897,False,False,UNet,train
case_00295,5393,6825,1421,1239601,1253240,6814,12218,0.005437107018607769,0.5667297183690626,0.39541022069066645,0.44139793746930756,0.7914587613736425,0.005475655995622684,102.18060264277506,31.024790844742864,False,False,UNet,train
case_00296,34919,10272,479,1207570,1253240,35398,45191,0.02824518847148192,0.8665946965466751,0.7645938252682286,0.7726981036047,0.9864681620430533,0.008434591679380413,38.0,14.712023592691832,False,False,UNet,train
case_00297,55408,5236,13966,1430830,1505440,69374,60644,0.04608220852375385,0.8523127566952268,0.7426350355180271,0.9136600488094453,0.7986853864560209,0.003646071977193249,50.51779920465966,17.861956080352584,False,False,UNet,train
case_00298,71876,8462,13846,1159056,1253240,85722,80338,0.06840030640579618,0.8656630133686619,0.7631444831393868,0.8946700191690109,0.8384778703250041,0.007247853994542268,46.555338651878984,19.549540328408398,False,False,UNet,train
case_00299,43893,7565,40834,1160948,1253240,84727,51458,0.06760636430372474,0.6446084370525388,0.47558835001950334,0.8529869019394457,0.5180520967342169,0.006474040083422264,92.44214230447001,44.350592738609606,False,False,UNet,train
case_00300,26331,6324,4088,1468697,1505440,30419,32655,0.020206052715485173,0.8349240574563211,0.716626296165256,0.8063389986219568,0.8656103093461324,0.004287396586218095,28.85425685062105,11.42860864268034,False,False,UNet,train
case_00301,100445,12684,44775,1347536,1505440,145220,113129,0.09646349240089276,0.7775915525122993,0.6361143479582532,0.8878802075506722,0.6916747004544829,0.0093249621384776,134.39047184800103,53.75539591157964,False,False,UNet,train
case_00302,78094,26175,1485,1399686,1505440,79579,104269,0.052860957593793174,0.8495496279535268,0.7384496094710365,0.7489666151972303,0.9813392980560198,0.01835732936099662,83.5011952031949,21.61723915916507,False,False,UNet,train
case_00303,10224,16443,94015,1132558,1253240,104239,26667,0.08317560882193355,0.1562036881426367,0.08471851643161367,0.3833952075599055,0.0980822916566736,0.014310692505924712,233.01502050083707,102.9100408520223,False,False,UNet,train
case_00304,8674,5749,3024,1487993,1505440,11698,14423,0.007770485705175896,0.6641399640136288,0.4971628360176535,0.6014005408028843,0.7414942725252179,0.0038487235412808904,304.7887790413036,120.1461947994143,False,False,UNet,train
case_00305,8745,3827,540,1492328,1505440,9285,12572,0.006167632054415985,0.8002013085052844,0.6669463087248322,0.6955933821189946,0.9418416801292407,0.002557890058182474,74.51845409024533,23.93801195066133,False,False,UNet,train
case_00306,22172,21224,10288,1199556,1253240,32460,43396,0.02590086495802879,0.5845813119595022,0.413009462782207,0.5109226656834731,0.6830560690080099,0.017385605924081324,266.59308533346,58.55856259868662,False,False,UNet,train
case_00307,19498,47990,54860,1130892,1253240,74358,67488,0.059332609875203474,0.2749178686744779,0.1593650897440089,0.28891062114746324,0.2622179187175556,0.040708060688007794,286.51265241372425,88.28996434101079,False,False,UNet,train
case_00308,45592,8853,6143,1444852,1505440,51735,54445,0.034365368264427675,0.8587681295912601,0.7524922426883212,0.8373955367802369,0.8812602686769112,0.006089956352905163,37.72922855519853,14.961415133782824,False,False,UNet,train
case_00309,40899,49421,3872,1411248,1505440,44771,90320,0.029739478159209267,0.605502957265843,0.4342088500084933,0.4528232949512843,0.9135154452659088,0.0338344963848757,210.77369380121235,91.45320859660433,False,False,UNet,train
case_00310,60144,2272,115402,1075422,1253240,175546,62416,0.14007372889470493,0.5054924735882199,0.33823347467635445,0.9635990771597026,0.34261105351303933,0.002108205112026234,122.90728114729487,61.610192657917736,False,False,UNet,train
case_00311,28179,13654,523,1463084,1505440,28702,41833,0.019065522372196834,0.7990075848869356,0.6652894513174048,0.6736069610116415,0.9817782732910598,0.0092460544795353,66.55748333684733,19.729847762656576,False,False,UNet,train
case_00312,11983,1986,24243,1215028,1253240,36226,13969,0.02890587596948709,0.477457914134874,0.3135925887155867,0.8578280478201732,0.33078451940595155,0.0016318629037956835,202.5331831692708,66.36912236416228,False,False,UNet,train
case_00313,41280,5101,2897,1456162,1505440,44177,46381,0.02934490912955681,0.9116809116809117,0.837696335078534,0.8900196201030595,0.9344228897390044,0.0034908158216556497,26.279215232066374,9.003072628595996,False,False,UNet,train
case_00314,58407,16582,2044,1428407,1505440,60451,74989,0.040155037729833136,0.8624778499704666,0.7582075214518453,0.7788742348877835,0.966187490694943,0.011475519882850319,71.07596602758453,21.199334346909353,False,False,UNet,train
case_00315,9089,1803,909,1493639,1505440,9998,10892,0.0066412477415240725,0.8701771182383916,0.7701889670366918,0.8344656628718325,0.9090818163632727,0.0012056636098223804,19.924858845171276,6.705329345039004,False,False,UNet,train
case_00316,9564,3008,1222,1491646,1505440,10786,12572,0.007164682750557976,0.8189057282301567,0.6933449325793823,0.760738148265988,0.8867049879473391,0.0020125059043765315,78.3989775521533,24.38602554561003,False,False,UNet,train
case_00317,37225,2428,5910,1459877,1505440,43135,39653,0.028652752683600808,0.8992849205198821,0.8170006364813555,0.9387688195092427,0.8629882925698389,0.001660392325814382,43.835135283997936,11.764403270440955,False,False,UNet,train
case_00318,19259,3881,1643,1480657,1505440,20902,23140,0.013884312891911998,0.8745742700149857,0.777105273776379,0.8322817631806396,0.9213950818103531,0.002614281345442151,28.595317977106752,7.897537947501868,False,False,UNet,train
case_00319,40302,6596,3609,1454933,1505440,43911,46898,0.02916821660112658,0.8876212710193924,0.7979487991763518,0.8593543434688047,0.9178110268497643,0.0045130818478456465,48.0,13.479891235304027,False,False,UNet,train
case_00320,9223,5200,1963,1489054,1505440,11186,14423,0.007430385800828994,0.7202936467648092,0.5628585377761504,0.639464743811967,0.824512783836939,0.003479997376617362,292.5190567920936,112.90534603363929,False,False,UNet,train
case_00321,13482,2315,2466,1487177,1505440,15948,15797,0.010593580614305452,0.849393605292172,0.738213875047911,0.853453187314047,0.845372460496614,0.0015542211707078655,171.64496042308255,41.46733688525834,False,False,UNet,train
case_00322,45411,9034,4315,1446680,1505440,49726,54445,0.03303087469444149,0.8718549308348773,0.7728216473791695,0.8340710809073377,0.9132244700961267,0.006205889343648546,41.7612260356422,14.88675459631477,False,False,UNet,train
case_00323,115476,17228,45964,1326772,1505440,161440,132704,0.10723775108938251,0.7851664490861618,0.6463160722681174,0.8701772365565469,0.7152874132804757,0.012818452380952382,147.26293374160613,44.26889732442435,False,False,UNet,train
case_00324,41275,5106,2798,1456261,1505440,44073,46381,0.029275826336486344,0.9126185685541822,0.8392809939201692,0.8899118173389966,0.9365144192589567,0.0034939888474284694,22.825424421026653,8.904012086461588,False,False,UNet,train
case_00325,57434,2165,16037,1429804,1505440,73471,59599,0.048803672016154744,0.8632148493274217,0.7593474007086572,0.9636738871457575,0.7817234010698099,0.0015119042381504068,62.360226851538386,16.22196221391676,False,False,UNet,train
case_00326,8683,2209,1054,1493494,1505440,9737,10892,0.006467876501222234,0.841824615832081,0.7268541771304202,0.7971905986044804,0.8917531067063778,0.001476897485663932,21.93171219946131,8.047219332710032,False,False,UNet,train
case_00327,102319,412,66675,1336034,1505440,168994,102731,0.11225555319375066,0.7531070015640813,0.6039868717754979,0.9959895260437454,0.6054593654212576,0.000308280319593908,140.03570973148243,43.85367245974301,False,False,UNet,train
case_00328,143242,4251,28937,1329010,1505440,172179,147493,0.11437121373153364,0.8961810856127531,0.8118914016890552,0.9711782932071352,0.8319365311681448,0.003188422971946228,156.0,42.31006599808906,False,False,UNet,train
case_00329,28033,12459,1382,1463566,1505440,29415,40492,0.01953913805930492,0.8020083825654083,0.6694607632421072,0.6923095920181764,0.9530171681115077,0.008440913941159534,80.0,26.5361667817591,False,False,UNet,train
case_00330,37570,13840,13086,1440944,1505440,50656,51410,0.03364863428632161,0.7361903082319283,0.58251674522451,0.7307916747714452,0.7416692987997473,0.009513439795873477,151.39679271000645,44.232583334185506,False,False,UNet,train
case_00331,13090,2707,2528,1487115,1505440,15618,15797,0.010374375597831864,0.8333598599395193,0.714324693042292,0.8286383490536178,0.8381354846971443,0.0018169955873923193,176.5116119654112,42.85492192197807,False,False,UNet,train
case_00332,58023,1576,31244,1414597,1505440,89267,59599,0.059296285471357214,0.7795332715327878,0.638717347511641,0.9735566032987131,0.6499938387085933,0.0011128583866519134,78.12808658604807,29.13132825851731,False,False,UNet,train
case_00333,34385,18501,4729,1447825,1505440,39114,52886,0.025981772770751407,0.7475,0.5968063872255489,0.6501720682222139,0.879096998517155,0.012617248824613353,58.74860872337977,25.47888532686136,False,False,UNet,train
case_00334,111180,14250,21287,1358723,1505440,132467,125430,0.08799221490062706,0.862204678612004,0.7577853963753348,0.8863908155943554,0.8393033736704236,0.010378936803564236,92.22797840135064,28.71134645756892,False,False,UNet,train
case_00335,29104,11388,347,1464601,1505440,29451,40492,0.019563051333829313,0.8322205224254036,0.7126521217463699,0.7187592610886101,0.9882177175647686,0.007715504654844989,85.59666345567317,24.67062009135346,False,False,UNet,train
case_00336,67384,9233,3527,1425296,1505440,70911,76617,0.04710317249442023,0.91350794425465,0.8407865841485327,0.879491496665231,0.9502615955211462,0.006436258869635957,41.43669871020132,12.353261487571835,False,False,UNet,train
case_00337,39816,7807,7431,1450386,1505440,47247,47623,0.031384180040386865,0.8393802044903552,0.7232172049260726,0.8360666064716629,0.8427201727093784,0.0053538866254329845,86.0,23.55745619777963,False,False,UNet,train
case_00338,23216,2828,2942,1476454,1505440,26158,26044,0.017375650972473164,0.8894678364813609,0.8009383840474712,0.8914145292581784,0.8875296276473736,0.0019117382622109915,27.950719387228922,8.378502321657814,False,False,UNet,train
case_00339,64347,10678,24672,1405743,1505440,89019,75025,0.05913154958018918,0.7845090341615664,0.6454256396882554,0.8576741086304566,0.7228456846291241,0.0075387190672829615,65.73773639000703,27.514585284083864,False,False,UNet,train
case_00340,73922,2851,8531,1420136,1505440,82453,76773,0.054770034009990434,0.9285166995339957,0.8665713213917284,0.9628645487345812,0.8965349956945169,0.0020035320069684403,33.12023534291515,9.691715868219942,False,False,UNet,train
case_00341,19286,8400,1593,1476161,1505440,20879,27686,0.013869034966521416,0.794234531040873,0.6586973598825097,0.6965975583327313,0.9237032424924565,0.0056582383613741705,50.892911419375295,16.005906584220146,False,False,UNet,train
case_00342,19712,9220,775,1475733,1505440,20487,28932,0.013608645977255819,0.7977498532952912,0.6635473120813277,0.6813217198949261,0.9621711329135549,0.00620895072099925,67.0,16.764203614896388,False,False,UNet,train
case_00343,47057,2162,8495,1447726,1505440,55552,49219,0.036900839621638856,0.89828292180088,0.8153480957826524,0.9560738739104817,0.8470802131336406,0.001491149661215211,36.00972034751675,10.976385095111453,False,False,UNet,train
case_00344,18298,7123,1881,1478138,1505440,20179,25421,0.013404054628547137,0.8025438596491228,0.6702073108197202,0.7197985917155107,0.9067842806878438,0.004795790100191145,34.0,13.530219555780013,False,False,UNet,train
case_00345,9125,7184,221,1488910,1505440,9346,16309,0.006208151769582315,0.7113623075423894,0.5520266182698125,0.5595070206634374,0.9763535202225551,0.0048018373177086465,42.053536886441734,15.04264792195137,False,False,UNet,train
case_00346,5534,0,27680,1220026,1253240,33214,5534,0.02650250550572915,0.2856405491896356,0.16661648702354429,1.0,0.16661648702354429,0.0,129.85665966086125,41.056998525023985,False,False,UNet,train
case_00347,41838,1242,5536,1456824,1505440,47374,43080,0.03146854075884791,0.9250668848254361,0.8605808787230541,0.9711699164345404,0.883142652087643,0.0008518132924024015,77.08955722675712,14.636437752830085,False,False,UNet,train
case_00348,61271,3228,2333,1438608,1505440,63604,64499,0.04224944202359443,0.956589619290727,0.9167913574335648,0.9499527124451542,0.9633199169863531,0.0022388121811357186,14.317821063276353,5.514015960054273,False,False,UNet,train
case_00349,81969,37865,17872,1367734,1505440,99841,119834,0.06632014560527155,0.7462751792420621,0.5952463944926147,0.6840212293672914,0.8209953826584269,0.02693869304118742,181.68485842410786,43.55417720473514,False,False,UNet,train
case_00350,5908,4320,1900,1493312,1505440,7808,10228,0.005186523541290254,0.6551341760922599,0.48713720316622694,0.5776300351974971,0.7566598360655737,0.00288455374885152,96.65298275399162,27.144231177879114,False,False,UNet,train
case_00351,17135,4155,1356,1482794,1505440,18491,21290,0.012282787756403443,0.8614665292476308,0.7566457652565575,0.8048379520901832,0.9266670272024228,0.0027943123805860186,24.039533756525415,8.158840264362519,False,False,UNet,train
case_00352,35375,621,21075,1196169,1253240,56450,35996,0.045043247901439466,0.7653116413906497,0.6198419512537016,0.9827480831203467,0.6266607617360496,0.0005188880254681273,44.52411238038254,23.714885749058737,False,False,UNet,train
case_00353,80459,895,23951,1400135,1505440,104410,81354,0.06935513869699224,0.8662496500936673,0.7640567874269978,0.9889986970523883,0.7706062637678384,0.0006388157284283705,66.09821374850205,19.219161750024956,False,False,UNet,train
case_00354,60744,4815,27627,1412254,1505440,88371,65559,0.05870111063875013,0.7892418631845645,0.6518575751722362,0.9265547064476273,0.6873748175306379,0.00339785853758709,99.20181449953424,31.92232331125012,False,False,UNet,train
case_00355,29441,9226,2287,1464486,1505440,31728,38667,0.02107556594749708,0.8364514525179345,0.7188797187087952,0.7613986086326842,0.9279185577407968,0.006260381947083284,42.00952246016001,15.104750359643882,False,False,UNet,train
case_00356,40570,3487,3572,1457811,1505440,44142,44057,0.029321660112658094,0.9199650789691494,0.8517919754771253,0.9208525319472501,0.9190793348738163,0.0023862347036675614,29.30125981827862,8.481328229368268,False,False,UNet,train
case_00357,7884,6110,3162,1488284,1505440,11046,13994,0.007337389733234137,0.6297124600638978,0.4595476801119142,0.563384307560383,0.7137425312330256,0.004088613846147669,48.355429596356004,19.897330639651702,False,False,UNet,train
case_00358,83564,28863,11047,1381966,1505440,94611,112427,0.062846078222978,0.8072334547281176,0.6767740576963571,0.743273412970194,0.883237678494044,0.020458184514211147,101.08115514596813,31.33573613842897,False,False,UNet,train
case_00359,28513,3068,3923,1469936,1505440,32436,31581,0.021545860346476778,0.8907946326756955,0.803092609283461,0.9028529812228872,0.8790541373782217,0.002082818512373354,21.0,8.88495420430912,False,False,UNet,train
case_00360,14285,15168,389,1475598,1505440,14674,29453,0.009747316399192263,0.6474494073922995,0.47868775551236514,0.4850100159576274,0.9734905274635409,0.010174635053388661,239.03110909149854,72.10567069344705,False,False,UNet,train
case_00361,15499,3951,546,1485444,1505440,16045,19450,0.010658013603996173,0.8733060994506269,0.7751050210042009,0.7968637532133676,0.9659707073854783,0.0026527549776922846,31.131973151760157,9.770698500804086,False,False,UNet,train
case_00362,20623,5456,5706,1473655,1505440,26329,26079,0.017489239026464022,0.7870172492749199,0.64882806355199,0.7907895241381955,0.783280793041893,0.003688702200172942,38.0,16.889458745539894,False,False,UNet,train
case_00363,89987,702,12417,1402334,1505440,102404,90689,0.0680226378998831,0.9320586453159876,0.8727620119100731,0.9922592596676554,0.8787449708995743,0.0005003435407216921,30.460628434857398,9.69609109459878,False,False,UNet,train
case_00364,45005,3804,11353,1445278,1505440,56358,48809,0.03743623126793496,0.855876843496534,0.7480635617166983,0.922063553852773,0.7985556620178147,0.0026251102422085153,67.0596732586382,17.35313780639518,False,False,UNet,train
case_00365,21321,5855,9836,1468428,1505440,31157,27176,0.0206962748432352,0.7310098914850942,0.5760564141359559,0.7845525463644392,0.6843085021022564,0.003971422040408796,35.43440870915367,17.000040233630124,False,False,UNet,train
case_00366,27899,3860,1855,1471826,1505440,29754,31759,0.019764321394409607,0.9070928096499927,0.8299815553043375,0.8784596492332882,0.9376554412852054,0.0026157326152040474,24.59840467681056,8.01047836234593,False,False,UNet,train
case_00367,71094,12234,4635,1417477,1505440,75729,83328,0.050303565734934635,0.8939436805673437,0.8082261860100269,0.8531826036866359,0.9387949134413501,0.008556974101759027,43.266615305567875,13.74689541859697,False,False,UNet,train
case_00368,22474,2138,2150,1478678,1505440,24624,24612,0.016356679774683813,0.9129092533918272,0.8397728121963979,0.9131318056232732,0.9126868096166342,0.0014437985543105964,16.23565643495602,6.922422299070027,False,False,UNet,train
case_00369,19901,24255,18663,1233539,1296358,38564,44156,0.029747955425893157,0.4811653771760155,0.31679905760995875,0.4506975269499049,0.5160512394979774,0.01928376188787671,80.55583808713453,40.54764132484204,False,False,UNet,train
case_00370,86321,8250,19411,1391458,1505440,105732,94571,0.07023328727813795,0.8619042151141021,0.7573213314382973,0.9127639551236637,0.8164131956266788,0.005894086480894587,66.16265792263823,18.215579028347822,False,False,UNet,train
case_00371,2593,5,4521,1498321,1505440,7114,2598,0.004725528749070039,0.5339785831960461,0.364236550077258,0.9980754426481909,0.36449254990160246,3.337057489491606e-06,47.05581229833385,15.579875177401677,False,False,UNet,train
case_00372,764,0,47440,1457236,1505440,48204,764,0.032019874588160274,0.03120405162555138,0.015849307111443035,1.0,0.015849307111443035,0.0,226.08935966281328,103.12427235251444,False,False,UNet,train
case_00373,26670,2763,728,1475279,1505440,27398,29433,0.01819933042831332,0.9385722580985729,0.8842545008454626,0.9061257771888697,0.9734287174246296,0.0018693650112784346,147.1621548645475,21.82179516597166,False,False,UNet,train
case_00374,53940,15353,5819,1430328,1505440,59759,69293,0.03969537145286428,0.8359421008585687,0.7181275961231228,0.7784336080123534,0.9026255459428705,0.010619908541372543,45.27692569068709,14.404356992111087,False,False,UNet,train
case_00375,22825,16707,732,1465176,1505440,23557,39532,0.015647916888085873,0.7235809729112841,0.5668835684482416,0.5773803500961247,0.9689264337564206,0.011274169418233424,102.98470549345451,26.404888164440784,False,False,UNet,train
case_00376,14632,24227,280,1214101,1253240,14912,38859,0.011898758418180078,0.5442338807163712,0.37384705792176604,0.37654082709282277,0.9812231759656652,0.01956428345317234,182.02485448319973,57.00165902838867,False,False,UNet,train
case_00377,87870,742,47489,1117139,1253240,135359,88612,0.10800724522038875,0.784655156247907,0.64562347080477,0.9916264162867332,0.6491625972414099,0.0006637558022723349,115.67409320021531,37.369061811915735,False,False,UNet,train
case_00378,7411,1591,1858,1242380,1253240,9269,9002,0.007396029491557882,0.8112309123748016,0.6824125230202578,0.8232614974450122,0.7995468766857267,0.0012789687219396594,20.06982586956925,8.023249157668827,False,False,UNet,train
case_00379,36775,21560,2408,1192497,1253240,39183,58335,0.03126536018639686,0.7542197337927357,0.6054195545165698,0.6304105596982943,0.9385447770716893,0.017758639009535795,112.4348698565595,31.6046424748457,False,False,UNet,train
case_00380,71976,1882,60074,1371508,1505440,132050,73858,0.08771521947071953,0.6991083396468326,0.537407042379715,0.9745186709631997,0.5450662627792503,0.0013703318066972964,107.71072363608039,40.1631404278545,False,False,UNet,train
case_00381,40546,594,31586,1432714,1505440,72132,41140,0.047914231055372514,0.7159050780422346,0.5575172565519897,0.9855614973262032,0.5621083569012366,0.00041442592938851944,68.0,34.94188846512239,False,False,UNet,train
case_00382,38311,1342,11028,1454759,1505440,49339,39653,0.03277380699330428,0.8609987414599065,0.7559243108857363,0.9661564068292436,0.7764851334643994,0.0009216393643023389,58.16869935253891,15.383790455472823,False,False,UNet,train
case_00383,16982,3963,1420,1483075,1505440,18402,20945,0.012223668827718142,0.8631916029176303,0.7593114241001565,0.8107901647171163,0.9228344745136399,0.0026650294074529366,21.091461756323973,10.098892692024297,False,False,UNet,train
case_00384,125153,300,94383,1285604,1505440,219536,125453,0.14582846211074504,0.7255477710883536,0.5693016612383777,0.997608666193714,0.5700796224764959,0.00023329890878323733,151.46616654431253,49.96426964684909,False,False,UNet,train
case_00385,52532,19421,24179,1409308,1505440,76711,71953,0.050955866723349987,0.7067211967927676,0.5464569550201805,0.730087696134977,0.6848040046407947,0.013593200669966103,89.06457655435199,37.45303131176959,False,False,UNet,train
case_00386,37100,3551,8923,1455866,1505440,46023,40651,0.03057112870655755,0.8560814084962042,0.7483761649251623,0.9126466753585397,0.8061186797905395,0.002433163379623507,38.03286859104335,13.305255032753069,False,False,UNet,train
case_00387,21772,2095,2772,1478801,1505440,24544,23867,0.01630353916462961,0.8994649976245068,0.8172979466196179,0.9122218963422298,0.8870599739243807,0.0014146840831496608,19.697715603592208,7.355354340358119,False,False,UNet,train
case_00388,77460,1009,29975,1396996,1505440,107435,78469,0.07136451801466681,0.8333333333333334,0.7142857142857143,0.9871414189042806,0.7209940894494345,0.0007217427691603392,94.77367430733618,29.738199033775604,False,False,UNet,train
case_00389,60371,3708,3941,1437420,1505440,64312,64079,0.04271973642257413,0.9404241730339354,0.8875477800646868,0.9421339284320916,0.93872061201642,0.002572984495478542,20.396078054371138,7.366353245758566,False,False,UNet,train
case_00390,13381,0,11100,1480959,1505440,24481,13381,0.016261690934211925,0.7068300670857324,0.5465871492177607,1.0,0.5465871492177607,0.0,48.01926682254078,20.549846470237934,False,False,UNet,train
case_00391,74303,41441,30132,1359564,1505440,104435,115744,0.06937174513763418,0.6749326684197857,0.5093572623323919,0.6419598424108377,0.7114760377268157,0.029579480444395272,189.08622368045818,56.065205306911146,False,False,UNet,train
case_00392,82267,1259,49119,1372795,1505440,131386,83526,0.08727415240726964,0.7655877754615843,0.6202043047231331,0.9849268491248234,0.6261473825217299,0.0009162667551639164,125.69168528321734,40.646926872848866,False,False,UNet,train
case_00393,87870,742,47489,1117139,1253240,135359,88612,0.10800724522038875,0.784655156247907,0.64562347080477,0.9916264162867332,0.6491625972414099,0.0006637558022723349,115.67409320021531,37.369061811915735,False,False,UNet,train
case_00394,73495,5074,9913,1164758,1253240,83408,78569,0.06655389231112956,0.9074745179871216,0.8306209172487059,0.9354198220672275,0.8811504891617111,0.004337374939307525,44.28317965096906,12.529999636984464,False,False,UNet,train
case_00395,56418,3112,72592,1121118,1253240,129010,59530,0.10294117647058823,0.5984724726848414,0.427014426060762,0.947723836720981,0.4373149368266026,0.002768116844417957,147.5020320920238,59.685538918799935,False,False,UNet,train
case_00396,119538,8352,10192,1115158,1253240,129730,127890,0.10351568733841882,0.9280180110239888,0.8657029880795469,0.9346938775510204,0.9214368303399368,0.0074338457156589615,32.7566787083184,12.936800829732094,False,False,UNet,train
case_00397,55227,42522,359,1155132,1253240,55586,97749,0.04435383486004277,0.7203443440832165,0.5629204550087659,0.5649878771138324,0.9935415392364984,0.03550441112374692,169.1685549976709,47.72287951369253,False,False,UNet,train
case_00398,116937,4412,23437,1108454,1253240,140374,121349,0.11200887300118094,0.8935936085097603,0.8076540549500643,0.9636420572068991,0.8330388818442162,0.0039645384080383445,85.0411665018772,22.824228434849154,False,False,UNet,train
case_00399,56555,78,64336,1132271,1253240,120891,56633,0.09646276850403754,0.6371532863162164,0.46751647116203326,0.998622711140148,0.4678181171468513,6.888335663298153e-05,131.52186130069785,56.23616290571423,False,False,UNet,train
case_00400,70779,13716,2330,1166415,1253240,73109,84495,0.05833599310586959,0.8981878632522017,0.8151914771091275,0.8376708680987041,0.9681297788234007,0.011622438525892464,118.8839299217973,22.90554485070472,False,False,UNet,train
case_00401,41370,4365,28538,1178967,1253240,69908,45735,0.05578181353930612,0.7154778066982005,0.5569991787055861,0.9045588717612332,0.5917777650626538,0.0036887365506890714,72.00520707807121,36.789070174033846,False,False,UNet,train
case_00402,107347,8800,15475,1121618,1253240,122822,116147,0.09800357473428872,0.898417786407442,0.8155703453829907,0.9242339449146341,0.8740046571461139,0.007784730957928837,52.86771389542412,19.88872958921764,False,False,UNet,train
case_00403,123234,1075,64664,1064267,1253240,187898,124309,0.14992978200504292,0.7894377768595835,0.6521249067327078,0.991352194933593,0.6558558366773463,0.001009065633383458,141.0595325753248,53.40205229753493,False,False,UNet,train
case_00404,29687,4572,3239,1215742,1253240,32926,34259,0.026272701158596916,0.8837389298206445,0.7916955570963785,0.8665460171049943,0.9016278928506347,0.0037465767007507905,27.644133333130295,10.744919643143293,False,False,UNet,train
case_00405,33909,85,41258,1177988,1253240,75167,33994,0.059978136669752005,0.6212658366999203,0.45060596396109076,0.997499558745661,0.45111551611744516,7.215172574195317e-05,109.18789259780561,42.9360843472399,False,False,UNet,train
case_00406,53829,28867,5382,1165162,1253240,59211,82696,0.04724633749321758,0.7586517930757468,0.6111514793705579,0.6509262842217278,0.9091047271621827,0.02417612972549243,102.98057783220736,33.13007262080308,False,False,UNet,train
case_00407,69992,645,21068,1161535,1253240,91060,70637,0.07265966614535124,0.8657179786885347,0.7632299220326045,0.9908688081317156,0.7686360641335384,0.0005549914815260975,41.43669871020132,19.6148120570609,False,False,UNet,train
case_00408,29519,3578,3334,1216809,1253240,32853,33097,0.026214452140052982,0.8951933282789992,0.8102714720979386,0.8918935250929088,0.8985176391805924,0.0029318568617987574,27.459060435491963,9.95721930837208,False,False,UNet,train
case_00409,16464,6072,19230,1211474,1253240,35694,22536,0.02848137627270116,0.5654817104585266,0.3941962361729637,0.7305644302449414,0.461253992267608,0.004987080570261822,81.92919364647253,32.12347733184752,False,False,UNet,train
case_00410,3638,1233,1022,1247347,1253240,4660,4871,0.0037183620056812743,0.7634036302591544,0.6173426098761242,0.7468692260316157,0.7806866952789699,0.0009875218247929647,108.00347214780365,27.847691166966058,False,False,UNet,train
case_00411,69106,64262,12841,1107031,1253240,81947,133368,0.06538811400849,0.641906044632283,0.4726521623155893,0.5181602783276348,0.8433011580655789,0.054864154400308035,253.40308429454043,83.4599302104687,False,False,UNet,train
case_00412,81272,12750,7935,1151283,1253240,89207,94022,0.07118109859244838,0.8871084817359698,0.7971203546593172,0.8643934398332305,0.9110495813108836,0.010953297715786408,88.5047820876567,27.20141003349745,False,False,UNet,train
case_00413,90941,6744,20021,1135534,1253240,110962,97685,0.08854010405030162,0.8717211366566497,0.7726114216777394,0.9309617648564262,0.8195688614120149,0.005903991847868908,97.72921693616807,25.961469298526673,False,False,UNet,train
case_00414,73715,16793,3819,1158913,1253240,77534,90508,0.061866841147745044,0.8773401887623332,0.7814835625006626,0.8144583904185265,0.9507441896458328,0.01428333273794639,71.5122367151245,22.517412201323264,False,False,UNet,train
case_00415,81409,17374,20722,1133735,1253240,102131,98783,0.08149356867000734,0.8103865335417144,0.6812183590644743,0.8241195347377586,0.7971037197325004,0.015093270923952467,98.29241878244997,22.8547383168309,False,False,UNet,train
case_00416,47488,14016,17755,1173981,1253240,65243,61504,0.05205946187482047,0.7493352899871397,0.5991496233866186,0.7721123829344433,0.7278635255889521,0.011798009590933311,96.56603957913983,38.38497204491943,False,False,UNet,train
case_00417,56813,4856,3193,1188378,1253240,60006,61669,0.04788069324311385,0.9338483665502363,0.8759057691714718,0.9212570335176506,0.9467886544678865,0.004069612498470543,22.52994019346751,7.539757953394942,False,False,UNet,train
case_00418,31835,17779,618,1203008,1253240,32453,49614,0.025895279435702658,0.7758295051604177,0.6337593565854436,0.6416535655258596,0.980957076387391,0.014563556132232732,197.87909937005094,65.10865461753491,False,False,UNet,train
case_00419,45827,32564,2480,1172369,1253240,48307,78391,0.03854568957262775,0.7234052629086489,0.5666679032038678,0.5845951703639448,0.9486616846419773,0.027025569056536754,98.92824183924375,31.568411758129756,False,False,UNet,train
case_00420,34624,28837,746,1189033,1253240,35370,63461,0.028222846382177397,0.7006708421446712,0.5392558443783388,0.5455949323206378,0.9789086796720384,0.023678225097916856,140.73023839957068,43.34926008167775,False,False,UNet,train
case_00421,25049,12108,1682,1214401,1253240,26731,37157,0.021329513899971276,0.7841535186576509,0.6449445145343597,0.6741394622816697,0.9370768022146572,0.009871921037676853,46.813385431157975,20.298063330756975,False,False,UNet,train
case_00422,46875,17475,4,1188886,1253240,46879,64350,0.03740624301809709,0.8428557300703953,0.728392951487087,0.7284382284382285,0.9999146739478231,0.014485713646246854,60.70171558488376,21.03712727957251,False,False,UNet,train
case_00423,117896,5335,77513,1052496,1253240,195409,123231,0.15592304746098112,0.7399949786593021,0.5872952616267485,0.9567073220212446,0.6033294269967094,0.005043338680753353,154.15446763646875,48.83145245521643,False,False,UNet,train
case_00424,59139,12346,205,1181550,1253240,59344,71485,0.04735246241741406,0.9040656123642312,0.8249267680290138,0.8272924389732111,0.9965455648422755,0.010340934218725919,33.25957367724054,14.422430416382463,False,False,UNet,train
case_00425,30310,15137,1170,1206623,1253240,31480,45447,0.025118891832370496,0.7880198109896396,0.6501919900465496,0.6669307104979426,0.9628335451080051,0.012389503666841278,50.279688123837026,19.953014465611343,False,False,UNet,train
case_00426,101878,13698,6723,1130941,1253240,108601,115576,0.08665618716287384,0.9089068013221695,0.8330239822075405,0.8814805842043331,0.9380944926842294,0.011967091807984876,43.266615305567875,16.16142961667261,False,False,UNet,train
case_00427,22349,0,215214,1015677,1253240,237563,22349,0.18955906290894003,0.17197359106159008,0.0940760977088183,1.0,0.0940760977088183,0.0,178.05420465367044,121.81358085946295,False,False,UNet,train
case_00428,102749,20692,17468,1112331,1253240,120217,123441,0.09592496249720724,0.8433870424939874,0.7291869220560787,0.8323733605528147,0.8546960912350167,0.018262647801500942,65.0,24.37476738640625,False,False,UNet,train
case_00429,54544,28027,440,1170229,1253240,54984,82571,0.04387347993999553,0.7930500527061902,0.6570695450000602,0.6605709026171416,0.991997672050051,0.023389826547916305,60.411091555064345,29.35263422442877,False,False,UNet,train
case_00430,77326,10124,27220,1138570,1253240,104546,87450,0.08342057387252243,0.8054959478322465,0.6743350483997558,0.8842309891366495,0.7396361410288295,0.00881348731690076,109.91131752949904,29.782081342225574,False,False,UNet,train
case_00431,16780,31270,137,1205053,1253240,16917,48050,0.013498611598736075,0.5165699508981483,0.34822670014734264,0.34921956295525497,0.9919016374061594,0.025292743077658508,290.00206894091656,98.3803595260319,False,False,UNet,train
case_00432,63165,52303,27989,1109783,1253240,91154,115468,0.07273467173087357,0.6114063362081482,0.44030615445743326,0.547034676273946,0.6929481975557847,0.04500785656139047,187.55679067092248,68.74212122214715,False,False,UNet,train
case_00433,16959,39780,2027,1194474,1253240,18986,56739,0.015149532411988126,0.44791020138659626,0.28858523636116123,0.2988949399883678,0.893237122089961,0.03222999479847746,140.4000000000001,53.863521847043074,False,False,UNet,train
case_00434,95431,9940,11090,1136779,1253240,106521,105371,0.08499648910025215,0.9007513261472826,0.8194245283828921,0.9056666445226865,0.8958890735160203,0.008668209038134015,98.6154146165801,23.55548971548895,False,False,UNet,train
case_00435,74893,5798,13635,1411114,1505440,88528,80691,0.05880539908598151,0.8851606498088276,0.7939804507770922,0.9281456420170775,0.8459809325863004,0.004091997244712445,65.93935911631841,18.67797905674431,False,False,UNet,train
case_00436,20305,8988,4,1476143,1505440,20309,29293,0.013490408119885217,0.8187169872182574,0.6930743762159948,0.6931690164885809,0.9998030429858683,0.006051991373151594,125.15069648427502,29.833020479807598,False,False,UNet,train
case_00437,46236,13638,7156,1438410,1505440,53392,59874,0.03546604315017536,0.8164144580015186,0.6897806952110995,0.7722216654975449,0.8659724303266407,0.00939225149581832,49.96393496566487,17.422944016302104,False,False,UNet,train
case_00438,101571,2287,75696,1073686,1253240,177267,103858,0.14144696945517218,0.722603823921743,0.5656849749935953,0.9779795489995956,0.5729831271471848,0.0021255180195042067,145.2290798273833,49.660605189353326,False,False,UNet,train
case_00439,28293,28269,1104,1195574,1253240,29397,56562,0.023456799974466185,0.658290580392978,0.4906357298928311,0.5002121565715498,0.962445147464027,0.023098551039634985,149.66671675506822,47.299632494253665,False,False,UNet,train
case_00440,66046,12374,4795,1170025,1253240,70841,78420,0.05652628387220325,0.8849733018002023,0.7936790242143844,0.8422086202499363,0.9323132084527321,0.010465164466478744,35.0,14.246899989700927,False,False,UNet,train
case_00441,13586,29717,0,1209937,1253240,13586,43303,0.010840700903258753,0.4776318796252351,0.3137426968108445,0.3137426968108445,1.0,0.023972011545156956,243.19774808199676,87.5511290944499,False,False,UNet,train
case_00442,78512,5966,8147,1160615,1253240,86659,84478,0.06914796846573681,0.9175339055844148,0.8476329284750337,0.9293780629276261,0.9059878373856148,0.005114089806022899,42.05948168962618,12.276227461437532,False,False,UNet,train
case_00443,31187,4182,13461,1204410,1253240,44648,35369,0.03562605725958316,0.7795093542622192,0.6386852344869957,0.8817608640334756,0.698508331840172,0.00346022479050002,55.10898293381942,21.942596359659476,False,False,UNet,train
case_00444,73573,614,13388,1165665,1253240,86961,74187,0.0693889438575213,0.9131109290838235,0.8401141878389952,0.991723617345357,0.8460459286346753,0.0005264606496387228,38.0,12.404764767210638,False,False,UNet,train
case_00445,91789,4317,21977,1135157,1253240,113766,96106,0.09077750470779739,0.8747141114584127,0.7773261180694935,0.9550808482300793,0.8068227765764816,0.0037885901740627695,102.14594664287303,28.366011999549688,False,False,UNet,train
case_00446,123262,6133,9334,1114511,1253240,132596,129395,0.10580255976508889,0.9409636208877404,0.8885092518507306,0.9526024962324665,0.9296057196295514,0.005472746028176655,118.36858370971756,18.34103213598611,False,False,UNet,train
case_00447,31032,2160,31527,1188521,1253240,62559,33192,0.04991781302862979,0.6481812200394774,0.47948824920038935,0.9349240780911063,0.4960437347144296,0.0018140879043169412,126.84774323512458,42.517503269681036,False,False,UNet,train
case_00448,18027,5958,4280,1224975,1253240,22307,23985,0.017799463789856692,0.778838676229154,0.6377852467716257,0.7515947467166979,0.8081319765096158,0.004840230946769645,44.10215414239989,17.911834298350097,False,False,UNet,train
case_00449,40054,9512,2073,1201601,1253240,42127,49566,0.03361447129041524,0.873654477441026,0.775654059915955,0.808094258160836,0.9507916538087212,0.007853932704875598,33.97567729470657,12.839972794991999,False,False,UNet,train
case_00450,120308,9841,1678,1121413,1253240,121986,130149,0.09733650378219655,0.9543141570983799,0.9126203281573577,0.9243866645152863,0.9862443231190464,0.0086991957597498,58.0,11.798453023694353,False,False,UNet,train
case_00451,62374,23770,3254,1163842,1253240,65628,86144,0.05236666560275765,0.8219434414780065,0.6977113581959328,0.7240666790490342,0.9504175047235935,0.02001495437903962,71.0,20.986140837958605,False,False,UNet,train
case_00452,113830,11665,7656,1120089,1253240,121486,125495,0.09693753790175864,0.9217713103437106,0.8548940676374943,0.9070480895653213,0.9369803928024628,0.010307010180657635,35.0,11.018686859536462,False,False,UNet,train
case_00453,111177,3989,16457,1121617,1253240,127634,115166,0.10184322236762312,0.9157907742998352,0.8446624070261276,0.9653630411753469,0.8710610025541784,0.003543868813776757,40.311288741492746,14.755483161521681,False,False,UNet,train
case_00454,34664,27298,7945,1183333,1253240,42609,61962,0.033999074399157385,0.6629753947079018,0.4958587838127798,0.5594396565637003,0.813537046163956,0.022548571777857993,203.08926404751156,65.91341171761474,False,False,UNet,train
case_00455,41681,5128,26473,1179958,1253240,68154,46809,0.05438224123072995,0.7251202560823917,0.5687754155181354,0.890448418039266,0.611570854241864,0.004327112125195977,74.43117626371358,29.425437557954425,False,False,UNet,train
case_00456,83716,18185,34954,1116385,1253240,118670,101901,0.09469056206313237,0.7590843764592807,0.6117131270322604,0.8215424775026742,0.7054520940423021,0.016028098751068687,143.91888687982572,41.17504933796223,False,False,UNet,train
case_00457,30164,6316,17833,1198927,1253240,47997,36480,0.03829833072675625,0.7141352083999195,0.5553734833281166,0.8268640350877193,0.6284559451632393,0.005240436990714735,50.24937810560445,20.449608021445883,False,False,UNet,train
case_00458,76180,12522,2111,1162427,1253240,78291,88702,0.06247087549072803,0.912373572544957,0.8388666820829617,0.8588306915289396,0.9730364920616674,0.010657483856746123,53.009433122794285,13.580863662981418,False,False,UNet,train
case_00459,42572,5744,26888,1178036,1253240,69460,48316,0.055424340110433755,0.7229316668930852,0.5660869102707303,0.8811159864227172,0.6128995105096459,0.004852252952406697,72.9150180480991,24.81825955154105,False,False,UNet,train
case_00460,52536,4086,128412,1068206,1253240,180948,56622,0.14438415626695605,0.4422780654122995,0.2839261973475145,0.927837236409876,0.29033755554081836,0.003810529221518019,212.85929505560603,59.990467692394766,False,False,UNet,train
case_00461,64414,16817,993,1171016,1253240,65407,81231,0.0521903226836041,0.8785444427774519,0.7833965752091847,0.7929731260233163,0.9848181387313284,0.014157714089438498,57.149875621505686,17.578515514917715,False,False,UNet,train
case_00462,104005,25355,6764,1117116,1253240,110769,129360,0.08838610322045258,0.8662427278671048,0.7640460168669743,0.8039965986394558,0.9389359838944109,0.022193123501603105,91.51955668357286,21.802412442457168,False,False,UNet,train
case_00463,97268,494,85276,1070202,1253240,182544,97762,0.14565765535731384,0.6940129715382475,0.5314087785050099,0.9949469118880546,0.5328468752739066,0.0004613821290076735,154.5477272560163,63.587921178309124,False,False,UNet,train
case_00464,28732,21223,376,1202909,1253240,29108,49955,0.023226197695573075,0.7268127948597953,0.5708609008364626,0.5751576418776899,0.9870825889789748,0.017337182591419878,144.5634686329474,42.70950183767105,False,False,UNet,train
case_00465,25223,10,28284,1199723,1253240,53507,25233,0.04269493472918196,0.6406654813309627,0.4713081824466992,0.9996036935758729,0.47139626590913336,8.335187912643896e-06,70.0,36.84544376478487,False,False,UNet,train
case_00466,140047,6606,16762,1089825,1253240,156809,146653,0.12512288149117487,0.9229953008943459,0.8570021111893034,0.9549548935241693,0.8931056253148735,0.006025002941361563,152.1167313239107,40.67440866235635,False,False,UNet,train
case_00467,78768,10701,18774,1144997,1253240,97542,89469,0.07783185981934825,0.8423889503825979,0.7276960172944209,0.8803943265265064,0.8075290644030264,0.009259339377588263,55.119860595781994,18.60602402452594,False,False,UNet,train
case_00468,58693,9067,15375,1170105,1253240,74068,67760,0.05910120966454949,0.8276644950221395,0.7059962711252782,0.866189492325856,0.7924204784792352,0.007689293843476609,73.58328402735559,25.960135569121654,False,False,UNet,train
case_00469,148887,14540,1906,1087907,1253240,150793,163427,0.120322524017746,0.9476608745464961,0.9005280252581155,0.911030613056594,0.98736015597541,0.013188842638240206,36.27645487689095,9.96798770602437,False,False,UNet,train
case_00470,85145,2455,55400,1110240,1253240,140545,87600,0.1121453193322907,0.7464112735321835,0.5954195804195804,0.9719748858447489,0.6058201999359636,0.002206354841173907,137.00310214846147,42.920323840140476,False,False,UNet,train
case_00471,60521,33900,1470,1157349,1253240,61991,94421,0.04946458778845233,0.7738664552591873,0.6311436944030201,0.6409696995371792,0.9762868803535997,0.028457526512089413,61.66887274322438,25.92858191102373,False,False,UNet,train
case_00472,43852,4309,16979,1188100,1253240,60831,48161,0.048538986945836395,0.80468291250734,0.6731961928154744,0.9105292664188867,0.7208824448061022,0.0036136929526697633,71.62282962455227,19.614557846936854,False,False,UNet,train
case_00473,14077,146,22644,1216373,1253240,36721,14223,0.029300852191120615,0.5526460427135679,0.3818319906691621,0.9897349363706672,0.38335012663053836,0.00012001456615145346,52.0,23.508322162006355,False,False,UNet,train
case_00474,26849,6199,7592,1212600,1253240,34441,33048,0.027481567776323768,0.7956555883180962,0.6606545275590551,0.8124243524570322,0.7795650532795215,0.005086154484865839,32.43908099464212,14.639718648803214,False,False,UNet,train
case_00475,1727,2541,2190,1246782,1253240,3917,4268,0.0031254987073505475,0.42199144777031156,0.26742025394859087,0.40463917525773196,0.4408986469236661,0.002033901561085484,64.86600078674364,28.507593442654827,False,False,UNet,train
case_00476,16239,7704,26056,1203241,1253240,42295,23943,0.03374852382624238,0.4903227754461185,0.3247864957299146,0.678235810048866,0.38394609291878473,0.006361973500035097,115.17984584584035,39.6299634287015,False,False,UNet,train
case_00477,26990,16718,560,1208972,1253240,27550,43708,0.021983020012128564,0.7575289792023352,0.6096954910996657,0.6175070925231079,0.9796733212341198,0.0136396641891506,120.650872875251,29.57068940046945,False,False,UNet,train
case_00478,120443,32528,4532,1095737,1253240,124975,152971,0.09972152181545434,0.8666647478287149,0.7647028945480403,0.7873583881912258,0.9637367473494699,0.02883010640230797,147.20594092613103,31.192160759854843,False,False,UNet,train
case_00479,57156,5568,4267,1186249,1253240,61423,62724,0.04901136254827487,0.9207793986161567,0.8531892343747668,0.9112301511383203,0.9305309086172932,0.004671858179569515,33.550681458715246,10.8940635622837,False,False,UNet,train
case_00480,90154,10592,13214,1139280,1253240,103368,100746,0.08248061025821071,0.8833690976611109,0.791102141102141,0.8948643122307586,0.8721654670691122,0.009211460058162995,102.17925389814772,20.8798150448416,False,False,UNet,train
case_00481,91971,33732,54113,1073424,1253240,146084,125703,0.11656506335578182,0.6767873371426889,0.5114728389019887,0.7316531825016109,0.629576134278908,0.0304672512274693,160.37449595899233,66.29930984666105,False,False,UNet,train
case_00482,39469,17297,3003,1193471,1253240,42472,56766,0.0338897577479174,0.7954412624196376,0.6603590490053373,0.6952929570517563,0.9292945940855152,0.014285973861218665,123.25075963261426,32.04609393603588,False,False,UNet,train
case_00483,65276,41056,17315,1129593,1253240,82591,106332,0.06590198206249402,0.6910328546550711,0.5279222302199001,0.6138885754053343,0.7903524597111066,0.035071144296881476,167.36113102209492,43.10578710399947,False,False,UNet,train
case_00484,74906,4477,43272,1130585,1253240,118178,79383,0.09429797963678146,0.7583075607027703,0.6107048224695284,0.9436025345476992,0.6338404779231329,0.003944277933716396,79.42538220045368,26.605783077163206,False,False,UNet,train
case_00485,57350,2043,26650,1419397,1505440,84000,59393,0.055797640556913594,0.799899576687844,0.6665272015155214,0.9656020069705185,0.6827380952380953,0.0014372748761819001,66.20231928467753,22.914770473048193,False,False,UNet,train
case_00486,83039,13855,5864,1402682,1505440,88903,96894,0.05905449569561059,0.8938680387735001,0.8081025321629459,0.8570086899085598,0.9340404710752168,0.009780895239587811,51.41493950540304,15.011959323950116,False,False,UNet,train
case_00487,60016,5150,56110,1384164,1505440,116126,65166,0.07713758103943033,0.6620920945215454,0.4948712028760843,0.920971058527453,0.5168179391350775,0.0037068654026375606,91.92388155425118,42.303910076001024,False,False,UNet,train
case_00488,46498,20524,1755,1436663,1505440,48253,67022,0.03205242321181847,0.806731728475385,0.6760690347063698,0.6937721942048879,0.9636292044017989,0.014084671356524591,165.31361643554797,36.11044187241386,False,False,UNet,train
case_00489,44462,3812,5252,1451914,1505440,49714,48274,0.03302290360293336,0.9074988774135608,0.8306617344841759,0.9210340970294568,0.8943557146880154,0.0026186246587613328,27.0,10.262033344683282,False,False,UNet,train
case_00490,32248,17083,51,1456058,1505440,32299,49331,0.021454857051758956,0.7901016783045449,0.6530314689562998,0.6537065942308082,0.998421003746246,0.011596310197055136,40.85339643163099,19.350383700258536,False,False,UNet,train
case_00491,18235,1200,14053,1471952,1505440,32288,19435,0.0214475502178765,0.7051021789146028,0.5445234113712375,0.9382557242089015,0.5647609018830525,0.0008145798939960032,77.06217033977718,21.113031071423435,False,False,UNet,train
case_00492,18636,10149,81,1476574,1505440,18717,28785,0.012432909979806568,0.7846406467096122,0.6456038245686967,0.6474205315268369,0.9956723833947748,0.006826422944960157,52.618865182895696,19.360552681470818,False,False,UNet,train
case_00493,83102,13079,30096,1126963,1253240,113198,96181,0.09032427946761992,0.793794984215227,0.6580929227016796,0.8640168016552126,0.7341295782611,0.01147238435075199,100.64790112068906,30.76101068101681,False,False,UNet,train
case_00494,85565,8725,45501,1113449,1253240,131066,94290,0.1045817241709489,0.7593762757592432,0.6120923378472147,0.9074663272881536,0.652839027665451,0.007775086573027,146.35504612611578,50.31040198138964,False,False,UNet,train
case_00495,7393,8824,795,1488428,1505440,8188,16217,0.00543894143904772,0.6058594550297071,0.43457559369856574,0.4558796324844299,0.9029066927210552,0.0058934634917836145,249.1224595554829,91.86989876927612,False,False,UNet,train
case_00496,10257,2372,1633,1491178,1505440,11890,12629,0.007898023169305983,0.8366572861862229,0.7191838451830038,0.8121783197402803,0.8626576955424726,0.0015881624317900305,24.899186938124423,10.40862033311879,False,False,UNet,train
case_00497,86583,10933,33882,1374042,1505440,120465,97516,0.08001979487724518,0.7944086869956556,0.6589369701213108,0.8878850650149719,0.718739882953555,0.007894005306954999,120.66862812359949,28.221342215683215,False,False,UNet,train
case_00498,28079,10189,5772,1461400,1505440,33851,38268,0.022485784886810502,0.7786852285805405,0.6375794732061763,0.733746210933417,0.8294880505745769,0.0069238082100369054,50.695167422546305,17.896206389188134,False,False,UNet,train
case_00499,129695,3271,88253,1032021,1253240,217948,132966,0.17390763141936103,0.7391839596026377,0.5862742350340613,0.9753997262458072,0.5950731367115092,0.003159495098967248,186.73240922018834,65.1509290006044,False,False,UNet,train
case_00500,92876,12807,37747,1109810,1253240,130623,105683,0.10422824040088091,0.7860655252088394,0.6475353831137141,0.878816839037499,0.7110233266729443,0.011408165028678524,100.83154122034254,36.00049083784169,False,False,UNet,train
case_00501,101903,5354,46380,1099603,1253240,148283,107257,0.11831971529794771,0.7975502856695625,0.6632712172198103,0.9500825120971126,0.6872197082605558,0.004845437424261759,150.22314562682283,44.55640446119092,False,False,UNet,train
case_00502,56449,685,30811,1165295,1253240,87260,57134,0.06962752545402318,0.7818745931271383,0.6418670760134175,0.9880106416494556,0.6469057987623195,0.0005874886361687165,165.0969921312341,37.83059292290393,False,False,UNet,train
case_00503,31087,7032,1354,1213767,1253240,32441,38119,0.02588570425457215,0.8811507936507936,0.7875509842170597,0.8155250662399328,0.9582626922721248,0.005760161992268998,37.33630940518894,11.971160144650224,False,False,UNet,train
case_00504,94381,2972,37922,1117965,1253240,132303,97353,0.10556876575915228,0.8219336747134846,0.6976972833117723,0.9694719217692316,0.7133700671942436,0.002651353287472891,93.9153874370389,31.177362155923905,False,False,UNet,train
case_00505,21535,16971,7897,1206837,1253240,29432,38506,0.023484727586096838,0.6339603756366099,0.46408637372583667,0.559263491403937,0.7316865996194618,0.013867371352368998,154.61337913677937,51.27404500925094,False,False,UNet,train
case_00506,54649,18431,1711,1178449,1253240,56360,73080,0.04497143404296065,0.8443912237330037,0.7306895214664866,0.7477969348659004,0.9696415897799858,0.015399204598623087,137.28088766504564,30.48729933124143,False,False,UNet,train
case_00507,91456,10509,165433,985842,1253240,256889,101965,0.20497989211962592,0.5097114704030051,0.34202200465224125,0.8969352228705928,0.35601368684529117,0.010547487782919874,188.7532773632829,84.52941784820595,False,False,UNet,train
case_00508,32602,23033,21818,1175787,1253240,54420,55635,0.04342344642686157,0.5924674026623052,0.42092623913857435,0.5859980228273569,0.5990812201396546,0.01921305950851671,138.16421340119226,43.454795829458384,False,False,UNet,train
case_00509,66120,11791,3487,1171842,1253240,69607,77911,0.0555416360792825,0.8964329776705215,0.8123049706380993,0.8486606512559202,0.9499044636315314,0.009961702656144262,55.110786022429274,14.531289317324726,False,False,UNet,train
case_00510,45006,632,55358,1152244,1253240,100364,45638,0.08008362324853978,0.6165121025739373,0.4456216087765852,0.9861518909680529,0.4484277230879598,0.0005481942550629903,108.18964830333815,45.979223993900355,False,False,UNet,train
case_00511,61858,10301,5446,1175635,1253240,67304,72159,0.05370399923398551,0.8870883316721998,0.7970878165066684,0.857245804404163,0.9190835611553548,0.00868596619041837,38.681878272567715,12.023181406565616,False,False,UNet,train
case_00512,107806,2065,64871,1078498,1253240,172677,109871,0.13778446267275224,0.7630986593428373,0.6169438371999862,0.9812052315897735,0.6243217104767861,0.001911040818536263,137.05838172107534,45.738385706415485,False,False,UNet,train
case_00513,44362,1144,14213,1445721,1505440,58575,45506,0.038908890424062065,0.8524514560774781,0.7428456605100554,0.9748604579615875,0.7573538198890312,0.0007906750111447854,38.54600095496193,17.779859835849795,False,False,UNet,train
case_00514,49553,25835,53129,1124723,1253240,102682,75388,0.08193322907024991,0.5565564104004044,0.38557544916236763,0.6573062025786597,0.48258701622484956,0.02245432216368058,121.51131634543344,42.227005006041374,False,False,UNet,train
case_00515,67791,2043,9024,1426582,1505440,76815,69834,0.05102494951642045,0.9245340916064889,0.8596591341398463,0.970744909356474,0.8825229447373559,0.0014300463732610028,40.65805386586336,10.34870332941861,False,False,UNet,train
case_00516,37553,16695,2155,1449037,1505440,39708,54248,0.02637634180040387,0.7993741751458129,0.6657979185504317,0.6922467187730423,0.9457288203888385,0.011390213217696005,47.968667341093685,19.51240158996633,False,False,UNet,train
case_00517,74163,14698,29308,1387271,1505440,103471,88861,0.06873140078648103,0.7711977206081151,0.627601147509076,0.8345956043708713,0.716751553575398,0.010483826675197526,93.19654113177356,34.339215777950315,False,False,UNet,train
case_00518,28302,6351,1078,1469709,1505440,29380,34653,0.019515889042406205,0.8839816969375166,0.7920853040776916,0.8167258246039304,0.9633083730428863,0.0043026706231454005,23.769728648009426,10.057483720898796,False,False,UNet,train
case_00519,22786,1952,1458,1479244,1505440,24244,24738,0.016104261876926346,0.9303825895226818,0.8698274545732173,0.9210930552186919,0.9398614090084144,0.0013178539504562529,13.683199950847612,5.245669545354406,False,False,UNet,train
case_00520,28426,2601,4110,1470303,1505440,32536,31027,0.02161228610904453,0.8944197095794724,0.8090047528246578,0.9161697876043446,0.8736783870174576,0.0017658992032067262,23.422022872666332,9.30569075346369,False,False,UNet,train
case_00521,72744,16845,65234,1350617,1505440,137978,89589,0.091652938675736,0.6393194092289304,0.469852670468858,0.8119746843920571,0.5272144834683791,0.012318441024320968,156.03332888295495,57.04630110616857,False,False,UNet,train
case_00522,82059,9430,31679,1382272,1505440,113738,91489,0.07555133382931237,0.7996900992559458,0.6662363600935308,0.8969274994808119,0.7214739137315584,0.0067758758699779115,113.59599464364832,39.808910984606634,False,False,UNet,train
case_00523,98584,57,30011,1376788,1505440,128595,98641,0.08542020937400362,0.8676794169937861,0.7662842396542611,0.9994221469774232,0.7666238967300439,4.139899552963478e-05,60.963092423455635,23.550004410941845,False,False,UNet,train
case_00524,46289,21302,65724,1372125,1505440,112013,67591,0.0744054894250186,0.5154562259192446,0.3472152420957882,0.6848396975928748,0.41324667672502297,0.01528748904678896,126.19112472676741,62.26314473043359,False,False,UNet,train
case_00525,19260,11831,1250,1220899,1253240,20510,31091,0.01636558041556286,0.7464971609077343,0.5955288952104141,0.6194718728892605,0.9390541199414919,0.009597397645875414,128.95166040336017,36.521020988840704,False,False,UNet,train
case_00526,67409,3498,24650,1409883,1505440,92059,70907,0.06115089276224891,0.8272768552949695,0.7054323597433992,0.9506677761010902,0.7322369350090703,0.0024749165299377874,103.4780168977269,31.14724453955859,False,False,UNet,train
case_00527,80103,3850,7425,1414062,1505440,87528,83953,0.05814114146030396,0.934249275429931,0.8766114382017554,0.9541410074684645,0.9151700027419797,0.002715260185399376,26.268788679504823,9.410946501248842,False,False,UNet,train
case_00528,25327,6367,232,1473514,1505440,25559,31694,0.016977760654692316,0.8847396642970674,0.7933032637975318,0.7991102416861235,0.9909229625572206,0.0043023729610691674,24.020815280171306,10.346995686794857,False,False,UNet,train
case_00529,68362,31393,111,1405574,1505440,68473,99755,0.045483712403018385,0.8127303421546949,0.6845372799551399,0.6852989825071425,0.9983789230791699,0.021846709075434578,181.4960018079521,51.94661454362611,False,False,UNet,train
case_00530,10872,4531,1628,1488409,1505440,12500,15403,0.008303220320969284,0.7792710461240727,0.638365333803065,0.7058365253522041,0.86976,0.003034951170174287,34.9857113690718,13.332390009293743,False,False,UNet,train
case_00531,13313,1171,4319,1486637,1505440,17632,14484,0.011712190455946434,0.8290571677668452,0.7080253151092911,0.9191521679094173,0.7550476406533575,0.0007870639222265238,28.3159140519307,8.570529366421658,False,False,UNet,train
case_00532,46684,5054,2999,1450703,1505440,49683,51738,0.033002311616537355,0.9205982981828221,0.8528783090048778,0.9023155127759094,0.9396373004850754,0.003471733263175104,28.178005607210743,8.752294426635524,False,False,UNet,train
case_00533,42604,51,101356,1361429,1505440,143960,42655,0.09562652779253906,0.45659780832194624,0.2958385123358632,0.9988043605673427,0.29594331758821896,3.7459235537797106e-05,134.9518432626987,58.52718014755186,False,False,UNet,train
case_00534,21097,1918,16310,1466115,1505440,37407,23015,0.024847885003719844,0.6983218033166727,0.5364780673871583,0.9166630458396697,0.5639853503354987,0.0013065101397584386,92.4550074569148,22.767952950092596,False,False,UNet,train
case_00535,49648,14493,2624,1438675,1505440,52272,64141,0.034722074609416516,0.8529631570357262,0.7436231558451284,0.7740446828081882,0.9498010407101316,0.009973382293031501,81.61071225815299,22.29976189910734,False,False,UNet,train
case_00536,13865,8301,441,1230633,1253240,14306,22166,0.011415211771089336,0.7603092783505154,0.6133056133056133,0.6255075340611748,0.9691737732419964,0.006700114776089767,211.04643272513053,49.12510155952846,False,False,UNet,train
case_00537,126832,9448,15584,1353576,1505440,142416,136280,0.09460091401849294,0.9101817033613686,0.8351683084865406,0.930672145582624,0.8905740927985619,0.006931646104544014,123.0,27.07869532428024,False,False,UNet,train
case_00538,84735,12679,5476,1402550,1505440,90211,97414,0.05992334466999681,0.9032378414390406,0.8235494217125086,0.8698441702424703,0.9392978683309131,0.00895897413068839,82.77559860374531,19.99042593152584,False,False,UNet,train
case_00539,56185,7642,8254,1433359,1505440,64439,63827,0.042804097141035176,0.876070041944085,0.7794703181143436,0.8802701051279239,0.8719098682474898,0.005303257943610033,38.897300677553446,13.161930182926527,False,False,UNet,train
case_00540,71328,62606,102945,1268561,1505440,174273,133934,0.11576216919970242,0.4628577546908409,0.30111575952279435,0.5325608135350247,0.4092888743523093,0.047030913476671224,304.0080590712707,99.95468045090864,False,False,UNet,train
case_00541,53361,9525,2213,1440341,1505440,55574,62886,0.036915453289403766,0.90091170015195,0.8196900105992412,0.8485354450911172,0.9601792204987945,0.0065695726363677745,47.64757746151798,13.101684264625254,False,False,UNet,train
case_00542,87967,17217,25688,1374568,1505440,113655,105184,0.07549620044638113,0.8039426244864947,0.6721605843877988,0.8363154091877092,0.7739826668426378,0.012370445147777853,79.07591289387686,25.9211715352452,False,False,UNet,train
case_00543,38278,11250,1677,1202035,1253240,39955,49528,0.03188136350579299,0.8555368058737414,0.7475441851381701,0.7728557583589081,0.9580277812539106,0.009272347387464611,44.963781532006905,14.892971415078366,False,False,UNet,train
case_00544,26323,6289,1214,1219414,1253240,27537,32612,0.021972646899237176,0.8752597715672746,0.7781883758055933,0.8071568747700233,0.9559138613501834,0.005130933023742294,36.68310180082195,10.188366479899457,False,False,UNet,train
case_00545,74868,9597,8210,1160565,1253240,83078,84465,0.06629057483004054,0.8937168368717284,0.8078554086862693,0.8863789735393358,0.901177206962132,0.00820142852015362,33.06055050963308,12.660592063961069,False,False,UNet,train
case_00546,0,4292,9895,1239053,1253240,9895,4292,0.007895534773866139,0.0,0.0,0.0,0.0,0.0034519783326429914,308.2985565973347,256.94866794686124,False,False,UNet,train
case_00547,16245,13414,10855,1212726,1253240,27100,29659,0.02162395071973445,0.5724202329146039,0.4009725033321815,0.5477258167841127,0.5994464944649447,0.010940023162118518,101.08310468367019,34.56324862796579,False,False,UNet,train
case_00548,71046,3717,32432,1398245,1505440,103478,74763,0.06873605058986078,0.7971903209699227,0.6627734502542096,0.9502828939448658,0.6865807224724096,0.0026512844142708575,133.01405884722524,38.87713298550784,False,False,UNet,train
case_00549,54844,8036,3227,1439333,1505440,58071,62880,0.03857410458072059,0.9068796454762672,0.8296246993510521,0.8722010178117048,0.9444300941950371,0.005552143233688161,45.53404253215887,12.22612044092533,False,False,UNet,train
case_00550,121562,28261,4506,1351111,1505440,126068,149823,0.08374163035391646,0.8812320807855276,0.7876808636095614,0.8113707508193001,0.9642573849033855,0.020488309172579985,84.84072903779409,21.491866933509318,False,False,UNet,train
case_00551,23411,6153,260,1475616,1505440,23671,29564,0.015723642257413115,0.8795341410726026,0.7849718347639485,0.7918752536869165,0.9890160956444595,0.0041524691095575625,26.832815729997478,10.25686356092913,False,False,UNet,train
case_00552,82915,15147,3894,1403484,1505440,86809,98062,0.05766354022744181,0.8970038567433508,0.8132429675546314,0.8455364973180233,0.9551428999297308,0.010677195126851169,56.557925930828674,16.70512894225384,False,False,UNet,train
case_00553,16159,3502,1939,1483840,1505440,18098,19661,0.01202173450951217,0.8559019041817845,0.7481018518518519,0.8218808809317939,0.8928610896231628,0.0023545358095179185,92.18486827982552,24.57863097694234,False,False,UNet,train
case_00554,74176,1728,9850,1419686,1505440,84026,75904,0.05581491125518121,0.9276058275495529,0.8649858898710264,0.9772344013490725,0.8827743793587699,0.0012156908543183055,34.0,9.37659987221677,False,False,UNet,train
case_00555,53062,2828,15433,1434117,1505440,68495,55890,0.045498326070783295,0.8531896932909917,0.743967584089284,0.9494006083378064,0.7746842835243448,0.0019680641917401154,43.40448972435884,19.136050394008066,False,False,UNet,train
case_00556,89690,24571,3514,1135465,1253240,93204,114261,0.07437043184066898,0.8646277685392717,0.76153682869879,0.7849572470046647,0.962297755461139,0.02118123920292129,90.09438400271077,21.7947354316091,False,False,UNet,train
case_00557,59884,20465,1624,1171267,1253240,61508,80349,0.04907918674794932,0.8442868522526206,0.7305332243543606,0.7452986347060947,0.9735969304805879,0.01717248508892939,99.08602758765389,20.783515648219872,False,False,UNet,train
case_00558,7947,3668,2091,1239534,1253240,10038,11615,0.00800963901567138,0.7340322357179144,0.5798190573471472,0.6842014636246233,0.7916915720263,0.002950445703916178,41.665286731850685,14.139838921803953,False,False,UNet,train
case_00559,0,0,96465,1156775,1253240,96465,0,0.076972487312885,0.0,0.0,nan,0.0,0.0,nan,nan,True,False,UNet,train
case_00560,44077,11099,3586,1194478,1253240,47663,55176,0.03803182151862373,0.857203979035191,0.750093597903407,0.7988437001594896,0.9247634433417955,0.009206380015544424,51.49997379867895,17.013339403871658,False,False,UNet,train
case_00561,127065,8590,22644,1094941,1253240,149709,135655,0.11945756598895663,0.8905468103895375,0.8026898464298574,0.9366776012679223,0.8487465683425847,0.007784103935458088,64.14239327903027,19.65429528254523,False,False,UNet,train
case_00562,52715,23274,1081,1176170,1253240,53796,75989,0.04292553700807507,0.8123434911584544,0.6839885818087453,0.6937188277250654,0.9799055691873002,0.019403990515605565,90.1287945165681,31.13085498901182,False,False,UNet,train
case_00563,8631,3131,1471,1240007,1253240,10102,11762,0.008060706648367432,0.789517014270033,0.6522330537293131,0.7338037748682197,0.8543852702435162,0.002518626250665654,32.32873489735736,9.222359080195218,False,False,UNet,train
case_00564,69748,7369,7052,1169071,1253240,76800,77117,0.0612811592352622,0.9063066457896138,0.8286661359883092,0.9044438969358248,0.9081770833333334,0.006263812859134337,132.26619513661043,23.810130296228017,False,False,UNet,train
case_00565,35871,706,35415,1181248,1253240,71286,36577,0.05688136350579298,0.6651214967134235,0.49826369596621845,0.9806982530005195,0.503198383974413,0.0005973159699954482,97.30878685915265,39.58610356456497,False,False,UNet,train
case_00566,84152,24481,44970,1099637,1253240,129122,108633,0.10303054482780633,0.70788837248428,0.5478538830621797,0.7746449053234284,0.6517247254534472,0.021777962811733286,138.14164694388714,43.92547510084018,False,False,UNet,train
case_00567,52716,6735,15454,1178335,1253240,68170,59451,0.05439500813890396,0.826133630045212,0.7037714438288499,0.8867134278649644,0.7733020390200969,0.005683208586834533,61.006555615733696,22.011107732120514,False,False,UNet,train
case_00568,49945,6790,7133,1189372,1253240,57078,56735,0.04554434904726948,0.877667753244357,0.7820035072336694,0.8803207896360271,0.8750306597988717,0.0056764886361546345,38.48376280978771,14.43578580424188,False,False,UNet,train
case_00569,85970,4322,45154,1117794,1253240,131124,90292,0.1046280042130797,0.7765473136539365,0.6347178949544467,0.9521330793425774,0.6556389371892255,0.003851651700893669,101.83319694480774,34.51421577851176,False,False,UNet,train
case_00570,27834,12737,3194,1209475,1253240,31028,40571,0.02475822667645463,0.7774968924146985,0.6359876613732435,0.6860565428508048,0.8970607193502643,0.010421268977885997,121.5226247310757,38.242529736005444,False,False,UNet,train
case_00571,66418,5195,15266,1166361,1253240,81684,71613,0.06517825795537965,0.8665270683705487,0.7644885415347783,0.9274573052378758,0.8131090544047794,0.004434273735101011,66.76898814913112,18.901665878389984,False,False,UNet,train
case_00572,131154,1510,7634,1112942,1253240,138788,132664,0.1107433532284319,0.9663144865390566,0.9348244451096951,0.9886178616655611,0.944995244545638,0.0013549260084777092,29.133290532544194,8.129287003233404,False,False,UNet,train
case_00573,73300,37332,24794,1370014,1505440,98094,110632,0.06515968753321288,0.7023561990360568,0.5412550027321194,0.6625569455492082,0.7472424409240117,0.02652652581525794,138.68309197591464,31.828428328313873,False,False,UNet,train
case_00574,66483,5103,2199,1431655,1505440,68682,71586,0.04562254224678499,0.9479425100521858,0.9010367960967677,0.928715111893387,0.9679828776098541,0.0035517463622962253,20.23239632646265,6.730035003810142,False,False,UNet,train
case_00575,36483,8343,1936,1458678,1505440,38419,44826,0.025520113720905516,0.8765211123791219,0.7801847654078098,0.813880337304243,0.9496082667430178,0.005687035154915983,37.08096297291921,11.738152315441166,False,False,UNet,train
case_00576,101860,10237,3032,1390311,1505440,104892,112097,0.06967531087256881,0.9388494347639742,0.8847466754683876,0.9086773062615413,0.9710940777180338,0.00730928179541151,23.01521020650987,9.957228467970229,False,False,UNet,train
case_00577,21011,18321,2554,1463554,1505440,23565,39332,0.015653230949091296,0.6681081768605815,0.5016234541374206,0.5341960744432015,0.8916189263738595,0.01236339097427246,86.03371130638942,30.902583989551314,False,False,UNet,train
case_00578,17411,9643,544,1477842,1505440,17955,27054,0.01192674566904028,0.7736674887244773,0.6308790492064642,0.6435647224070378,0.9697020328599276,0.006482754447944013,48.373546489791295,17.557913133906126,False,False,UNet,train
case_00579,22433,16228,3551,1211028,1253240,25984,38661,0.020733458874597044,0.6940366617681182,0.531436558324647,0.5802488295698508,0.8633389778325123,0.013222995039339795,162.09441670025925,48.012041500035494,False,False,UNet,train
case_00580,42301,5099,23796,1182044,1253240,66097,47400,0.05274089559860841,0.7454117729984052,0.5941485476712175,0.8924261603375527,0.6399836603779294,0.004295186005392779,95.70606008217162,27.40512585592308,False,False,UNet,train
case_00581,104343,7261,12104,1129532,1253240,116447,111604,0.09291675975870543,0.9150847836668113,0.8434620234746338,0.9349396078993585,0.8960557163344698,0.006387266635174566,72.00694410957877,17.655166980150987,False,False,UNet,train
case_00582,98570,9753,16288,1128629,1253240,114858,108323,0.09164884619067377,0.8833189205174276,0.7910216594040654,0.9099637196163326,0.8581901130091069,0.008567422886166506,56.801847779059166,18.701855203406552,False,False,UNet,train
case_00583,61658,10166,11944,1169472,1253240,73602,71824,0.05872937346398136,0.8479639129179102,0.736056728106198,0.8584595678324793,0.8377218010380153,0.008617898033125416,57.750745616386496,17.091756941856314,False,False,UNet,train
case_00584,101079,24892,6235,1121034,1253240,107314,125971,0.08562924898662666,0.866570932550314,0.7645568279805758,0.8023989648411142,0.9418994725758055,0.021722170541553294,187.83362698939598,41.94413672059174,False,False,UNet,train
case_00585,126958,14516,2822,1108944,1253240,129780,141474,0.10355558392646261,0.9360820485596526,0.8798442091256861,0.8973945742680633,0.9782555093234705,0.012920798248268741,46.640979719112444,15.835817758524087,False,False,UNet,train
case_00586,31962,18147,390,1202741,1253240,32352,50109,0.0258146883278542,0.7752028231527631,0.6329234242262223,0.6378494881159074,0.9879451038575667,0.014863771287783973,70.77673650071713,23.45923399238864,False,False,UNet,train
case_00587,18457,24262,355,1210166,1253240,18812,42719,0.015010692285595735,0.5999252409354634,0.42849514788503507,0.43205599382008003,0.9811290665532639,0.01965444724196146,131.80083590911838,45.562252405159,False,False,UNet,train
case_00588,40616,28610,3067,1180947,1253240,43683,69226,0.034856053110338,0.7194466340150032,0.5618247963149959,0.5867159737670817,0.9297896206762356,0.023653287939303397,170.8909008492426,55.99595302294678,False,False,UNet,train
case_00589,32298,3219,16530,1201193,1253240,48828,35517,0.038961412020044044,0.765854526053708,0.6205544988183757,0.9093673452149674,0.6614647333497173,0.0026726734705399815,113.43467911247488,32.024160921412616,False,False,UNet,train
case_00590,46607,11363,12966,1182304,1253240,59573,57970,0.047535188790654624,0.7930204265672988,0.6570288710950716,0.8039848197343453,0.782351065079818,0.0095194053282867,72.94792565438014,26.690523314733426,False,False,UNet,train
case_00591,47014,26587,2729,1429110,1505440,49743,73601,0.03304216707407801,0.7623232585289921,0.6159308266736538,0.6387684949932746,0.9451380093681523,0.018264103037926162,214.03410942047518,59.1439015066567,False,False,UNet,train
case_00592,19621,25207,383,1460229,1505440,20004,44828,0.013287809544053565,0.6052875123395854,0.4339873039746964,0.4376951905059338,0.9808538292341532,0.016969428504492956,227.32443725306746,94.24696905258266,False,False,UNet,train
case_00593,47306,142,27852,1430140,1505440,75158,47448,0.04992427463067276,0.771675121935305,0.6282337317397079,0.9970072500421514,0.6294206870858724,9.928112078597088e-05,83.64685368296733,34.25724372630853,False,False,UNet,train
case_00594,90545,10465,21315,1383115,1505440,111860,101010,0.07430385800828994,0.8507070042749095,0.7402002861230329,0.8963963963963963,0.8094493116395495,0.0075094361285322694,70.00357124637428,20.518220140205997,False,False,UNet,train
case_00595,31269,1148,6713,1466310,1505440,37982,32417,0.02522983313848443,0.8883364820523019,0.7991055456171735,0.9645864824012093,0.8232583855510505,0.0007823051835214364,34.0,9.963099357298056,False,False,UNet,train
case_00596,117465,14235,19069,1354671,1505440,136534,131700,0.09069375066425762,0.875839751858452,0.7791057843455883,0.8919134396355353,0.8603351546135029,0.010398814820009554,74.06740356104163,23.142434873571144,False,False,UNet,train
case_00597,45393,896,24490,1434661,1505440,69883,46289,0.04642031565522372,0.7814791860345006,0.6413342940702751,0.9806433493918641,0.6495571168953823,0.0006241479787984734,59.06098521193701,26.913745504525256,False,False,UNet,train
case_00598,45428,10167,4056,1445789,1505440,49484,55595,0.03287012434902753,0.8646446958954691,0.7615630919850463,0.8171238420721287,0.9180341120362138,0.0069830406962847775,46.0,14.553051763240695,False,False,UNet,train
case_00599,46873,2660,4968,1450939,1505440,51841,49533,0.03443577957274949,0.9247538816659104,0.860039265334581,0.9462984273110855,0.9041685152678381,0.0018299407195519536,25.967283475770184,8.568362545840515,False,False,UNet,train
case_00600,57014,3385,4359,1440682,1505440,61373,60399,0.04076748326070783,0.9364057418782643,0.880416319219247,0.943956025762016,0.9289752822902579,0.0023440740630455512,52.025932030503256,11.117499811510587,False,False,UNet,train
case_00001,118842,15081,22212,1349305,1505440,141054,133923,0.09369619513232012,0.8643777479571019,0.7611490056681718,0.8873905154454426,0.8425283933812583,0.011053323619562206,86.33501535147896,25.868200709853305,False,False,UNet,internal_val
case_00002,16325,8598,1208,1479309,1505440,17533,24923,0.011646428951004357,0.7690314678726211,0.6247369025295626,0.6550174537575734,0.931101351736725,0.005778586968137121,44.01476906150674,16.0884653691646,False,False,UNet,internal_val
case_00003,60233,19626,4107,1421474,1505440,64340,79859,0.042738335636093104,0.8354149473990804,0.7173498797132173,0.7542418512628508,0.9361672365557974,0.013618763444590938,123.3308555145549,34.43872122325361,False,False,UNet,internal_val
case_00004,46178,30953,8074,1420235,1505440,54252,77131,0.03603730470825805,0.7029524367688361,0.541963499794613,0.5986957254540975,0.85117599351176,0.021329421136337953,167.8514207909437,54.85855174030684,False,False,UNet,internal_val
case_00005,72024,3634,14124,1415658,1505440,86148,75658,0.05722446593686895,0.8902512885801516,0.8022097970639994,0.9519680668270375,0.836049589079259,0.0025604315391054133,53.225933528685054,14.574886034501812,False,False,UNet,internal_val
case_00006,49401,6190,5660,1444189,1505440,55061,55591,0.036574689127431184,0.8929074937642338,0.8065337708772101,0.8886510406360741,0.897204918181653,0.004267849989554455,49.41102717688827,12.971946185540114,False,False,UNet,internal_val
case_00007,34925,7413,4511,1458591,1505440,39436,42338,0.02619566372621958,0.8541834813021254,0.7454801596618925,0.8249090651424252,0.8856121310477736,0.005056602846922655,100.97025697230102,27.729101316018422,False,False,UNet,internal_val
case_00008,32139,375,16639,1456287,1505440,48778,32514,0.03240115846529918,0.7907051124341878,0.6538563261652391,0.98846650673556,0.6588831030382549,0.0002574378956820457,66.34299776962675,18.967298800527132,False,False,UNet,internal_val
case_00009,28880,10990,693,1464877,1505440,29573,39870,0.019644090764161973,0.8317613006350532,0.7119788970243818,0.7243541509907199,0.9765664626517432,0.007446470447540327,33.04541288222481,14.490083529450953,False,False,UNet,internal_val
case_00010,36138,3551,1276,1464475,1505440,37414,39689,0.024852534807099584,0.9373954320843547,0.8821677041376785,0.9105293658192446,0.9658951194739936,0.0024188944882447584,21.78857416407715,6.460543138345279,False,False,UNet,internal_val
case_00011,6970,2711,3402,1492357,1505440,10372,9681,0.0068896800935274735,0.6951578317458734,0.532752426813422,0.7199669455634748,0.672001542614732,0.0018132954487688855,70.7647474671479,16.77928121441109,False,False,UNet,internal_val
case_00012,40912,11415,8066,1445047,1505440,48978,52327,0.03253400999043469,0.8076995212477173,0.6774295034192704,0.7818525808855848,0.8353138143656336,0.007837485632992828,101.48989454504948,26.25749969042895,False,False,UNet,internal_val
case_00013,38845,13848,2347,1450400,1505440,41192,52693,0.027362100116909344,0.8275017308409224,0.7057594476744186,0.7371946937923444,0.943022917071276,0.00945741431779316,65.0,16.865863711874848,False,False,UNet,internal_val
case_00014,20031,9895,1558,1473956,1505440,21589,29926,0.01434065788075247,0.7776764049306027,0.6362279252953882,0.669351065962708,0.927833618972625,0.006668459299484921,69.77965107660535,24.7106346189584,False,False,UNet,internal_val
case_00015,91412,11979,8368,1393681,1505440,99780,103391,0.06627962589010522,0.899852833327591,0.8179386000232644,0.8841388515441383,0.9161354980958107,0.008521975442141057,80.1538322171842,19.518892194203122,False,False,UNet,internal_val
case_00016,75869,26507,11849,1391215,1505440,87718,102376,0.0582673504091827,0.7982261407514177,0.6642066097614358,0.7410818941939518,0.8649194008071319,0.018696895442124762,161.22095911587724,39.80364133238951,False,False,UNet,internal_val
case_00017,41494,7580,6572,1449794,1505440,48066,49074,0.03192820703581677,0.8543133621577105,0.7456780361571362,0.8455393894934181,0.8632713352473682,0.005201135741408863,57.0087712549569,16.671060775514373,False,False,UNet,internal_val
case_00018,20312,7264,437,1477427,1505440,20749,27576,0.013782681475183335,0.8406414899120538,0.725091921607825,0.7365825355381491,0.9789387440358571,0.0048926005478581065,69.65772751957915,20.014236532742988,False,False,UNet,internal_val
case_00019,25695,26321,129,1453295,1505440,25824,52016,0.017153788925496866,0.6602004110996916,0.4927605714833637,0.49398262073208243,0.9950046468401487,0.017789075003244084,99.28242543370907,35.93799729085439,False,False,UNet,internal_val
case_00020,66496,1313,14950,1422681,1505440,81446,67809,0.05410112658093315,0.8910388261699775,0.8034896506724344,0.9806367886268784,0.8164427964540922,0.0009220544468586244,37.233638148069446,12.684398281154412,False,False,UNet,internal_val
case_00021,13843,13876,4113,1473608,1505440,17956,27719,0.011927409926665957,0.6061521620142309,0.43487685348077404,0.49940474043075145,0.7709400757406994,0.00932850370155242,235.8460594854234,81.5261627072828,False,False,UNet,internal_val
case_00022,74161,6472,5941,1418866,1505440,80102,80633,0.05320836433202253,0.9227735091921486,0.856619770369857,0.9197350960524847,0.9258320641182493,0.00454067736915735,63.63961030678928,14.45656127387646,False,False,UNet,internal_val
case_00023,51351,19149,9101,1425839,1505440,60452,70500,0.04015570198745882,0.7842720997006537,0.6451049609929523,0.7283829787234043,0.8494508039436247,0.013252013165507257,98.69799512868536,25.42335746872037,False,False,UNet,internal_val
case_00024,49829,30019,5437,1420155,1505440,55266,79848,0.03671086194069508,0.7375845582249064,0.5842645248285161,0.6240481915639715,0.9016212499547642,0.020700274587739126,152.12560553708587,44.64177776208875,False,False,UNet,internal_val
case_00025,31452,5458,1673,1466857,1505440,33125,36910,0.022003533850568604,0.8981794816877275,0.8151776689215458,0.8521267949065294,0.9494943396226415,0.003707087138282229,38.698711777839655,9.61396773416435,False,False,UNet,internal_val
case_00026,28243,12784,853,1463560,1505440,29096,41027,0.019327239876713784,0.8055274303723458,0.6743791786055396,0.6884003217393424,0.9706832554302997,0.008659228472496925,80.95677859203639,26.044718786242672,False,False,UNet,internal_val
case_00027,16278,34287,3979,1450896,1505440,20257,50565,0.013455866723349984,0.45968766767388664,0.29843795834555586,0.32192227825571046,0.8035740731598954,0.023086043942059667,219.74325589602742,83.75345431161578,False,False,UNet,internal_val
case_00028,42303,19743,2579,1440815,1505440,44882,62046,0.029813210755659476,0.7912427053718389,0.6545918762088975,0.6818005995551687,0.9425382113096564,0.013517436486603066,299.3946843646249,57.61277607789898,False,False,UNet,internal_val
case_00029,18568,3156,1892,1481824,1505440,20460,21724,0.013590711021362525,0.8803337758391807,0.7862466124661247,0.8547228871294421,0.9075268817204301,0.0021252811485676574,24.041630560342615,8.627126779990734,False,False,UNet,internal_val
case_00030,48753,352,15307,1441028,1505440,64060,49105,0.04255234350090339,0.8616268280828878,0.7568931255045643,0.992831687200896,0.7610521386200437,0.0002442104094687036,38.617351636509504,15.005301114924707,False,False,UNet,internal_val
case_00031,26887,9434,1830,1467289,1505440,28717,36321,0.019075486236581996,0.8268089424644054,0.7047521690126078,0.7402604553839377,0.936274680502838,0.006388469604658423,85.30674318574742,18.886031835418372,False,False,UNet,internal_val
case_00032,39372,5388,11468,1449212,1505440,50840,44760,0.03377085768944627,0.8236820083682008,0.7002205306964502,0.8796246648793565,0.7744295830055075,0.0037041110958339063,86.97815803344523,22.773588205635352,False,False,UNet,internal_val
case_00033,27449,10681,1766,1465544,1505440,29215,38130,0.019406286534169412,0.8151755883881505,0.6880138359735312,0.7198793600839234,0.939551600205374,0.007235346915273755,115.23278481026927,25.57042661044373,False,False,UNet,internal_val
case_00034,56522,61033,12933,1374952,1505440,69455,117555,0.046136013391433736,0.6044810437944494,0.43315860462264727,0.4808132363574497,0.8137931034482758,0.04250253310445443,339.21436912480243,79.95371275691919,False,False,UNet,internal_val
case_00035,53426,1255,5252,1445507,1505440,58678,54681,0.03897730895950686,0.9425982939157896,0.8914287621176981,0.9770487006455625,0.9104945635502233,0.0008674543566944666,19.97370059580995,6.343306101440313,False,False,UNet,internal_val
case_00036,22668,12545,625,1469602,1505440,23293,35213,0.015472552874907003,0.774894882576146,0.6325129750544115,0.6437395280152216,0.9731679045206715,0.008464072726929246,130.77757739598357,32.2696014807637,False,False,UNet,internal_val
case_00037,44246,2392,10139,1448663,1505440,54385,46638,0.03612565097247317,0.8759589400433565,0.779294432604752,0.9487113512586303,0.8135699181759677,0.0016484557787265128,37.95523213371746,14.784975026479968,False,False,UNet,internal_val
case_00038,32523,6526,1337,1465054,1505440,33860,39049,0.0224917632054416,0.892153232111262,0.8053038181548061,0.8328766421675331,0.9605138806851743,0.0044346892455727855,131.51653306726757,29.459140219160773,False,False,UNet,internal_val
case_00039,27547,26744,4996,1446153,1505440,32543,54291,0.021616935912424275,0.6344749752401133,0.46463811628181556,0.5073953325597245,0.8464800417908613,0.01815741358696501,363.1659400270557,149.08891019595157,False,False,UNet,internal_val
case_00040,63919,41091,4756,1395674,1505440,68675,105010,0.04561789244340525,0.7360336240895875,0.5823205728549824,0.6086944100561851,0.9307462686567164,0.028599666612146038,142.3946917779833,46.896479433196966,False,False,UNet,internal_val
case_00041,26714,15438,1682,1461606,1505440,28396,42152,0.018862259538739504,0.7573283438226456,0.609435597937674,0.6337540330233441,0.9407663051133962,0.010451956746041418,198.91291934170584,46.90612319512258,False,False,UNet,internal_val
case_00042,50412,32290,5637,1417101,1505440,56049,82702,0.03723097566160059,0.7266542223119112,0.5706652780765008,0.6095620420304225,0.8994272868383022,0.022278322412654695,174.09048645405613,40.81770366656881,False,False,UNet,internal_val
case_00043,55232,2287,21879,1426042,1505440,77111,57519,0.051221569773621,0.8205006313600238,0.6956346507468703,0.9602392252994663,0.7162661617668037,0.0016011717188406873,65.10267148332727,20.681492708737977,False,False,UNet,internal_val
case_00044,92150,1560,24060,1387670,1505440,116210,93710,0.07719337867998724,0.877953506097561,0.7824573320879681,0.983352897236154,0.7929610188451941,0.0011229242098140697,65.04800601300661,19.920429771349433,False,False,UNet,internal_val
case_00045,29655,31727,632,1443426,1505440,30287,61382,0.020118370708895737,0.6470017126836771,0.47819847131292936,0.48312208790850736,0.979132961336547,0.021507599550690672,253.4685324845989,81.56654201918195,False,False,UNet,internal_val
case_00046,17284,9090,19976,1459090,1505440,37260,26374,0.024750239132745246,0.5432316057453562,0.37290183387270764,0.6553423826495791,0.4638754696725711,0.006191338936642646,145.67377937878155,47.80917890363668,False,False,UNet,internal_val
case_00047,23098,9366,3618,1469358,1505440,26716,32464,0.017746306727601233,0.7806015545792497,0.6401529848678011,0.711495810744209,0.8645755352597694,0.00633383917485616,141.0,42.40978639313524,False,False,UNet,internal_val
case_00048,23266,15461,2813,1463900,1505440,26079,38727,0.017323174620044637,0.7180199364256395,0.560086663456909,0.6007694889870117,0.8921354346408988,0.01045113396932865,162.64254722012538,61.5791602783695,False,False,UNet,internal_val
case_00049,53026,6327,8904,1437183,1505440,61930,59353,0.041137474758210224,0.8744176842591295,0.7768580511888891,0.8934005020807709,0.8562247699015016,0.004383066275952366,57.75853614716914,15.904626734376452,False,False,UNet,internal_val
case_00050,8934,0,9680,1234626,1253240,18614,8934,0.014852701796942326,0.6486133294613039,0.4799613194369829,1.0,0.4799613194369829,0.0,37.64306044943742,20.054932699542345,False,False,UNet,internal_val
case_00051,28935,19750,1353,1455402,1505440,30288,48685,0.020119034966521416,0.7327820900814203,0.5782605220032775,0.5943309027421178,0.9553288431061807,0.013388450817271712,128.1118588019207,32.87833300857384,False,False,UNet,internal_val
case_00052,42071,7105,4209,1452055,1505440,46280,49176,0.03074184291635668,0.8814741870600067,0.7880678093097312,0.8555189523344721,0.9090535868625756,0.0048692398366183285,136.39525999359782,21.059678987496532,False,False,UNet,internal_val
case_00053,41348,28048,1097,1434947,1505440,42445,69396,0.028194414921883303,0.7394068364910901,0.5865546933738102,0.5958268488097297,0.9741547885498881,0.019171630798464793,209.3430034207665,51.26912289861088,False,False,UNet,internal_val
case_00054,35892,12049,2136,1455363,1505440,38028,47941,0.025260388989265598,0.8349986623085065,0.7167362262116341,0.7486702405039528,0.9438308614704954,0.008211054564089703,85.44586925233936,16.79980809621399,False,False,UNet,internal_val
case_00055,36581,8591,4562,1203506,1253240,41143,45172,0.032829306437713444,0.8476162891733766,0.735533035750191,0.8098158151067033,0.8891184405609702,0.0070877165771386285,47.43416490252569,15.277991266630616,False,False,UNet,internal_val
case_00056,28781,10928,3413,1462318,1505440,32194,39709,0.021385110001062812,0.8005507419718232,0.6674319372941886,0.7247979047571079,0.8939864571038082,0.007417634257958277,43.840620433565945,16.19002912476648,False,False,UNet,internal_val
case_00057,108123,8550,12004,1376763,1505440,120127,116673,0.07979527579976618,0.9132010135135135,0.8402667143312325,0.9267182638656759,0.9000724233519525,0.006171890395888871,41.84961538208659,14.072854670519577,False,False,UNet,internal_val
case_00058,17609,1117,5696,1228818,1253240,23305,18726,0.01859579968721075,0.8379053555708882,0.7210302186553108,0.9403503150699563,0.7555889294142888,0.0009081780744510889,43.18564576337837,11.715434779635011,False,False,UNet,internal_val
case_00059,21164,5869,3835,1222372,1253240,24999,27033,0.01994749609013437,0.8134993849938499,0.6856291304911235,0.7828949802093738,0.8465938637545501,0.00477837818473736,84.90994699644804,21.11298855604086,False,False,UNet,internal_val
case_00060,29768,12964,10752,1199756,1253240,40520,42732,0.032332194950687815,0.7151299668476433,0.5565776680876524,0.6966207994009174,0.734649555774926,0.010690019130549509,86.66483426993143,27.45367993010629,False,False,UNet,internal_val
case_00061,32252,4933,5113,1210942,1253240,37365,37185,0.029814720245124635,0.8652448021462106,0.7624946805995555,0.8673389807718166,0.8631607118961595,0.004057160481134985,36.00346887968714,12.569951304918657,False,False,UNet,internal_val
case_00062,32363,5677,2525,1464875,1505440,34888,38040,0.023174620044638113,0.8875329091706889,0.7978059903858006,0.8507623554153523,0.9276255445998625,0.0038604551216141966,29.732137494637012,9.273019992233944,False,False,UNet,internal_val
case_00063,57203,21978,7685,1418574,1505440,64888,79181,0.04310234881496439,0.7941056021767348,0.658520019340133,0.7224334120559225,0.8815651584268278,0.015256651616880196,110.12674282233729,35.25131162185782,False,False,UNet,internal_val
case_00064,35684,7708,4394,1205454,1253240,40078,43392,0.03197950911238071,0.8550137774050557,0.7467459088435944,0.8223635693215339,0.8903637906083138,0.006353644443198848,71.50268414745703,18.269924451598754,False,False,UNet,internal_val
case_00065,5947,3392,1999,1241902,1253240,7946,9339,0.006340365771919185,0.6881110789702054,0.5245193155759393,0.6367919477460113,0.7484268814497861,0.0027238547684321937,75.65842749330182,24.994195728980678,False,False,UNet,internal_val
case_00066,32133,1922,9501,1461884,1505440,41634,34055,0.027655701987458817,0.8490797870232134,0.7377399210212141,0.9435618851857289,0.7717970889177115,0.001313015522548753,84.04165507419884,20.382761712034473,False,False,UNet,internal_val
case_00067,0,882,58157,1194201,1253240,58157,882,0.046405317417254476,0.0,0.0,0.0,0.0,0.0007380240535594599,302.8594477329987,183.73850764181927,False,False,UNet,internal_val
case_00068,15385,12422,2942,1222491,1253240,18327,27807,0.014623695381570968,0.6669701304894438,0.5003414745194966,0.5532779515949221,0.8394718175369673,0.010059008205436334,90.69725585586119,20.735469380718143,False,False,UNet,internal_val
case_00069,2343,0,9315,1241582,1253240,11658,2343,0.009302288468290192,0.3346903792586244,0.20097786927431807,1.0,0.20097786927431807,0.0,40.236793317368054,20.40395282452547,False,False,UNet,internal_val
case_00070,7507,2,21160,1224571,1253240,28667,7509,0.022874309789026843,0.4150265369305617,0.26185077958770797,0.9997336529497935,0.2618690480343252,1.6332223558742517e-06,87.19861225660947,36.429384630602705,False,False,UNet,internal_val
case_00071,73912,6175,3652,1421701,1505440,77564,80087,0.05152247847805293,0.9376661105860413,0.8826472730746725,0.9228963502191367,0.9529163013769274,0.004324605217820035,23.038898072502594,7.4627429908220035,False,False,UNet,internal_val
case_00072,76417,15513,8839,1404671,1505440,85256,91930,0.05663194813476459,0.8625625049383134,0.7583383778741478,0.8312520395953443,0.896324012386225,0.010923232482551557,69.0452726516267,18.32715315005111,False,False,UNet,internal_val
case_00073,20300,18808,1047,1465285,1505440,21347,39108,0.014179907535338506,0.671573897940617,0.5055410285145063,0.5190753809962156,0.9509532955450415,0.01267306024622446,142.73594117700242,36.02039725619385,False,False,UNet,internal_val
case_00074,10857,19582,2958,1472043,1505440,13815,30439,0.009176719098735254,0.4906675102815565,0.3250890798574722,0.35668057426328065,0.785884907709012,0.013127964468281237,191.65605543213414,65.26528550829694,False,False,UNet,internal_val
case_00075,90500,20324,48521,1346095,1505440,139021,110824,0.09234575937931767,0.7244491584782565,0.5679500454987606,0.8166101205515051,0.6509807870753339,0.014873914955807845,182.21949521449127,65.27367475876825,False,False,UNet,internal_val
case_00076,16561,1581,6011,1481287,1505440,22572,18142,0.014993623126793495,0.8135285159895859,0.6856705171200265,0.9128541505897917,0.7336966152755626,0.0010661771647914717,107.55575042276884,33.65596650274625,False,False,UNet,internal_val
case_00077,34579,4456,4275,1462130,1505440,38854,39035,0.025809065788075247,0.8879045821617944,0.7984068344493188,0.8858460356090688,0.8899727183816338,0.0030383489273728237,23.262626743233774,10.43124189775163,False,False,UNet,internal_val
case_00078,19092,17638,1384,1467326,1505440,20476,36730,0.013601339143373366,0.6674824319127364,0.5009182977383638,0.5197930846719303,0.9324086735690564,0.011877729022387075,190.62731519410391,71.21248871626798,False,False,UNet,internal_val
case_00079,20516,14731,795,1469398,1505440,21311,35247,0.014155994260814115,0.7254853424802857,0.5692247932967094,0.5820637217351832,0.9626953216648679,0.009925687052810099,52.33925766020558,19.82706440336203,False,False,UNet,internal_val
case_00080,77045,47769,22009,1358617,1505440,99054,124814,0.06579737485386332,0.6883073954294495,0.5247474850670535,0.6172785104235102,0.7778080642881661,0.033965781798169205,318.37524984251775,73.91771728483786,False,False,UNet,internal_val
case_00081,40488,8076,2060,1454816,1505440,42548,48564,0.02826283345732809,0.8887523048555623,0.7997787610619469,0.8337039782554979,0.9515840932593777,0.005520571580130317,23.794926318732514,10.248725395787002,False,False,UNet,internal_val
case_00082,25205,3843,13437,1462955,1505440,38642,29048,0.02566824317143161,0.7447185699512483,0.5932682123102272,0.8677017350592123,0.6522695512654625,0.0026199926642932426,68.0,26.160028936589438,False,False,UNet,internal_val
case_00083,11949,1067,2543,1489881,1505440,14492,13016,0.00962642151131895,0.8687654500508943,0.7679799472973842,0.9180239704978488,0.8245238752415126,0.0007156520549341761,72.76191598379263,15.816218906570537,False,False,UNet,internal_val
case_00084,58769,28915,6508,1411248,1505440,65277,87684,0.04336074503135296,0.7684180935009578,0.6239277220995414,0.6702363030883628,0.9003017908298482,0.020077588439641903,167.08156577595594,41.64315869462548,False,False,UNet,internal_val
case_00085,18091,2213,7114,1478022,1505440,25205,20304,0.016742613455202466,0.7950515282691336,0.6598220147348457,0.8910066981875493,0.7177544138067844,0.00149503288329218,48.959149617270015,15.708815768877411,False,False,UNet,internal_val
case_00086,19498,1322,5939,1478681,1505440,25437,20820,0.016896721224359656,0.8430291631536848,0.7286520423035241,0.9365033621517771,0.7665212092620985,0.0008932414326187177,51.28594893039666,13.381806195926584,False,False,UNet,internal_val
case_00087,56208,4350,18496,1426386,1505440,74704,60558,0.049622701668615155,0.831098165042658,0.7110076656462672,0.928168037253542,0.7524095095309488,0.0030403931962290735,48.373546489791295,17.54453573779297,False,False,UNet,internal_val
case_00088,50813,22475,1897,1430255,1505440,52710,73288,0.03501301944946328,0.8065683582279084,0.6758395956640287,0.6933331514026853,0.9640106241699867,0.015470872082217618,153.27240145698354,45.96922944494655,False,False,UNet,internal_val
case_00089,41439,2165,8625,1453211,1505440,50064,43604,0.0332553937719205,0.8848059102361532,0.7934097914951463,0.9503485918723052,0.8277205177372963,0.0014875880872022075,33.0,11.079481406980067,False,False,UNet,internal_val
case_00090,79306,6876,14246,1405012,1505440,93552,86182,0.062142629397385483,0.8824818899039693,0.7896801688772056,0.9202153581954469,0.8477210535317257,0.004870074680144601,96.73153215369706,30.975565356916533,False,False,UNet,internal_val
case_00091,38372,18330,5702,1443036,1505440,44074,56702,0.02927649059411202,0.7615305231404302,0.614896480994808,0.6767309795068956,0.87062667332214,0.012543059028333765,123.7641821238821,31.875849040367036,False,False,UNet,internal_val
case_00092,68019,16950,10142,1410329,1505440,78161,84969,0.05191904028058242,0.8339238644026237,0.7151538728433094,0.8005154821170074,0.8702421923977431,0.011875743985583758,146.09927766428802,26.555043294884157,False,False,UNet,internal_val
case_00093,11626,706,2809,1490299,1505440,14435,12332,0.00958855882665533,0.8686815855344268,0.7678488871276666,0.9427505676289328,0.8054035330793211,0.00047350612506329626,16.1245154965971,7.376769874940194,False,False,UNet,internal_val
case_00094,28408,1069,11896,1464067,1505440,40304,29477,0.026772239345307685,0.8142044396039037,0.6866313779518043,0.9637344370186925,0.7048431917427551,0.0007296250996494523,44.93439401967329,15.520537349243476,False,False,UNet,internal_val
case_00095,40593,12541,931,1451375,1505440,41524,53134,0.027582633648634287,0.8576771112848359,0.7508184592619994,0.7639741032107502,0.9775792312879299,0.008566748365343367,42.43111960767073,14.85284604903064,False,False,UNet,internal_val
case_00096,19956,33338,1336,1450810,1505440,21292,53294,0.014143373365926241,0.5351138283323948,0.36529379461834155,0.37445115772882503,0.9372534285177532,0.022462719351439345,212.101362467674,72.51060200349465,False,False,UNet,internal_val
case_00097,68997,7416,50286,1378741,1505440,119283,76413,0.07923464236369433,0.7051447142506745,0.5445741481779651,0.9029484511797731,0.5784311259777168,0.0053500433212110895,173.11382658353926,42.62861639415252,False,False,UNet,internal_val
case_00098,58796,7575,8286,1430783,1505440,67082,66371,0.04455973004570093,0.8811491686211625,0.7875483879609414,0.8858688282533034,0.8764795325124475,0.0052664218504711625,42.0,12.36089008027965,False,False,UNet,internal_val
case_00099,25597,17433,2813,1459597,1505440,28410,43030,0.01887155914549899,0.7166013437849944,0.558362236328338,0.5948640483383686,0.9009855684618092,0.011802739280854147,276.2598410934701,106.6078770370188,False,False,UNet,internal_val
case_00100,53376,37406,6222,1408436,1505440,59598,90782,0.039588425975130195,0.7098816331959037,0.5502453507071874,0.5879579652353991,0.8956005235075003,0.02587142993494448,253.12496913435547,90.47272444795142,False,False,UNet,internal_val
case_00101,6226,8,9322,1489884,1505440,15548,6234,0.010327877564034435,0.5716646772564503,0.4002314219593726,0.998716714789862,0.4004373552868536,5.3695167166479185e-06,60.49990828367324,21.796304661002143,False,False,UNet,internal_val
case_00102,40529,26264,6161,1432486,1505440,46690,66793,0.03101418854288447,0.714274384709604,0.5555418482879623,0.6067851421556151,0.8680445491539944,0.0180044558697515,181.35544934722205,53.30501977645792,False,False,UNet,internal_val
case_00103,92933,974,14063,1397470,1505440,106996,93907,0.07107290891699437,0.9251529345007292,0.860729832360841,0.9896280362486289,0.8685651800067292,0.0006964883828026006,32.526911934581186,12.148904063564943,False,False,UNet,internal_val
case_00104,120938,49717,12893,1321892,1505440,133831,170655,0.08889826230205122,0.7943747824202098,0.6588903175191231,0.7086695379566963,0.9036620812816164,0.03624721039304933,150.0803117634752,42.728599438174584,False,False,UNet,internal_val
case_00105,87379,5879,7089,1405093,1505440,94468,93258,0.0627510893825061,0.9309205970403673,0.8707684335356314,0.9369598318642904,0.9249587161790236,0.004166631230102369,38.0,10.9747515153399,False,False,UNet,internal_val
case_00106,105905,23296,3359,1372880,1505440,109264,129201,0.07257944521203104,0.8882225903172374,0.7989212432106216,0.8196917980510987,0.9692579440620882,0.01668557545753544,79.81227975693966,23.07209239840601,False,False,UNet,internal_val
case_00107,113131,13203,4143,1374963,1505440,117274,126334,0.07790014879370816,0.9287954418574103,0.8670570292082129,0.8954913166685137,0.9646724764227365,0.009511110342711175,50.34475405564961,12.906181114583747,False,False,UNet,internal_val
case_00108,21292,8696,3667,1471785,1505440,24959,29988,0.01657920607928579,0.7750013649516807,0.6326548804041005,0.7100173402694411,0.8530790496414119,0.005873766701497689,138.1291061633927,31.025921368891506,False,False,UNet,internal_val
case_00109,106508,1884,49250,1347798,1505440,155758,108392,0.1034634392602827,0.8064205943592656,0.6756321284936755,0.9826186434423204,0.6838043631787774,0.0013958843638723789,119.54496271901877,33.82091935988644,False,False,UNet,internal_val
case_00110,64653,1798,12867,1426122,1505440,77520,66451,0.051493251142523115,0.8981392085906189,0.815111324037419,0.972942468886849,0.8340170278637771,0.001259174183427643,45.530204449989554,11.791038873153624,False,False,UNet,internal_val
case_00111,133813,12122,29384,1330121,1505440,163197,145935,0.10840485173769795,0.8657337318685869,0.7632544105316594,0.9169356220235036,0.81994767060669,0.009031151587305726,117.74866876501865,32.42479058412501,False,False,UNet,internal_val
case_00112,82098,37736,21391,1364215,1505440,103489,119834,0.06874335742374323,0.7352399887158958,0.5813276686139139,0.6850977185106063,0.7933017035626975,0.026916775265326678,180.22763384120648,44.157967757484734,False,False,UNet,internal_val
case_00113,82777,9333,874,1412456,1505440,83651,92110,0.05556581464555213,0.9419268210808996,0.8902284263959391,0.8986754966887417,0.9895518284300248,0.006564265161708242,31.064449134018133,9.059580126147303,False,False,UNet,internal_val
case_00114,87218,1152,36723,1380347,1505440,123941,88370,0.08232875438410032,0.8216060401957506,0.6972252644032839,0.9869639017766211,0.7037057954994715,0.0008338768251008506,127.30966092840143,37.499041330016134,False,False,UNet,internal_val
case_00115,76767,22724,16436,1389513,1505440,93203,99491,0.06191080348602402,0.7967762358973295,0.6622012128322133,0.7715974309234,0.823653745051125,0.016090783629093417,117.27744881263405,36.700804967031466,False,False,UNet,internal_val
case_00116,92860,9871,33818,1368891,1505440,126678,102731,0.08414682750557977,0.8095584741662272,0.6800489201678518,0.9039141057713835,0.7330396753974644,0.007159321188138344,140.49002336614993,42.732291936322824,False,False,UNet,internal_val
case_00117,118293,2358,37358,1347431,1505440,155651,120651,0.10339236369433522,0.8562587313881188,0.7486472289553127,0.9804560260586319,0.7599886926521513,0.001746939706872704,141.76741515595182,48.77867279824258,False,False,UNet,internal_val
case_00118,67959,65,73963,1363453,1505440,141922,68024,0.09427277075140823,0.6473950444399988,0.47862832512835685,0.9990444548982712,0.47884753597046265,4.7670804492496616e-05,138.1788695175456,55.51384091104108,False,False,UNet,internal_val
case_00119,23635,4638,2395,1474772,1505440,26030,28273,0.01729062599638644,0.8704859768336924,0.7706730142167731,0.835956566335373,0.9079907798693815,0.0031350335606762157,35.57094034399934,9.999033064457326,False,False,UNet,internal_val
case_00120,99863,10958,4962,1389657,1505440,104825,110821,0.06963080561164842,0.9261753058252877,0.8625014034875587,0.9011198238600987,0.9526639637491057,0.007823706014857759,151.43050754718593,30.621217209208215,False,False,UNet,internal_val
case_00121,47178,50883,16015,1391364,1505440,63193,98061,0.04197643213944096,0.5851389732967864,0.41356639433360215,0.48110869764738273,0.7465700314908297,0.035280364597742274,222.03603311174518,76.6469898150193,False,False,UNet,internal_val
case_00122,100225,12904,46630,1345681,1505440,146855,113129,0.09754955361887555,0.7710089851683181,0.6273511977415983,0.8859355249317151,0.6824759116134963,0.009498117526691373,136.31393572113384,54.76527006541989,False,False,UNet,internal_val
case_00123,81574,22695,1476,1399695,1505440,83050,104269,0.055166595812519925,0.8709634367042318,0.7714218166343563,0.7823418273887732,0.9822275737507525,0.015955539619935462,83.10084002867752,18.375009755154743,False,False,UNet,internal_val
case_00124,92527,1380,14396,1397137,1505440,106923,93907,0.07102441811031991,0.9214459991037196,0.8543345983029095,0.9853046098799877,0.8653610542165857,0.0009867595460048037,40.311288741492746,12.883678860426413,False,False,UNet,internal_val
case_00125,34340,17070,5502,1448528,1505440,39842,51410,0.02646535232224466,0.7526410380046464,0.60338768625246,0.6679634312390585,0.861904522865318,0.011647122880899127,139.8177385026664,41.51665462076827,False,False,UNet,internal_val
case_00126,108390,2,86563,1310485,1505440,194953,108392,0.129499016898714,0.7146318548187707,0.55597445564361,0.9999815484537604,0.5559801593204516,1.5261502021767481e-06,143.78386506491321,50.748865037528226,False,False,UNet,internal_val
case_00127,118325,52330,10106,1324679,1505440,128431,170655,0.0853112711233925,0.7912439900229365,0.6545936346888986,0.6933579443907298,0.9213118328129501,0.038002656482274265,147.51169149989832,42.51593464498062,False,False,UNet,internal_val
case_00128,92209,1049,20623,1391559,1505440,112832,93258,0.0749495164204485,0.894842059294483,0.8096960862654876,0.9887516352484506,0.8172238372093024,0.0007532629426227625,56.42558279173066,16.184503333237874,False,False,UNet,internal_val
case_00129,51853,1611,13346,1438630,1505440,65199,53464,0.04330893293655011,0.8739539704878522,0.776126328393953,0.9698675744426156,0.7953036089510576,0.0011185627960875993,44.242324691196295,15.039188633341304,False,False,UNet,internal_val
case_00130,39573,50747,4552,1410568,1505440,44125,90320,0.029310367733021574,0.5886868236081669,0.4171199089299266,0.43814216120460586,0.8968385269121814,0.034726941145475136,194.98025430393986,87.09263229728984,False,False,UNet,internal_val
case_00131,101222,27979,3607,1372632,1505440,104829,129201,0.06963346264215113,0.8650343972994915,0.7621679416902596,0.7834459485607697,0.9655915824819468,0.019976281779880353,95.61432439343871,27.593322770291874,False,False,UNet,internal_val
case_00132,26791,15042,312,1463295,1505440,27103,41833,0.018003374428738443,0.777271672275734,0.6356863210345237,0.640427413764253,0.9884883592222263,0.010174946578486502,73.44385106220498,22.124445219551024,False,False,UNet,internal_val
case_00133,116440,9894,8063,1371043,1505440,124503,126334,0.08270206716973111,0.9284116777030502,0.8663883866455352,0.921683790586857,0.9352385083090368,0.007164700489595108,44.578015902026436,13.082152615587924,False,False,UNet,internal_val
case_00134,52373,1468,16715,1434884,1505440,69088,53841,0.04589223084281008,0.8520853500801275,0.7422898123476388,0.9727345331624598,0.7580621815655396,0.001022033596221539,56.45261249351481,18.61805850084245,False,False,UNet,internal_val
case_00135,60566,14423,1747,1428704,1505440,62313,74989,0.04139188542884472,0.8822304117929819,0.7892775229357798,0.8076651242182187,0.9719641166369778,0.009994269388626227,69.0,19.872263972490163,False,False,UNet,internal_val
case_00136,46224,9179,3610,1446427,1505440,49834,55403,0.03310261451801467,0.8784743008637647,0.7832850388897361,0.834323051098316,0.9275594975318056,0.006305964663514715,37.492655510795544,14.819749301754966,False,False,UNet,internal_val
case_00137,81700,17791,21065,1384884,1505440,102765,99491,0.06826243490275269,0.8078870342536192,0.6776933541258834,0.8211798052085113,0.795017758964628,0.012683622364410858,124.4347156151085,39.245759807607776,False,False,UNet,internal_val
case_00138,64887,1564,20484,1418505,1505440,85371,66451,0.056708337761717506,0.8547773050019102,0.7463852303445103,0.9764638605890055,0.760059036440946,0.0011013549341616499,57.95250884955439,14.581467599216829,False,False,UNet,internal_val
case_00139,117851,2800,37403,1347386,1505440,155254,120651,0.10312865341694123,0.8542868016164984,0.7456375669075126,0.9767925669907419,0.7590851121388177,0.002073788352123337,142.98177096977435,51.36115230918912,False,False,UNet,internal_val
case_00140,77928,19149,4336,1404027,1505440,82264,97077,0.05464448931873738,0.8690483492341405,0.7684221943932238,0.8027442133564078,0.9472916464066906,0.013455117286969426,110.5350623105628,27.426506690462386,False,False,UNet,internal_val
case_00141,67122,11743,617,1425958,1505440,67739,78865,0.04499614730577107,0.9156912498976836,0.8444930927757228,0.8510999809801559,0.9908915100606741,0.0081679013925705,32.0,10.663169978249096,False,False,UNet,internal_val
case_00142,50850,2614,7585,1444391,1505440,58435,53464,0.038815894356467213,0.9088553070179358,0.8329374764533407,0.9511072871464911,0.8701976555146744,0.0018064899568418908,36.677301827876,10.02597222685766,False,False,UNet,internal_val
case_00143,114865,17839,56690,1316046,1505440,171555,132704,0.11395671697311086,0.7550475088658019,0.606487005924158,0.8655730045816252,0.6695520387047885,0.01337371662474651,146.98093890421862,48.722079209667044,False,False,UNet,internal_val
case_00144,53148,693,22891,1428708,1505440,76039,53841,0.05050948559889468,0.8184170003079766,0.692644529010061,0.9871287680392266,0.698957114112495,0.0004848184659168421,74.09925747649949,21.955771708937807,False,False,UNet,internal_val
case_00145,80347,208,61721,1363164,1505440,142068,80555,0.09436975236475714,0.7218211954739627,0.5647263066153111,0.9974179132269878,0.5655531154095222,0.00015256291019619003,115.97413504743201,42.187446196749,False,False,UNet,internal_val
case_00146,47067,8336,4563,1445474,1505440,51630,55403,0.03429562121373153,0.879485766072146,0.7848947737050995,0.8495388336371676,0.9116211504938989,0.005733899202784408,44.29332989010658,14.77189673417507,False,False,UNet,internal_val
case_00147,142969,4524,26245,1331702,1505440,169214,147493,0.11240168987139973,0.9028471110521713,0.8228999988488414,0.9693273579085109,0.8449005401444325,0.0033856548218639663,151.96479765046382,40.999330626203395,False,False,UNet,internal_val
case_00148,45357,14603,17095,1428385,1505440,62452,59960,0.0414842172388139,0.7410547985491619,0.5886314969826747,0.7564543028685791,0.7262697751873439,0.010119973277671055,93.8725100025939,34.02010991491364,False,False,UNet,internal_val
case_00149,77326,19751,3658,1404705,1505440,80984,97077,0.053794239557870126,0.868533817062692,0.7676180076438179,0.7965429504414022,0.954830583819026,0.01386564414766058,109.40703718253584,27.491114462098952,False,False,UNet,internal_val
case_00150,70151,8714,943,1425632,1505440,71094,78865,0.04722473163991923,0.9356023979887836,0.8789970930232558,0.8895073860394345,0.9867358708189158,0.0060752426541434215,26.754169164350042,8.323644447217761,False,False,UNet,internal_val
case_00151,55480,40045,9800,1400115,1505440,65280,95525,0.043362737804229994,0.6900282951400765,0.5267505340612391,0.5807903690133472,0.8498774509803921,0.027805938229085655,186.41390973328157,48.2829171852925,False,False,UNet,internal_val
case_00152,16544,9399,1610,1477887,1505440,18154,25943,0.012058932936550111,0.7503458285144115,0.6004427830000363,0.6377057395058398,0.9113143108956704,0.006319564629802203,48.77703500189635,15.644931900881437,False,False,UNet,internal_val
case_00153,92075,1458,12257,1399650,1505440,104332,93533,0.0693033266021894,0.9306850630480378,0.8703563663862369,0.9844119187880214,0.8825192654219223,0.0010406050068945435,33.157174496687276,14.348708241799214,False,False,UNet,internal_val
case_00154,65799,5094,16127,1418420,1505440,81926,70893,0.05441997024125837,0.861136377021182,0.7561365203401517,0.9281452329567094,0.8031516246368674,0.003578468494163036,74.34883304018267,21.463370041666458,False,False,UNet,internal_val
case_00155,40361,69,39050,1425960,1505440,79411,40430,0.05274936231267935,0.6735758212965512,0.5078132863613488,0.9982933465248578,0.5082545239324526,4.838611276488767e-05,87.20091742636656,33.19816563954274,False,False,UNet,internal_val
case_00156,34985,26589,5708,1438158,1505440,40693,61574,0.02703063556169625,0.6841894257189514,0.5199756249814215,0.5681781271315816,0.8597301747229253,0.018152622944440235,143.27203857773364,48.052089222878706,False,False,UNet,internal_val
case_00157,116030,4587,25608,1107015,1253240,141638,120617,0.11301745874692797,0.884863968275152,0.7935031629338348,0.9619705348333982,0.8192010618619298,0.004126476922495641,74.06314801561476,19.98334922917871,False,False,UNet,internal_val
case_00158,57899,4344,4028,1439169,1505440,61927,62243,0.04113548198533319,0.9325763066763308,0.8736702328318571,0.9302090194881352,0.9349556736157089,0.0030093251671443207,27.586228448267445,7.6204540862767525,False,False,UNet,internal_val
case_00159,127467,18483,18920,1340570,1505440,146387,145950,0.09723868105005845,0.8720551965710807,0.7731364105052465,0.873360739979445,0.8707535505201964,0.013599911114577578,119.8204907316476,31.04945992723825,False,False,UNet,internal_val
case_00160,129556,33937,25213,1316734,1505440,154769,163493,0.10280648846848763,0.8141468349975806,0.6865494472883745,0.7924253637770424,0.8370926994423948,0.02512602995103915,274.49347195624927,65.51537340760419,False,False,UNet,internal_val
case_00161,160788,9352,19710,1315590,1505440,180498,170140,0.11989717291954512,0.9171167985215521,0.84692125362128,0.9450335018220289,0.8908021141508493,0.007058422179989765,169.11709609676527,34.44009659150662,False,False,UNet,internal_val
case_00162,34368,8859,3834,1458379,1505440,38202,43227,0.02537596981613349,0.8441218730427734,0.7302862242621279,0.7950586439031161,0.8996387623684624,0.006037875245870131,54.08511750090881,15.306814767458176,False,False,UNet,internal_val
case_00163,7317,2636,2447,1493040,1505440,9764,9953,0.006485811457115528,0.7422021605720951,0.5900806451612903,0.7351552295790214,0.7493854977468251,0.0017624137848036606,73.63386249412775,20.472246910459695,False,False,UNet,internal_val
case_00164,98029,152,19151,1388108,1505440,117180,98181,0.07783770857689447,0.910369101183594,0.835483925953704,0.9984518389505098,0.8365676736644478,0.00010948957688041145,137.9978231476463,31.891381561044806,False,False,UNet,internal_val
case_00165,58576,8064,14289,1424511,1505440,72865,66640,0.048401131894994155,0.8397691839002186,0.7237949313595868,0.8789915966386554,0.8038976188842379,0.005629024658394848,41.43669871020132,21.964690683660397,False,False,UNet,internal_val
case_00166,44331,12326,3494,1445289,1505440,47825,56657,0.031768120948028486,0.8485863593729064,0.7369952286745025,0.7824452406587006,0.926941975953999,0.008456279607440923,54.75946627707977,18.491388806409006,False,False,UNet,internal_val
case_00167,27580,74135,24847,1126678,1253240,52427,101715,0.041833168427436083,0.3578518508907371,0.2179169102890283,0.27114978125153616,0.5260648139317528,0.061737339619074745,202.95023934321378,75.36954123273239,False,False,UNet,internal_val
case_00168,78575,37435,6045,1131185,1253240,84620,116010,0.06752098560531103,0.7832826596221901,0.6437671541518168,0.6773123006637359,0.9285629874734106,0.032033509609625026,157.41553283436417,41.298949948103285,False,False,UNet,internal_val
case_00169,99115,5453,22410,1378462,1505440,121525,104568,0.08072390796046339,0.8767631019093912,0.7805682874198681,0.9478521153699029,0.8155934992799836,0.003940270898140421,132.24104051302422,28.24208678805266,False,False,UNet,internal_val
case_00170,51580,5320,8495,1440045,1505440,60075,56900,0.03990527686257838,0.8818978414191067,0.7887453169202538,0.9065026362038664,0.8585934248855597,0.0036807311647922844,30.217555712338953,13.364645736855909,False,False,UNet,internal_val
case_00171,52101,8299,4255,1440785,1505440,56356,60400,0.0374349027526836,0.8924766179040049,0.8058309488825304,0.8625993377483444,0.9244978351905742,0.005727066201821288,143.85440036640597,31.907882807875275,False,False,UNet,internal_val
case_00172,88861,5038,3399,1408142,1505440,92260,93899,0.0612844085450101,0.9546785274953131,0.9132870151493351,0.9463466064601327,0.9631584652070236,0.0035650094113984063,73.0,11.595825703842795,False,False,UNet,internal_val
case_00173,34892,5888,6841,1457819,1505440,41733,40780,0.027721463492400893,0.8457333995855199,0.732701959219672,0.8556154977930358,0.8360769654709702,0.004022663005642523,41.109560917161474,16.82459260390837,False,False,UNet,internal_val
case_00174,36521,436,14575,1453908,1505440,51096,36957,0.03394090764161973,0.829523128116021,0.7087052705115268,0.9882025056146332,0.7147526225144826,0.0002997915211256759,54.86298855400739,17.746890019185592,False,False,UNet,internal_val
case_00175,37106,5959,3581,1458794,1505440,40687,43065,0.027026650015942184,0.8860922724233451,0.7954808558075719,0.8616277719725995,0.9119866296360016,0.004068262703677685,29.415131239560193,10.809487828335588,False,False,UNet,internal_val
case_00176,112883,38808,37247,1064302,1253240,150130,151691,0.11979349526028533,0.7480128950603172,0.5974605426118621,0.7441641231187084,0.7519016852061546,0.035180535032770986,170.41419886159443,52.145585709046934,False,False,UNet,internal_val
case_00177,43744,10879,1849,1448968,1505440,45593,54623,0.030285497927516208,0.8729943322423566,0.7746139679841337,0.8008348131739377,0.959445528918913,0.0074521508075846305,29.410882339705484,13.88252705767442,False,False,UNet,internal_val
case_00178,67925,306,12604,1424605,1505440,80529,68231,0.05349200233818684,0.9132159182575962,0.8402919527432424,0.9955152350104791,0.8434849557302339,0.00021475025457730343,28.698183656774898,12.192207019914504,False,False,UNet,internal_val
case_00179,10831,196,13197,1481216,1505440,24028,11027,0.015960782229779997,0.6179432320638996,0.4471185601056803,0.9822254466309966,0.4507657732645247,0.00013230620516102204,67.774214689915,28.7676598440977,False,False,UNet,internal_val
case_00180,132076,15162,100998,1257204,1505440,233074,147238,0.15482118184716762,0.6945665663981152,0.5320582026780967,0.8970238661215175,0.5666698130207574,0.011916382550303922,149.43627144521767,61.475650688030406,False,False,UNet,internal_val
case_00181,34513,2625,17244,1198858,1253240,51757,37138,0.04129855414764929,0.7764891163732494,0.6346401382810489,0.9293176800043083,0.6668276754835095,0.002184799951393403,415.77166967839423,73.54530057176898,False,False,UNet,internal_val
case_00182,100586,1200,21026,1382628,1505440,121612,101786,0.08078169837389733,0.9005094047395232,0.8190241995896167,0.9882105594089561,0.8271058777094366,0.0008671597915347861,33.046907975057714,15.78205134650096,False,False,UNet,internal_val
case_00183,110490,3947,14578,1124225,1253240,125068,114437,0.09979572946921579,0.9226529717542431,0.8564120451110336,0.9655094069225862,0.883439408961525,0.003498580003758292,44.617656112843754,12.607868393569092,False,False,UNet,internal_val
case_00184,27707,11487,8926,1457320,1505440,36633,39194,0.024333749601445423,0.7307950993709365,0.5757896924355778,0.7069194264428229,0.7563399121011111,0.007820632663106862,52.481899716290826,25.357330802862684,False,False,UNet,internal_val
case_00185,98780,7098,2197,1397365,1505440,100977,105878,0.06707474226804123,0.9550651422494018,0.9139949109414758,0.9329605772681766,0.9782425700902185,0.00505388892409412,28.080229493778496,8.695189928038483,False,False,UNet,internal_val
case_00186,85199,31282,75269,1313690,1505440,160468,116481,0.10659209267722393,0.615268515141777,0.4443233376792699,0.7314411792481177,0.5309407483111898,0.02325847675639344,185.05134369385823,57.80196792504786,False,False,UNet,internal_val
case_00187,39745,1143,65583,1398969,1505440,105328,40888,0.06996492719736423,0.5436477540077693,0.37329413643151654,0.9720455879475641,0.37734505544584535,0.000816363262367582,242.23748075629186,50.77264028221687,False,False,UNet,internal_val
case_00188,72496,4527,12404,1416013,1505440,84900,77023,0.05639547242002338,0.8954379550774133,0.8106723920068883,0.9412253482725939,0.8538987043580684,0.0031868162811325273,39.28230206279871,14.308509500184037,False,False,UNet,internal_val
case_00189,72918,3973,81968,1094381,1253240,154886,76891,0.12358845871501069,0.6292082475828059,0.45901082091666195,0.9483294533820603,0.47078496442544837,0.00361723087456321,120.2039926301816,49.975709111893984,False,False,UNet,internal_val
case_00190,66262,2819,4461,1431898,1505440,70723,69081,0.046978292060792855,0.9479270979371119,0.9010089472682277,0.95919283160348,0.9369229246496896,0.001964847422871549,16.0312195418814,6.4373538069603065,False,False,UNet,internal_val
case_00191,91820,31300,24037,1358283,1505440,115857,123120,0.07695889573812308,0.7684421513367395,0.6239594446747352,0.7457764782326186,0.7925287207505805,0.02252474303442112,162.5367632786181,42.31508090588728,False,False,UNet,internal_val
case_00192,55058,820,25376,1424186,1505440,80434,55878,0.05342889786374747,0.8078232290627384,0.6776035641322273,0.9853251726976627,0.6845115249769997,0.0005754361736020761,59.89441441947246,27.628401652964,False,False,UNet,internal_val
case_00193,85424,31057,76614,1312345,1505440,162038,116481,0.10763497714953768,0.6134159608500677,0.4423936404360548,0.7333728247525347,0.5271849813006826,0.023118173115716664,168.96118691857637,53.70793902599178,False,False,UNet,internal_val
case_00194,25108,2720,461,1477151,1505440,25569,27828,0.016984403230949092,0.9404273648332303,0.887553466011524,0.9022567198505103,0.9819703547264266,0.0018379980417212042,14.0,5.120324230459418,False,False,UNet,internal_val
case_00195,50116,0,131242,1324082,1505440,181358,50116,0.1204684344776278,0.4330162350847179,0.2763374099846712,1.0,0.2763374099846712,0.0,134.00272802150735,65.67519660806032,False,False,UNet,internal_val
case_00196,26965,8223,644,1469608,1505440,27609,35188,0.018339488787331278,0.8587989872127649,0.7525396293815584,0.7663123792201887,0.9766742728820312,0.00556423569406786,36.04161059214788,12.780601468660175,False,False,UNet,internal_val
case_00197,38408,0,81942,1385090,1505440,120350,38408,0.07994340525029227,0.4838559316695852,0.319135853759867,1.0,0.319135853759867,0.0,116.15419647447041,57.89103919237178,False,False,UNet,internal_val
case_00198,80557,852,11715,1412316,1505440,92272,81409,0.06129237963651823,0.9276432079502076,0.8650508998754349,0.9895343266714982,0.873038408184498,0.0006029007166876125,127.05233911941677,18.69600692487996,False,False,UNet,internal_val
case_00199,104363,1398,34258,1365421,1505440,138621,105761,0.09208005632904666,0.8540972739399793,0.7453488455138231,0.9867815168162177,0.7528657274150381,0.001022812823058503,133.4541119636259,33.72334846184028,False,False,UNet,internal_val
case_00200,123968,604,34601,1346267,1505440,158569,124572,0.10533066744606229,0.8756626557086399,0.7788255545852626,0.9951513983880808,0.7817921535735232,0.0004484468074522356,132.5745073534124,30.592413860493394,False,False,UNet,internal_val
case_00201,61683,171,20252,1423334,1505440,81935,61854,0.05442594855988947,0.8579654911015446,0.7512605656103086,0.9972354253564846,0.7528284615854031,0.00012012602695459448,36.76955262170047,18.6410253432285,False,False,UNet,internal_val
case_00202,122559,5155,14636,1363090,1505440,137195,127714,0.09113282495483048,0.9252913264554998,0.8609694415173867,0.9596363750254475,0.8933197273953133,0.00376760010085913,41.19465984809196,13.056290205851296,False,False,UNet,internal_val
case_00203,55286,12501,1081,1436572,1505440,56367,67787,0.03744220958656606,0.8906036051999936,0.8027821339373875,0.8155841090474575,0.9808221122287863,0.008626894573289268,37.00202665699653,14.089199848192411,False,False,UNet,internal_val
case_00204,59440,25,114927,1331048,1505440,174367,59465,0.11582460941651611,0.5083991925827089,0.34084132299646774,0.999579584629614,0.3408901913779557,1.8781839914114403e-05,185.44662226558185,81.5868168860012,False,False,UNet,internal_val
case_00205,35782,2253,4386,1463019,1505440,40168,38035,0.026681900308215538,0.9151055586102835,0.8434973244383678,0.9407650847903247,0.8908086038637721,0.0015375984800091724,25.0,7.582285177658494,False,False,UNet,internal_val
case_00206,69985,878,25186,1409391,1505440,95171,70863,0.06321806249335743,0.8430201043159835,0.7286385074285,0.9876098951497961,0.7353605615155877,0.0006225762602737492,73.28197335004711,23.971882064003378,False,False,UNet,internal_val
case_00207,60020,3384,4174,1437862,1505440,64194,63404,0.04264135402274418,0.9407670966629571,0.888158868270739,0.946627972998549,0.9349783468860018,0.0023479683551593552,19.9473016344477,7.836496739999702,False,False,UNet,internal_val
case_00208,34353,4870,1761,1464456,1505440,36114,39223,0.02398899989371878,0.9119821601603462,0.838205153230529,0.8758381561838717,0.9512377471340754,0.003314444854307349,31.827660925679098,8.65191646248227,False,False,UNet,internal_val
case_00209,53666,3235,9639,1438900,1505440,63305,56901,0.042050828993516844,0.8929005207726736,0.8065223925458371,0.9431468691235655,0.8477371455651213,0.00224320191937648,45.425421716340665,12.59737700091053,False,False,UNet,internal_val
case_00210,45494,3932,30557,1425457,1505440,76051,49426,0.05051745669040281,0.725136877674793,0.5687958691221885,0.9204467284425202,0.5982038368989231,0.0027508257024504877,108.6824896290865,31.119347568754037,False,False,UNet,internal_val
case_00211,6949,1359,11772,1485360,1505440,18721,8308,0.012435567010309278,0.5141884642421103,0.34606573705179283,0.8364227250842562,0.37118743656855935,0.0009140933828114123,76.48529270389177,32.05013964811684,False,False,UNet,internal_val
case_00212,127908,7284,31825,1338423,1505440,159733,135192,0.10610386332235094,0.8673934051029922,0.765838208086602,0.9461210722527961,0.8007612703699298,0.005412768158298946,146.3851079010556,36.89395676506971,False,False,UNet,internal_val
case_00213,55018,38684,6508,1405230,1505440,61526,93702,0.040869114677436494,0.7088669569922952,0.5490270432092605,0.5871592922242855,0.8942235802750057,0.02679106927420885,242.17837318212062,61.42845054358086,False,False,UNet,internal_val
case_00214,55201,52509,2709,1395021,1505440,57910,107710,0.0384671591029865,0.6665982369279072,0.49992302049466125,0.5124965184291153,0.9532205145916076,0.036274895857080686,189.7217693349254,56.51799125784935,False,False,UNet,internal_val
case_00215,136057,2970,19705,1346708,1505440,155762,139027,0.10346609629078542,0.923080576276591,0.857149157069778,0.9786372431254361,0.8734928930034284,0.002200524865930985,48.0,14.702403324343626,False,False,UNet,internal_val
case_00216,29559,8283,1518,1466080,1505440,31077,37842,0.020643134233180996,0.8577895790710834,0.7509908536585366,0.7811162200729348,0.9511535862534993,0.0056180194429729996,55.20868604758991,14.01074664542048,False,False,UNet,internal_val
case_00217,84984,7126,1034,1412296,1505440,86018,92110,0.057138112445530874,0.9541902452169226,0.9123937129605771,0.9226359787210944,0.9879792601548513,0.005020353355098061,28.30194339616981,7.085774436666854,False,False,UNet,internal_val
case_00218,46238,4242,17794,1437166,1505440,64032,50480,0.04253374428738442,0.807566019281822,0.6772417025514837,0.9159667194928685,0.722107696151924,0.0029429557765740166,65.94919422787729,21.03137749549853,False,False,UNet,internal_val
case_00219,88679,4065,12260,1400436,1505440,100939,92744,0.0670495004782655,0.915712788422319,0.8445297322006781,0.9561696713534029,0.878540504661231,0.0028942663622169014,41.98928267563382,12.020138821372601,False,False,UNet,internal_val
case_00220,77405,18269,148849,1260917,1505440,226254,95674,0.15029094484004676,0.48088392435575655,0.3165550888873439,0.809049480527625,0.3421154985105236,0.014281738543104756,146.63219291819925,56.17955950333117,False,False,UNet,internal_val
case_00221,70778,5029,11902,1417731,1505440,82680,75807,0.054920820491019234,0.8931710487295488,0.8069639375662703,0.9336604799029113,0.8560474117077891,0.003534679074474964,32.984845004941285,14.827573533395993,False,False,UNet,internal_val
case_00222,48040,6909,4500,1445991,1505440,52540,54949,0.034900095653098095,0.8938589064927573,0.8080876045013373,0.8742652277566471,0.9143509706889988,0.004755316952302292,85.14786781695307,16.013236593989802,False,False,UNet,internal_val
case_00223,48619,19068,9315,1428438,1505440,57934,67687,0.03848310128600276,0.7740584774838601,0.6313991844367679,0.7182915478600027,0.8392135878758588,0.01317300239169993,126.71815635192974,37.51764814711691,False,False,UNet,internal_val
case_00224,35261,9439,917,1459823,1505440,36178,44700,0.024031512381762144,0.871955290684735,0.7729793717254533,0.7888366890380313,0.9746531040964121,0.0064243137030699764,41.78080427277515,13.418102069268494,False,False,UNet,internal_val
case_00225,39611,2145,4556,1459128,1505440,44167,41756,0.029338266553300033,0.9220115684973755,0.8553074797028848,0.9486301369863014,0.8968460615391582,0.001467898195614372,32.0,7.878125629563381,False,False,UNet,internal_val
case_00226,68072,17150,34300,1385918,1505440,102372,85222,0.0680013816558614,0.72573749693487,0.5695353156741019,0.7987608833399826,0.6649474465674208,0.012223213700262567,112.755263188667,38.306762432609254,False,False,UNet,internal_val
case_00227,101384,13792,7800,1382464,1505440,109184,115176,0.07252630460197683,0.9037618113745766,0.8244210252406974,0.8802528304507884,0.9285609613130129,0.009877844750532853,41.53165646783738,12.992211113158417,False,False,UNet,internal_val
case_00228,45614,11521,388,1447917,1505440,46002,57135,0.030557179296418324,0.8845322241290711,0.7929697686142934,0.798354773781395,0.9915655841050389,0.00789413459153455,33.0,12.312453174173001,False,False,UNet,internal_val
case_00229,96670,59291,7962,1341517,1505440,104632,155961,0.06950260388989266,0.7419232289432179,0.5897281040488522,0.6198344457909349,0.9239047327777353,0.0423262859720961,241.1131325597812,65.56402854858764,False,False,UNet,internal_val
case_00230,31605,5270,47121,1421444,1505440,78726,36875,0.052294345839090234,0.5467945779015753,0.3762679175198819,0.8570847457627119,0.40145568173157536,0.003693802682247458,113.1759686841927,42.21621283779924,False,False,UNet,internal_val
case_00231,72531,1475,10627,1420807,1505440,83158,74006,0.0552383356360931,0.9229976330457357,0.8570061323597178,0.9800691835797097,0.8722071237884509,0.0010370657858286894,27.0,8.991417659544624,False,False,UNet,internal_val
case_00232,54654,247,17936,1432603,1505440,72590,54901,0.04821846104793283,0.8573781678706732,0.7503603937559208,0.9955009926959436,0.7529136244661799,0.00017238371078619536,57.201398584300364,18.200499165474714,False,False,UNet,internal_val
case_00233,77962,11484,5989,1410005,1505440,83951,89446,0.05576509193325539,0.8992312439084874,0.8169120343689422,0.8716096862911701,0.9286607663994473,0.00807885252717397,48.615789572431886,16.290867690348396,False,False,UNet,internal_val
case_00234,68755,6343,21530,1408812,1505440,90285,75098,0.05997249973429695,0.8314639352291348,0.7115432379848491,0.9155370316120269,0.7615329235199646,0.004482194529927817,86.32033322185086,26.888216926891946,False,False,UNet,internal_val
case_00235,24920,4396,1919,1474205,1505440,26839,29316,0.01782801041555957,0.8875434066423292,0.7978229550184088,0.8500477554918816,0.928499571519058,0.0029730806350056573,25.96150997149434,10.234213756701504,False,False,UNet,internal_val
case_00236,91757,21528,23660,1368495,1505440,115417,113285,0.07666662238282496,0.802415370219762,0.670028113476213,0.8099660149181268,0.7950042021539288,0.015487513515963405,138.2931668593933,49.48917146657017,False,False,UNet,internal_val
case_00237,126635,1936,24212,1352657,1505440,150847,128571,0.1002012700605803,0.9064197725271815,0.828855304582316,0.9849421720294623,0.8394929962147076,0.0014292115786808288,137.19146997015613,31.40474536434177,False,False,UNet,internal_val
case_00238,47786,3767,5675,1448212,1505440,53461,51553,0.035511876926347115,0.9100881787190279,0.8350108338575523,0.9269295676294299,0.8938478517049812,0.002594390139251325,24.031222920256962,9.817093440370716,False,False,UNet,internal_val
case_00239,102512,10941,9117,1382870,1505440,111629,113453,0.07415041449675842,0.9108858105046161,0.836354736069185,0.9035635902091615,0.9183276747081851,0.007849701286616335,98.77214457807732,20.905070003467863,False,False,UNet,internal_val
case_00240,77607,54754,90167,1282912,1505440,167774,132361,0.11144515889042406,0.517147283722325,0.34875161777394303,0.5863282991213424,0.4625686935997234,0.04093248987415394,228.61878315198487,71.57815563221133,False,False,UNet,internal_val
case_00241,57476,21794,280,1425890,1505440,57756,79270,0.038364863428632164,0.8389064849006758,0.7225141420490258,0.7250662293427527,0.9951520188378696,0.015054390322749992,67.41364722840584,23.274280406575922,False,False,UNet,internal_val
case_00242,86893,1477,36058,1381012,1505440,122951,88370,0.08167113933467957,0.822379224024115,0.6983396020188382,0.9832861830938101,0.7067286967979114,0.0010683629309166294,120.44313970078868,36.88255013588847,False,False,UNet,internal_val
case_00243,65560,3747,8812,1427321,1505440,74372,69307,0.04940216813689021,0.9125898704751564,0.8392324530523945,0.9459361969209459,0.8815145484859893,0.0026183242165990716,32.63125258614307,11.971763834135793,False,False,UNet,internal_val
case_00244,111664,13813,15141,1364822,1505440,126805,125477,0.08423118822404081,0.8852316059013327,0.7940946393776046,0.8899160802378125,0.8805961910019321,0.010019330714801234,142.30249470757707,33.313722984541506,False,False,UNet,internal_val
case_00245,32851,10687,2225,1459677,1505440,35076,43538,0.02329950047826549,0.8357544457730175,0.7178506653846994,0.7545362671689099,0.9365663131485916,0.007268268265545131,35.3234617713998,15.173850924975802,False,False,UNet,internal_val
case_00246,66922,23734,25064,1389720,1505440,91986,90656,0.06110240195557445,0.7328215853965682,0.5783097131005877,0.7381971408400988,0.7275237536146805,0.01679149091516243,143.80890097626084,45.94053953989503,False,False,UNet,internal_val
case_00247,136207,970,40382,1327881,1505440,176589,137177,0.1173005898607716,0.8682075177042764,0.7671083977720082,0.9929288437566064,0.7713221095311712,0.0007299539225992982,145.07756315692214,39.40717116013835,False,False,UNet,internal_val
case_00248,36739,9523,2955,1456223,1505440,39694,46262,0.026367042193644382,0.8548327051049374,0.7464697157486234,0.7941507068436298,0.9255554995717237,0.006497032910204087,68.9132719147477,18.07079251033147,False,False,UNet,internal_val
case_00249,104102,15799,14562,1370977,1505440,118664,119901,0.07882346689339993,0.8727348940540314,0.7742055435324215,0.8682329588577243,0.8772837591855996,0.011392611351797262,48.65179708421758,17.091032600197888,False,False,UNet,internal_val
case_00250,73891,712,172683,1258154,1505440,246574,74603,0.16378865979381443,0.46012634777708245,0.2988078581076163,0.9904561478760908,0.29967068709596306,0.0005655883946345362,147.02975884583924,55.31082584207551,False,False,UNet,internal_val
case_00251,18199,301,45139,1441801,1505440,63338,18500,0.04207274949516421,0.4447567144847137,0.28597243828469965,0.9837297297297297,0.28733145978717356,0.00020872310003037232,188.27652498018787,57.814210679590666,False,False,UNet,internal_val
case_00252,21208,15552,847,1467833,1505440,22055,36760,0.014650201934318206,0.7211765706027374,0.5639375648150611,0.5769314472252448,0.9615960099750623,0.010484129204488383,50.15974481593781,24.495091904179507,False,False,UNet,internal_val
case_00253,32626,5432,12249,1455133,1505440,44875,38058,0.029808560952279732,0.7868038054815333,0.648537976822311,0.8572704818960534,0.727041782729805,0.0037191087010848543,184.08240789219462,59.711806503469646,False,False,UNet,internal_val
case_00254,19263,10210,37,1475930,1505440,19300,29473,0.012820172175576575,0.7899042503024214,0.6527617756692646,0.6535812438503037,0.9980829015544042,0.0068701468233140885,137.04064868389474,28.88033081645621,False,False,UNet,internal_val
case_00255,53703,2732,9538,1439467,1505440,63241,56435,0.04200831650547348,0.8974731775794645,0.8140148242462826,0.9515903251528307,0.8491801204914533,0.001894329423332009,41.23105625617661,12.333602874883328,False,False,UNet,internal_val
case_00256,60178,501,26416,1418345,1505440,86594,60679,0.05752072483792114,0.8172305853754592,0.6909466674321143,0.9917434367738427,0.6949442224634501,0.0003531038604612481,88.56974594507898,28.307357516288143,False,False,UNet,internal_val
case_00257,55219,2113,5892,1442216,1505440,61111,57332,0.040593447762780316,0.9324147480222554,0.873386688599266,0.9631444917323658,0.9035852792459622,0.001462963078356801,24.020824298928627,7.6910855892739995,False,False,UNet,internal_val
case_00001,22320,1914,2954,524462,551650,25274,24234,0.04581528142844195,0.9016724569766502,0.8209504193026335,0.921020054468928,0.8831209939067817,0.003636184020548049,24.207331490690077,7.598412063848159,False,False,UNet,external_test1
case_00002,15514,4921,389,670376,691200,15903,20435,0.0230078125,0.8538719797457207,0.7450057625816365,0.7591876682162956,0.9755392064390367,0.007287164018202361,22.01362932732714,9.3304256631672,False,False,UNet,external_test1
case_00003,16598,5937,4261,1478644,1505440,20859,22535,0.013855749814007865,0.7649905516891736,0.6194208090759815,0.736543155092079,0.7957236684404814,0.003999108165873065,146.0129424196035,33.2144247871345,False,False,UNet,external_test1
case_00004,74086,10654,12971,1407729,1505440,87057,84740,0.05782827611860984,0.8624830468518077,0.7582155540317876,0.8742742506490442,0.8510056629564539,0.0075113703421431305,100.22935979681272,23.88247178027044,False,False,UNet,external_test1
case_00005,9987,9147,472,671594,691200,10459,19134,0.015131655092592592,0.6749569154867705,0.5093848821789249,0.52195045468799,0.9548714026197533,0.0134368283972906,60.34477940756477,22.078999594325083,False,False,UNet,external_test1
case_00006,55880,10563,3744,481463,551650,59624,66443,0.10808302365630382,0.8865127273592613,0.7961588328322908,0.8410216275604654,0.9372064940292499,0.021468377687357987,70.28440940105467,14.517357694112627,False,False,UNet,external_test1
case_00007,3649,11336,599,675616,691200,4248,14985,0.006145833333333333,0.3794519835699059,0.23415041067761808,0.24351017684351017,0.8589924670433146,0.016501880771873437,67.28418595572157,28.03413374573652,False,False,UNet,external_test1
case_00008,47997,7717,80713,1369013,1505440,128710,55714,0.08549659900095653,0.5205070923524053,0.3518145235180719,0.8614890332770937,0.37290808794965424,0.0056053111358073116,125.23796918021735,56.30633021733003,False,False,UNet,external_test1
case_00009,26271,22341,5088,637500,691200,31359,48612,0.04536892361111111,0.6570131672731365,0.48921787709497205,0.5404221179955566,0.8377499282502631,0.03385815673775955,99.46959284092478,35.49948693240484,False,False,UNet,external_test1
case_00010,21105,8883,1905,1473547,1505440,23010,29988,0.01528456796684026,0.7964451488735425,0.6617439563540589,0.7037815126050421,0.9172099087353325,0.005992188501312035,133.2835317194349,26.767417450883556,False,False,UNet,external_test1
case_00011,17419,5721,5376,1476924,1505440,22795,23140,0.015141752577319588,0.7584195058234462,0.6108500490952448,0.7527657735522904,0.7641588067558676,0.003858644517062412,35.56947410388225,13.661571149816835,False,False,UNet,external_test1
case_00012,10189,7619,10,673382,691200,10199,17808,0.014755497685185186,0.7276038133323812,0.5718374677292626,0.5721585804132974,0.999019511716835,0.011187942455297422,29.538100087412282,14.98494201439377,False,False,UNet,external_test1
case_00013,12770,7887,75,670468,691200,12845,20657,0.018583622685185184,0.762342546713629,0.6159560100327995,0.6181923803069177,0.9941611521992993,0.011626655659647234,51.94803898291654,15.046483107131541,False,False,UNet,external_test1
case_00014,4686,5818,39,680657,691200,4725,10504,0.0068359375,0.6154048197517894,0.4444655221473964,0.4461157654226961,0.9917460317460317,0.008475181179212645,215.397885131919,62.18176331874699,False,False,UNet,external_test1
case_00015,12856,3170,1390,673784,691200,14246,16026,0.020610532407407407,0.8493657505285412,0.7381717960496096,0.8021964307999501,0.9024287519303664,0.004682740629348523,22.620778132708256,7.727492015252015,False,False,UNet,external_test1
case_00016,12141,3229,998,535282,551650,13139,15370,0.02381763799510559,0.8517310323055877,0.7417521994134897,0.7899154196486662,0.9240429256412208,0.005996163495267506,19.91354500458746,8.079928604688712,False,False,UNet,external_test1
case_00017,27182,8249,2009,1468000,1505440,29191,35431,0.019390344351153152,0.8412614898950822,0.7260149572649572,0.767181281928255,0.9311774176972355,0.005587810728406929,32.292401487923165,13.16638384096788,False,False,UNet,external_test1
case_00018,77693,1940,31527,1394280,1505440,109220,79633,0.07255021787650122,0.8227880944438267,0.6989294710327456,0.9756382404279633,0.7113440761765244,0.0013894658434917134,123.5011381427526,25.251144572308696,False,False,UNet,external_test1
case_00019,35466,3027,8852,504305,551650,44318,38493,0.08033717030726004,0.8565528734105372,0.7490970535431408,0.9213623256176448,0.8002617446635678,0.00596650713930917,57.05255586134243,13.377312435322704,False,False,UNet,external_test1
case_00020,2083,5141,90,683886,691200,2173,7224,0.00314380787037037,0.4433329786101947,0.28479628110473065,0.28834440753045404,0.9585826046939715,0.007461246075988314,36.93597066691532,14.92474972413075,False,False,UNet,external_test1
case_00021,87906,3293,12551,1401690,1505440,100457,91199,0.06672932830268892,0.917331051467212,0.8472867469879518,0.9638921479402186,0.8750609713608808,0.0023438006011460635,32.781846832285666,12.99809729870874,False,False,UNet,external_test1
case_00022,18158,15150,4522,1467610,1505440,22680,33308,0.01506536295036667,0.6486389940701579,0.479989426381179,0.5451543172811336,0.8006172839506173,0.010217432355876879,129.53376763588335,40.27567274535589,False,False,UNet,external_test1
case_00023,22793,6976,986,660445,691200,23779,29769,0.03440248842592593,0.8513109733323373,0.7411152658104373,0.765662266115758,0.9585348416670171,0.010452173365836556,28.64175152958534,12.234072705275064,False,False,UNet,external_test1
case_00024,22585,2949,3353,662313,691200,25938,25534,0.03752604166666667,0.8775645010879701,0.7818395818188112,0.8845069319338921,0.8707302027912714,0.004432839993867078,29.75732006606591,9.026219247582619,False,False,UNet,external_test1
case_00025,34373,4012,2755,510510,551650,37128,38385,0.0673035439137134,0.9103862911021944,0.8355128828390861,0.8954800052103686,0.9257972419737126,0.007797528579924668,23.853720883753127,8.514698013755206,False,False,UNet,external_test1
case_00026,74783,34140,21592,1374925,1505440,96375,108923,0.06401782867467319,0.728531208292336,0.5729839482051872,0.686567575259587,0.7759584954604409,0.024228832594663838,152.42703172337903,49.19975564472705,False,False,UNet,external_test1
case_00027,26450,2336,3979,518885,551650,30429,28786,0.05515997462158977,0.8933547243097189,0.8072638486189532,0.9188494407003405,0.8692365835222978,0.004481784118444959,25.16291743996793,9.41066930125421,False,False,UNet,external_test1
case_00028,27397,1910,1043,660850,691200,28440,29307,0.04114583333333333,0.94886314440577,0.9027018121911038,0.9348278568260142,0.9633263009845289,0.002881887862876456,12.649110640673518,4.245048417683964,False,False,UNet,external_test1
case_00029,25420,996,2958,522276,551650,28378,26416,0.05144203752379226,0.9278388144687375,0.865391162252332,0.9622955784373107,0.8957643244767073,0.0019034077879190937,14.032101962856375,5.1590617475008695,False,False,UNet,external_test1
case_00030,6153,2,3904,1495381,1505440,10057,6155,0.006680438941439048,0.7590673575129534,0.6116910229645094,0.9996750609260764,0.6118126677935766,1.3374500044470212e-06,19.235384061671343,9.564770657985875,False,False,UNet,external_test1
case_00031,46073,5191,14861,1439315,1505440,60934,51264,0.04047587416303539,0.8212802367243622,0.6967561436672968,0.8987398564294632,0.7561131716283191,0.0035936160874375047,91.71422680573761,26.710946516406057,False,False,UNet,external_test1
case_00032,34338,2758,1853,652251,691200,36191,37096,0.05235966435185185,0.9370829751524827,0.8816144188554264,0.9256523614405866,0.9487994252714763,0.0042106291669274775,16.15549442140351,5.643270609227162,False,False,UNet,external_test1
case_00033,34486,14362,5383,497419,551650,39869,48848,0.07227227408683042,0.777438371450793,0.6359093507403515,0.7059859154929577,0.8649828187313452,0.02806278466766058,151.2157384552809,43.31006037944278,False,False,UNet,external_test1
case_00034,18358,4336,2672,665834,691200,21030,22694,0.03042534722222222,0.8397218918671667,0.7237246708192068,0.808936282717899,0.872943414170233,0.006470000149215871,23.0,9.839687510673961,False,False,UNet,external_test1
case_00035,2752,3342,4106,1495240,1505440,6858,6094,0.004555478796896589,0.4249536751080914,0.2698039215686274,0.45159172957006893,0.4012831729367162,0.002230108195614254,105.37243587308193,32.14366556864515,False,False,UNet,external_test1
case_00036,30751,30580,8828,1435281,1505440,39579,61331,0.026290652566691466,0.6094737885244277,0.4383044228110435,0.5013940747745839,0.7769524242653932,0.020861459579046036,336.2600918992359,104.86747876967077,False,False,UNet,external_test1
case_00037,26989,2640,16010,1459801,1505440,42999,29629,0.02856241364650866,0.7432119843586495,0.591358268147856,0.9108981065847649,0.6276657596688295,0.0018052010303321638,63.63961030678928,26.35980459842174,False,False,UNet,external_test1
case_00038,52308,2009,17074,619809,691200,69382,54317,0.10037905092592593,0.84573036160357,0.7326973988317855,0.9630134212125118,0.7539131186763137,0.0032308488979090346,75.20304955788563,19.503749422494824,False,False,UNet,external_test1
case_00039,17994,4180,782,668244,691200,18776,22174,0.027164351851851853,0.8788278388278389,0.7838473601672765,0.8114909353296653,0.9583510864933958,0.006216315895922811,25.641723944121438,7.576122034184732,False,False,UNet,external_test1
case_00040,50013,25623,707,614857,691200,50720,75636,0.07337962962962963,0.791620500807243,0.6551091783136633,0.6612327463112804,0.9860607255520505,0.04000593305021234,65.3161505459119,23.076742620635063,False,False,UNet,external_test1
case_00041,24784,12743,2287,1465626,1505440,27071,37527,0.01798211818471676,0.7673302579027215,0.6224945998894861,0.660431156234178,0.915518451479443,0.008619634204992123,154.44007061056118,40.53176330240985,False,False,UNet,external_test1
case_00042,576,4127,8430,1240107,1253240,9006,4703,0.007186173438447544,0.08403238748267561,0.043858981192416054,0.1224750159472677,0.06395736175882745,0.0033169001972297813,56.39663854995939,28.729189827001015,False,False,UNet,external_test1
case_00043,21847,20881,1909,646563,691200,23756,42728,0.03436921296296296,0.6572107574754829,0.4894370141362547,0.5113040629095675,0.9196413537632598,0.03128502166473891,114.29193975962691,36.570437166630526,False,False,UNet,external_test1
case_00044,0,0,3198,1250042,1253240,3198,0,0.00255178577128084,0.0,0.0,nan,0.0,0.0,nan,nan,True,False,UNet,external_test1
case_00045,18563,16713,6002,1211962,1253240,24565,35276,0.01960119370591427,0.6204107551678615,0.4497068656427152,0.5262217938541784,0.7556686342357012,0.013602457932325472,232.45502602179278,37.39680256627992,False,False,UNet,external_test1
case_00046,5795,31107,3037,1213301,1253240,8832,36902,0.007047333312055153,0.2534219617789828,0.14509627181451715,0.15703755893989485,0.6561367753623188,0.024997428496120244,327.88717485590007,158.78799591182917,False,False,UNet,external_test1
case_00047,14071,6563,3961,1228645,1253240,18032,20634,0.014388305512112605,0.7278228934981638,0.5721081520634276,0.6819327323834448,0.7803349600709849,0.005313275173088257,54.78617951883928,16.251468950388247,False,False,UNet,external_test1
case_00048,66748,45359,6073,1135060,1253240,72821,112107,0.058106188758737354,0.7218809482609448,0.564799458453207,0.5953954703988155,0.9166037269468972,0.03842618595600376,176.14241339778783,51.48825662970202,False,False,UNet,external_test1
case_00049,17494,7540,9273,1471133,1505440,26767,25034,0.017780183866510788,0.67543097623598,0.5099250881744251,0.6988096189182712,0.6535659580827138,0.005099166617636219,117.61354047804117,37.427037931123245,False,False,UNet,external_test1
case_00050,47472,65942,6570,1385456,1505440,54042,113414,0.03589781060686577,0.5669787884578635,0.3956527537004934,0.41857266298693285,0.8784278894193405,0.0454334372790923,190.24457942343588,69.53047044661969,False,False,UNet,external_test1
case_00051,23654,18207,1778,1461801,1505440,25432,41861,0.01689339993623127,0.7030151724547873,0.5420380851990192,0.5650605575595423,0.9300880780119535,0.012301960529943081,96.74709297958259,27.011934048251444,False,False,UNet,external_test1
case_00052,53046,9424,5314,1228574,1296358,58360,62470,0.045018428551372384,0.8780269800546222,0.7825740587749321,0.8491435889226829,0.9089444825222756,0.007612290165250671,26.996291201783613,12.358144121329673,False,False,UNet,external_test1
case_00053,59198,2133,10113,1224914,1296358,69311,61331,0.05346594073550671,0.9062629169792257,0.8285930239068361,0.9652215029919616,0.8540924240019622,0.001738319722064436,34.032330714775064,12.60229242258674,False,False,UNet,external_test1
case_00054,58867,4094,5110,1437369,1505440,63977,62961,0.04249721011797215,0.9274921615276749,0.8647882358126074,0.9349756198281476,0.9201275458367851,0.002840170021707113,22.0,9.713098878032916,False,False,UNet,external_test1
case_00055,99598,49041,4705,1352096,1505440,104303,148639,0.06928406313104474,0.7875165057602138,0.6495069908180301,0.6700664024919436,0.954891038608669,0.03500086001583,118.76004322268656,38.26282497699708,False,False,UNet,external_test1
case_00056,89371,6492,14849,1394728,1505440,104220,95863,0.06922892974811351,0.8933392642053548,0.8072386010549896,0.9322783555699279,0.8575225484551909,0.004633105436690883,35.0,13.154390337496118,False,False,UNet,external_test1
case_00057,95817,29642,8769,1162130,1296358,104586,125459,0.0806767883563028,0.8330283205459801,0.7138376493727091,0.7637315776468806,0.916155125925076,0.024872207100015774,109.37572837340836,31.561460248110865,False,False,UNet,external_test1
case_00058,72706,2777,19701,1201174,1296358,92407,75483,0.07128200697646792,0.8661147179700994,0.763846865019331,0.9632102592636753,0.7868018656595279,0.002306572277443185,106.46572153598247,29.254761192609294,False,False,UNet,external_test1
case_00059,31570,7400,6941,1459529,1505440,38511,38970,0.02558122542246785,0.814909461674475,0.6876347716233583,0.8101103412881704,0.8197657812053699,0.0050445522584937645,94.81033698917012,27.310612130402767,False,False,UNet,external_test1
case_00060,52043,11509,6880,1435008,1505440,58923,63552,0.03914005207779785,0.8498550724637681,0.7389112903225806,0.8189042044310171,0.8832374454796939,0.007956353088142068,46.861498055439924,16.829709945925455,False,False,UNet,external_test1
case_00061,46302,20336,2345,1436457,1505440,48647,66638,0.03231414071633543,0.80326148241315,0.6712088485568908,0.6948287763738408,0.9517955886282813,0.013959430063159282,148.77951428624965,37.920720238322076,False,False,UNet,external_test1
case_00062,28034,7774,9160,1460472,1505440,37194,35808,0.024706398129450528,0.7680337524999316,0.6234210994484967,0.7828976764968723,0.7537237188793892,0.005294753059092277,148.82131548766196,35.56407775072717,False,False,UNet,external_test1
case_00063,73460,1606,5263,1425111,1505440,78723,75066,0.0522923530662132,0.95533490691792,0.9144891633158635,0.9786054938320944,0.933145332367923,0.0011256612208307604,17.972071354391282,6.318391921308012,False,False,UNet,external_test1
case_00064,35035,9780,2128,1458497,1505440,37163,44815,0.02468580614305452,0.8547415160164922,0.746330656327887,0.7817694968202611,0.9427387455264645,0.006660868487349458,47.80167361086848,14.281707889601286,False,False,UNet,external_test1
case_00065,94576,7970,7132,1186680,1296358,101708,102546,0.07845672260286125,0.9260626474879317,0.8623060230857601,0.9222787822050592,0.9298776890706729,0.0066714100364123384,40.941252974818966,12.161613383264035,False,False,UNet,external_test1
case_00066,49341,10067,16152,1220798,1296358,65493,59408,0.05052076664007936,0.7900817447418356,0.6530042350449974,0.8305447077834635,0.7533782236269525,0.008178801087040414,84.48076704197234,21.418923793345733,False,False,UNet,external_test1
case_00067,46700,1128,18714,1438898,1505440,65414,47828,0.04345174832607078,0.8247823245792197,0.7018123891677437,0.9764154888349921,0.7139144525636714,0.0007833191900701793,85.02675822622017,26.83757620351367,False,False,UNet,external_test1
case_00068,23489,12571,1642,1467738,1505440,25131,36060,0.01669345839090233,0.7677272801555785,0.6230173465598642,0.6513865779256794,0.9346623691854682,0.00849214589656619,66.86403348812584,17.947602857884103,False,False,UNet,external_test1
case_00069,101623,2855,15886,1385076,1505440,117509,104478,0.07805624933574237,0.9155761373413759,0.8442972981954737,0.9726736729263578,0.8648103549515356,0.002057018684646427,39.604282125534006,11.939015471457305,False,False,UNet,external_test1
case_00070,19410,3401,889,992472,1016172,20299,22811,0.019975948953523615,0.9004871259568545,0.8189873417721519,0.8509052650037263,0.9562047391497118,0.003415094093323145,138.08858804226938,24.27544364088991,False,False,UNet,external_test1
case_00071,136094,2317,17440,1349589,1505440,153534,138411,0.10198613030077586,0.932326294336262,0.8732314839173313,0.9832600010114803,0.886409524926075,0.0017138765565061476,152.6469144701013,35.554612841140006,False,False,UNet,external_test1
case_00072,46282,3245,10462,1445451,1505440,56744,49527,0.03769263471144649,0.8710184340036322,0.7715081098201337,0.9344801825267026,0.815628084026505,0.00223994544058933,106.33528451656747,27.638092906924868,False,False,UNet,external_test1
case_00073,14246,8280,209,1273623,1296358,14455,22526,0.011150469237664287,0.7704496903815473,0.6266109522762261,0.6324247536180414,0.985541335178139,0.006459147064949532,55.42572543317439,15.168066791264811,False,False,UNet,external_test1
case_00074,54555,13869,11742,936006,1016172,66297,68424,0.0652419078659912,0.8098960073039838,0.6805254097747174,0.7973079621185549,0.8228879134802479,0.014600868535333596,132.05471005325307,29.830774208387545,False,False,UNet,external_test1
case_00075,54368,11288,6488,1433296,1505440,60856,65656,0.04042406206823254,0.8594915897306185,0.7536039033045021,0.8280735957109784,0.8933876692520047,0.00781401427677449,87.80091115700337,21.14117612506081,False,False,UNet,external_test1
case_00076,16531,23488,352,1465069,1505440,16883,40019,0.011214661494313955,0.581034058556817,0.40947709989844194,0.41307878757590144,0.9791506248889416,0.015779039700864663,341.4596576870718,119.86558214905965,False,False,UNet,external_test1
case_00077,45101,17370,3175,1439794,1505440,48276,62471,0.032067701137209054,0.8144870741419632,0.6870334826188953,0.7219509852571593,0.9342323307647692,0.011920415272405852,63.52401076457892,20.963386943944723,False,False,UNet,external_test1
case_00078,24038,12195,547,979392,1016172,24585,36233,0.02419373885523317,0.790489657667138,0.6535617183251767,0.6634283664063146,0.9777506609721375,0.012298467002895358,77.85865418848663,25.81015696312574,False,False,UNet,external_test1
case_00079,89489,2228,5965,918490,1016172,95454,91717,0.09393488503914692,0.9562271933152038,0.9161257959501239,0.9757078840345846,0.9375091667190479,0.0024198505948618363,18.832111647887412,6.855445002389328,False,False,UNet,external_test1
case_00080,9043,27949,920,978260,1016172,9963,36992,0.009804442555000532,0.38517729741241613,0.23852606035028487,0.24445826124567474,0.9076583358426177,0.02777653549113554,178.35848163734067,59.11353295898655,False,False,UNet,external_test1
case_00081,78451,5510,4675,927536,1016172,83126,83961,0.08180308058084655,0.9390437317086309,0.8850918362742001,0.9343742928264314,0.9437600750667661,0.0059053894448933926,57.28001396647874,13.207407571603355,False,False,UNet,external_test1
case_00082,111872,23261,1522,1368785,1505440,113394,135133,0.07532282920607929,0.9002804524256922,0.8186454941275475,0.8278658802809085,0.9865777730744131,0.016709936309575978,74.51929576626621,20.995928842437998,False,False,UNet,external_test1
case_00083,58713,1944,3212,952303,1016172,61925,60657,0.06093948662234346,0.9579383596286567,0.9192722604080227,0.9679509372372521,0.948130803391199,0.002037208395729827,12.083045973594572,5.208279210746253,False,False,UNet,external_test1
case_00084,29264,191,12337,1211448,1253240,41601,29455,0.03319475918419457,0.8236883584778203,0.7002297090352221,0.9935155321677135,0.7034446287348862,0.00015763771222286507,43.27181492560649,17.50368288255291,False,False,UNet,external_test1
case_00085,42486,2318,5794,965574,1016172,48280,44804,0.047511641729943356,0.9128529070516952,0.8396774576070201,0.9482635478975091,0.8799917149958575,0.0023948952982357536,26.570660511172846,8.35790046550537,False,False,UNet,external_test1
case_00086,119157,8741,75352,1093108,1296358,194509,127898,0.15004265796948066,0.7391712959085875,0.5862583025830258,0.9316564762545153,0.612604044028811,0.007933028935906826,173.9683879329805,58.44679939974451,False,False,UNet,external_test1
case_00087,62895,2571,54090,1385884,1505440,116985,65466,0.07770817833988734,0.6894453853363369,0.5260714644183478,0.960727705984786,0.5376330298756251,0.0018516984706022162,121.1342138417685,47.3678553845368,False,False,UNet,external_test1
case_00088,64390,1812,198950,1240288,1505440,263340,66202,0.17492560314592412,0.39078478615775836,0.24284184166063238,0.9726292257031509,0.2445127971443761,0.0014588197407616134,153.68188022261486,64.12511120710033,False,False,UNet,external_test1
case_00089,31095,7614,4495,1462236,1505440,35590,38709,0.023640928897863747,0.8370233785111509,0.7197250254606055,0.8033015577772611,0.8737004776622647,0.005180120420451066,55.93290202055376,15.869083924766384,False,False,UNet,external_test1
case_00090,46252,20122,1699,948099,1016172,47951,66374,0.047187877642761264,0.8091318609228078,0.6794470641810997,0.6968391237532768,0.9645679964964234,0.020782445330146733,155.61169055225557,48.844072461600184,False,False,UNet,external_test1
case_00091,38677,1766,35316,1177481,1253240,73993,40443,0.0590413647824838,0.675958614422035,0.5105268020961206,0.9563336053210691,0.5227116078547971,0.0014975658195441667,114.20617140438837,32.63975121199294,False,False,UNet,external_test1
case_00092,51076,609,10216,954271,1016172,61292,51685,0.06031656058226363,0.9041840374589518,0.8251239883039047,0.9882170842604238,0.8333224564380344,0.0006377764745308311,29.0,11.760018829329141,False,False,UNet,external_test1
case_00093,89936,1390,20250,904596,1016172,110186,91326,0.1084324307302307,0.8926118543808805,0.8060514806051481,0.9847797998379432,0.8162198464414717,0.00153424004344438,112.70954968629279,25.37222776224428,False,False,UNet,external_test1
case_00094,10258,37554,2878,1202550,1253240,13136,47812,0.010481631610864638,0.3366148191901293,0.20236733083448413,0.21454864887475947,0.7809074299634592,0.030282944011147454,273.545526925164,123.57549196213635,False,False,UNet,external_test1
case_00095,41035,2318,2140,970679,1016172,43175,43353,0.042487885909078385,0.9484791050295858,0.902006902160772,0.9465319585726478,0.9504342790966995,0.002382330058571609,17.66196346369138,5.172112475351571,False,False,UNet,external_test1
case_00096,56025,26753,32397,1181183,1296358,88422,82778,0.06820801044156012,0.6544976635514018,0.48643368786629043,0.6768102635966078,0.6336092827576847,0.02214769656670552,119.95248432125187,45.74172814528489,False,False,UNet,external_test1
case_00097,43451,21821,2547,1228539,1296358,45998,65272,0.03548248246240622,0.7810011683292891,0.6406906619089046,0.6656912611839686,0.9446280273055351,0.017451773889119934,108.36611806399902,29.74609428861088,False,False,UNet,external_test1
case_00098,55081,23874,10606,1415879,1505440,65687,78955,0.04363309065788075,0.7616183404543632,0.6150109980906868,0.6976252295611424,0.8385373057073698,0.01658201094215466,91.39333842654432,31.9801774169809,False,False,UNet,external_test1
case_00099,8207,4454,316,1492463,1505440,8523,12661,0.005661467743649697,0.7748300604229608,0.632426600909301,0.6482110417818497,0.9629238531033674,0.002975448872582782,38.64509504007312,13.50463070458171,False,False,UNet,external_test1
case_00100,13407,13567,7037,1219229,1253240,20444,26974,0.01631291691934506,0.56548146273567,0.3941959954132487,0.4970341810632461,0.6557914302484836,0.01100506490936051,139.92494251401826,52.981253775517544,False,False,UNet,external_test1
case_00101,80911,32484,4653,1387392,1505440,85564,113395,0.056836539483473274,0.8133434526711534,0.6854076307942532,0.7135323426958861,0.9456196531251461,0.02287805413993898,216.54568055401646,51.8046349180357,False,False,UNet,external_test1
case_00102,31504,14524,51708,1155504,1253240,83212,46028,0.0663974976859979,0.4875270813989477,0.3223377261193419,0.6844529416876683,0.3785992404941595,0.012413378141377813,194.17183096659468,65.72623485030505,False,False,UNet,external_test1
case_00103,79066,3916,5692,927498,1016172,84758,82982,0.08340910790692914,0.9427208775485871,0.8916480591830751,0.9528090429249717,0.9328440973123481,0.004204360252261615,23.750693692707475,8.339229431748805,False,False,UNet,external_test1
case_00104,143436,19897,26982,1062925,1253240,170418,163333,0.13598193482493376,0.8595389976359621,0.7536767989911463,0.8781813840436409,0.841671654402704,0.01837513460199368,108.93117092916977,32.706031950117016,False,False,UNet,external_test1
case_00105,100744,25902,13654,875872,1016172,114398,126646,0.11257739831445858,0.8358971805977332,0.7180612972202424,0.7954771567992672,0.8806447665168972,0.028723383020579436,152.55490814785344,42.94743338361489,False,False,UNet,external_test1
case_00106,56438,2073,3152,954509,1016172,59590,58511,0.05864164728018485,0.9557582069584508,0.9152652319867668,0.9645707644716378,0.9471052189964759,0.002167090746010274,13.601470508735444,4.976424151479825,False,False,UNet,external_test1
case_00107,63133,34156,12183,906700,1016172,75316,97289,0.07411737383041454,0.7315315315315315,0.5767045454545454,0.6489222830946972,0.8382415423017685,0.03630311120936679,131.9400835230262,35.872794935581126,False,False,UNet,external_test1
case_00108,76758,1887,9099,928428,1016172,85857,78645,0.08449061773006931,0.9332166174271438,0.8747948577680525,0.9760061033759299,0.8940214542786261,0.002028345237903291,25.975874947760214,9.683876128445233,False,False,UNet,external_test1
case_00001,63487,8397,3880,940408,1016172,67367,71884,0.06629487921336152,0.9118354625819564,0.8379573412174648,0.8831868009570976,0.9424050351062093,0.008850079837268985,37.3101342472292,10.528783693134203,False,False,UNet,external_test2
case_00002,49076,1795,17424,1437145,1505440,66500,50871,0.04417313210755659,0.836254270646071,0.7185884764624058,0.9647146704409192,0.7379849624060151,0.001247446036665879,55.39085295490551,18.725978721369334,False,False,UNet,external_test2
case_00003,38809,9429,7548,1197454,1253240,46357,48238,0.03698972263891992,0.8205296263016015,0.6956763345642276,0.8045316970023633,0.8371766939189335,0.007812687725322173,79.65791935045301,25.4243291829035,False,False,UNet,external_test2
case_00004,10612,336,11576,668676,691200,22188,10948,0.032100694444444446,0.6405118300338001,0.4711418930918132,0.969309462915601,0.4782765458806562,0.0005022331438001112,61.15878443548168,25.54940719951141,False,False,UNet,external_test2
case_00005,24644,1755,4181,521070,551650,28825,26399,0.0522523339073688,0.8925105026799942,0.8058862001308045,0.9335202090988295,0.8549522983521249,0.0033567637354755416,21.953359090068208,8.033167224957017,False,False,UNet,external_test2
case_00006,19895,4818,910,665577,691200,20805,24713,0.03009982638888889,0.8741596730963574,0.7764508449439956,0.8050418807914863,0.9562605142994473,0.007186807777504307,90.38387290086246,16.799961972572575,False,False,UNet,external_test2
case_00007,29752,16258,1000,644190,691200,30752,46010,0.04449074074074074,0.7751752169041974,0.6328866198681131,0.6466420343403608,0.9674817898022893,0.024616623867435437,98.44210949093906,25.852492985206517,False,False,UNet,external_test2
case_00008,85788,4545,24446,901393,1016172,110234,90333,0.10847966682805667,0.8554547856825898,0.7474189529443539,0.9496861612035469,0.778235390170002,0.005016899611231674,83.38465086573187,28.269469148778892,False,False,UNet,external_test2
case_00009,99078,758,16570,899766,1016172,115648,99836,0.11380750502867625,0.9195856768948043,0.8511416937271274,0.9924075483793421,0.8567203929164361,0.0008417321470610444,116.21961682122841,30.910442837492106,False,False,UNet,external_test2
case_00010,99709,5561,19808,891094,1016172,119517,105270,0.11761493133052278,0.8871420500295836,0.7971745630726427,0.9471739336943099,0.8342662550097476,0.006201939430438686,132.2338835677202,37.28687028606108,False,False,UNet,external_test2
case_00011,77080,2758,4330,932004,1016172,81410,79838,0.08011439008356853,0.956042865647946,0.9157874726737002,0.9654550464691,0.9468124309052942,0.002950483652523316,23.0,7.1367450425569245,False,False,UNet,external_test2
case_00012,69775,3453,18525,924419,1016172,88300,73228,0.08689473829233633,0.8639369025803576,0.760465597855111,0.9528459059376195,0.7902038505096263,0.003721418471513312,116.21101496846157,34.821035386638464,False,False,UNet,external_test2
case_00013,45121,7996,8501,954554,1016172,53622,53117,0.052768625783824,0.8454454323162106,0.7322697912947516,0.8494643899316603,0.8414643243444855,0.008307100929821827,48.79087905991186,14.539051770224985,False,False,UNet,external_test2
case_00014,50863,2881,5071,957357,1016172,55934,53744,0.055043831162441006,0.9274968544284178,0.8647963954773442,0.9463940160762132,0.9093395787892874,0.003000297842826466,24.388503268389172,8.36375244856344,False,False,UNet,external_test2
case_00015,71505,8270,3939,932458,1016172,75444,79775,0.07424333675795043,0.9213433922393521,0.8541582053181069,0.896333437793795,0.9477890885955146,0.008791063941968347,33.58272256172506,9.640585191717243,False,False,UNet,external_test2
case_00016,77112,3064,13536,922460,1016172,90648,80176,0.08920537074432282,0.9028239591626469,0.822861533208127,0.9617840750349231,0.8506751389992058,0.0033105570466027893,59.01355542903269,13.918028951166942,False,False,UNet,external_test2
case_00017,85907,583,67496,1099254,1253240,153403,86490,0.12240512591363187,0.7162109773940882,0.557888379463068,0.9932593363394612,0.5600086047860863,0.0005300785480030223,120.45743732826432,51.689518978949955,False,False,UNet,external_test2
case_00018,67974,50,80735,1356681,1505440,148709,68024,0.09878108725688171,0.627260269548246,0.45694042041153815,0.9992649653063624,0.4570940561768286,3.6853289266626915e-05,138.69751090788216,57.058618198747354,False,False,UNet,external_test2
case_00019,62326,4815,8716,940315,1016172,71042,67141,0.06991139295316147,0.9020791269548353,0.82162489948192,0.9282852504430974,0.8773120126122576,0.005094537259424629,74.2024258363566,15.589353756144876,False,False,UNet,external_test2
case_00020,45820,31916,26980,1400724,1505440,72800,77736,0.048357955149325116,0.608758037944412,0.4375644600634096,0.5894308943089431,0.6293956043956044,0.022277752959571143,165.5357804709318,42.63801497645209,False,False,UNet,external_test2
case_00021,46420,5993,2984,1450043,1505440,49404,52413,0.03281698373897332,0.9118320123358574,0.8379515136198711,0.8856581382481445,0.9396000323860416,0.004115969660090822,23.194827009486403,9.20671207771577,False,False,UNet,external_test2
case_00022,49082,4441,32308,1419609,1505440,81390,53523,0.054063928153895206,0.7276096447340138,0.5718446715056331,0.917026325131252,0.6030470573780563,0.003118570274920122,101.36812716681615,32.83377183301598,False,False,UNet,external_test2
case_00023,2434,12259,2381,1236166,1253240,4815,14693,0.0038420414286170247,0.24953865080992413,0.14255593299754013,0.16565711563329477,0.5055036344755971,0.009819572661553557,403.1997022378224,206.99617860449465,False,False,UNet,external_test2
case_00024,28373,10083,3770,1463214,1505440,32143,38456,0.021351232862153256,0.8037790903553874,0.6719319850329181,0.7378042438111088,0.882711632392745,0.006843833931651256,159.3047394147456,34.6986852720642,False,False,UNet,external_test2
case_00025,9450,10764,2714,1230312,1253240,12164,20214,0.009706041939293352,0.5837296930014207,0.41215980460572227,0.46749777382012464,0.7768826044064453,0.008673119132107944,127.33714489991922,39.79354125314433,False,False,UNet,external_test2
case_00026,111079,13529,68137,1060495,1253240,179216,124608,0.14300213845711915,0.73120622465638,0.5763002931334146,0.8914275166923472,0.6198051513257745,0.012596552777219132,155.63097378092831,47.91733403571349,False,False,UNet,external_test2
case_00027,59474,8856,14640,1422470,1505440,74114,68330,0.049230789669465404,0.8350509673977142,0.716813306014222,0.8703936777403776,0.8024664705723615,0.006187269706551827,122.59732270310073,35.25972514568802,False,False,UNet,external_test2
case_00028,116367,1389,69481,1318203,1505440,185848,117756,0.12345095121691997,0.7665709279192633,0.6214957513739272,0.9882044227045755,0.6261407171451939,0.001052598075768874,159.33470945539426,64.74719571863861,False,False,UNet,external_test2
case_00029,62468,1386,15973,1425613,1505440,78441,63854,0.052105032415772135,0.8780069573772796,0.7825422476104577,0.9782942337206753,0.7963692456750934,0.0009712690758718121,54.0,16.238461001446005,False,False,UNet,external_test2
case_00030,63285,98,27141,925648,1016172,90426,63383,0.08898690379187775,0.8229037312510972,0.6990963722327781,0.9984538440906868,0.6998540242850507,0.00010586057082612293,94.04121366439522,35.414508393650806,False,False,UNet,external_test2
case_00031,27249,4466,4037,1217488,1253240,31286,31715,0.024964093070760588,0.8650338883509786,0.7621671514880286,0.8591833517263124,0.8709646487246692,0.0036548020629254456,60.02957538053885,14.389923935901207,False,False,UNet,external_test2
case_00032,24790,14615,2690,1211145,1253240,27480,39405,0.021927164788867255,0.7412723331090678,0.5889060458486756,0.6291079812206573,0.9021106259097526,0.011923214984988904,118.96595027350382,30.335290462581387,False,False,UNet,external_test2
case_00033,73970,27776,15348,899078,1016172,89318,101746,0.08789653720039521,0.7742955240128963,0.6317146907612687,0.7270064670847011,0.8281645357038895,0.02996804243170985,102.36697521308143,33.079130549627536,False,False,UNet,external_test2
case_00034,76025,13729,5578,1410108,1505440,81603,89754,0.054205415028164526,0.8873287931044544,0.7974761884781605,0.8470374579405932,0.9316446699263508,0.009642255398616555,41.25286523616163,16.136738134990484,False,False,UNet,external_test2
case_00035,96247,8149,46219,865557,1016172,142466,104396,0.14019870651818786,0.7797635926144971,0.6390266573714437,0.9219414536955439,0.6755787345752671,0.009326936063160835,105.37905579254995,40.23634946064224,False,False,UNet,external_test2
case_00036,64435,3615,6050,1431340,1505440,70485,68050,0.0468201987458816,0.9302342368354567,0.8695681511470985,0.9468772961058045,0.9141661346385755,0.0025192427637103602,24.103861253765878,8.34978960530625,False,False,UNet,external_test2
case_00037,61700,78046,4753,1360941,1505440,66453,139746,0.04414191199914975,0.5984510109166388,0.426992574343075,0.44151532065318505,0.9284757648262681,0.054236765168830574,238.41181708783384,73.63419977726899,False,False,UNet,external_test2
case_00038,139288,9123,18928,1085901,1253240,158216,148411,0.12624557147872714,0.9085175147654968,0.8323702185384161,0.9385288152495435,0.8803660818122061,0.008331324244948056,138.0,28.136595430127713,False,False,UNet,external_test2
case_00039,81191,198,28899,1142952,1253240,110090,81389,0.08784430755481791,0.8480407773176171,0.7361725663716814,0.9975672388160562,0.7374965936960669,0.0001732056160608844,69.0307897805712,23.50604584979564,False,False,UNet,external_test2
case_00040,99749,45942,21753,1337996,1505440,121502,145691,0.08070863003507281,0.7466438117765061,0.5957155825231122,0.6846613723565629,0.8209659100261724,0.033196573834955036,154.74752205116877,47.56470975514105,False,False,UNet,external_test2
case_00041,123625,1715,37495,1090405,1253240,161120,125340,0.12856276531231048,0.8631222509250855,0.7592041023121565,0.9863172171692995,0.7672852532274081,0.0015703402556495622,55.455386807922075,22.187370389004222,False,False,UNet,external_test2
case_00042,103137,6529,28365,1367409,1505440,131502,109666,0.08735120629184823,0.8553124792675645,0.7472017155566503,0.9404646836758886,0.7842998585572843,0.004752033934573467,154.0,43.15026345383039,False,False,UNet,external_test2
case_00043,104341,22988,37527,1088384,1253240,141868,127329,0.1132009830519294,0.7752018038834014,0.6329220653176105,0.819459824549003,0.7354794597795133,0.02068434331618936,125.83877481714275,44.02163494708781,False,False,UNet,external_test2
case_00044,54420,10568,27273,1413179,1505440,81693,64988,0.0542651982144755,0.7420183936569835,0.5898483649646112,0.8373853634517142,0.6661525467298299,0.0074226670890263505,98.26519844074963,32.08084769427165,False,False,UNet,external_test2
case_00045,39568,3133,7501,1455238,1505440,47069,42701,0.03126594218301626,0.8815417177230701,0.7881757698896459,0.926629352942554,0.8406382119866579,0.002148287369949073,26.41117019918487,11.009837284099838,False,False,UNet,external_test2
case_00046,57538,31103,10966,1405833,1505440,68504,88641,0.04550430438941439,0.7322918323841039,0.5776501651490357,0.649112713078598,0.8399217563937872,0.021645362075972764,157.9267235008522,40.27609689031924,False,False,UNet,external_test2
case_00047,95899,5550,8092,1395899,1505440,103991,101449,0.06907681475183335,0.933596183800623,0.8754621557225148,0.9452927086516377,0.9221855737515746,0.003960186920822663,30.309988126037467,10.095785809350303,False,False,UNet,external_test2
case_00048,21173,6031,222,1268932,1296358,21395,27204,0.016503928698708228,0.8713348011275952,0.7720046671042077,0.778304661079253,0.9896237438653891,0.004730333350850181,156.1312997460045,25.44482098189151,False,False,UNet,external_test2
case_00049,57231,16904,972,1430333,1505440,58203,74135,0.038661786587310024,0.8649216400429204,0.7619928901433954,0.7719835435354421,0.983299829905675,0.011680187833782581,78.33418285474276,21.03772856950214,False,False,UNet,external_test2
case_00050,21922,10714,1319,982217,1016172,23241,32636,0.022871128116106327,0.7846520035077045,0.6456192018848476,0.6717122196347591,0.9432468482423304,0.010790276464326324,317.79718363426144,56.319697138522535,False,False,UNet,external_test2
case_00051,140142,1735,35733,1075630,1253240,175875,141877,0.14033624844403306,0.8820841410911654,0.7890434097179213,0.9877710974999472,0.7968272921108742,0.0016104105850849061,128.05388255150956,35.59382310526168,False,False,UNet,external_test2
case_00052,37898,5906,3434,1249120,1296358,41332,43804,0.03188316807548532,0.890293177974065,0.8022778271730386,0.8651721303990503,0.916916674731443,0.004705878603311804,44.72581457028494,11.428810180081209,False,False,UNet,external_test2
case_00053,14594,2460,934,1235252,1253240,15528,17054,0.012390284382879577,0.8958320545086244,0.811318656882366,0.8557523161721591,0.9398505924781041,0.001987538296469615,89.9947209963541,22.456442959925024,False,False,UNet,external_test2
case_00054,77630,37643,109778,1280389,1505440,187408,115273,0.12448719311297694,0.5129492766311727,0.34494403490764314,0.6734447789161382,0.4142299154785281,0.02856000461293808,151.3315895212827,59.29473569384497,False,False,UNet,external_test2
case_00055,22300,12018,797,1218125,1253240,23097,34318,0.01842982988094858,0.7768004876774363,0.6350562437704684,0.6498047671775744,0.965493354115253,0.009769595892510058,66.03658893460039,19.170510535269713,False,False,UNet,external_test2
case_00056,32217,2564,6597,1211862,1253240,38814,34781,0.030970923366633686,0.8755214348800869,0.7786021557349316,0.9262815905235617,0.8300355541814809,0.002111285496193263,57.0,11.370185240948805,False,False,UNet,external_test2
case_00057,32962,1302,25234,1445942,1505440,58196,34264,0.038657136783930277,0.7130002163097555,0.5540018151870651,0.962000933924819,0.5663963158979999,0.0008996409727730776,69.06518659932803,18.75848236826845,False,False,UNet,external_test2
case_00058,104503,3661,22189,1122887,1253240,126692,108164,0.10109157064887811,0.8899325544163232,0.8016923277561698,0.9661532487703857,0.8248587124680327,0.003249750565444171,52.23983154643591,17.526688983405364,False,False,UNet,external_test2
case_00059,118680,10396,20232,1103932,1253240,138912,129076,0.11084229676678051,0.8857113005059928,0.7948669863637582,0.9194583036350678,0.8543538355217691,0.009329389551370871,127.56860864896083,31.866903075161627,False,False,UNet,external_test2
case_00060,13639,0,85393,1197326,1296358,99032,13639,0.07639247800376131,0.24210311437725768,0.13772316019064546,1.0,0.13772316019064546,0.0,120.25008233064162,57.29765021247886,False,False,UNet,external_test2
case_00061,42294,18392,6586,1438168,1505440,48880,60686,0.03246891274311829,0.772027818848913,0.6287013913663931,0.6969317470256732,0.8652618657937807,0.012627011588949305,133.0214000835825,47.299158168898536,False,False,UNet,external_test2
case_00062,19376,8901,5561,1471602,1505440,24937,28277,0.016564592411520883,0.7282294133122862,0.5726106743897393,0.6852212045125013,0.7769980350483218,0.006012145872044839,153.0498025224544,38.750696220332124,False,False,UNet,external_test2
case_00063,7783,28188,2917,1466552,1505440,10700,35971,0.007107556594749708,0.33352617256968997,0.20013886031680725,0.21636874148619722,0.7273831775700934,0.018858129172966535,239.23586498280426,96.49604521572628,False,False,UNet,external_test2
case_00064,53745,11495,18434,1421766,1505440,72179,65240,0.04794545116377936,0.7822062451334968,0.6423142194708034,0.8238044144696505,0.7446071572063897,0.008020172180782147,74.76625950200415,25.662548291035804,False,False,UNet,external_test2
case_00065,27994,9702,1305,1466439,1505440,29299,37696,0.019462084174726325,0.8357041570266438,0.71777646727007,0.7426252122241087,0.9554592306904672,0.006572542866839956,83.19013734085955,21.857968647553285,False,False,UNet,external_test2
case_00066,29490,17181,2459,1204110,1253240,31949,46671,0.02549312182822125,0.7501907911472908,0.6002442499491146,0.6318698977952047,0.9230335847757364,0.014067900279294615,51.77392989131889,19.27843385068867,False,False,UNet,external_test2
case_00067,81732,27084,4459,1392165,1505440,86191,108816,0.05725302901477309,0.8382468321649992,0.7215360847495034,0.7511027790030878,0.9482660602615123,0.019083332100286843,99.7085701908704,27.129465460142615,False,False,UNet,external_test2
case_00068,33081,15765,5585,1451009,1505440,38666,48846,0.02568418535444787,0.7560334582685803,0.6077602836618838,0.6772509519715023,0.8555578544457663,0.01074807707254151,60.538004520314985,18.73852600660678,False,False,UNet,external_test2
case_00069,59099,28149,29622,1179488,1296358,88721,87248,0.06843865660565986,0.6716978558723411,0.5056815264824164,0.6773679625894004,0.6661218877154225,0.02330915664226916,162.6637369699041,46.42415450832736,False,False,UNet,external_test2
case_00070,63979,3789,27835,1200755,1296358,91814,67768,0.07082457160753435,0.801832286849394,0.6692154011903392,0.9440886554125841,0.6968327270350927,0.0031455887041071146,72.17929061636288,27.8698889869637,False,False,UNet,external_test2
case_00071,115493,47103,9865,1332979,1505440,125358,162596,0.0832700074396854,0.8021628454544824,0.6696760426995089,0.7103065266058206,0.9213053813877056,0.03413058064665723,218.94586811064346,50.41959724084069,False,False,UNet,external_test2
case_00072,67795,8518,2899,1426228,1505440,70694,76313,0.04695902858964821,0.9223370315699252,0.8558677978084128,0.8883807477100887,0.9589922765722693,0.005936939360695203,30.65124143471615,10.456395276874764,False,False,UNet,external_test2
case_00073,40966,22978,4585,1227829,1296358,45551,63944,0.03513767030403638,0.7482716105758254,0.5977907163390681,0.6406543225322157,0.899343592895875,0.018370539979389307,131.04387065612823,41.42706187576438,False,False,UNet,external_test2
case_00074,126806,46621,15697,1316316,1505440,142503,173427,0.09465870443192688,0.8027474440540626,0.6704913178655274,0.7311779596025993,0.8898479330259714,0.03420627659238835,208.10453921628965,56.7211771429832,False,False,UNet,external_test2
case_00075,32195,21877,420,1450948,1505440,32615,54072,0.02166476246147306,0.7427872691407016,0.5908206709241723,0.5954098239384524,0.9871224896520007,0.014853767419754553,240.7612796365118,82.10339036354125,False,False,UNet,external_test2
case_00076,81133,6209,92410,1073488,1253240,173543,87342,0.13847547157767068,0.6219828660137608,0.4513607637189016,0.9289116347232718,0.46750949332442104,0.0057506874613896305,142.4598111866634,54.840628732518,False,False,UNet,external_test2
case_00077,24463,12563,6,1468408,1505440,24469,37026,0.016253719842703795,0.7956093991381413,0.6605908403542882,0.6606978879706152,0.9997547917773509,0.00848294801181117,166.40883360468104,34.98275951931425,False,False,UNet,external_test2
case_00078,4662,0,20664,1480114,1505440,25326,4662,0.016822988627909447,0.31092436974789917,0.18407960199004975,1.0,0.18407960199004975,0.0,89.10667763978185,41.963781280537816,False,False,UNet,external_test2
case_00079,86738,2366,11831,1404505,1505440,98569,89104,0.06547520990540971,0.9243524641264327,0.8593451230990241,0.9734467588435984,0.8799724051172275,0.0016817462297538297,29.966648127543394,11.805980580688104,False,False,UNet,external_test2
case_00080,96588,5719,8045,1395088,1505440,104633,102307,0.06950326814751834,0.9334879675268194,0.8752718573292736,0.9440996217267635,0.9231122112526641,0.004082646645826298,25.495097567963924,9.915093731208303,False,False,UNet,external_test2
case_00081,27413,17505,1522,1206800,1253240,28935,44918,0.023088155500941558,0.7423665930970983,0.5902885443583118,0.6102898615254464,0.9473993433557975,0.014297907792584365,218.95600684492715,52.843269911751726,False,False,UNet,external_test2
case_00082,57487,463,216872,1021536,1296358,274359,57950,0.21163829744561302,0.3459852125581913,0.20917903224632672,0.9920103537532355,0.20953203649233304,0.00045303371138327925,217.64072687627285,78.11261611981108,False,False,UNet,external_test2
case_00083,84846,2438,116260,1301896,1505440,201106,87284,0.13358619406950792,0.5884115260584625,0.41684353260228746,0.9720681911919711,0.4218969100872177,0.0018691531463566847,139.70413578977605,48.85551973599682,False,False,UNet,external_test2
case_00084,21530,7607,6897,1469406,1505440,28427,29137,0.018882851525135507,0.7480369675491627,0.5974912582560915,0.7389230188420222,0.7573785485629859,0.00515025934098075,43.382023926967726,17.97321685598738,False,False,UNet,external_test2
case_00085,101220,9601,7075,1387544,1505440,108295,110821,0.07193577957274949,0.9238941930301758,0.8585533012146298,0.9133647954810009,0.9346691906366869,0.006871870850913828,106.92614214501401,22.352050562382953,False,False,UNet,external_test2
case_00086,69114,3371,23601,1157154,1253240,92715,72485,0.07398024320960071,0.8367312348668281,0.7192931332348105,0.9534938263088915,0.745445720757159,0.0029047198466211413,64.34589937371882,21.555842126543755,False,False,UNet,external_test2
case_00087,46905,7980,2801,1447754,1505440,49706,54885,0.03301758954192794,0.8969222973295982,0.8131088999063898,0.8546050833561082,0.9436486540860258,0.005481770708110135,29.154759474226502,10.581851447399963,False,False,UNet,external_test2
case_00088,120254,810,54834,1329542,1505440,175088,121064,0.11630353916462961,0.812109997568816,0.6836575742760008,0.9933093239939206,0.6868203417709952,0.0006088614141219768,144.2497833620557,43.12277789339303,False,False,UNet,external_test2
case_00089,25120,9343,8492,1462485,1505440,33612,34463,0.022327027314273568,0.7380095482923247,0.584798044465138,0.7288976583582393,0.7473521361418541,0.006347888476099109,78.84149025446746,23.60994274570434,False,False,UNet,external_test2
case_00090,47798,50263,17577,1389802,1505440,65375,98061,0.04342584227866936,0.5849139724418121,0.41334163510264793,0.48743129276674724,0.7311357552581262,0.03490328561557985,218.55205329623422,77.60581287996253,False,False,UNet,external_test2
case_00091,43912,1522,16980,1443026,1505440,60892,45434,0.04044797534275694,0.8259879991723568,0.7035600986958054,0.9665008583879914,0.7211456348945674,0.0010536167714745373,66.37317442301575,21.648198876673774,False,False,UNet,external_test2
case_00092,57353,10220,8108,1429759,1505440,65461,67573,0.04348296843447763,0.8622307079393238,0.7578256101267161,0.8487561600047356,0.8761399917508135,0.007097325724889044,134.8569424555486,30.84615208507649,False,False,UNet,external_test2
case_00093,115043,5404,65749,1319244,1505440,180792,120447,0.12009246466149431,0.7637988441071707,0.6178596747513373,0.9551337932866738,0.6363279348643746,0.004079574347298301,162.27630711112468,50.952162422335725,False,False,UNet,external_test2
case_00094,52444,11905,5723,1435368,1505440,58167,64349,0.038637873312785634,0.8561167520976852,0.748430186094303,0.8149932399881894,0.9016108790207505,0.0082258150328238,91.07923094789085,19.317604237547997,False,False,UNet,external_test2
