arch,mask_variant,split,n_total,n_malignant,n_benign,prevalence,threshold_probability_pt,tp,fp,tn,fn,net_benefit_model,net_benefit_treat_all_correct,net_benefit_treat_all_WRONG_flat_at_prevalence,net_benefit_treat_none,delta_nb_model_minus_treat_all,standardised_net_benefit_model
efficientnet_b0,gt,train,600,352,248,0.5866666666666667,0.01,352,248,0,0,0.5824915824915825,0.5824915824915825,0.5866666666666667,0.0,0.0,0.9928833792470156
efficientnet_b0,gt,train,600,352,248,0.5866666666666667,0.02,352,248,0,0,0.5782312925170068,0.5782312925170068,0.5866666666666667,0.0,0.0,0.985621521335807
efficientnet_b0,gt,train,600,352,248,0.5866666666666667,0.03,352,248,0,0,0.5738831615120275,0.5738831615120275,0.5866666666666667,0.0,0.0,0.9782099343955013
efficientnet_b0,gt,train,600,352,248,0.5866666666666667,0.04,352,248,0,0,0.5694444444444444,0.5694444444444444,0.5866666666666667,0.0,0.0,0.9706439393939393
efficientnet_b0,gt,train,600,352,248,0.5866666666666667,0.05,352,248,0,0,0.5649122807017544,0.5649122807017544,0.5866666666666667,0.0,0.0,0.9629186602870813
efficientnet_b0,gt,train,600,352,248,0.5866666666666667,0.06,352,248,0,0,0.5602836879432624,0.5602836879432624,0.5866666666666667,0.0,0.0,0.9550290135396519
efficientnet_b0,gt,train,600,352,248,0.5866666666666667,0.07,352,248,0,0,0.5555555555555556,0.5555555555555556,0.5866666666666667,0.0,0.0,0.946969696969697
efficientnet_b0,gt,train,600,352,248,0.5866666666666667,0.08,352,248,0,0,0.5507246376811594,0.5507246376811594,0.5866666666666667,0.0,0.0,0.9387351778656127
efficientnet_b0,gt,train,600,352,248,0.5866666666666667,0.09,352,248,0,0,0.5457875457875458,0.5457875457875458,0.5866666666666667,0.0,0.0,0.9303196803196804
efficientnet_b0,gt,train,600,352,248,0.5866666666666667,0.1,352,248,0,0,0.5407407407407407,0.5407407407407407,0.5866666666666667,0.0,0.0,0.9217171717171717
efficientnet_b0,gt,train,600,352,248,0.5866666666666667,0.11,352,248,0,0,0.5355805243445693,0.5355805243445693,0.5866666666666667,0.0,0.0,0.9129213483146067
efficientnet_b0,gt,train,600,352,248,0.5866666666666667,0.12,352,248,0,0,0.5303030303030303,0.5303030303030303,0.5866666666666667,0.0,0.0,0.9039256198347106
efficientnet_b0,gt,train,600,352,248,0.5866666666666667,0.13,352,248,0,0,0.524904214559387,0.524904214559387,0.5866666666666667,0.0,0.0,0.894723092998955
efficientnet_b0,gt,train,600,352,248,0.5866666666666667,0.14,352,246,2,0,0.519922480620155,0.5193798449612403,0.5866666666666667,0.0,0.0005426356589146586,0.8862315010570824
efficientnet_b0,gt,train,600,352,248,0.5866666666666667,0.15,352,245,3,0,0.5146078431372549,0.5137254901960784,0.5866666666666667,0.0,0.0008823529411765563,0.8771724598930482
efficientnet_b0,gt,train,600,352,248,0.5866666666666667,0.16,352,244,4,0,0.5092063492063492,0.5079365079365079,0.5866666666666667,0.0,0.0012698412698413097,0.8679653679653679
efficientnet_b0,gt,train,600,352,248,0.5866666666666667,0.17,352,243,5,0,0.503714859437751,0.5020080321285141,0.5866666666666667,0.0,0.0017068273092368802,0.858604874041621
efficientnet_b0,gt,train,600,352,248,0.5866666666666667,0.18,352,243,5,0,0.49776422764227646,0.49593495934959353,0.5866666666666667,0.0,0.0018292682926829285,0.8484617516629712
efficientnet_b0,gt,train,600,352,248,0.5866666666666667,0.19,352,240,8,0,0.4928395061728395,0.4897119341563786,0.5866666666666667,0.0,0.003127572016460911,0.8400673400673401
efficientnet_b0,gt,train,600,352,248,0.5866666666666667,0.2,351,236,12,1,0.48666666666666664,0.48333333333333334,0.5866666666666667,0.0,0.0033333333333332993,0.8295454545454545
efficientnet_b0,gt,train,600,352,248,0.5866666666666667,0.21,351,234,14,1,0.4813291139240506,0.4767932489451477,0.5866666666666667,0.0,0.004535864978902904,0.8204473532796317
efficientnet_b0,gt,train,600,352,248,0.5866666666666667,0.22,350,227,21,2,0.4766239316239317,0.4700854700854701,0.5866666666666667,0.0,0.006538461538461604,0.8124271561771563
efficientnet_b0,gt,train,600,352,248,0.5866666666666667,0.23,349,224,24,3,0.47015151515151515,0.46320346320346323,0.5866666666666667,0.0,0.006948051948051925,0.8013946280991735
efficientnet_b0,gt,train,600,352,248,0.5866666666666667,0.24,349,216,32,3,0.4679824561403509,0.45614035087719296,0.5866666666666667,0.0,0.011842105263157932,0.7976973684210527
efficientnet_b0,gt,train,600,352,248,0.5866666666666667,0.25,348,214,34,4,0.4611111111111111,0.4488888888888889,0.5866666666666667,0.0,0.01222222222222219,0.7859848484848484
efficientnet_b0,gt,train,600,352,248,0.5866666666666667,0.26,347,212,36,5,0.4541891891891892,0.44144144144144143,0.5866666666666667,0.0,0.012747747747747784,0.774186117936118
efficientnet_b0,gt,train,600,352,248,0.5866666666666667,0.27,347,205,43,5,0.4519634703196347,0.4337899543378995,0.5866666666666667,0.0,0.018173515981735167,0.7703922789539227
efficientnet_b0,gt,train,600,352,248,0.5866666666666667,0.28,344,198,50,8,0.445,0.42592592592592593,0.5866666666666667,0.0,0.019074074074074077,0.7585227272727273
efficientnet_b0,gt,train,600,352,248,0.5866666666666667,0.29,342,194,54,10,0.43793427230046944,0.4178403755868545,0.5866666666666667,0.0,0.020093896713614945,0.7464788732394365
efficientnet_b0,gt,train,600,352,248,0.5866666666666667,0.3,341,184,64,11,0.4369047619047619,0.4095238095238095,0.5866666666666667,0.0,0.027380952380952395,0.744724025974026
efficientnet_b0,gt,train,600,352,248,0.5866666666666667,0.31,337,179,69,15,0.42763285024154585,0.40096618357487923,0.5866666666666667,0.0,0.026666666666666616,0.7289196310935441
efficientnet_b0,gt,train,600,352,248,0.5866666666666667,0.32,337,170,78,15,0.42833333333333334,0.39215686274509803,0.5866666666666667,0.0,0.03617647058823531,0.7301136363636364
efficientnet_b0,gt,train,600,352,248,0.5866666666666667,0.33,334,165,83,18,0.42121890547263674,0.38308457711442784,0.5866666666666667,0.0,0.0381343283582089,0.7179867706919945
efficientnet_b0,gt,train,600,352,248,0.5866666666666667,0.34,333,159,89,19,0.41848484848484846,0.3737373737373737,0.5866666666666667,0.0,0.04474747474747476,0.7133264462809917
efficientnet_b0,gt,train,600,352,248,0.5866666666666667,0.35,331,151,97,21,0.41615384615384615,0.36410256410256414,0.5866666666666667,0.0,0.05205128205128201,0.7093531468531469
efficientnet_b0,gt,train,600,352,248,0.5866666666666667,0.36,326,143,105,26,0.40927083333333336,0.3541666666666667,0.5866666666666667,0.0,0.055104166666666676,0.6976207386363636
efficientnet_b0,gt,train,600,352,248,0.5866666666666667,0.37,324,134,114,28,0.4088359788359789,0.34391534391534395,0.5866666666666667,0.0,0.06492063492063493,0.6968795093795095
efficientnet_b0,gt,train,600,352,248,0.5866666666666667,0.38,322,123,125,30,0.4110215053763441,0.3333333333333333,0.5866666666666667,0.0,0.07768817204301076,0.7006048387096774
efficientnet_b0,gt,train,600,352,248,0.5866666666666667,0.39,316,115,133,36,0.4041256830601092,0.3224043715846994,0.5866666666666667,0.0,0.08172131147540979,0.6888505961251862
efficientnet_b0,gt,train,600,352,248,0.5866666666666667,0.4,312,110,138,40,0.3977777777777778,0.31111111111111106,0.5866666666666667,0.0,0.08666666666666673,0.6780303030303031
efficientnet_b0,gt,train,600,352,248,0.5866666666666667,0.41,308,104,144,44,0.3928813559322034,0.29943502824858764,0.5866666666666667,0.0,0.09344632768361577,0.6696841294298922
efficientnet_b0,gt,train,600,352,248,0.5866666666666667,0.42,303,96,152,49,0.3891379310344828,0.2873563218390805,0.5866666666666667,0.0,0.1017816091954023,0.6633032915360502
efficientnet_b0,gt,train,600,352,248,0.5866666666666667,0.43,296,89,159,56,0.38143274853801173,0.2748538011695907,0.5866666666666667,0.0,0.10657894736842105,0.6501694577352473
efficientnet_b0,gt,train,600,352,248,0.5866666666666667,0.44,287,84,164,65,0.3683333333333333,0.2619047619047619,0.5866666666666667,0.0,0.10642857142857137,0.6278409090909091
efficientnet_b0,gt,train,600,352,248,0.5866666666666667,0.45,282,83,165,70,0.3568181818181818,0.24848484848484853,0.5866666666666667,0.0,0.10833333333333328,0.6082128099173554
efficientnet_b0,gt,train,600,352,248,0.5866666666666667,0.46,276,75,173,76,0.35351851851851857,0.2345679012345679,0.5866666666666667,0.0,0.11895061728395068,0.6025883838383839
efficientnet_b0,gt,train,600,352,248,0.5866666666666667,0.47,268,72,176,84,0.34025157232704406,0.22012578616352207,0.5866666666666667,0.0,0.12012578616352199,0.5799742710120069
efficientnet_b0,gt,train,600,352,248,0.5866666666666667,0.48,264,69,179,88,0.33384615384615385,0.20512820512820518,0.5866666666666667,0.0,0.12871794871794867,0.5690559440559441
efficientnet_b0,gt,train,600,352,248,0.5866666666666667,0.49,256,62,186,96,0.3273856209150327,0.18954248366013077,0.5866666666666667,0.0,0.13784313725490194,0.5580436720142603
efficientnet_b0,gt,train,600,352,248,0.5866666666666667,0.5,250,53,195,102,0.32833333333333337,0.17333333333333334,0.5866666666666667,0.0,0.15500000000000003,0.5596590909090909
efficientnet_b0,gt,train,600,352,248,0.5866666666666667,0.51,247,51,197,105,0.32319727891156463,0.1564625850340136,0.5866666666666667,0.0,0.16673469387755102,0.550904452690167
efficientnet_b0,gt,train,600,352,248,0.5866666666666667,0.52,242,48,200,110,0.31666666666666665,0.13888888888888884,0.5866666666666667,0.0,0.1777777777777778,0.5397727272727273
efficientnet_b0,gt,train,600,352,248,0.5866666666666667,0.53,240,45,203,112,0.31542553191489364,0.12056737588652477,0.5866666666666667,0.0,0.19485815602836887,0.5376571566731142
efficientnet_b0,gt,train,600,352,248,0.5866666666666667,0.54,235,42,206,117,0.3094927536231884,0.10144927536231879,0.5866666666666667,0.0,0.2080434782608696,0.527544466403162
efficientnet_b0,gt,train,600,352,248,0.5866666666666667,0.55,230,37,211,122,0.307962962962963,0.08148148148148138,0.5866666666666667,0.0,0.22648148148148162,0.5249368686868687
efficientnet_b0,gt,train,600,352,248,0.5866666666666667,0.56,222,33,215,130,0.3,0.06060606060606055,0.5866666666666667,0.0,0.23939393939393944,0.5113636363636364
efficientnet_b0,gt,train,600,352,248,0.5866666666666667,0.57,218,33,215,134,0.2904263565891473,0.0387596899224808,0.5866666666666667,0.0,0.2516666666666665,0.49504492600422834
efficientnet_b0,gt,train,600,352,248,0.5866666666666667,0.58,215,30,218,137,0.2892857142857143,0.015873015873015928,0.5866666666666667,0.0,0.2734126984126984,0.4931006493506494
efficientnet_b0,gt,train,600,352,248,0.5866666666666667,0.59,208,27,221,144,0.28191056910569107,-0.008130081300812941,0.5866666666666667,0.0,0.290040650406504,0.48052937915742794
efficientnet_b0,gt,train,600,352,248,0.5866666666666667,0.6,204,27,221,148,0.2725,-0.033333333333333215,0.5866666666666667,0.0,0.30583333333333323,0.4644886363636364
efficientnet_b0,gt,train,600,352,248,0.5866666666666667,0.61,202,26,222,150,0.2688888888888889,-0.05982905982905984,0.5866666666666667,0.0,0.32871794871794874,0.45833333333333337
efficientnet_b0,gt,train,600,352,248,0.5866666666666667,0.62,202,25,223,150,0.2686842105263158,-0.08771929824561397,0.5866666666666667,0.0,0.3564035087719298,0.4579844497607656
efficientnet_b0,gt,train,600,352,248,0.5866666666666667,0.63,198,25,223,154,0.2590540540540541,-0.11711711711711703,0.5866666666666667,0.0,0.3761711711711711,0.4415694103194103
efficientnet_b0,gt,train,600,352,248,0.5866666666666667,0.64,195,25,223,157,0.25092592592592594,-0.14814814814814814,0.5866666666666667,0.0,0.3990740740740741,0.42771464646464646
efficientnet_b0,gt,train,600,352,248,0.5866666666666667,0.65,190,25,223,162,0.23928571428571427,-0.1809523809523811,0.5866666666666667,0.0,0.42023809523809535,0.4078733766233766
efficientnet_b0,gt,train,600,352,248,0.5866666666666667,0.66,184,24,224,168,0.22901960784313724,-0.21568627450980404,0.5866666666666667,0.0,0.4447058823529413,0.3903743315508021
efficientnet_b0,gt,train,600,352,248,0.5866666666666667,0.67,179,17,231,173,0.2408080808080808,-0.2525252525252527,0.5866666666666667,0.0,0.4933333333333335,0.41046831955922863
efficientnet_b0,gt,train,600,352,248,0.5866666666666667,0.68,174,16,232,178,0.23333333333333328,-0.29166666666666685,0.5866666666666667,0.0,0.5250000000000001,0.39772727272727265
efficientnet_b0,gt,train,600,352,248,0.5866666666666667,0.69,168,14,234,184,0.2280645161290323,-0.33333333333333304,0.5866666666666667,0.0,0.5613978494623654,0.38874633431085054
efficientnet_b0,gt,train,600,352,248,0.5866666666666667,0.7,163,13,235,189,0.22111111111111112,-0.37777777777777766,0.5866666666666667,0.0,0.5988888888888888,0.3768939393939394
efficientnet_b0,gt,train,600,352,248,0.5866666666666667,0.71,159,13,235,193,0.21195402298850577,-0.4252873563218389,0.5866666666666667,0.0,0.6372413793103446,0.3612852664576803
efficientnet_b0,gt,train,600,352,248,0.5866666666666667,0.72,155,12,236,197,0.20690476190476192,-0.47619047619047605,0.5866666666666667,0.0,0.683095238095238,0.35267857142857145
efficientnet_b0,gt,train,600,352,248,0.5866666666666667,0.73,152,11,237,200,0.20376543209876546,-0.5308641975308641,0.5866666666666667,0.0,0.7346296296296295,0.3473274410774411
efficientnet_b0,gt,train,600,352,248,0.5866666666666667,0.74,150,9,239,202,0.2073076923076923,-0.5897435897435896,0.5866666666666667,0.0,0.797051282051282,0.3533653846153846
efficientnet_b0,gt,train,600,352,248,0.5866666666666667,0.75,143,8,240,209,0.19833333333333333,-0.6533333333333333,0.5866666666666667,0.0,0.8516666666666667,0.3380681818181818
efficientnet_b0,gt,train,600,352,248,0.5866666666666667,0.76,141,8,240,211,0.19277777777777777,-0.7222222222222223,0.5866666666666667,0.0,0.915,0.3285984848484848
efficientnet_b0,gt,train,600,352,248,0.5866666666666667,0.77,135,8,240,217,0.1803623188405797,-0.7971014492753623,0.5866666666666667,0.0,0.977463768115942,0.30743577075098816
efficientnet_b0,gt,train,600,352,248,0.5866666666666667,0.78,133,7,241,219,0.1803030303030303,-0.8787878787878789,0.5866666666666667,0.0,1.059090909090909,0.30733471074380164
efficientnet_b0,gt,train,600,352,248,0.5866666666666667,0.79,127,6,242,225,0.17404761904761903,-0.9682539682539686,0.5866666666666667,0.0,1.1423015873015876,0.2966720779220779
efficientnet_b0,gt,train,600,352,248,0.5866666666666667,0.8,123,6,242,229,0.16499999999999998,-1.066666666666667,0.5866666666666667,0.0,1.2316666666666671,0.28124999999999994
efficientnet_b0,gt,internal_val,257,155,102,0.603112840466926,0.01,155,102,0,0,0.5991038792595212,0.5991038792595212,0.603112840466926,0.0,0.0,0.9933528836754643
efficientnet_b0,gt,internal_val,257,155,102,0.603112840466926,0.02,155,102,0,0,0.5950131025172715,0.5950131025172715,0.603112840466926,0.0,0.0,0.9865701119157341
efficientnet_b0,gt,internal_val,257,155,102,0.603112840466926,0.03,155,102,0,0,0.5908379798628104,0.5908379798628104,0.603112840466926,0.0,0.0,0.9796474891918857
efficientnet_b0,gt,internal_val,257,155,102,0.603112840466926,0.04,155,102,0,0,0.5865758754863812,0.5865758754863812,0.603112840466926,0.0,0.0,0.9725806451612903
efficientnet_b0,gt,internal_val,257,155,102,0.603112840466926,0.05,155,102,0,0,0.5822240425967643,0.5822240425967642,0.603112840466926,0.0,1.1102230246251565e-16,0.9653650254668931
efficientnet_b0,gt,internal_val,257,155,102,0.603112840466926,0.06,155,102,0,0,0.5777796175180064,0.5777796175180064,0.603112840466926,0.0,0.0,0.9579958819492107
efficientnet_b0,gt,internal_val,257,155,102,0.603112840466926,0.07,155,102,0,0,0.5732396134052968,0.5732396134052968,0.603112840466926,0.0,0.0,0.9504682622268471
efficientnet_b0,gt,internal_val,257,155,102,0.603112840466926,0.08,155,102,0,0,0.5686009135510066,0.5686009135510066,0.603112840466926,0.0,0.0,0.9427769985974755
efficientnet_b0,gt,internal_val,257,155,102,0.603112840466926,0.09,155,102,0,0,0.5638602642493693,0.5638602642493693,0.603112840466926,0.0,0.0,0.9349166962070188
efficientnet_b0,gt,internal_val,257,155,102,0.603112840466926,0.1,155,102,0,0,0.5590142671854734,0.5590142671854734,0.603112840466926,0.0,0.0,0.9268817204301076
efficientnet_b0,gt,internal_val,257,155,102,0.603112840466926,0.11,155,102,0,0,0.5540593713111529,0.5540593713111528,0.603112840466926,0.0,1.1102230246251565e-16,0.9186661833997826
efficientnet_b0,gt,internal_val,257,155,102,0.603112840466926,0.12,155,102,0,0,0.5489918641669614,0.5489918641669614,0.603112840466926,0.0,0.0,0.9102639296187683
efficientnet_b0,gt,internal_val,257,155,102,0.603112840466926,0.13,155,102,0,0,0.5438078626056622,0.5438078626056622,0.603112840466926,0.0,0.0,0.9016685205784205
efficientnet_b0,gt,internal_val,257,155,102,0.603112840466926,0.14,155,102,0,0,0.5385033028685187,0.5385033028685187,0.603112840466926,0.0,0.0,0.8928732183045761
efficientnet_b0,gt,internal_val,257,155,102,0.603112840466926,0.15,155,101,1,0,0.5337605859464408,0.5330739299610895,0.603112840466926,0.0,0.0006866559853513365,0.8850094876660342
efficientnet_b0,gt,internal_val,257,155,102,0.603112840466926,0.16,155,101,1,0,0.5282564387622752,0.52751528627015,0.603112840466926,0.0,0.0007411524921252521,0.8758832565284177
efficientnet_b0,gt,internal_val,257,155,102,0.603112840466926,0.17,155,101,1,0,0.5226196615254793,0.5218226993577422,0.603112840466926,0.0,0.0007969621677371697,0.8665371162067625
efficientnet_b0,gt,internal_val,257,155,102,0.603112840466926,0.18,155,100,2,0,0.5176995349720034,0.5159912688621049,0.603112840466926,0.0,0.001708266109898493,0.8583792289535799
efficientnet_b0,gt,internal_val,257,155,102,0.603112840466926,0.19,155,99,3,0,0.512753999135322,0.5100158524283037,0.603112840466926,0.0,0.0027381467070183296,0.850179211469534
efficientnet_b0,gt,internal_val,257,155,102,0.603112840466926,0.2,155,97,5,0,0.5087548638132295,0.5038910505836576,0.603112840466926,0.0,0.004863813229571967,0.8435483870967742
efficientnet_b0,gt,internal_val,257,155,102,0.603112840466926,0.21,155,95,7,0,0.5048514997783579,0.49761119046446334,0.603112840466926,0.0,0.007240309313894522,0.8370763576970192
efficientnet_b0,gt,internal_val,257,155,102,0.603112840466926,0.22,155,95,7,0,0.4988526389304599,0.49117030829093083,0.603112840466926,0.0,0.007682330639529056,0.8271298593879238
efficientnet_b0,gt,internal_val,257,155,102,0.603112840466926,0.23,155,94,8,0,0.4938602253777351,0.4845621304765273,0.603112840466926,0.0,0.00929809490120781,0.8188521156263092
efficientnet_b0,gt,internal_val,257,155,102,0.603112840466926,0.24,155,91,11,0,0.4912963342207659,0.4777800532459553,0.603112840466926,0.0,0.013516280974810613,0.8146010186757215
efficientnet_b0,gt,internal_val,257,155,102,0.603112840466926,0.25,155,89,13,0,0.4876783398184176,0.4708171206225681,0.603112840466926,0.0,0.01686121919584954,0.8086021505376344
efficientnet_b0,gt,internal_val,257,155,102,0.603112840466926,0.26,155,87,15,0,0.4841728888421495,0.4636660006309811,0.603112840466926,0.0,0.02050688821116836,0.8027898866608544
efficientnet_b0,gt,internal_val,257,155,102,0.603112840466926,0.27,155,85,17,0,0.48078460636426623,0.45631895954373425,0.603112840466926,0.0,0.024465646820531983,0.7971718957136543
efficientnet_b0,gt,internal_val,257,155,102,0.603112840466926,0.28,155,82,20,0,0.47903156074362296,0.4487678339818417,0.603112840466926,0.0,0.03026372676178124,0.7942652329749104
efficientnet_b0,gt,internal_val,257,155,102,0.603112840466926,0.29,155,79,23,0,0.4775579547322847,0.44100400065764234,0.603112840466926,0.0,0.03655395407464235,0.7918218991367559
efficientnet_b0,gt,internal_val,257,155,102,0.603112840466926,0.3,154,74,28,1,0.47581989994441354,0.43301834352418,0.603112840466926,0.0,0.04280155642023353,0.7889400921658987
efficientnet_b0,gt,internal_val,257,155,102,0.603112840466926,0.31,154,72,30,1,0.4733547623075621,0.42480121806800875,0.603112840466926,0.0,0.04855354423955338,0.7848527349228611
efficientnet_b0,gt,internal_val,257,155,102,0.603112840466926,0.32,154,66,36,1,0.4783703364614328,0.41634241245136183,0.603112840466926,0.0,0.062027924010070956,0.793168880455408
efficientnet_b0,gt,internal_val,257,155,102,0.603112840466926,0.33,154,63,39,1,0.478483071026192,0.40763110517451645,0.603112840466926,0.0,0.07085196585167552,0.7933558016369764
efficientnet_b0,gt,internal_val,257,155,102,0.603112840466926,0.34,152,56,46,3,0.4791887749086192,0.3986558188892818,0.603112840466926,0.0,0.08053295601933741,0.7945259042033235
efficientnet_b0,gt,internal_val,257,155,102,0.603112840466926,0.35,152,52,50,3,0.48249027237354086,0.389404369949117,0.603112840466926,0.0,0.09308590242442388,0.8
efficientnet_b0,gt,internal_val,257,155,102,0.603112840466926,0.36,151,48,54,4,0.48249027237354086,0.37986381322957197,0.603112840466926,0.0,0.1026264591439689,0.8
efficientnet_b0,gt,internal_val,257,155,102,0.603112840466926,0.37,150,42,60,5,0.4876783398184177,0.37002038169353335,0.603112840466926,0.0,0.11765795812488433,0.8086021505376345
efficientnet_b0,gt,internal_val,257,155,102,0.603112840466926,0.38,150,37,65,5,0.49541860173214514,0.35985942010794525,0.603112840466926,0.0,0.1355591816241999,0.821436004162331
efficientnet_b0,gt,internal_val,257,155,102,0.603112840466926,0.39,148,33,69,7,0.4937806978375964,0.3493653122408623,0.603112840466926,0.0,0.1444153855967341,0.8187202538339502
efficientnet_b0,gt,internal_val,257,155,102,0.603112840466926,0.4,148,30,72,7,0.49805447470817116,0.33852140077821,0.603112840466926,0.0,0.15953307392996113,0.8258064516129032
efficientnet_b0,gt,internal_val,257,155,102,0.603112840466926,0.41,148,25,77,7,0.5082767262415089,0.3273098990964849,0.603112840466926,0.0,0.180966827145024,0.8427556041552761
efficientnet_b0,gt,internal_val,257,155,102,0.603112840466926,0.42,147,22,80,8,0.5099959747752583,0.3157117939084932,0.603112840466926,0.0,0.19428418086676508,0.8456062291434928
efficientnet_b0,gt,internal_val,257,155,102,0.603112840466926,0.43,143,20,82,12,0.4977131544815346,0.30370673766127376,0.603112840466926,0.0,0.19400641682026082,0.82524052065648
efficientnet_b0,gt,internal_val,257,155,102,0.603112840466926,0.44,142,19,83,13,0.4944413563090606,0.2912729294052251,0.603112840466926,0.0,0.20316842690383552,0.8198156682027651
efficientnet_b0,gt,internal_val,257,155,102,0.603112840466926,0.45,141,18,84,14,0.4913335691545809,0.2783869826671383,0.603112840466926,0.0,0.21294658648744258,0.8146627565982406
efficientnet_b0,gt,internal_val,257,155,102,0.603112840466926,0.46,139,16,86,16,0.4878224528029975,0.26502377864245563,0.603112840466926,0.0,0.2227986741605419,0.8088410991636799
efficientnet_b0,gt,internal_val,257,155,102,0.603112840466926,0.47,138,14,88,17,0.4886572204683944,0.251156302767785,0.603112840466926,0.0,0.23750091770060938,0.8102251978088862
efficientnet_b0,gt,internal_val,257,155,102,0.603112840466926,0.48,134,12,90,21,0.478299910206525,0.23675546243639622,0.603112840466926,0.0,0.2415444477701288,0.7930521091811416
efficientnet_b0,gt,internal_val,257,155,102,0.603112840466926,0.49,131,9,93,24,0.47608148317692833,0.22178988326848248,0.603112840466926,0.0,0.25429159990844585,0.7893738140417458
efficientnet_b0,gt,internal_val,257,155,102,0.603112840466926,0.5,131,9,93,24,0.47470817120622566,0.20622568093385207,0.603112840466926,0.0,0.2684824902723736,0.7870967741935484
efficientnet_b0,gt,internal_val,257,155,102,0.603112840466926,0.51,130,8,94,25,0.47343762407686807,0.19002620503454293,0.603112840466926,0.0,0.28341141904232514,0.7849901250822909
efficientnet_b0,gt,internal_val,257,155,102,0.603112840466926,0.52,126,7,95,29,0.4607652399481193,0.17315175097276253,0.603112840466926,0.0,0.28761348897535677,0.7639784946236559
efficientnet_b0,gt,internal_val,257,155,102,0.603112840466926,0.53,124,7,95,31,0.4517758092557331,0.15555923503601277,0.603112840466926,0.0,0.2962165742197203,0.749073438572409
efficientnet_b0,gt,internal_val,257,155,102,0.603112840466926,0.54,123,7,95,32,0.4466249365589579,0.13720182710201306,0.603112840466926,0.0,0.30942310945694484,0.7405329593267883
efficientnet_b0,gt,internal_val,257,155,102,0.603112840466926,0.55,119,6,96,36,0.4345006485084306,0.11802853437094663,0.603112840466926,0.0,0.316472114137484,0.7204301075268817
efficientnet_b0,gt,internal_val,257,155,102,0.603112840466926,0.56,116,6,96,39,0.42164839051998587,0.09798372833392277,0.603112840466926,0.0,0.3236646621860631,0.6991202346041057
efficientnet_b0,gt,internal_val,257,155,102,0.603112840466926,0.57,115,6,96,40,0.4165233915482762,0.07700660573703744,0.603112840466926,0.0,0.3395167858112388,0.6906226556639161
efficientnet_b0,gt,internal_val,257,155,102,0.603112840466926,0.58,112,5,97,43,0.4089308875301093,0.05503057254030019,0.603112840466926,0.0,0.3539003149898091,0.6780337941628265
efficientnet_b0,gt,internal_val,257,155,102,0.603112840466926,0.59,111,5,97,44,0.403910031318212,0.03198253772421,0.603112840466926,0.0,0.371927493594002,0.6697088906372936
efficientnet_b0,gt,internal_val,257,155,102,0.603112840466926,0.6,111,5,97,44,0.4027237354085603,0.0077821011673151474,0.603112840466926,0.0,0.3949416342412452,0.6677419354838711
efficientnet_b0,gt,internal_val,257,155,102,0.603112840466926,0.61,110,5,97,45,0.39758555322757655,-0.01765938341813833,0.603112840466926,0.0,0.4152449366457149,0.6592224979321754
efficientnet_b0,gt,internal_val,257,155,102,0.603112840466926,0.62,106,5,97,49,0.38070858079049763,-0.04443989350808941,0.603112840466926,0.0,0.42514847429858704,0.6312393887945671
efficientnet_b0,gt,internal_val,257,155,102,0.603112840466926,0.63,105,4,98,50,0.3820591019034599,-0.07266799873803775,0.603112840466926,0.0,0.45472710064149763,0.6334786399302529
efficientnet_b0,gt,internal_val,257,155,102,0.603112840466926,0.64,103,2,100,52,0.3869433635970601,-0.10246433203631666,0.603112840466926,0.0,0.48940769563337677,0.6415770609318997
efficientnet_b0,gt,internal_val,257,155,102,0.603112840466926,0.65,100,2,100,55,0.3746525847693163,-0.13396331295164,0.603112840466926,0.0,0.5086158977209563,0.6211981566820277
efficientnet_b0,gt,internal_val,257,155,102,0.603112840466926,0.66,95,2,100,60,0.3545433737697414,-0.16731517509727645,0.603112840466926,0.0,0.5218585488670178,0.5878557874762809
efficientnet_b0,gt,internal_val,257,155,102,0.603112840466926,0.67,93,2,100,62,0.3460676806980309,-0.20268836222143638,0.603112840466926,0.0,0.5487560429194673,0.5738025415444771
efficientnet_b0,gt,internal_val,257,155,102,0.603112840466926,0.68,88,1,101,67,0.3341439688715953,-0.2402723735408563,0.603112840466926,0.0,0.5744163424124515,0.5540322580645162
efficientnet_b0,gt,internal_val,257,155,102,0.603112840466926,0.69,85,1,101,70,0.3220785741182377,-0.2802811597841093,0.603112840466926,0.0,0.602359733902347,0.5340270551508844
efficientnet_b0,gt,internal_val,257,155,102,0.603112840466926,0.7,81,1,101,74,0.3060959792477302,-0.32295719844357973,0.603112840466926,0.0,0.62905317769131,0.50752688172043
efficientnet_b0,gt,internal_val,257,155,102,0.603112840466926,0.71,79,1,101,76,0.2978666308868912,-0.3685764121830136,0.603112840466926,0.0,0.6664430430699049,0.49388209121245835
efficientnet_b0,gt,internal_val,257,155,102,0.603112840466926,0.72,75,1,101,80,0.2818232351306281,-0.4174541411895497,0.603112840466926,0.0,0.6992773763201778,0.46728110599078343
efficientnet_b0,gt,internal_val,257,155,102,0.603112840466926,0.73,73,1,101,82,0.2735264447326704,-0.4699524427150886,0.603112840466926,0.0,0.743478887447759,0.4535244922341697
efficientnet_b0,gt,internal_val,257,155,102,0.603112840466926,0.74,71,1,101,84,0.2651900628554325,-0.5264890751272074,0.603112840466926,0.0,0.79167913798264,0.43970223325062036
efficientnet_b0,gt,internal_val,257,155,102,0.603112840466926,0.75,67,1,101,88,0.2490272373540856,-0.587548638132296,0.603112840466926,0.0,0.8365758754863816,0.41290322580645167
efficientnet_b0,gt,internal_val,257,155,102,0.603112840466926,0.76,63,1,101,92,0.23281452658884563,-0.6536964980544749,0.603112840466926,0.0,0.8865110246433205,0.38602150537634405
efficientnet_b0,gt,internal_val,257,155,102,0.603112840466926,0.77,63,1,101,92,0.23210962612079172,-0.7255963457959739,0.603112840466926,0.0,0.9577059719167655,0.38485273492286115
efficientnet_b0,gt,internal_val,257,155,102,0.603112840466926,0.78,61,0,102,94,0.23735408560311283,-0.8040325433321546,0.603112840466926,0.0,1.0413866289352673,0.3935483870967742
efficientnet_b0,gt,internal_val,257,155,102,0.603112840466926,0.79,57,0,102,98,0.22178988326848248,-0.8899388549194002,0.603112840466926,0.0,1.1117287381878826,0.36774193548387096
efficientnet_b0,gt,internal_val,257,155,102,0.603112840466926,0.8,54,0,102,101,0.21011673151750973,-0.9844357976653703,0.603112840466926,0.0,1.19455252918288,0.34838709677419355
efficientnet_b0,gt,external_test1,108,62,46,0.5740740740740741,0.01,62,46,0,0,0.5697717919940142,0.5697717919940142,0.5740740740740741,0.0,0.0,0.9925057021831215
efficientnet_b0,gt,external_test1,108,62,46,0.5740740740740741,0.02,62,46,0,0,0.5653817082388511,0.5653817082388511,0.5740740740740741,0.0,0.0,0.9848584595128375
efficientnet_b0,gt,external_test1,108,62,46,0.5740740740740741,0.03,62,46,0,0,0.5609011072928599,0.5609011072928599,0.5740740740740741,0.0,0.0,0.9770535417359495
efficientnet_b0,gt,external_test1,108,62,46,0.5740740740740741,0.04,62,46,0,0,0.5563271604938271,0.5563271604938271,0.5740740740740741,0.0,0.0,0.9690860215053763
efficientnet_b0,gt,external_test1,108,62,46,0.5740740740740741,0.05,62,46,0,0,0.5516569200779727,0.5516569200779727,0.5740740740740741,0.0,0.0,0.9609507640067912
efficientnet_b0,gt,external_test1,108,62,46,0.5740740740740741,0.06,62,46,0,0,0.5468873128447597,0.5468873128447597,0.5740740740740741,0.0,0.0,0.9526424159231297
efficientnet_b0,gt,external_test1,108,62,46,0.5740740740740741,0.07,62,46,0,0,0.5420151334129829,0.5420151334129829,0.5740740740740741,0.0,0.0,0.9441553936871315
efficientnet_b0,gt,external_test1,108,62,46,0.5740740740740741,0.08,62,46,0,0,0.537037037037037,0.537037037037037,0.5740740740740741,0.0,0.0,0.9354838709677419
efficientnet_b0,gt,external_test1,108,62,46,0.5740740740740741,0.09,62,46,0,0,0.531949531949532,0.531949531949532,0.5740740740740741,0.0,0.0,0.9266217653314428
efficientnet_b0,gt,external_test1,108,62,46,0.5740740740740741,0.1,62,46,0,0,0.5267489711934157,0.5267489711934157,0.5740740740740741,0.0,0.0,0.917562724014337
efficientnet_b0,gt,external_test1,108,62,46,0.5740740740740741,0.11,62,46,0,0,0.521431543903454,0.521431543903454,0.5740740740740741,0.0,0.0,0.908300108735049
efficientnet_b0,gt,external_test1,108,62,46,0.5740740740740741,0.12,62,46,0,0,0.515993265993266,0.515993265993266,0.5740740740740741,0.0,0.0,0.8988269794721407
efficientnet_b0,gt,external_test1,108,62,46,0.5740740740740741,0.13,62,46,0,0,0.5104299702000852,0.5104299702000852,0.5740740740740741,0.0,0.0,0.889136077122729
efficientnet_b0,gt,external_test1,108,62,46,0.5740740740740741,0.14,62,46,0,0,0.5047372954349698,0.5047372954349698,0.5740740740740741,0.0,0.0,0.8792198049512377
efficientnet_b0,gt,external_test1,108,62,46,0.5740740740740741,0.15,62,46,0,0,0.4989106753812636,0.4989106753812636,0.5740740740740741,0.0,0.0,0.8690702087286527
efficientnet_b0,gt,external_test1,108,62,46,0.5740740740740741,0.16,62,46,0,0,0.4929453262786596,0.4929453262786596,0.5740740740740741,0.0,0.0,0.858678955453149
efficientnet_b0,gt,external_test1,108,62,46,0.5740740740740741,0.17,62,46,0,0,0.4868362338241856,0.4868362338241856,0.5740740740740741,0.0,0.0,0.8480373105324523
efficientnet_b0,gt,external_test1,108,62,46,0.5740740740740741,0.18,62,46,0,0,0.48057813911472447,0.48057813911472447,0.5740740740740741,0.0,0.0,0.8371361132966169
efficientnet_b0,gt,external_test1,108,62,46,0.5740740740740741,0.19,62,45,1,0,0.47633744855967075,0.4741655235482396,0.5740740740740741,0.0,0.002171925011431153,0.8297491039426523
efficientnet_b0,gt,external_test1,108,62,46,0.5740740740740741,0.2,62,43,3,0,0.47453703703703703,0.46759259259259256,0.5740740740740741,0.0,0.006944444444444475,0.8266129032258065
efficientnet_b0,gt,external_test1,108,62,46,0.5740740740740741,0.21,62,43,3,0,0.4682372245663385,0.4608532583216127,0.5740740740740741,0.0,0.007383966244725759,0.8156390363413638
efficientnet_b0,gt,external_test1,108,62,46,0.5740740740740741,0.22,61,41,5,1,0.45773979107312435,0.45394112060778724,0.5740740740740741,0.0,0.003798670465337106,0.7973531844499585
efficientnet_b0,gt,external_test1,108,62,46,0.5740740740740741,0.23,61,41,5,1,0.4514189514189514,0.44684944684944683,0.5740740740740741,0.0,0.004569504569504557,0.786342689568496
efficientnet_b0,gt,external_test1,108,62,46,0.5740740740740741,0.24,61,40,6,1,0.4478557504873294,0.4395711500974659,0.5740740740740741,0.0,0.008284600389863506,0.7801358234295416
efficientnet_b0,gt,external_test1,108,62,46,0.5740740740740741,0.25,61,40,6,1,0.441358024691358,0.4320987654320988,0.5740740740740741,0.0,0.00925925925925919,0.7688172043010753
efficientnet_b0,gt,external_test1,108,62,46,0.5740740740740741,0.26,61,39,7,1,0.4379379379379379,0.4244244244244244,0.5740740740740741,0.0,0.013513513513513487,0.7628596338273756
efficientnet_b0,gt,external_test1,108,62,46,0.5740740740740741,0.27,61,39,7,1,0.43125317097919835,0.4165398274987316,0.5740740740740741,0.0,0.014713343480466767,0.7512152010605391
efficientnet_b0,gt,external_test1,108,62,46,0.5740740740740741,0.28,61,39,7,1,0.42438271604938266,0.40843621399176955,0.5740740740740741,0.0,0.01594650205761311,0.7392473118279569
efficientnet_b0,gt,external_test1,108,62,46,0.5740740740740741,0.29,61,37,9,1,0.42488262910798114,0.40010432968179444,0.5740740740740741,0.0,0.0247782994261867,0.74011812812358
efficientnet_b0,gt,external_test1,108,62,46,0.5740740740740741,0.3,61,36,10,1,0.4219576719576719,0.3915343915343915,0.5740740740740741,0.0,0.030423280423280408,0.7350230414746544
efficientnet_b0,gt,external_test1,108,62,46,0.5740740740740741,0.31,61,34,12,1,0.4233762748255501,0.38271604938271603,0.5740740740740741,0.0,0.0406602254428341,0.7374941561477325
efficientnet_b0,gt,external_test1,108,62,46,0.5740740740740741,0.32,61,33,13,1,0.4210239651416121,0.3736383442265795,0.5740740740740741,0.0,0.04738562091503262,0.7333965844402276
efficientnet_b0,gt,external_test1,108,62,46,0.5740740740740741,0.33,61,33,13,1,0.4143173023770038,0.36428966279712544,0.5740740740740741,0.0,0.05002763957987838,0.7217140105922002
efficientnet_b0,gt,external_test1,108,62,46,0.5740740740740741,0.34,60,30,16,2,0.4124579124579124,0.35465768799102126,0.5740740740740741,0.0,0.05780022446689115,0.7184750733137829
efficientnet_b0,gt,external_test1,108,62,46,0.5740740740740741,0.35,60,30,16,2,0.405982905982906,0.34472934472934474,0.5740740740740741,0.0,0.06125356125356124,0.707196029776675
efficientnet_b0,gt,external_test1,108,62,46,0.5740740740740741,0.36,60,26,20,2,0.42013888888888895,0.3344907407407407,0.5740740740740741,0.0,0.08564814814814825,0.7318548387096775
efficientnet_b0,gt,external_test1,108,62,46,0.5740740740740741,0.37,60,26,20,2,0.41416813639035865,0.3239271017048795,0.5740740740740741,0.0,0.09024103468547917,0.7214541730670764
efficientnet_b0,gt,external_test1,108,62,46,0.5740740740740741,0.38,60,22,24,2,0.43070489844683396,0.3130227001194743,0.5740740740740741,0.0,0.11768219832735966,0.7502601456815817
efficientnet_b0,gt,external_test1,108,62,46,0.5740740740740741,0.39,59,21,25,3,0.42197935640558587,0.3017607771706132,0.5740740740740741,0.0,0.12021857923497264,0.7350608143839238
efficientnet_b0,gt,external_test1,108,62,46,0.5740740740740741,0.4,59,19,27,3,0.4290123456790123,0.2901234567901234,0.5740740740740741,0.0,0.1388888888888889,0.7473118279569891
efficientnet_b0,gt,external_test1,108,62,46,0.5740740740740741,0.41,59,17,29,3,0.4369114877589454,0.278091650973007,0.5740740740740741,0.0,0.15881983678593842,0.761071623838163
efficientnet_b0,gt,external_test1,108,62,46,0.5740740740740741,0.42,59,15,31,3,0.44572158365261816,0.26564495530012777,0.5740740740740741,0.0,0.1800766283524904,0.7764182424916575
efficientnet_b0,gt,external_test1,108,62,46,0.5740740740740741,0.43,58,14,32,4,0.4392462638076674,0.2527615334632879,0.5740740740740741,0.0,0.1864847303443795,0.7651386530843238
efficientnet_b0,gt,external_test1,108,62,46,0.5740740740740741,0.44,56,13,33,6,0.42394179894179895,0.23941798941798942,0.5740740740740741,0.0,0.18452380952380953,0.738479262672811
efficientnet_b0,gt,external_test1,108,62,46,0.5740740740740741,0.45,56,12,34,6,0.4276094276094276,0.22558922558922562,0.5740740740740741,0.0,0.202020202020202,0.7448680351906158
efficientnet_b0,gt,external_test1,108,62,46,0.5740740740740741,0.46,55,12,34,7,0.4146090534979424,0.2112482853223594,0.5740740740740741,0.0,0.20336076817558302,0.7222222222222223
efficientnet_b0,gt,external_test1,108,62,46,0.5740740740740741,0.47,55,11,35,7,0.41893780573025863,0.19636617749825303,0.5740740740740741,0.0,0.2225716282320056,0.7297626293365795
efficientnet_b0,gt,external_test1,108,62,46,0.5740740740740741,0.48,55,10,36,7,0.42378917378917386,0.18091168091168092,0.5740740740740741,0.0,0.24287749287749294,0.7382133995037222
efficientnet_b0,gt,external_test1,108,62,46,0.5740740740740741,0.49,53,10,36,9,0.4017792302106028,0.1648511256354394,0.5740740740740741,0.0,0.2369281045751634,0.6998734977862113
efficientnet_b0,gt,external_test1,108,62,46,0.5740740740740741,0.5,53,9,37,9,0.40740740740740744,0.14814814814814814,0.5740740740740741,0.0,0.2592592592592593,0.7096774193548387
efficientnet_b0,gt,external_test1,108,62,46,0.5740740740740741,0.51,53,8,38,9,0.4136432350718065,0.13076341647770218,0.5740740740740741,0.0,0.2828798185941043,0.7205398288347598
efficientnet_b0,gt,external_test1,108,62,46,0.5740740740740741,0.52,52,8,38,10,0.4012345679012345,0.11265432098765427,0.5740740740740741,0.0,0.28858024691358025,0.6989247311827956
efficientnet_b0,gt,external_test1,108,62,46,0.5740740740740741,0.53,52,7,39,10,0.4083924349881796,0.09377462568951922,0.5740740740740741,0.0,0.3146178092986604,0.7113932738503774
efficientnet_b0,gt,external_test1,108,62,46,0.5740740740740741,0.54,52,7,39,10,0.4053945249597423,0.07407407407407407,0.5740740740740741,0.0,0.33132045088566825,0.7061711079943899
efficientnet_b0,gt,external_test1,108,62,46,0.5740740740740741,0.55,51,7,39,11,0.39300411522633744,0.05349794238683114,0.5740740740740741,0.0,0.3395061728395063,0.6845878136200717
efficientnet_b0,gt,external_test1,108,62,46,0.5740740740740741,0.56,50,7,39,12,0.38047138047138046,0.031986531986531896,0.5740740740740741,0.0,0.34848484848484856,0.6627565982404692
efficientnet_b0,gt,external_test1,108,62,46,0.5740740740740741,0.57,49,6,40,13,0.3800602928509906,0.009474590869939847,0.5740740740740741,0.0,0.37058570198105073,0.662040510127532
efficientnet_b0,gt,external_test1,108,62,46,0.5740740740740741,0.58,46,6,40,16,0.34920634920634924,-0.014109347442680664,0.5740740740740741,0.0,0.3633156966490299,0.6082949308755761
efficientnet_b0,gt,external_test1,108,62,46,0.5740740740740741,0.59,44,6,40,18,0.3274616079494128,-0.038843721770550954,0.5740740740740741,0.0,0.36630532971996377,0.5704169944925256
efficientnet_b0,gt,external_test1,108,62,46,0.5740740740740741,0.6,43,5,41,19,0.3287037037037037,-0.06481481481481477,0.5740740740740741,0.0,0.3935185185185185,0.5725806451612904
efficientnet_b0,gt,external_test1,108,62,46,0.5740740740740741,0.61,42,4,42,20,0.3309591642924976,-0.09211775878442541,0.5740740740740741,0.0,0.423076923076923,0.576509511993383
efficientnet_b0,gt,external_test1,108,62,46,0.5740740740740741,0.62,41,4,42,21,0.31920077972709554,-0.12085769980506822,0.5740740740740741,0.0,0.44005847953216376,0.5560271646859084
efficientnet_b0,gt,external_test1,108,62,46,0.5740740740740741,0.63,40,3,43,22,0.32307307307307304,-0.1511511511511512,0.5740740740740741,0.0,0.4742242242242242,0.562772449869224
efficientnet_b0,gt,external_test1,108,62,46,0.5740740740740741,0.64,37,3,43,25,0.2932098765432099,-0.18312757201646102,0.5740740740740741,0.0,0.4763374485596709,0.5107526881720431
efficientnet_b0,gt,external_test1,108,62,46,0.5740740740740741,0.65,36,3,43,26,0.28174603174603174,-0.21693121693121709,0.5740740740740741,0.0,0.49867724867724883,0.49078341013824883
efficientnet_b0,gt,external_test1,108,62,46,0.5740740740740741,0.66,36,3,43,26,0.27941176470588236,-0.252723311546841,0.5740740740740741,0.0,0.5321350762527234,0.4867172675521822
efficientnet_b0,gt,external_test1,108,62,46,0.5740740740740741,0.67,35,3,43,27,0.2676767676767677,-0.2906846240179576,0.5740740740740741,0.0,0.5583613916947252,0.46627565982404695
efficientnet_b0,gt,external_test1,108,62,46,0.5740740740740741,0.68,35,3,43,27,0.2650462962962963,-0.3310185185185187,0.5740740740740741,0.0,0.596064814814815,0.46169354838709675
efficientnet_b0,gt,external_test1,108,62,46,0.5740740740740741,0.69,35,3,43,27,0.26224611708482676,-0.37395459976105117,0.5740740740740741,0.0,0.6362007168458779,0.45681581685744016
efficientnet_b0,gt,external_test1,108,62,46,0.5740740740740741,0.7,33,2,44,29,0.26234567901234573,-0.41975308641975295,0.5740740740740741,0.0,0.6820987654320987,0.45698924731182805
efficientnet_b0,gt,external_test1,108,62,46,0.5740740740740741,0.71,33,2,44,29,0.2602171136653896,-0.46871008939974457,0.5740740740740741,0.0,0.7289272030651341,0.45328142380422703
efficientnet_b0,gt,external_test1,108,62,46,0.5740740740740741,0.72,31,2,44,31,0.23941798941798942,-0.521164021164021,0.5740740740740741,0.0,0.7605820105820105,0.41705069124423966
efficientnet_b0,gt,external_test1,108,62,46,0.5740740740740741,0.73,31,2,44,31,0.23696844993141292,-0.5775034293552811,0.5740740740740741,0.0,0.8144718792866941,0.41278375149342894
efficientnet_b0,gt,external_test1,108,62,46,0.5740740740740741,0.74,31,2,44,31,0.23433048433048434,-0.638176638176638,0.5740740740740741,0.0,0.8725071225071223,0.40818858560794047
efficientnet_b0,gt,external_test1,108,62,46,0.5740740740740741,0.75,31,2,44,31,0.23148148148148148,-0.7037037037037036,0.5740740740740741,0.0,0.9351851851851851,0.40322580645161293
efficientnet_b0,gt,external_test1,108,62,46,0.5740740740740741,0.76,30,2,44,32,0.2191358024691358,-0.7746913580246916,0.5740740740740741,0.0,0.9938271604938274,0.3817204301075269
efficientnet_b0,gt,external_test1,108,62,46,0.5740740740740741,0.77,27,1,45,35,0.21900161030595813,-0.851851851851852,0.5740740740740741,0.0,1.07085346215781,0.3814866760168303
efficientnet_b0,gt,external_test1,108,62,46,0.5740740740740741,0.78,27,1,45,35,0.21717171717171718,-0.9360269360269363,0.5740740740740741,0.0,1.1531986531986536,0.3782991202346041
efficientnet_b0,gt,external_test1,108,62,46,0.5740740740740741,0.79,25,1,45,37,0.1966490299823633,-1.028218694885362,0.5740740740740741,0.0,1.2248677248677253,0.3425499231950845
efficientnet_b0,gt,external_test1,108,62,46,0.5740740740740741,0.8,24,1,45,38,0.18518518518518517,-1.1296296296296302,0.5740740740740741,0.0,1.3148148148148153,0.3225806451612903
efficientnet_b0,gt,external_test2,94,67,27,0.7127659574468085,0.01,67,27,0,0,0.7098646034816247,0.7098646034816247,0.7127659574468085,0.0,0.0,0.9959294436906377
efficientnet_b0,gt,external_test2,94,67,27,0.7127659574468085,0.02,67,27,0,0,0.7069040382110291,0.7069040382110291,0.7127659574468085,0.0,0.0,0.9917758148035334
efficientnet_b0,gt,external_test2,94,67,27,0.7127659574468085,0.03,67,27,0,0,0.7038824303575345,0.7038824303575345,0.7127659574468085,0.0,0.0,0.9875365440837052
efficientnet_b0,gt,external_test2,94,67,27,0.7127659574468085,0.04,67,27,0,0,0.7007978723404255,0.7007978723404255,0.7127659574468085,0.0,0.0,0.9832089552238805
efficientnet_b0,gt,external_test2,94,67,27,0.7127659574468085,0.05,67,27,0,0,0.6976483762597984,0.6976483762597984,0.7127659574468085,0.0,0.0,0.9787902592301649
efficientnet_b0,gt,external_test2,94,67,27,0.7127659574468085,0.06,67,27,0,0,0.6944318696242644,0.6944318696242644,0.7127659574468085,0.0,0.0,0.9742775484280725
efficientnet_b0,gt,external_test2,94,67,27,0.7127659574468085,0.07,67,27,0,0,0.6911461908030199,0.6911461908030199,0.7127659574468085,0.0,0.0,0.9696677900818488
efficientnet_b0,gt,external_test2,94,67,27,0.7127659574468085,0.08,67,27,0,0,0.6877890841813136,0.6877890841813136,0.7127659574468085,0.0,0.0,0.9649578195976638
efficientnet_b0,gt,external_test2,94,67,27,0.7127659574468085,0.09,67,27,0,0,0.6843581949964929,0.6843581949964929,0.7127659574468085,0.0,0.0,0.9601443332786617
efficientnet_b0,gt,external_test2,94,67,27,0.7127659574468085,0.1,67,27,0,0,0.6808510638297872,0.6808510638297872,0.7127659574468085,0.0,0.0,0.9552238805970149
efficientnet_b0,gt,external_test2,94,67,27,0.7127659574468085,0.11,67,27,0,0,0.6772651207267512,0.6772651207267512,0.7127659574468085,0.0,0.0,0.9501928559449941
efficientnet_b0,gt,external_test2,94,67,27,0.7127659574468085,0.12,67,27,0,0,0.6735976789168279,0.6735976789168279,0.7127659574468085,0.0,0.0,0.9450474898236093
efficientnet_b0,gt,external_test2,94,67,27,0.7127659574468085,0.13,67,27,0,0,0.6698459280997798,0.6698459280997798,0.7127659574468085,0.0,0.0,0.9397838394235717
efficientnet_b0,gt,external_test2,94,67,27,0.7127659574468085,0.14,67,27,0,0,0.6660069272637308,0.6660069272637308,0.7127659574468085,0.0,0.0,0.9343977785491149
efficientnet_b0,gt,external_test2,94,67,27,0.7127659574468085,0.15,67,27,0,0,0.6620775969962452,0.6620775969962452,0.7127659574468085,0.0,0.0,0.9288849868305531
efficientnet_b0,gt,external_test2,94,67,27,0.7127659574468085,0.16,67,27,0,0,0.6580547112462005,0.6580547112462005,0.7127659574468085,0.0,0.0,0.9232409381663113
efficientnet_b0,gt,external_test2,94,67,27,0.7127659574468085,0.17,67,27,0,0,0.6539348884901307,0.6539348884901307,0.7127659574468085,0.0,0.0,0.9174608883294372
efficientnet_b0,gt,external_test2,94,67,27,0.7127659574468085,0.18,67,27,0,0,0.6497145822522055,0.6497145822522055,0.7127659574468085,0.0,0.0,0.9115398616672734
efficientnet_b0,gt,external_test2,94,67,27,0.7127659574468085,0.19,67,27,0,0,0.6453900709219857,0.6453900709219857,0.7127659574468085,0.0,0.0,0.9054726368159204
efficientnet_b0,gt,external_test2,94,67,27,0.7127659574468085,0.2,67,26,1,0,0.6436170212765957,0.6409574468085106,0.7127659574468085,0.0,0.0026595744680850686,0.9029850746268656
efficientnet_b0,gt,external_test2,94,67,27,0.7127659574468085,0.21,67,26,1,0,0.6392405063291139,0.6364126043630487,0.7127659574468085,0.0,0.002827901966065194,0.8968448894766673
efficientnet_b0,gt,external_test2,94,67,27,0.7127659574468085,0.22,67,26,1,0,0.6347517730496454,0.6317512274959083,0.7127659574468085,0.0,0.0030005455537370773,0.890547263681592
efficientnet_b0,gt,external_test2,94,67,27,0.7127659574468085,0.23,67,26,1,0,0.6301464492953854,0.626968775904946,0.7127659574468085,0.0,0.003177673390439395,0.8840860631905408
efficientnet_b0,gt,external_test2,94,67,27,0.7127659574468085,0.24,67,26,1,0,0.6254199328107503,0.622060470324748,0.7127659574468085,0.0,0.0033594624860022737,0.8774548311076198
efficientnet_b0,gt,external_test2,94,67,27,0.7127659574468085,0.25,67,25,2,0,0.624113475177305,0.6170212765957447,0.7127659574468085,0.0,0.007092198581560294,0.8756218905472637
efficientnet_b0,gt,external_test2,94,67,27,0.7127659574468085,0.26,67,25,2,0,0.6193214491086831,0.6118458884416331,0.7127659574468085,0.0,0.0074755606670500185,0.8688987494957644
efficientnet_b0,gt,external_test2,94,67,27,0.7127659574468085,0.27,67,25,2,0,0.6143981346546196,0.6065287088312445,0.7127659574468085,0.0,0.00786942582337502,0.8619914127990185
efficientnet_b0,gt,external_test2,94,67,27,0.7127659574468085,0.28,67,23,4,0,0.617612293144208,0.6010638297872339,0.7127659574468085,0.0,0.01654846335697402,0.8665008291873962
efficientnet_b0,gt,external_test2,94,67,27,0.7127659574468085,0.29,67,23,4,0,0.6128258915193288,0.5954450104884627,0.7127659574468085,0.0,0.017380881030866102,0.859785579146521
efficientnet_b0,gt,external_test2,94,67,27,0.7127659574468085,0.3,66,23,4,1,0.5972644376899696,0.5896656534954406,0.7127659574468085,0.0,0.007598784194528974,0.837953091684435
efficientnet_b0,gt,external_test2,94,67,27,0.7127659574468085,0.31,66,23,4,1,0.5921985815602837,0.5837187789084181,0.7127659574468085,0.0,0.008479802651865653,0.8308457711442787
efficientnet_b0,gt,external_test2,94,67,27,0.7127659574468085,0.32,66,23,4,1,0.5869837296620776,0.5775969962453066,0.7127659574468085,0.0,0.009386733416770987,0.8235294117647058
efficientnet_b0,gt,external_test2,94,67,27,0.7127659574468085,0.33,66,21,6,1,0.5920927278501111,0.5712924738012066,0.7127659574468085,0.0,0.02080025404890451,0.8306972599688127
efficientnet_b0,gt,external_test2,94,67,27,0.7127659574468085,0.34,65,21,6,2,0.5764023210831721,0.5647969052224371,0.7127659574468085,0.0,0.011605415860735047,0.8086838534599728
efficientnet_b0,gt,external_test2,94,67,27,0.7127659574468085,0.35,64,18,9,3,0.5777414075286416,0.5581014729950899,0.7127659574468085,0.0,0.019639934533551617,0.8105625717566016
efficientnet_b0,gt,external_test2,94,67,27,0.7127659574468085,0.36,64,18,9,3,0.5731382978723404,0.5511968085106382,0.7127659574468085,0.0,0.02194148936170215,0.8041044776119403
efficientnet_b0,gt,external_test2,94,67,27,0.7127659574468085,0.37,64,18,9,3,0.5683890577507599,0.5440729483282675,0.7127659574468085,0.0,0.024316109422492405,0.7974413646055437
efficientnet_b0,gt,external_test2,94,67,27,0.7127659574468085,0.38,62,17,10,5,0.5487302676733012,0.5367192862045298,0.7127659574468085,0.0,0.012010981468771442,0.7698603755416465
efficientnet_b0,gt,external_test2,94,67,27,0.7127659574468085,0.39,60,15,12,7,0.5362748517614231,0.529124520404604,0.7127659574468085,0.0,0.007150331356819084,0.7523856129190115
efficientnet_b0,gt,external_test2,94,67,27,0.7127659574468085,0.4,59,15,12,8,0.5212765957446808,0.5212765957446808,0.7127659574468085,0.0,0.0,0.7313432835820894
efficientnet_b0,gt,external_test2,94,67,27,0.7127659574468085,0.41,59,14,13,8,0.5241615578795529,0.5131626397403535,0.7127659574468085,0.0,0.010998918139199398,0.7353908423981786
efficientnet_b0,gt,external_test2,94,67,27,0.7127659574468085,0.42,58,12,15,9,0.5245781364636831,0.5047688921496698,0.7127659574468085,0.0,0.01980924431401332,0.7359752959341226
efficientnet_b0,gt,external_test2,94,67,27,0.7127659574468085,0.43,58,11,16,9,0.5287420679357969,0.49608062709966405,0.7127659574468085,0.0,0.03266144083613287,0.7418172296412674
efficientnet_b0,gt,external_test2,94,67,27,0.7127659574468085,0.44,58,11,16,9,0.5250759878419453,0.4870820668693009,0.7127659574468085,0.0,0.037993920972644424,0.7366737739872069
efficientnet_b0,gt,external_test2,94,67,27,0.7127659574468085,0.45,58,9,18,9,0.5386847195357833,0.47775628626692457,0.7127659574468085,0.0,0.06092843326885877,0.7557666214382632
efficientnet_b0,gt,external_test2,94,67,27,0.7127659574468085,0.46,58,9,18,9,0.5354609929078014,0.4680851063829787,0.7127659574468085,0.0,0.06737588652482268,0.7512437810945273
efficientnet_b0,gt,external_test2,94,67,27,0.7127659574468085,0.47,57,8,19,10,0.5309112806101968,0.458048976314733,0.7127659574468085,0.0,0.07286230429546375,0.7448606026471417
efficientnet_b0,gt,external_test2,94,67,27,0.7127659574468085,0.48,57,8,19,10,0.527823240589198,0.4476268412438625,0.7127659574468085,0.0,0.08019639934533557,0.7405281285878301
efficientnet_b0,gt,external_test2,94,67,27,0.7127659574468085,0.49,57,7,20,10,0.5348352106800167,0.43679599499374216,0.7127659574468085,0.0,0.09803921568627455,0.7503658179689787
efficientnet_b0,gt,external_test2,94,67,27,0.7127659574468085,0.5,57,7,20,10,0.5319148936170213,0.42553191489361697,0.7127659574468085,0.0,0.1063829787234043,0.746268656716418
efficientnet_b0,gt,external_test2,94,67,27,0.7127659574468085,0.51,57,7,20,10,0.5288753799392097,0.41380807642205814,0.7127659574468085,0.0,0.11506730351715161,0.7420042643923241
efficientnet_b0,gt,external_test2,94,67,27,0.7127659574468085,0.52,57,7,20,10,0.5257092198581561,0.40159574468085096,0.7127659574468085,0.0,0.12411347517730514,0.7375621890547265
efficientnet_b0,gt,external_test2,94,67,27,0.7127659574468085,0.53,56,7,20,11,0.5117700316885468,0.38886373924852863,0.7127659574468085,0.0,0.12290629244001822,0.7180057161003494
efficientnet_b0,gt,external_test2,94,67,27,0.7127659574468085,0.54,55,7,20,12,0.4976873265494912,0.3755781683626271,0.7127659574468085,0.0,0.12210915818686413,0.6982478909798833
efficientnet_b0,gt,external_test2,94,67,27,0.7127659574468085,0.55,55,6,21,12,0.5070921985815603,0.3617021276595743,0.7127659574468085,0.0,0.14539007092198597,0.7114427860696518
efficientnet_b0,gt,external_test2,94,67,27,0.7127659574468085,0.56,54,6,21,13,0.4932301740812379,0.34719535783365557,0.7127659574468085,0.0,0.14603481624758236,0.6919945725915876
efficientnet_b0,gt,external_test2,94,67,27,0.7127659574468085,0.57,52,6,21,15,0.46857991093518064,0.3320138545274617,0.7127659574468085,0.0,0.13656605640771896,0.6574106213120445
efficientnet_b0,gt,external_test2,94,67,27,0.7127659574468085,0.58,51,5,22,16,0.46909827760891587,0.3161094224924012,0.7127659574468085,0.0,0.15298885511651467,0.658137882018479
efficientnet_b0,gt,external_test2,94,67,27,0.7127659574468085,0.59,51,5,22,16,0.4660093409444732,0.29942916450441104,0.7127659574468085,0.0,0.16658017644006218,0.6538041499817983
efficientnet_b0,gt,external_test2,94,67,27,0.7127659574468085,0.6,48,5,22,19,0.4308510638297872,0.28191489361702127,0.7127659574468085,0.0,0.14893617021276595,0.6044776119402985
efficientnet_b0,gt,external_test2,94,67,27,0.7127659574468085,0.61,48,5,22,19,0.4274413529732678,0.2635024549918166,0.7127659574468085,0.0,0.16393889798145117,0.5996938384998086
efficientnet_b0,gt,external_test2,94,67,27,0.7127659574468085,0.62,46,4,23,21,0.41993281075027994,0.24412094064949602,0.7127659574468085,0.0,0.17581187010078392,0.589159465828751
efficientnet_b0,gt,external_test2,94,67,27,0.7127659574468085,0.63,45,4,23,22,0.4062679700977574,0.2236917768832662,0.7127659574468085,0.0,0.1825761932144912,0.5699878983461074
efficientnet_b0,gt,external_test2,94,67,27,0.7127659574468085,0.64,45,4,23,22,0.4030732860520095,0.202127659574468,0.7127659574468085,0.0,0.2009456264775415,0.5655058043117746
efficientnet_b0,gt,external_test2,94,67,27,0.7127659574468085,0.65,43,3,24,24,0.39817629179331304,0.1793313069908813,0.7127659574468085,0.0,0.21884498480243175,0.55863539445629
efficientnet_b0,gt,external_test2,94,67,27,0.7127659574468085,0.66,42,2,25,25,0.4055068836045056,0.15519399249061316,0.7127659574468085,0.0,0.25031289111389243,0.568920105355575
efficientnet_b0,gt,external_test2,94,67,27,0.7127659574468085,0.67,42,2,25,25,0.40361057382333976,0.12959381044487406,0.7127659574468085,0.0,0.2740167633784657,0.5662596110357304
efficientnet_b0,gt,external_test2,94,67,27,0.7127659574468085,0.68,40,2,25,27,0.3803191489361702,0.10239361702127636,0.7127659574468085,0.0,0.27792553191489383,0.5335820895522388
efficientnet_b0,gt,external_test2,94,67,27,0.7127659574468085,0.69,38,1,26,29,0.380576527110501,0.07343857240905982,0.7127659574468085,0.0,0.3071379547014412,0.5339431872893596
efficientnet_b0,gt,external_test2,94,67,27,0.7127659574468085,0.7,37,1,26,30,0.3687943262411348,0.04255319148936165,0.7127659574468085,0.0,0.32624113475177313,0.5174129353233832
efficientnet_b0,gt,external_test2,94,67,27,0.7127659574468085,0.71,37,1,26,30,0.3675715333822451,0.009537784299339713,0.7127659574468085,0.0,0.35803374908290536,0.5156973751930005
efficientnet_b0,gt,external_test2,94,67,27,0.7127659574468085,0.72,35,1,26,32,0.34498480243161095,-0.02583586626139822,0.7127659574468085,0.0,0.37082066869300917,0.48400852878464823
efficientnet_b0,gt,external_test2,94,67,27,0.7127659574468085,0.73,35,1,26,32,0.34357762017336485,-0.06382978723404253,0.7127659574468085,0.0,0.4074074074074074,0.4820342730790492
efficientnet_b0,gt,external_test2,94,67,27,0.7127659574468085,0.74,35,1,26,32,0.34206219312602293,-0.10474631751227492,0.7127659574468085,0.0,0.44680851063829785,0.47990815154994265
efficientnet_b0,gt,external_test2,94,67,27,0.7127659574468085,0.75,34,1,26,33,0.3297872340425532,-0.14893617021276606,0.7127659574468085,0.0,0.4787234042553193,0.46268656716417916
efficientnet_b0,gt,external_test2,94,67,27,0.7127659574468085,0.76,34,1,26,33,0.3280141843971631,-0.19680851063829807,0.7127659574468085,0.0,0.5248226950354612,0.4601990049751244
efficientnet_b0,gt,external_test2,94,67,27,0.7127659574468085,0.77,33,1,26,34,0.3154486586493987,-0.24884366327474583,0.7127659574468085,0.0,0.5642923219241445,0.4425697598961713
efficientnet_b0,gt,external_test2,94,67,27,0.7127659574468085,0.78,31,1,26,36,0.2920696324951644,-0.30560928433268886,0.7127659574468085,0.0,0.5976789168278532,0.40976933514246944
efficientnet_b0,gt,external_test2,94,67,27,0.7127659574468085,0.79,30,1,26,37,0.27912867274569403,-0.36778115501519804,0.7127659574468085,0.0,0.646909827760892,0.3916133617626155
efficientnet_b0,gt,external_test2,94,67,27,0.7127659574468085,0.8,29,1,26,38,0.26595744680851063,-0.4361702127659578,0.7127659574468085,0.0,0.7021276595744684,0.373134328358209
efficientnet_b0,model,train,600,352,248,0.5866666666666667,0.01,352,248,0,0,0.5824915824915825,0.5824915824915825,0.5866666666666667,0.0,0.0,0.9928833792470156
efficientnet_b0,model,train,600,352,248,0.5866666666666667,0.02,352,248,0,0,0.5782312925170068,0.5782312925170068,0.5866666666666667,0.0,0.0,0.985621521335807
efficientnet_b0,model,train,600,352,248,0.5866666666666667,0.03,352,248,0,0,0.5738831615120275,0.5738831615120275,0.5866666666666667,0.0,0.0,0.9782099343955013
efficientnet_b0,model,train,600,352,248,0.5866666666666667,0.04,352,248,0,0,0.5694444444444444,0.5694444444444444,0.5866666666666667,0.0,0.0,0.9706439393939393
efficientnet_b0,model,train,600,352,248,0.5866666666666667,0.05,352,248,0,0,0.5649122807017544,0.5649122807017544,0.5866666666666667,0.0,0.0,0.9629186602870813
efficientnet_b0,model,train,600,352,248,0.5866666666666667,0.06,352,248,0,0,0.5602836879432624,0.5602836879432624,0.5866666666666667,0.0,0.0,0.9550290135396519
efficientnet_b0,model,train,600,352,248,0.5866666666666667,0.07,352,248,0,0,0.5555555555555556,0.5555555555555556,0.5866666666666667,0.0,0.0,0.946969696969697
efficientnet_b0,model,train,600,352,248,0.5866666666666667,0.08,352,248,0,0,0.5507246376811594,0.5507246376811594,0.5866666666666667,0.0,0.0,0.9387351778656127
efficientnet_b0,model,train,600,352,248,0.5866666666666667,0.09,352,248,0,0,0.5457875457875458,0.5457875457875458,0.5866666666666667,0.0,0.0,0.9303196803196804
efficientnet_b0,model,train,600,352,248,0.5866666666666667,0.1,352,248,0,0,0.5407407407407407,0.5407407407407407,0.5866666666666667,0.0,0.0,0.9217171717171717
efficientnet_b0,model,train,600,352,248,0.5866666666666667,0.11,352,248,0,0,0.5355805243445693,0.5355805243445693,0.5866666666666667,0.0,0.0,0.9129213483146067
efficientnet_b0,model,train,600,352,248,0.5866666666666667,0.12,352,248,0,0,0.5303030303030303,0.5303030303030303,0.5866666666666667,0.0,0.0,0.9039256198347106
efficientnet_b0,model,train,600,352,248,0.5866666666666667,0.13,352,248,0,0,0.524904214559387,0.524904214559387,0.5866666666666667,0.0,0.0,0.894723092998955
efficientnet_b0,model,train,600,352,248,0.5866666666666667,0.14,352,248,0,0,0.5193798449612403,0.5193798449612403,0.5866666666666667,0.0,0.0,0.8853065539112052
efficientnet_b0,model,train,600,352,248,0.5866666666666667,0.15,352,247,1,0,0.5140196078431373,0.5137254901960784,0.5866666666666667,0.0,0.0002941176470588891,0.8761697860962567
efficientnet_b0,model,train,600,352,248,0.5866666666666667,0.16,352,243,5,0,0.5095238095238095,0.5079365079365079,0.5866666666666667,0.0,0.0015873015873015817,0.8685064935064934
efficientnet_b0,model,train,600,352,248,0.5866666666666667,0.17,352,242,6,0,0.5040562248995983,0.5020080321285141,0.5866666666666667,0.0,0.0020481927710842562,0.8591867469879517
efficientnet_b0,model,train,600,352,248,0.5866666666666667,0.18,352,242,6,0,0.49813008130081304,0.49593495934959353,0.5866666666666667,0.0,0.002195121951219514,0.8490853658536586
efficientnet_b0,model,train,600,352,248,0.5866666666666667,0.19,352,239,9,0,0.4932304526748971,0.4897119341563786,0.5866666666666667,0.0,0.003518518518518532,0.8407337261503928
efficientnet_b0,model,train,600,352,248,0.5866666666666667,0.2,352,236,12,0,0.48833333333333334,0.48333333333333334,0.5866666666666667,0.0,0.0050000000000000044,0.8323863636363636
efficientnet_b0,model,train,600,352,248,0.5866666666666667,0.21,351,235,13,1,0.48088607594936705,0.4767932489451477,0.5866666666666667,0.0,0.004092827004219368,0.8196921749136938
efficientnet_b0,model,train,600,352,248,0.5866666666666667,0.22,351,232,16,1,0.47594017094017094,0.4700854700854701,0.5866666666666667,0.0,0.005854700854700856,0.811261655011655
efficientnet_b0,model,train,600,352,248,0.5866666666666667,0.23,351,228,20,1,0.47149350649350646,0.46320346320346323,0.5866666666666667,0.0,0.008290043290043236,0.8036821133412042
efficientnet_b0,model,train,600,352,248,0.5866666666666667,0.24,350,226,22,2,0.46438596491228074,0.45614035087719296,0.5866666666666667,0.0,0.008245614035087778,0.7915669856459331
efficientnet_b0,model,train,600,352,248,0.5866666666666667,0.25,349,225,23,3,0.45666666666666667,0.4488888888888889,0.5866666666666667,0.0,0.007777777777777772,0.7784090909090909
efficientnet_b0,model,train,600,352,248,0.5866666666666667,0.26,349,222,26,3,0.45166666666666666,0.44144144144144143,0.5866666666666667,0.0,0.010225225225225232,0.7698863636363636
efficientnet_b0,model,train,600,352,248,0.5866666666666667,0.27,347,219,29,5,0.44333333333333336,0.4337899543378995,0.5866666666666667,0.0,0.009543378995433838,0.7556818181818182
efficientnet_b0,model,train,600,352,248,0.5866666666666667,0.28,345,206,42,7,0.4414814814814814,0.42592592592592593,0.5866666666666667,0.0,0.01555555555555549,0.7525252525252524
efficientnet_b0,model,train,600,352,248,0.5866666666666667,0.29,344,202,46,8,0.43582159624413147,0.4178403755868545,0.5866666666666667,0.0,0.017981220657276975,0.7428777208706786
efficientnet_b0,model,train,600,352,248,0.5866666666666667,0.3,340,197,51,12,0.42595238095238097,0.4095238095238095,0.5866666666666667,0.0,0.01642857142857146,0.7260551948051949
efficientnet_b0,model,train,600,352,248,0.5866666666666667,0.31,338,189,59,14,0.42181159420289854,0.40096618357487923,0.5866666666666667,0.0,0.020845410628019312,0.7189970355731226
efficientnet_b0,model,train,600,352,248,0.5866666666666667,0.32,337,179,69,15,0.42127450980392156,0.39215686274509803,0.5866666666666667,0.0,0.029117647058823526,0.718081550802139
efficientnet_b0,model,train,600,352,248,0.5866666666666667,0.33,336,174,74,16,0.4171641791044777,0.38308457711442784,0.5866666666666667,0.0,0.034079601990049835,0.7110753052917232
efficientnet_b0,model,train,600,352,248,0.5866666666666667,0.34,333,169,79,19,0.4098989898989899,0.3737373737373737,0.5866666666666667,0.0,0.03616161616161617,0.6986914600550964
efficientnet_b0,model,train,600,352,248,0.5866666666666667,0.35,330,158,90,22,0.4082051282051283,0.36410256410256414,0.5866666666666667,0.0,0.044102564102564135,0.695804195804196
efficientnet_b0,model,train,600,352,248,0.5866666666666667,0.36,325,151,97,27,0.40010416666666665,0.3541666666666667,0.5866666666666667,0.0,0.045937499999999964,0.6819957386363636
efficientnet_b0,model,train,600,352,248,0.5866666666666667,0.37,320,149,99,32,0.3874867724867725,0.34391534391534395,0.5866666666666667,0.0,0.04357142857142854,0.6604888167388168
efficientnet_b0,model,train,600,352,248,0.5866666666666667,0.38,317,144,104,35,0.38123655913978494,0.3333333333333333,0.5866666666666667,0.0,0.04790322580645162,0.6498350439882697
efficientnet_b0,model,train,600,352,248,0.5866666666666667,0.39,314,140,108,38,0.3741530054644808,0.3224043715846994,0.5866666666666667,0.0,0.0517486338797814,0.6377608047690014
efficientnet_b0,model,train,600,352,248,0.5866666666666667,0.4,307,136,112,45,0.36055555555555563,0.31111111111111106,0.5866666666666667,0.0,0.04944444444444457,0.6145833333333335
efficientnet_b0,model,train,600,352,248,0.5866666666666667,0.41,299,126,122,53,0.3524011299435029,0.29943502824858764,0.5866666666666667,0.0,0.05296610169491528,0.60068374422188
efficientnet_b0,model,train,600,352,248,0.5866666666666667,0.42,294,116,132,58,0.35,0.2873563218390805,0.5866666666666667,0.0,0.06264367816091948,0.5965909090909091
efficientnet_b0,model,train,600,352,248,0.5866666666666667,0.43,290,111,137,62,0.3437719298245614,0.2748538011695907,0.5866666666666667,0.0,0.06891812865497071,0.5859748803827751
efficientnet_b0,model,train,600,352,248,0.5866666666666667,0.44,284,105,143,68,0.3358333333333333,0.2619047619047619,0.5866666666666667,0.0,0.0739285714285714,0.5724431818181818
efficientnet_b0,model,train,600,352,248,0.5866666666666667,0.45,276,97,151,76,0.32772727272727276,0.24848484848484853,0.5866666666666667,0.0,0.07924242424242423,0.5586260330578513
efficientnet_b0,model,train,600,352,248,0.5866666666666667,0.46,272,90,158,80,0.32555555555555554,0.2345679012345679,0.5866666666666667,0.0,0.09098765432098765,0.5549242424242424
efficientnet_b0,model,train,600,352,248,0.5866666666666667,0.47,267,80,168,85,0.3267610062893082,0.22012578616352207,0.5866666666666667,0.0,0.10663522012578613,0.5569789879931389
efficientnet_b0,model,train,600,352,248,0.5866666666666667,0.48,255,77,171,97,0.30653846153846154,0.20512820512820518,0.5866666666666667,0.0,0.10141025641025636,0.5225087412587412
efficientnet_b0,model,train,600,352,248,0.5866666666666667,0.49,252,72,176,100,0.30470588235294116,0.18954248366013077,0.5866666666666667,0.0,0.11516339869281039,0.5193850267379679
efficientnet_b0,model,train,600,352,248,0.5866666666666667,0.5,247,70,178,105,0.29500000000000004,0.17333333333333334,0.5866666666666667,0.0,0.1216666666666667,0.5028409090909092
efficientnet_b0,model,train,600,352,248,0.5866666666666667,0.51,246,65,183,106,0.29724489795918363,0.1564625850340136,0.5866666666666667,0.0,0.14078231292517002,0.5066674397031539
efficientnet_b0,model,train,600,352,248,0.5866666666666667,0.52,240,58,190,112,0.2952777777777778,0.13888888888888884,0.5866666666666667,0.0,0.15638888888888897,0.503314393939394
efficientnet_b0,model,train,600,352,248,0.5866666666666667,0.53,234,57,191,118,0.2828723404255319,0.12056737588652477,0.5866666666666667,0.0,0.1623049645390071,0.4821687620889748
efficientnet_b0,model,train,600,352,248,0.5866666666666667,0.54,227,54,194,125,0.27268115942028986,0.10144927536231879,0.5866666666666667,0.0,0.17123188405797107,0.46479743083003955
efficientnet_b0,model,train,600,352,248,0.5866666666666667,0.55,219,48,200,133,0.2672222222222222,0.08148148148148138,0.5866666666666667,0.0,0.18574074074074082,0.4554924242424242
efficientnet_b0,model,train,600,352,248,0.5866666666666667,0.56,211,43,205,141,0.26045454545454544,0.06060606060606055,0.5866666666666667,0.0,0.1998484848484849,0.4439566115702479
efficientnet_b0,model,train,600,352,248,0.5866666666666667,0.57,207,42,206,145,0.25220930232558136,0.0387596899224808,0.5866666666666667,0.0,0.21344961240310056,0.42990221987315
efficientnet_b0,model,train,600,352,248,0.5866666666666667,0.58,205,40,208,147,0.24960317460317463,0.015873015873015928,0.5866666666666667,0.0,0.2337301587301587,0.42545995670995673
efficientnet_b0,model,train,600,352,248,0.5866666666666667,0.59,203,37,211,149,0.24959349593495933,-0.008130081300812941,0.5866666666666667,0.0,0.25772357723577227,0.4254434589800443
efficientnet_b0,model,train,600,352,248,0.5866666666666667,0.6,199,31,217,153,0.25416666666666665,-0.033333333333333215,0.5866666666666667,0.0,0.28749999999999987,0.43323863636363635
efficientnet_b0,model,train,600,352,248,0.5866666666666667,0.61,194,29,219,158,0.2477350427350427,-0.05982905982905984,0.5866666666666667,0.0,0.30756410256410255,0.42227564102564097
efficientnet_b0,model,train,600,352,248,0.5866666666666667,0.62,188,28,220,164,0.23719298245614037,-0.08771929824561397,0.5866666666666667,0.0,0.3249122807017544,0.40430622009569384
efficientnet_b0,model,train,600,352,248,0.5866666666666667,0.63,183,28,220,169,0.2255405405405405,-0.11711711711711703,0.5866666666666667,0.0,0.34265765765765754,0.38444410319410316
efficientnet_b0,model,train,600,352,248,0.5866666666666667,0.64,177,25,223,175,0.22092592592592591,-0.14814814814814814,0.5866666666666667,0.0,0.36907407407407405,0.3765782828282828
efficientnet_b0,model,train,600,352,248,0.5866666666666667,0.65,176,19,229,176,0.23452380952380952,-0.1809523809523811,0.5866666666666667,0.0,0.4154761904761906,0.3997564935064935
efficientnet_b0,model,train,600,352,248,0.5866666666666667,0.66,171,18,230,181,0.22676470588235292,-0.21568627450980404,0.5866666666666667,0.0,0.44245098039215697,0.38653074866310155
efficientnet_b0,model,train,600,352,248,0.5866666666666667,0.67,166,16,232,186,0.22252525252525251,-0.2525252525252527,0.5866666666666667,0.0,0.4750505050505052,0.3793044077134986
efficientnet_b0,model,train,600,352,248,0.5866666666666667,0.68,164,16,232,188,0.21666666666666662,-0.29166666666666685,0.5866666666666667,0.0,0.5083333333333335,0.3693181818181817
efficientnet_b0,model,train,600,352,248,0.5866666666666667,0.69,162,14,234,190,0.2180645161290323,-0.33333333333333304,0.5866666666666667,0.0,0.5513978494623654,0.37170087976539595
efficientnet_b0,model,train,600,352,248,0.5866666666666667,0.7,161,13,235,191,0.21777777777777776,-0.37777777777777766,0.5866666666666667,0.0,0.5955555555555554,0.3712121212121212
efficientnet_b0,model,train,600,352,248,0.5866666666666667,0.71,159,13,235,193,0.21195402298850577,-0.4252873563218389,0.5866666666666667,0.0,0.6372413793103446,0.3612852664576803
efficientnet_b0,model,train,600,352,248,0.5866666666666667,0.72,154,13,235,198,0.20095238095238094,-0.47619047619047605,0.5866666666666667,0.0,0.677142857142857,0.3425324675324675
efficientnet_b0,model,train,600,352,248,0.5866666666666667,0.73,150,13,235,202,0.19141975308641976,-0.5308641975308641,0.5866666666666667,0.0,0.7222839506172839,0.32628367003367004
efficientnet_b0,model,train,600,352,248,0.5866666666666667,0.74,145,13,235,207,0.18,-0.5897435897435896,0.5866666666666667,0.0,0.7697435897435896,0.3068181818181818
efficientnet_b0,model,train,600,352,248,0.5866666666666667,0.75,137,11,237,215,0.17333333333333334,-0.6533333333333333,0.5866666666666667,0.0,0.8266666666666667,0.29545454545454547
efficientnet_b0,model,train,600,352,248,0.5866666666666667,0.76,135,10,238,217,0.17222222222222222,-0.7222222222222223,0.5866666666666667,0.0,0.8944444444444446,0.2935606060606061
efficientnet_b0,model,train,600,352,248,0.5866666666666667,0.77,129,10,238,223,0.15920289855072464,-0.7971014492753623,0.5866666666666667,0.0,0.956304347826087,0.2713685770750988
efficientnet_b0,model,train,600,352,248,0.5866666666666667,0.78,127,10,238,225,0.1525757575757576,-0.8787878787878789,0.5866666666666667,0.0,1.0313636363636365,0.2600723140495868
efficientnet_b0,model,train,600,352,248,0.5866666666666667,0.79,121,9,239,231,0.14523809523809522,-0.9682539682539686,0.5866666666666667,0.0,1.1134920634920638,0.24756493506493504
efficientnet_b0,model,train,600,352,248,0.5866666666666667,0.8,117,9,239,235,0.135,-1.066666666666667,0.5866666666666667,0.0,1.201666666666667,0.23011363636363638
efficientnet_b0,model,internal_val,257,155,102,0.603112840466926,0.01,155,102,0,0,0.5991038792595212,0.5991038792595212,0.603112840466926,0.0,0.0,0.9933528836754643
efficientnet_b0,model,internal_val,257,155,102,0.603112840466926,0.02,155,102,0,0,0.5950131025172715,0.5950131025172715,0.603112840466926,0.0,0.0,0.9865701119157341
efficientnet_b0,model,internal_val,257,155,102,0.603112840466926,0.03,155,102,0,0,0.5908379798628104,0.5908379798628104,0.603112840466926,0.0,0.0,0.9796474891918857
efficientnet_b0,model,internal_val,257,155,102,0.603112840466926,0.04,155,102,0,0,0.5865758754863812,0.5865758754863812,0.603112840466926,0.0,0.0,0.9725806451612903
efficientnet_b0,model,internal_val,257,155,102,0.603112840466926,0.05,155,102,0,0,0.5822240425967643,0.5822240425967642,0.603112840466926,0.0,1.1102230246251565e-16,0.9653650254668931
efficientnet_b0,model,internal_val,257,155,102,0.603112840466926,0.06,155,102,0,0,0.5777796175180064,0.5777796175180064,0.603112840466926,0.0,0.0,0.9579958819492107
efficientnet_b0,model,internal_val,257,155,102,0.603112840466926,0.07,155,102,0,0,0.5732396134052968,0.5732396134052968,0.603112840466926,0.0,0.0,0.9504682622268471
efficientnet_b0,model,internal_val,257,155,102,0.603112840466926,0.08,155,102,0,0,0.5686009135510066,0.5686009135510066,0.603112840466926,0.0,0.0,0.9427769985974755
efficientnet_b0,model,internal_val,257,155,102,0.603112840466926,0.09,155,102,0,0,0.5638602642493693,0.5638602642493693,0.603112840466926,0.0,0.0,0.9349166962070188
efficientnet_b0,model,internal_val,257,155,102,0.603112840466926,0.1,155,102,0,0,0.5590142671854734,0.5590142671854734,0.603112840466926,0.0,0.0,0.9268817204301076
efficientnet_b0,model,internal_val,257,155,102,0.603112840466926,0.11,155,102,0,0,0.5540593713111529,0.5540593713111528,0.603112840466926,0.0,1.1102230246251565e-16,0.9186661833997826
efficientnet_b0,model,internal_val,257,155,102,0.603112840466926,0.12,155,102,0,0,0.5489918641669614,0.5489918641669614,0.603112840466926,0.0,0.0,0.9102639296187683
efficientnet_b0,model,internal_val,257,155,102,0.603112840466926,0.13,155,102,0,0,0.5438078626056622,0.5438078626056622,0.603112840466926,0.0,0.0,0.9016685205784205
efficientnet_b0,model,internal_val,257,155,102,0.603112840466926,0.14,155,102,0,0,0.5385033028685187,0.5385033028685187,0.603112840466926,0.0,0.0,0.8928732183045761
efficientnet_b0,model,internal_val,257,155,102,0.603112840466926,0.15,155,102,0,0,0.5330739299610895,0.5330739299610895,0.603112840466926,0.0,0.0,0.8838709677419355
efficientnet_b0,model,internal_val,257,155,102,0.603112840466926,0.16,155,100,2,0,0.5289975912544005,0.52751528627015,0.603112840466926,0.0,0.0014823049842505043,0.8771121351766512
efficientnet_b0,model,internal_val,257,155,102,0.603112840466926,0.17,155,100,2,0,0.5234166236932164,0.5218226993577422,0.603112840466926,0.0,0.0015939243354742283,0.8678585308977846
efficientnet_b0,model,internal_val,257,155,102,0.603112840466926,0.18,155,100,2,0,0.5176995349720034,0.5159912688621049,0.603112840466926,0.0,0.001708266109898493,0.8583792289535799
efficientnet_b0,model,internal_val,257,155,102,0.603112840466926,0.19,155,100,2,0,0.511841283566316,0.5100158524283037,0.603112840466926,0.0,0.0018254311380122568,0.8486658701712465
efficientnet_b0,model,internal_val,257,155,102,0.603112840466926,0.2,154,99,3,1,0.5029182879377432,0.5038910505836576,0.603112840466926,0.0,-0.0009727626459143934,0.8338709677419355
efficientnet_b0,model,internal_val,257,155,102,0.603112840466926,0.21,154,94,8,1,0.5019947790966852,0.49761119046446334,0.603112840466926,0.0,0.00438358863222188,0.8323397305022459
efficientnet_b0,model,internal_val,257,155,102,0.603112840466926,0.22,154,91,11,1,0.4993514915693904,0.49117030829093083,0.603112840466926,0.0,0.00818118327845957,0.8279569892473119
efficientnet_b0,model,internal_val,257,155,102,0.603112840466926,0.23,154,90,12,1,0.4946182222446814,0.4845621304765273,0.603112840466926,0.0,0.010056091768154085,0.8201089233347298
efficientnet_b0,model,internal_val,257,155,102,0.603112840466926,0.24,154,86,16,1,0.49354904771656766,0.4777800532459553,0.603112840466926,0.0,0.015768994470612363,0.8183361629881154
efficientnet_b0,model,internal_val,257,155,102,0.603112840466926,0.25,154,83,19,1,0.4915693904020752,0.4708171206225681,0.603112840466926,0.0,0.020752269779507115,0.8150537634408602
efficientnet_b0,model,internal_val,257,155,102,0.603112840466926,0.26,154,81,21,1,0.48848459354295926,0.4636660006309811,0.603112840466926,0.0,0.024818592911978132,0.8099389712292938
efficientnet_b0,model,internal_val,257,155,102,0.603112840466926,0.27,153,81,21,2,0.47875912797825276,0.45631895954373425,0.603112840466926,0.0,0.022440168434518515,0.7938135218736191
efficientnet_b0,model,internal_val,257,155,102,0.603112840466926,0.28,153,78,24,2,0.47730220492866404,0.4487678339818417,0.603112840466926,0.0,0.02853437094682232,0.7913978494623656
efficientnet_b0,model,internal_val,257,155,102,0.603112840466926,0.29,152,72,30,3,0.4770099194388119,0.44100400065764234,0.603112840466926,0.0,0.036005918781169544,0.7909132212630623
efficientnet_b0,model,internal_val,257,155,102,0.603112840466926,0.3,152,68,34,3,0.4780433574207893,0.43301834352418,0.603112840466926,0.0,0.04502501389660929,0.7926267281105991
efficientnet_b0,model,internal_val,257,155,102,0.603112840466926,0.31,152,64,38,3,0.4795578864264366,0.42480121806800875,0.603112840466926,0.0,0.05475666835842785,0.795137914913511
efficientnet_b0,model,internal_val,257,155,102,0.603112840466926,0.32,152,60,42,3,0.4815747310597391,0.41634241245136183,0.603112840466926,0.0,0.06523231860837725,0.7984819734345352
efficientnet_b0,model,internal_val,257,155,102,0.603112840466926,0.33,152,57,45,3,0.4821998954643127,0.40763110517451645,0.603112840466926,0.0,0.07456879028979624,0.7995185363505056
efficientnet_b0,model,internal_val,257,155,102,0.603112840466926,0.34,152,54,48,3,0.483197736116024,0.3986558188892818,0.603112840466926,0.0,0.0845419172267422,0.8011730205278592
efficientnet_b0,model,internal_val,257,155,102,0.603112840466926,0.35,149,52,50,6,0.47081712062256814,0.389404369949117,0.603112840466926,0.0,0.08141275067345116,0.7806451612903227
efficientnet_b0,model,internal_val,257,155,102,0.603112840466926,0.36,149,50,52,6,0.47033073929961094,0.37986381322957197,0.603112840466926,0.0,0.09046692607003898,0.7798387096774195
efficientnet_b0,model,internal_val,257,155,102,0.603112840466926,0.37,147,42,60,8,0.47600518806744485,0.37002038169353335,0.603112840466926,0.0,0.1059848063739115,0.789247311827957
efficientnet_b0,model,internal_val,257,155,102,0.603112840466926,0.38,147,36,66,8,0.4861302874356721,0.35985942010794525,0.603112840466926,0.0,0.12627086732772685,0.8060353798126951
efficientnet_b0,model,internal_val,257,155,102,0.603112840466926,0.39,147,29,73,8,0.4998405307137845,0.3493653122408623,0.603112840466926,0.0,0.15047521847292217,0.8287678476996297
efficientnet_b0,model,internal_val,257,155,102,0.603112840466926,0.4,144,25,77,11,0.49546044098573283,0.33852140077821,0.603112840466926,0.0,0.1569390402075228,0.821505376344086
efficientnet_b0,model,internal_val,257,155,102,0.603112840466926,0.41,143,21,81,12,0.4996372749455913,0.3273098990964849,0.603112840466926,0.0,0.1723273758491064,0.8284308365226901
efficientnet_b0,model,internal_val,257,155,102,0.603112840466926,0.42,142,19,83,13,0.49899369381457137,0.3157117939084932,0.603112840466926,0.0,0.18328189990607818,0.8273637374860958
efficientnet_b0,model,internal_val,257,155,102,0.603112840466926,0.43,142,18,84,13,0.4996928117960271,0.30370673766127376,0.603112840466926,0.0,0.19598607413475333,0.8285229202037353
efficientnet_b0,model,internal_val,257,155,102,0.603112840466926,0.44,139,15,87,16,0.4949972206781545,0.2912729294052251,0.603112840466926,0.0,0.2037242912729294,0.8207373271889401
efficientnet_b0,model,internal_val,257,155,102,0.603112840466926,0.45,138,14,88,17,0.4923947647683056,0.2783869826671383,0.603112840466926,0.0,0.21400778210116733,0.8164222873900294
efficientnet_b0,model,internal_val,257,155,102,0.603112840466926,0.46,137,13,89,18,0.48998414757169617,0.26502377864245563,0.603112840466926,0.0,0.22496036892924054,0.8124253285543608
efficientnet_b0,model,internal_val,257,155,102,0.603112840466926,0.47,136,12,90,19,0.48777622788341535,0.251156302767785,0.603112840466926,0.0,0.23661992511563035,0.8087644552647597
efficientnet_b0,model,internal_val,257,155,102,0.603112840466926,0.48,134,12,90,21,0.478299910206525,0.23675546243639622,0.603112840466926,0.0,0.2415444477701288,0.7930521091811416
efficientnet_b0,model,internal_val,257,155,102,0.603112840466926,0.49,132,10,92,23,0.4762340733958953,0.22178988326848248,0.603112840466926,0.0,0.2544441901274128,0.7896268184693233
efficientnet_b0,model,internal_val,257,155,102,0.603112840466926,0.5,131,8,94,24,0.47859922178988323,0.20622568093385207,0.603112840466926,0.0,0.27237354085603116,0.7935483870967742
efficientnet_b0,model,internal_val,257,155,102,0.603112840466926,0.51,129,8,94,26,0.4695465734932105,0.19002620503454293,0.603112840466926,0.0,0.27952036845866757,0.7785385121790652
efficientnet_b0,model,internal_val,257,155,102,0.603112840466926,0.52,128,7,95,27,0.4685473411154345,0.17315175097276253,0.603112840466926,0.0,0.29539559014267197,0.7768817204301076
efficientnet_b0,model,internal_val,257,155,102,0.603112840466926,0.53,122,7,95,33,0.44399370808841787,0.15555923503601277,0.603112840466926,0.0,0.2884344730524051,0.7361702127659574
efficientnet_b0,model,internal_val,257,155,102,0.603112840466926,0.54,121,5,97,34,0.4479783454576214,0.13720182710201306,0.603112840466926,0.0,0.3107765183556083,0.7427769985974755
efficientnet_b0,model,internal_val,257,155,102,0.603112840466926,0.55,120,5,97,35,0.44314742758322523,0.11802853437094663,0.603112840466926,0.0,0.3251188932122786,0.7347670250896058
efficientnet_b0,model,internal_val,257,155,102,0.603112840466926,0.56,117,5,97,38,0.4304916873010258,0.09798372833392277,0.603112840466926,0.0,0.33250795896710306,0.7137829912023461
efficientnet_b0,model,internal_val,257,155,102,0.603112840466926,0.57,113,5,97,42,0.4138991946430187,0.07700660573703744,0.603112840466926,0.0,0.3368925889059813,0.686271567891973
efficientnet_b0,model,internal_val,257,155,102,0.603112840466926,0.58,110,5,97,45,0.4011487863627941,0.05503057254030019,0.603112840466926,0.0,0.3461182138224939,0.6651305683563747
efficientnet_b0,model,internal_val,257,155,102,0.603112840466926,0.59,110,4,98,45,0.40561829742811045,0.03198253772421,0.603112840466926,0.0,0.37363575970390045,0.6725413060582219
efficientnet_b0,model,internal_val,257,155,102,0.603112840466926,0.6,109,4,98,46,0.40077821011673154,0.0077821011673151474,0.603112840466926,0.0,0.3929961089494164,0.6645161290322581
efficientnet_b0,model,internal_val,257,155,102,0.603112840466926,0.61,107,3,99,48,0.39808440586650706,-0.01765938341813833,0.603112840466926,0.0,0.4157437892846454,0.6600496277915634
efficientnet_b0,model,internal_val,257,155,102,0.603112840466926,0.62,105,3,99,50,0.38951464263772273,-0.04443989350808941,0.603112840466926,0.0,0.43395453614581214,0.6458404074702887
efficientnet_b0,model,internal_val,257,155,102,0.603112840466926,0.63,102,3,99,53,0.3770112524976338,-0.07266799873803775,0.603112840466926,0.0,0.44967925123567154,0.6251089799476897
efficientnet_b0,model,internal_val,257,155,102,0.603112840466926,0.64,97,1,101,58,0.3705144833549503,-0.10246433203631666,0.603112840466926,0.0,0.47297881539126696,0.6143369175627241
efficientnet_b0,model,internal_val,257,155,102,0.603112840466926,0.65,94,1,101,61,0.358532518065592,-0.13396331295164,0.603112840466926,0.0,0.492495831017232,0.5944700460829494
efficientnet_b0,model,internal_val,257,155,102,0.603112840466926,0.66,92,1,101,63,0.3504234378576333,-0.16731517509727645,0.603112840466926,0.0,0.5177386129549097,0.5810246679316888
efficientnet_b0,model,internal_val,257,155,102,0.603112840466926,0.67,89,1,101,66,0.3384034901544629,-0.20268836222143638,0.603112840466926,0.0,0.5410918523758993,0.5610948191593353
efficientnet_b0,model,internal_val,257,155,102,0.603112840466926,0.68,87,1,101,68,0.33025291828793774,-0.2402723735408563,0.603112840466926,0.0,0.570525291828794,0.5475806451612903
efficientnet_b0,model,internal_val,257,155,102,0.603112840466926,0.69,85,0,102,70,0.33073929961089493,-0.2802811597841093,0.603112840466926,0.0,0.6110204593950042,0.5483870967741936
efficientnet_b0,model,internal_val,257,155,102,0.603112840466926,0.7,82,0,102,73,0.31906614785992216,-0.32295719844357973,0.603112840466926,0.0,0.6420233463035019,0.5290322580645161
efficientnet_b0,model,internal_val,257,155,102,0.603112840466926,0.71,82,0,102,73,0.31906614785992216,-0.3685764121830136,0.603112840466926,0.0,0.6876425600429358,0.5290322580645161
efficientnet_b0,model,internal_val,257,155,102,0.603112840466926,0.72,80,0,102,75,0.311284046692607,-0.4174541411895497,0.603112840466926,0.0,0.7287381878821567,0.5161290322580645
efficientnet_b0,model,internal_val,257,155,102,0.603112840466926,0.73,76,0,102,79,0.29571984435797666,-0.4699524427150886,0.603112840466926,0.0,0.7656722870730652,0.4903225806451613
efficientnet_b0,model,internal_val,257,155,102,0.603112840466926,0.74,71,0,102,84,0.27626459143968873,-0.5264890751272074,0.603112840466926,0.0,0.8027536665668962,0.4580645161290323
efficientnet_b0,model,internal_val,257,155,102,0.603112840466926,0.75,69,0,102,86,0.26848249027237353,-0.587548638132296,0.603112840466926,0.0,0.8560311284046696,0.44516129032258067
efficientnet_b0,model,internal_val,257,155,102,0.603112840466926,0.76,67,0,102,88,0.2607003891050584,-0.6536964980544749,0.603112840466926,0.0,0.9143968871595334,0.4322580645161291
efficientnet_b0,model,internal_val,257,155,102,0.603112840466926,0.77,65,0,102,90,0.2529182879377432,-0.7255963457959739,0.603112840466926,0.0,0.978514633733717,0.41935483870967744
efficientnet_b0,model,internal_val,257,155,102,0.603112840466926,0.78,61,0,102,94,0.23735408560311283,-0.8040325433321546,0.603112840466926,0.0,1.0413866289352673,0.3935483870967742
efficientnet_b0,model,internal_val,257,155,102,0.603112840466926,0.79,57,0,102,98,0.22178988326848248,-0.8899388549194002,0.603112840466926,0.0,1.1117287381878826,0.36774193548387096
efficientnet_b0,model,internal_val,257,155,102,0.603112840466926,0.8,55,0,102,100,0.2140077821011673,-0.9844357976653703,0.603112840466926,0.0,1.1984435797665376,0.3548387096774194
efficientnet_b0,model,external_test1,108,62,46,0.5740740740740741,0.01,62,46,0,0,0.5697717919940142,0.5697717919940142,0.5740740740740741,0.0,0.0,0.9925057021831215
efficientnet_b0,model,external_test1,108,62,46,0.5740740740740741,0.02,62,46,0,0,0.5653817082388511,0.5653817082388511,0.5740740740740741,0.0,0.0,0.9848584595128375
efficientnet_b0,model,external_test1,108,62,46,0.5740740740740741,0.03,62,46,0,0,0.5609011072928599,0.5609011072928599,0.5740740740740741,0.0,0.0,0.9770535417359495
efficientnet_b0,model,external_test1,108,62,46,0.5740740740740741,0.04,62,46,0,0,0.5563271604938271,0.5563271604938271,0.5740740740740741,0.0,0.0,0.9690860215053763
efficientnet_b0,model,external_test1,108,62,46,0.5740740740740741,0.05,62,46,0,0,0.5516569200779727,0.5516569200779727,0.5740740740740741,0.0,0.0,0.9609507640067912
efficientnet_b0,model,external_test1,108,62,46,0.5740740740740741,0.06,62,46,0,0,0.5468873128447597,0.5468873128447597,0.5740740740740741,0.0,0.0,0.9526424159231297
efficientnet_b0,model,external_test1,108,62,46,0.5740740740740741,0.07,62,46,0,0,0.5420151334129829,0.5420151334129829,0.5740740740740741,0.0,0.0,0.9441553936871315
efficientnet_b0,model,external_test1,108,62,46,0.5740740740740741,0.08,62,46,0,0,0.537037037037037,0.537037037037037,0.5740740740740741,0.0,0.0,0.9354838709677419
efficientnet_b0,model,external_test1,108,62,46,0.5740740740740741,0.09,62,46,0,0,0.531949531949532,0.531949531949532,0.5740740740740741,0.0,0.0,0.9266217653314428
efficientnet_b0,model,external_test1,108,62,46,0.5740740740740741,0.1,62,46,0,0,0.5267489711934157,0.5267489711934157,0.5740740740740741,0.0,0.0,0.917562724014337
efficientnet_b0,model,external_test1,108,62,46,0.5740740740740741,0.11,62,46,0,0,0.521431543903454,0.521431543903454,0.5740740740740741,0.0,0.0,0.908300108735049
efficientnet_b0,model,external_test1,108,62,46,0.5740740740740741,0.12,62,46,0,0,0.515993265993266,0.515993265993266,0.5740740740740741,0.0,0.0,0.8988269794721407
efficientnet_b0,model,external_test1,108,62,46,0.5740740740740741,0.13,62,46,0,0,0.5104299702000852,0.5104299702000852,0.5740740740740741,0.0,0.0,0.889136077122729
efficientnet_b0,model,external_test1,108,62,46,0.5740740740740741,0.14,62,46,0,0,0.5047372954349698,0.5047372954349698,0.5740740740740741,0.0,0.0,0.8792198049512377
efficientnet_b0,model,external_test1,108,62,46,0.5740740740740741,0.15,62,46,0,0,0.4989106753812636,0.4989106753812636,0.5740740740740741,0.0,0.0,0.8690702087286527
efficientnet_b0,model,external_test1,108,62,46,0.5740740740740741,0.16,62,46,0,0,0.4929453262786596,0.4929453262786596,0.5740740740740741,0.0,0.0,0.858678955453149
efficientnet_b0,model,external_test1,108,62,46,0.5740740740740741,0.17,62,46,0,0,0.4868362338241856,0.4868362338241856,0.5740740740740741,0.0,0.0,0.8480373105324523
efficientnet_b0,model,external_test1,108,62,46,0.5740740740740741,0.18,62,46,0,0,0.48057813911472447,0.48057813911472447,0.5740740740740741,0.0,0.0,0.8371361132966169
efficientnet_b0,model,external_test1,108,62,46,0.5740740740740741,0.19,62,46,0,0,0.4741655235482396,0.4741655235482396,0.5740740740740741,0.0,0.0,0.8259657506969335
efficientnet_b0,model,external_test1,108,62,46,0.5740740740740741,0.2,62,43,3,0,0.47453703703703703,0.46759259259259256,0.5740740740740741,0.0,0.006944444444444475,0.8266129032258065
efficientnet_b0,model,external_test1,108,62,46,0.5740740740740741,0.21,62,42,4,0,0.4706985466479138,0.4608532583216127,0.5740740740740741,0.0,0.00984528832630105,0.819926500612495
efficientnet_b0,model,external_test1,108,62,46,0.5740740740740741,0.22,62,41,5,0,0.46699905033238365,0.45394112060778724,0.5740740740740741,0.0,0.013057929724596407,0.8134822167080231
efficientnet_b0,model,external_test1,108,62,46,0.5740740740740741,0.23,62,41,5,0,0.4606782106782107,0.44684944684944683,0.5740740740740741,0.0,0.013828763828763857,0.8024717218265606
efficientnet_b0,model,external_test1,108,62,46,0.5740740740740741,0.24,62,39,7,0,0.4600389863547758,0.4395711500974659,0.5740740740740741,0.0,0.020467836257309913,0.801358234295416
efficientnet_b0,model,external_test1,108,62,46,0.5740740740740741,0.25,62,38,8,0,0.45679012345679015,0.4320987654320988,0.5740740740740741,0.0,0.024691358024691357,0.7956989247311829
efficientnet_b0,model,external_test1,108,62,46,0.5740740740740741,0.26,61,37,9,1,0.44444444444444436,0.4244244244244244,0.5740740740740741,0.0,0.020020020020019957,0.7741935483870966
efficientnet_b0,model,external_test1,108,62,46,0.5740740740740741,0.27,61,36,10,1,0.44152714358193806,0.4165398274987316,0.5740740740740741,0.0,0.02498731608320648,0.7691117984975695
efficientnet_b0,model,external_test1,108,62,46,0.5740740740740741,0.28,61,35,11,1,0.4387860082304526,0.40843621399176955,0.5740740740740741,0.0,0.03034979423868306,0.7643369175627239
efficientnet_b0,model,external_test1,108,62,46,0.5740740740740741,0.29,61,33,13,1,0.4400104329681794,0.40010432968179444,0.5740740740740741,0.0,0.03990610328638494,0.7664697864606995
efficientnet_b0,model,external_test1,108,62,46,0.5740740740740741,0.3,61,32,14,1,0.4378306878306878,0.3915343915343915,0.5740740740740741,0.0,0.04629629629629628,0.7626728110599078
efficientnet_b0,model,external_test1,108,62,46,0.5740740740740741,0.31,61,32,14,1,0.4316961889425657,0.38271604938271603,0.5740740740740741,0.0,0.048980139559849645,0.7519869097709209
efficientnet_b0,model,external_test1,108,62,46,0.5740740740740741,0.32,61,27,19,1,0.44716775599128533,0.3736383442265795,0.5740740740740741,0.0,0.07352941176470584,0.7789373814041745
efficientnet_b0,model,external_test1,108,62,46,0.5740740740740741,0.33,61,26,20,1,0.44624101713653946,0.36428966279712544,0.5740740740740741,0.0,0.08195135433941403,0.7773230621088106
efficientnet_b0,model,external_test1,108,62,46,0.5740740740740741,0.34,61,25,21,1,0.44556677890011215,0.35465768799102126,0.5740740740740741,0.0,0.09090909090909088,0.7761485826001954
efficientnet_b0,model,external_test1,108,62,46,0.5740740740740741,0.35,61,25,21,1,0.44017094017094016,0.34472934472934474,0.5740740740740741,0.0,0.09544159544159542,0.7667493796526055
efficientnet_b0,model,external_test1,108,62,46,0.5740740740740741,0.36,61,24,22,1,0.43981481481481477,0.3344907407407407,0.5740740740740741,0.0,0.10532407407407407,0.7661290322580644
efficientnet_b0,model,external_test1,108,62,46,0.5740740740740741,0.37,60,24,22,2,0.4250440917107584,0.3239271017048795,0.5740740740740741,0.0,0.10111699000587893,0.740399385560676
efficientnet_b0,model,external_test1,108,62,46,0.5740740740740741,0.38,59,21,25,3,0.4271206690561529,0.3130227001194743,0.5740740740740741,0.0,0.11409796893667862,0.7440166493236212
efficientnet_b0,model,external_test1,108,62,46,0.5740740740740741,0.39,59,19,27,3,0.43381906496660594,0.3017607771706132,0.5740740740740741,0.0,0.1320582877959927,0.7556848228450556
efficientnet_b0,model,external_test1,108,62,46,0.5740740740740741,0.4,58,18,28,4,0.425925925925926,0.2901234567901234,0.5740740740740741,0.0,0.13580246913580257,0.7419354838709679
efficientnet_b0,model,external_test1,108,62,46,0.5740740740740741,0.41,58,18,28,4,0.4212178279974891,0.278091650973007,0.5740740740740741,0.0,0.1431261770244821,0.7337342810278842
efficientnet_b0,model,external_test1,108,62,46,0.5740740740740741,0.42,57,17,29,5,0.4137931034482759,0.26564495530012777,0.5740740740740741,0.0,0.14814814814814814,0.7208008898776419
efficientnet_b0,model,external_test1,108,62,46,0.5740740740740741,0.43,57,17,29,5,0.40903183885640026,0.2527615334632879,0.5740740740740741,0.0,0.15627030539311237,0.7125070741369554
efficientnet_b0,model,external_test1,108,62,46,0.5740740740740741,0.44,56,14,32,6,0.41666666666666663,0.23941798941798942,0.5740740740740741,0.0,0.1772486772486772,0.7258064516129031
efficientnet_b0,model,external_test1,108,62,46,0.5740740740740741,0.45,56,13,33,6,0.42003367003367004,0.22558922558922562,0.5740740740740741,0.0,0.19444444444444442,0.7316715542521994
efficientnet_b0,model,external_test1,108,62,46,0.5740740740740741,0.46,56,10,36,6,0.4396433470507544,0.2112482853223594,0.5740740740740741,0.0,0.22839506172839502,0.7658303464755077
efficientnet_b0,model,external_test1,108,62,46,0.5740740740740741,0.47,56,10,36,6,0.43640810621942694,0.19636617749825303,0.5740740740740741,0.0,0.24004192872117391,0.7601947656725502
efficientnet_b0,model,external_test1,108,62,46,0.5740740740740741,0.48,56,9,37,6,0.44159544159544156,0.18091168091168092,0.5740740740740741,0.0,0.26068376068376065,0.7692307692307692
efficientnet_b0,model,external_test1,108,62,46,0.5740740740740741,0.49,55,8,38,7,0.43809005083514896,0.1648511256354394,0.5740740740740741,0.0,0.27323892519970955,0.7631246046805821
efficientnet_b0,model,external_test1,108,62,46,0.5740740740740741,0.5,53,8,38,9,0.4166666666666667,0.14814814814814814,0.5740740740740741,0.0,0.26851851851851855,0.7258064516129032
efficientnet_b0,model,external_test1,108,62,46,0.5740740740740741,0.51,51,8,38,11,0.39512471655328796,0.13076341647770218,0.5740740740740741,0.0,0.2643613000755858,0.6882817643186306
efficientnet_b0,model,external_test1,108,62,46,0.5740740740740741,0.52,49,8,38,13,0.3734567901234568,0.11265432098765427,0.5740740740740741,0.0,0.2608024691358025,0.6505376344086021
efficientnet_b0,model,external_test1,108,62,46,0.5740740740740741,0.53,47,8,38,15,0.3516548463356974,0.09377462568951922,0.5740740740740741,0.0,0.25788022064617816,0.6125600549073438
efficientnet_b0,model,external_test1,108,62,46,0.5740740740740741,0.54,44,8,38,18,0.32045088566827695,0.07407407407407407,0.5740740740740741,0.0,0.24637681159420288,0.5582047685834501
efficientnet_b0,model,external_test1,108,62,46,0.5740740740740741,0.55,43,8,38,19,0.3076131687242798,0.05349794238683114,0.5740740740740741,0.0,0.25411522633744865,0.5358422939068099
efficientnet_b0,model,external_test1,108,62,46,0.5740740740740741,0.56,43,8,38,19,0.30387205387205385,0.031986531986531896,0.5740740740740741,0.0,0.27188552188552195,0.5293255131964809
efficientnet_b0,model,external_test1,108,62,46,0.5740740740740741,0.57,40,8,38,22,0.2721791559000861,0.009474590869939847,0.5740740740740741,0.0,0.2627045650301463,0.4741185296324081
efficientnet_b0,model,external_test1,108,62,46,0.5740740740740741,0.58,39,8,38,23,0.2588183421516755,-0.014109347442680664,0.5740740740740741,0.0,0.27292768959435615,0.45084485407066055
efficientnet_b0,model,external_test1,108,62,46,0.5740740740740741,0.59,38,8,38,24,0.24525745257452577,-0.038843721770550954,0.5740740740740741,0.0,0.28410117434507676,0.4272226593233675
efficientnet_b0,model,external_test1,108,62,46,0.5740740740740741,0.6,38,7,39,24,0.25462962962962965,-0.06481481481481477,0.5740740740740741,0.0,0.3194444444444444,0.44354838709677424
efficientnet_b0,model,external_test1,108,62,46,0.5740740740740741,0.61,37,7,39,25,0.2412155745489079,-0.09211775878442541,0.5740740740740741,0.0,0.3333333333333333,0.42018196856906537
efficientnet_b0,model,external_test1,108,62,46,0.5740740740740741,0.62,37,6,40,25,0.2519493177387915,-0.12085769980506822,0.5740740740740741,0.0,0.3728070175438597,0.4388794567062819
efficientnet_b0,model,external_test1,108,62,46,0.5740740740740741,0.63,36,6,40,26,0.23873873873873874,-0.1511511511511512,0.5740740740740741,0.0,0.38988988988988993,0.41586748038360943
efficientnet_b0,model,external_test1,108,62,46,0.5740740740740741,0.64,34,6,40,28,0.2160493827160494,-0.18312757201646102,0.5740740740740741,0.0,0.3991769547325104,0.37634408602150543
efficientnet_b0,model,external_test1,108,62,46,0.5740740740740741,0.65,33,5,41,29,0.2195767195767196,-0.21693121693121709,0.5740740740740741,0.0,0.4365079365079367,0.3824884792626728
efficientnet_b0,model,external_test1,108,62,46,0.5740740740740741,0.66,33,4,42,29,0.23366013071895425,-0.252723311546841,0.5740740740740741,0.0,0.4863834422657953,0.40702087286527516
efficientnet_b0,model,external_test1,108,62,46,0.5740740740740741,0.67,32,3,43,30,0.2398989898989899,-0.2906846240179576,0.5740740740740741,0.0,0.5305836139169475,0.41788856304985333
efficientnet_b0,model,external_test1,108,62,46,0.5740740740740741,0.68,31,2,44,31,0.24768518518518517,-0.3310185185185187,0.5740740740740741,0.0,0.5787037037037039,0.4314516129032258
efficientnet_b0,model,external_test1,108,62,46,0.5740740740740741,0.69,31,2,44,31,0.2458183990442055,-0.37395459976105117,0.5740740740740741,0.0,0.6197729988052567,0.42819979188345475
efficientnet_b0,model,external_test1,108,62,46,0.5740740740740741,0.7,30,2,44,32,0.23456790123456792,-0.41975308641975295,0.5740740740740741,0.0,0.6543209876543209,0.40860215053763443
efficientnet_b0,model,external_test1,108,62,46,0.5740740740740741,0.71,30,1,45,32,0.2551085568326948,-0.46871008939974457,0.5740740740740741,0.0,0.7238186462324394,0.4443826473859845
efficientnet_b0,model,external_test1,108,62,46,0.5740740740740741,0.72,29,1,45,33,0.24470899470899474,-0.521164021164021,0.5740740740740741,0.0,0.7658730158730158,0.4262672811059908
efficientnet_b0,model,external_test1,108,62,46,0.5740740740740741,0.73,28,1,45,34,0.23422496570644719,-0.5775034293552811,0.5740740740740741,0.0,0.8117283950617282,0.4080047789725209
efficientnet_b0,model,external_test1,108,62,46,0.5740740740740741,0.74,28,1,45,34,0.2329059829059829,-0.638176638176638,0.5740740740740741,0.0,0.8710826210826208,0.4057071960297767
efficientnet_b0,model,external_test1,108,62,46,0.5740740740740741,0.75,27,1,45,35,0.2222222222222222,-0.7037037037037036,0.5740740740740741,0.0,0.9259259259259258,0.3870967741935484
efficientnet_b0,model,external_test1,108,62,46,0.5740740740740741,0.76,27,1,45,35,0.22067901234567902,-0.7746913580246916,0.5740740740740741,0.0,0.9953703703703706,0.3844086021505376
efficientnet_b0,model,external_test1,108,62,46,0.5740740740740741,0.77,27,1,45,35,0.21900161030595813,-0.851851851851852,0.5740740740740741,0.0,1.07085346215781,0.3814866760168303
efficientnet_b0,model,external_test1,108,62,46,0.5740740740740741,0.78,23,1,45,39,0.18013468013468015,-0.9360269360269363,0.5740740740740741,0.0,1.1161616161616164,0.31378299120234604
efficientnet_b0,model,external_test1,108,62,46,0.5740740740740741,0.79,21,1,45,41,0.15961199294532627,-1.028218694885362,0.5740740740740741,0.0,1.1878306878306883,0.2780337941628264
efficientnet_b0,model,external_test1,108,62,46,0.5740740740740741,0.8,19,0,46,43,0.17592592592592593,-1.1296296296296302,0.5740740740740741,0.0,1.3055555555555562,0.3064516129032258
efficientnet_b0,model,external_test2,94,67,27,0.7127659574468085,0.01,67,27,0,0,0.7098646034816247,0.7098646034816247,0.7127659574468085,0.0,0.0,0.9959294436906377
efficientnet_b0,model,external_test2,94,67,27,0.7127659574468085,0.02,67,27,0,0,0.7069040382110291,0.7069040382110291,0.7127659574468085,0.0,0.0,0.9917758148035334
efficientnet_b0,model,external_test2,94,67,27,0.7127659574468085,0.03,67,27,0,0,0.7038824303575345,0.7038824303575345,0.7127659574468085,0.0,0.0,0.9875365440837052
efficientnet_b0,model,external_test2,94,67,27,0.7127659574468085,0.04,67,27,0,0,0.7007978723404255,0.7007978723404255,0.7127659574468085,0.0,0.0,0.9832089552238805
efficientnet_b0,model,external_test2,94,67,27,0.7127659574468085,0.05,67,27,0,0,0.6976483762597984,0.6976483762597984,0.7127659574468085,0.0,0.0,0.9787902592301649
efficientnet_b0,model,external_test2,94,67,27,0.7127659574468085,0.06,67,27,0,0,0.6944318696242644,0.6944318696242644,0.7127659574468085,0.0,0.0,0.9742775484280725
efficientnet_b0,model,external_test2,94,67,27,0.7127659574468085,0.07,67,27,0,0,0.6911461908030199,0.6911461908030199,0.7127659574468085,0.0,0.0,0.9696677900818488
efficientnet_b0,model,external_test2,94,67,27,0.7127659574468085,0.08,67,27,0,0,0.6877890841813136,0.6877890841813136,0.7127659574468085,0.0,0.0,0.9649578195976638
efficientnet_b0,model,external_test2,94,67,27,0.7127659574468085,0.09,67,27,0,0,0.6843581949964929,0.6843581949964929,0.7127659574468085,0.0,0.0,0.9601443332786617
efficientnet_b0,model,external_test2,94,67,27,0.7127659574468085,0.1,67,27,0,0,0.6808510638297872,0.6808510638297872,0.7127659574468085,0.0,0.0,0.9552238805970149
efficientnet_b0,model,external_test2,94,67,27,0.7127659574468085,0.11,67,27,0,0,0.6772651207267512,0.6772651207267512,0.7127659574468085,0.0,0.0,0.9501928559449941
efficientnet_b0,model,external_test2,94,67,27,0.7127659574468085,0.12,67,27,0,0,0.6735976789168279,0.6735976789168279,0.7127659574468085,0.0,0.0,0.9450474898236093
efficientnet_b0,model,external_test2,94,67,27,0.7127659574468085,0.13,67,27,0,0,0.6698459280997798,0.6698459280997798,0.7127659574468085,0.0,0.0,0.9397838394235717
efficientnet_b0,model,external_test2,94,67,27,0.7127659574468085,0.14,67,27,0,0,0.6660069272637308,0.6660069272637308,0.7127659574468085,0.0,0.0,0.9343977785491149
efficientnet_b0,model,external_test2,94,67,27,0.7127659574468085,0.15,67,27,0,0,0.6620775969962452,0.6620775969962452,0.7127659574468085,0.0,0.0,0.9288849868305531
efficientnet_b0,model,external_test2,94,67,27,0.7127659574468085,0.16,67,27,0,0,0.6580547112462005,0.6580547112462005,0.7127659574468085,0.0,0.0,0.9232409381663113
efficientnet_b0,model,external_test2,94,67,27,0.7127659574468085,0.17,67,27,0,0,0.6539348884901307,0.6539348884901307,0.7127659574468085,0.0,0.0,0.9174608883294372
efficientnet_b0,model,external_test2,94,67,27,0.7127659574468085,0.18,67,27,0,0,0.6497145822522055,0.6497145822522055,0.7127659574468085,0.0,0.0,0.9115398616672734
efficientnet_b0,model,external_test2,94,67,27,0.7127659574468085,0.19,67,26,1,0,0.6478854741266089,0.6453900709219857,0.7127659574468085,0.0,0.002495403204623159,0.9089736502671827
efficientnet_b0,model,external_test2,94,67,27,0.7127659574468085,0.2,67,26,1,0,0.6436170212765957,0.6409574468085106,0.7127659574468085,0.0,0.0026595744680850686,0.9029850746268656
efficientnet_b0,model,external_test2,94,67,27,0.7127659574468085,0.21,67,26,1,0,0.6392405063291139,0.6364126043630487,0.7127659574468085,0.0,0.002827901966065194,0.8968448894766673
efficientnet_b0,model,external_test2,94,67,27,0.7127659574468085,0.22,67,25,2,0,0.6377523186033824,0.6317512274959083,0.7127659574468085,0.0,0.006001091107474155,0.8947569843092231
efficientnet_b0,model,external_test2,94,67,27,0.7127659574468085,0.23,67,25,2,0,0.6333241226858248,0.626968775904946,0.7127659574468085,0.0,0.00635534678087879,0.8885442915293662
efficientnet_b0,model,external_test2,94,67,27,0.7127659574468085,0.24,67,25,2,0,0.6287793952967525,0.622060470324748,0.7127659574468085,0.0,0.006718924972004547,0.8821681068342498
efficientnet_b0,model,external_test2,94,67,27,0.7127659574468085,0.25,67,25,2,0,0.624113475177305,0.6170212765957447,0.7127659574468085,0.0,0.007092198581560294,0.8756218905472637
efficientnet_b0,model,external_test2,94,67,27,0.7127659574468085,0.26,67,25,2,0,0.6193214491086831,0.6118458884416331,0.7127659574468085,0.0,0.0074755606670500185,0.8688987494957644
efficientnet_b0,model,external_test2,94,67,27,0.7127659574468085,0.27,66,25,2,1,0.6037598367822792,0.6065287088312445,0.7127659574468085,0.0,-0.002768872048965365,0.8470660396646902
efficientnet_b0,model,external_test2,94,67,27,0.7127659574468085,0.28,66,23,4,1,0.6069739952718676,0.6010638297872339,0.7127659574468085,0.0,0.005910165484633634,0.851575456053068
efficientnet_b0,model,external_test2,94,67,27,0.7127659574468085,0.29,66,23,4,1,0.6021875936469884,0.5954450104884627,0.7127659574468085,0.0,0.006742583158525717,0.8448602060121927
efficientnet_b0,model,external_test2,94,67,27,0.7127659574468085,0.3,66,23,4,1,0.5972644376899696,0.5896656534954406,0.7127659574468085,0.0,0.007598784194528974,0.837953091684435
efficientnet_b0,model,external_test2,94,67,27,0.7127659574468085,0.31,66,23,4,1,0.5921985815602837,0.5837187789084181,0.7127659574468085,0.0,0.008479802651865653,0.8308457711442787
efficientnet_b0,model,external_test2,94,67,27,0.7127659574468085,0.32,66,22,5,1,0.5919899874843555,0.5775969962453066,0.7127659574468085,0.0,0.014392991239048913,0.8305531167690958
efficientnet_b0,model,external_test2,94,67,27,0.7127659574468085,0.33,66,21,6,1,0.5920927278501111,0.5712924738012066,0.7127659574468085,0.0,0.02080025404890451,0.8306972599688127
efficientnet_b0,model,external_test2,94,67,27,0.7127659574468085,0.34,66,21,6,1,0.5870406189555126,0.5647969052224371,0.7127659574468085,0.0,0.022243713733075543,0.8236092265943014
efficientnet_b0,model,external_test2,94,67,27,0.7127659574468085,0.35,65,21,6,2,0.5711947626841245,0.5581014729950899,0.7127659574468085,0.0,0.01309328968903456,0.8013777267508613
efficientnet_b0,model,external_test2,94,67,27,0.7127659574468085,0.36,65,19,8,2,0.5777925531914894,0.5511968085106382,0.7127659574468085,0.0,0.02659574468085113,0.810634328358209
efficientnet_b0,model,external_test2,94,67,27,0.7127659574468085,0.37,65,18,9,2,0.5790273556231004,0.5440729483282675,0.7127659574468085,0.0,0.0349544072948329,0.8123667377398722
efficientnet_b0,model,external_test2,94,67,27,0.7127659574468085,0.38,64,17,10,3,0.5700068634179821,0.5367192862045298,0.7127659574468085,0.0,0.033287577213452324,0.7997111218103033
efficientnet_b0,model,external_test2,94,67,27,0.7127659574468085,0.39,63,17,10,4,0.5545866759679107,0.529124520404604,0.7127659574468085,0.0,0.025462155563306665,0.7780768289699046
efficientnet_b0,model,external_test2,94,67,27,0.7127659574468085,0.4,63,16,11,4,0.5567375886524822,0.5212765957446808,0.7127659574468085,0.0,0.03546099290780147,0.7810945273631841
efficientnet_b0,model,external_test2,94,67,27,0.7127659574468085,0.41,62,16,11,5,0.5412910205553552,0.5131626397403535,0.7127659574468085,0.0,0.028128380815001686,0.7594232228687072
efficientnet_b0,model,external_test2,94,67,27,0.7127659574468085,0.42,60,14,13,7,0.5304475421863537,0.5047688921496698,0.7127659574468085,0.0,0.025678650036683903,0.7442099845599589
efficientnet_b0,model,external_test2,94,67,27,0.7127659574468085,0.43,59,13,14,8,0.5233296005972378,0.49608062709966405,0.7127659574468085,0.0,0.027248973497573714,0.7342236187483635
efficientnet_b0,model,external_test2,94,67,27,0.7127659574468085,0.44,58,13,14,9,0.5083586626139818,0.4870820668693009,0.7127659574468085,0.0,0.021276595744680882,0.7132196162046909
efficientnet_b0,model,external_test2,94,67,27,0.7127659574468085,0.45,57,12,15,10,0.5019342359767892,0.47775628626692457,0.7127659574468085,0.0,0.024177949709864643,0.7042062415196745
efficientnet_b0,model,external_test2,94,67,27,0.7127659574468085,0.46,57,11,16,10,0.5066981875492514,0.4680851063829787,0.7127659574468085,0.0,0.03861308116627277,0.7108899944720841
efficientnet_b0,model,external_test2,94,67,27,0.7127659574468085,0.47,57,10,17,10,0.5120433560818949,0.458048976314733,0.7127659574468085,0.0,0.05399437976716187,0.7183891861447481
efficientnet_b0,model,external_test2,94,67,27,0.7127659574468085,0.48,56,10,17,11,0.49754500818330605,0.4476268412438625,0.7127659574468085,0.0,0.049918166939443565,0.6980482204362801
efficientnet_b0,model,external_test2,94,67,27,0.7127659574468085,0.49,55,8,19,12,0.5033375052148519,0.43679599499374216,0.7127659574468085,0.0,0.06654151022110971,0.7061750073163594
efficientnet_b0,model,external_test2,94,67,27,0.7127659574468085,0.5,53,7,20,14,0.48936170212765956,0.42553191489361697,0.7127659574468085,0.0,0.06382978723404259,0.6865671641791045
efficientnet_b0,model,external_test2,94,67,27,0.7127659574468085,0.51,53,7,20,14,0.486322188449848,0.41380807642205814,0.7127659574468085,0.0,0.07251411202778985,0.6823027718550106
efficientnet_b0,model,external_test2,94,67,27,0.7127659574468085,0.52,53,7,20,14,0.4831560283687943,0.40159574468085096,0.7127659574468085,0.0,0.08156028368794332,0.6778606965174129
efficientnet_b0,model,external_test2,94,67,27,0.7127659574468085,0.53,51,7,20,16,0.4585785423268447,0.38886373924852863,0.7127659574468085,0.0,0.06971480307831607,0.6433788504287075
efficientnet_b0,model,external_test2,94,67,27,0.7127659574468085,0.54,50,6,21,17,0.4569842738205365,0.3755781683626271,0.7127659574468085,0.0,0.08140610545790944,0.6411421155094095
efficientnet_b0,model,external_test2,94,67,27,0.7127659574468085,0.55,49,5,22,18,0.4562647754137116,0.3617021276595743,0.7127659574468085,0.0,0.09456264775413725,0.6401326699834162
efficientnet_b0,model,external_test2,94,67,27,0.7127659574468085,0.56,49,5,22,18,0.45357833655706,0.34719535783365557,0.7127659574468085,0.0,0.10638297872340441,0.6363636363636365
efficientnet_b0,model,external_test2,94,67,27,0.7127659574468085,0.57,48,4,23,19,0.45423057892132607,0.3320138545274617,0.7127659574468085,0.0,0.12221672439386438,0.637278722665741
efficientnet_b0,model,external_test2,94,67,27,0.7127659574468085,0.58,47,3,24,20,0.45592705167173253,0.3161094224924012,0.7127659574468085,0.0,0.13981762917933133,0.6396588486140725
efficientnet_b0,model,external_test2,94,67,27,0.7127659574468085,0.59,47,3,24,20,0.45407368967306694,0.29942916450441104,0.7127659574468085,0.0,0.1546445251686559,0.637058609392064
efficientnet_b0,model,external_test2,94,67,27,0.7127659574468085,0.6,46,3,24,21,0.44148936170212766,0.28191489361702127,0.7127659574468085,0.0,0.1595744680851064,0.6194029850746269
efficientnet_b0,model,external_test2,94,67,27,0.7127659574468085,0.61,46,3,24,21,0.43944353518821605,0.2635024549918166,0.7127659574468085,0.0,0.17594108019639942,0.616532721010333
efficientnet_b0,model,external_test2,94,67,27,0.7127659574468085,0.62,45,3,24,22,0.4266517357222845,0.24412094064949602,0.7127659574468085,0.0,0.18253079507278847,0.5985860172820111
efficientnet_b0,model,external_test2,94,67,27,0.7127659574468085,0.63,43,2,25,24,0.4212190914318574,0.2236917768832662,0.7127659574468085,0.0,0.19752731454859118,0.590964098426785
efficientnet_b0,model,external_test2,94,67,27,0.7127659574468085,0.64,42,2,25,25,0.408983451536643,0.202127659574468,0.7127659574468085,0.0,0.20685579196217502,0.5737976782752902
efficientnet_b0,model,external_test2,94,67,27,0.7127659574468085,0.65,41,2,25,26,0.39665653495440734,0.1793313069908813,0.7127659574468085,0.0,0.21732522796352605,0.5565031982942431
efficientnet_b0,model,external_test2,94,67,27,0.7127659574468085,0.66,39,1,26,28,0.39424280350438046,0.15519399249061316,0.7127659574468085,0.0,0.2390488110137673,0.553116769095698
efficientnet_b0,model,external_test2,94,67,27,0.7127659574468085,0.67,39,1,26,28,0.39329464861379754,0.12959381044487406,0.7127659574468085,0.0,0.2637008381689235,0.5517865219357757
efficientnet_b0,model,external_test2,94,67,27,0.7127659574468085,0.68,38,1,26,29,0.3816489361702127,0.10239361702127636,0.7127659574468085,0.0,0.27925531914893637,0.5354477611940298
efficientnet_b0,model,external_test2,94,67,27,0.7127659574468085,0.69,37,1,26,30,0.3699382292381606,0.07343857240905982,0.7127659574468085,0.0,0.2964996568291008,0.5190178141550313
efficientnet_b0,model,external_test2,94,67,27,0.7127659574468085,0.7,36,1,26,31,0.35815602836879434,0.04255319148936165,0.7127659574468085,0.0,0.3156028368794327,0.5024875621890548
efficientnet_b0,model,external_test2,94,67,27,0.7127659574468085,0.71,36,1,26,31,0.35693323550990463,0.009537784299339713,0.7127659574468085,0.0,0.3473954512105649,0.5007720020586722
efficientnet_b0,model,external_test2,94,67,27,0.7127659574468085,0.72,34,1,26,33,0.33434650455927056,-0.02583586626139822,0.7127659574468085,0.0,0.3601823708206688,0.46908315565031994
efficientnet_b0,model,external_test2,94,67,27,0.7127659574468085,0.73,34,1,26,33,0.33293932230102447,-0.06382978723404253,0.7127659574468085,0.0,0.396769109535067,0.46710889994472093
efficientnet_b0,model,external_test2,94,67,27,0.7127659574468085,0.74,32,1,26,35,0.31014729950900166,-0.10474631751227492,0.7127659574468085,0.0,0.4148936170212766,0.43513203214695756
efficientnet_b0,model,external_test2,94,67,27,0.7127659574468085,0.75,30,1,26,37,0.2872340425531915,-0.14893617021276606,0.7127659574468085,0.0,0.4361702127659576,0.4029850746268657
efficientnet_b0,model,external_test2,94,67,27,0.7127659574468085,0.76,29,1,26,38,0.274822695035461,-0.19680851063829807,0.7127659574468085,0.0,0.47163120567375905,0.38557213930348255
efficientnet_b0,model,external_test2,94,67,27,0.7127659574468085,0.77,28,1,26,39,0.26225716928769655,-0.24884366327474583,0.7127659574468085,0.0,0.5111008325624424,0.36794289422452947
efficientnet_b0,model,external_test2,94,67,27,0.7127659574468085,0.78,27,1,26,40,0.24951644100580272,-0.30560928433268886,0.7127659574468085,0.0,0.5551257253384916,0.35006784260515605
efficientnet_b0,model,external_test2,94,67,27,0.7127659574468085,0.79,27,1,26,40,0.24721377912867276,-0.36778115501519804,0.7127659574468085,0.0,0.6149949341438707,0.3468372423596304
efficientnet_b0,model,external_test2,94,67,27,0.7127659574468085,0.8,27,1,26,40,0.2446808510638298,-0.4361702127659578,0.7127659574468085,0.0,0.6808510638297876,0.3432835820895523
