arch,mask_variant,split,n_total,n_malignant,n_benign,prevalence,threshold_probability_pt,tp,fp,tn,fn,net_benefit_model,net_benefit_treat_all_correct,net_benefit_treat_all_WRONG_flat_at_prevalence,net_benefit_treat_none,delta_nb_model_minus_treat_all,standardised_net_benefit_model
efficientnet_b0,gt,train,600,352,248,0.5866666666666667,0.01,352,240,8,0,0.5826262626262626,0.5824915824915825,0.5866666666666667,0.0,0.00013468013468009854,0.9931129476584022
efficientnet_b0,gt,train,600,352,248,0.5866666666666667,0.02,349,225,23,3,0.5740136054421768,0.5782312925170068,0.5866666666666667,0.0,-0.0042176870748299455,0.9784322820037105
efficientnet_b0,gt,train,600,352,248,0.5866666666666667,0.03,348,216,32,4,0.5688659793814432,0.5738831615120275,0.5866666666666667,0.0,-0.005017182130584219,0.9696579194001873
efficientnet_b0,gt,train,600,352,248,0.5866666666666667,0.04,347,211,37,5,0.5636805555555556,0.5694444444444444,0.5866666666666667,0.0,-0.005763888888888791,0.9608191287878789
efficientnet_b0,gt,train,600,352,248,0.5866666666666667,0.05,346,202,46,6,0.5589473684210526,0.5649122807017544,0.5866666666666667,0.0,-0.0059649122807017285,0.9527511961722488
efficientnet_b0,gt,train,600,352,248,0.5866666666666667,0.06,343,196,52,9,0.5508156028368795,0.5602836879432624,0.5866666666666667,0.0,-0.009468085106382973,0.9388902321083172
efficientnet_b0,gt,train,600,352,248,0.5866666666666667,0.07,341,187,61,11,0.5448745519713262,0.5555555555555556,0.5866666666666667,0.0,-0.01068100358422941,0.928763440860215
efficientnet_b0,gt,train,600,352,248,0.5866666666666667,0.08,338,179,69,14,0.5373913043478261,0.5507246376811594,0.5866666666666667,0.0,-0.013333333333333308,0.91600790513834
efficientnet_b0,gt,train,600,352,248,0.5866666666666667,0.09,337,175,73,15,0.5328205128205128,0.5457875457875458,0.5866666666666667,0.0,-0.012967032967033054,0.9082167832167831
efficientnet_b0,gt,train,600,352,248,0.5866666666666667,0.1,336,169,79,16,0.5287037037037038,0.5407407407407407,0.5866666666666667,0.0,-0.012037037037036957,0.9011994949494951
efficientnet_b0,gt,train,600,352,248,0.5866666666666667,0.11,334,165,83,18,0.5226779026217229,0.5355805243445693,0.5866666666666667,0.0,-0.012902621722846397,0.8909282431052095
efficientnet_b0,gt,train,600,352,248,0.5866666666666667,0.12,334,161,87,18,0.5200757575757575,0.5303030303030303,0.5866666666666667,0.0,-0.010227272727272751,0.8864927685950412
efficientnet_b0,gt,train,600,352,248,0.5866666666666667,0.13,333,158,90,19,0.5156513409961686,0.524904214559387,0.5866666666666667,0.0,-0.009252873563218356,0.8789511494252874
efficientnet_b0,gt,train,600,352,248,0.5866666666666667,0.14,332,156,92,20,0.5110077519379845,0.5193798449612403,0.5866666666666667,0.0,-0.008372093023255811,0.8710359408033828
efficientnet_b0,gt,train,600,352,248,0.5866666666666667,0.15,331,150,98,21,0.5075490196078432,0.5137254901960784,0.5866666666666667,0.0,-0.006176470588235228,0.8651403743315508
efficientnet_b0,gt,train,600,352,248,0.5866666666666667,0.16,329,144,104,23,0.5026190476190476,0.5079365079365079,0.5866666666666667,0.0,-0.005317460317460276,0.856737012987013
efficientnet_b0,gt,train,600,352,248,0.5866666666666667,0.17,326,142,106,26,0.494859437751004,0.5020080321285141,0.5866666666666667,0.0,-0.007148594377510087,0.8435104052573932
efficientnet_b0,gt,train,600,352,248,0.5866666666666667,0.18,325,139,109,27,0.4908130081300813,0.49593495934959353,0.5866666666666667,0.0,-0.005121951219512255,0.8366130820399112
efficientnet_b0,gt,train,600,352,248,0.5866666666666667,0.19,324,134,114,28,0.48761316872427984,0.4897119341563786,0.5866666666666667,0.0,-0.002098765432098748,0.831158810325477
efficientnet_b0,gt,train,600,352,248,0.5866666666666667,0.2,324,129,119,28,0.48625,0.48333333333333334,0.5866666666666667,0.0,0.0029166666666666785,0.8288352272727273
efficientnet_b0,gt,train,600,352,248,0.5866666666666667,0.21,323,124,124,29,0.48339662447257387,0.4767932489451477,0.5866666666666667,0.0,0.006603375527426181,0.8239715189873418
efficientnet_b0,gt,train,600,352,248,0.5866666666666667,0.22,320,120,128,32,0.4769230769230769,0.4700854700854701,0.5866666666666667,0.0,0.006837606837606813,0.8129370629370629
efficientnet_b0,gt,train,600,352,248,0.5866666666666667,0.23,318,118,130,34,0.47125541125541126,0.46320346320346323,0.5866666666666667,0.0,0.008051948051948032,0.8032762691853601
efficientnet_b0,gt,train,600,352,248,0.5866666666666667,0.24,316,115,133,36,0.4661403508771929,0.45614035087719296,0.5866666666666667,0.0,0.009999999999999953,0.7945574162679424
efficientnet_b0,gt,train,600,352,248,0.5866666666666667,0.25,315,113,135,37,0.46222222222222226,0.4488888888888889,0.5866666666666667,0.0,0.013333333333333364,0.787878787878788
efficientnet_b0,gt,train,600,352,248,0.5866666666666667,0.26,313,111,137,39,0.4566666666666666,0.44144144144144143,0.5866666666666667,0.0,0.01522522522522518,0.7784090909090908
efficientnet_b0,gt,train,600,352,248,0.5866666666666667,0.27,311,109,139,41,0.4511415525114155,0.4337899543378995,0.5866666666666667,0.0,0.017351598173516003,0.7689912826899128
efficientnet_b0,gt,train,600,352,248,0.5866666666666667,0.28,311,106,142,41,0.4496296296296296,0.42592592592592593,0.5866666666666667,0.0,0.02370370370370367,0.7664141414141413
efficientnet_b0,gt,train,600,352,248,0.5866666666666667,0.29,308,104,144,44,0.4425352112676056,0.4178403755868545,0.5866666666666667,0.0,0.024694835680751093,0.7543213828425095
efficientnet_b0,gt,train,600,352,248,0.5866666666666667,0.3,308,102,146,44,0.44047619047619047,0.4095238095238095,0.5866666666666667,0.0,0.030952380952380953,0.7508116883116883
efficientnet_b0,gt,train,600,352,248,0.5866666666666667,0.31,308,101,147,44,0.4377053140096618,0.40096618357487923,0.5866666666666667,0.0,0.03673913043478255,0.7460886034255598
efficientnet_b0,gt,train,600,352,248,0.5866666666666667,0.32,307,98,150,45,0.43480392156862746,0.39215686274509803,0.5866666666666667,0.0,0.04264705882352943,0.7411430481283423
efficientnet_b0,gt,train,600,352,248,0.5866666666666667,0.33,302,96,152,50,0.4245273631840796,0.38308457711442784,0.5866666666666667,0.0,0.04144278606965174,0.7236261872455901
efficientnet_b0,gt,train,600,352,248,0.5866666666666667,0.34,300,95,153,52,0.41843434343434344,0.3737373737373737,0.5866666666666667,0.0,0.044696969696969735,0.7132403581267218
efficientnet_b0,gt,train,600,352,248,0.5866666666666667,0.35,299,91,157,53,0.4166666666666667,0.36410256410256414,0.5866666666666667,0.0,0.052564102564102544,0.7102272727272727
efficientnet_b0,gt,train,600,352,248,0.5866666666666667,0.36,296,88,160,56,0.41083333333333333,0.3541666666666667,0.5866666666666667,0.0,0.05666666666666664,0.7002840909090909
efficientnet_b0,gt,train,600,352,248,0.5866666666666667,0.37,292,85,163,60,0.40346560846560847,0.34391534391534395,0.5866666666666667,0.0,0.05955026455026452,0.6877254689754689
efficientnet_b0,gt,train,600,352,248,0.5866666666666667,0.38,290,85,163,62,0.396505376344086,0.3333333333333333,0.5866666666666667,0.0,0.06317204301075269,0.6758614369501466
efficientnet_b0,gt,train,600,352,248,0.5866666666666667,0.39,287,84,164,65,0.38882513661202184,0.3224043715846994,0.5866666666666667,0.0,0.06642076502732241,0.6627701192250373
efficientnet_b0,gt,train,600,352,248,0.5866666666666667,0.4,287,84,164,65,0.385,0.31111111111111106,0.5866666666666667,0.0,0.07388888888888895,0.65625
efficientnet_b0,gt,train,600,352,248,0.5866666666666667,0.41,283,83,165,69,0.37553672316384185,0.29943502824858764,0.5866666666666667,0.0,0.0761016949152542,0.6401194144838214
efficientnet_b0,gt,train,600,352,248,0.5866666666666667,0.42,282,83,165,70,0.36982758620689654,0.2873563218390805,0.5866666666666667,0.0,0.08247126436781604,0.6303879310344828
efficientnet_b0,gt,train,600,352,248,0.5866666666666667,0.43,281,81,167,71,0.3664912280701754,0.2748538011695907,0.5866666666666667,0.0,0.09163742690058474,0.624700956937799
efficientnet_b0,gt,train,600,352,248,0.5866666666666667,0.44,278,80,168,74,0.35857142857142854,0.2619047619047619,0.5866666666666667,0.0,0.09666666666666662,0.6112012987012987
efficientnet_b0,gt,train,600,352,248,0.5866666666666667,0.45,277,76,172,75,0.35803030303030303,0.24848484848484853,0.5866666666666667,0.0,0.1095454545454545,0.6102789256198347
efficientnet_b0,gt,train,600,352,248,0.5866666666666667,0.46,275,75,173,77,0.35185185185185186,0.2345679012345679,0.5866666666666667,0.0,0.11728395061728397,0.5997474747474748
efficientnet_b0,gt,train,600,352,248,0.5866666666666667,0.47,274,73,175,78,0.34877358490566035,0.22012578616352207,0.5866666666666667,0.0,0.12864779874213828,0.5945004288164665
efficientnet_b0,gt,train,600,352,248,0.5866666666666667,0.48,269,72,176,83,0.3375641025641025,0.20512820512820518,0.5866666666666667,0.0,0.13243589743589734,0.5753933566433566
efficientnet_b0,gt,train,600,352,248,0.5866666666666667,0.49,268,72,176,84,0.33137254901960783,0.18954248366013077,0.5866666666666667,0.0,0.14183006535947706,0.5648395721925134
efficientnet_b0,gt,train,600,352,248,0.5866666666666667,0.5,268,72,176,84,0.32666666666666666,0.17333333333333334,0.5866666666666667,0.0,0.15333333333333332,0.5568181818181818
efficientnet_b0,gt,train,600,352,248,0.5866666666666667,0.51,267,71,177,85,0.3218367346938775,0.1564625850340136,0.5866666666666667,0.0,0.1653741496598639,0.5485853432282003
efficientnet_b0,gt,train,600,352,248,0.5866666666666667,0.52,265,69,179,87,0.3170833333333333,0.13888888888888884,0.5866666666666667,0.0,0.17819444444444443,0.5404829545454545
efficientnet_b0,gt,train,600,352,248,0.5866666666666667,0.53,262,69,179,90,0.30698581560283683,0.12056737588652477,0.5866666666666667,0.0,0.18641843971631206,0.5232712765957446
efficientnet_b0,gt,train,600,352,248,0.5866666666666667,0.54,261,68,180,91,0.30195652173913046,0.10144927536231879,0.5866666666666667,0.0,0.20050724637681167,0.5146986166007905
efficientnet_b0,gt,train,600,352,248,0.5866666666666667,0.55,257,64,184,95,0.29796296296296293,0.08148148148148138,0.5866666666666667,0.0,0.21648148148148155,0.507891414141414
efficientnet_b0,gt,train,600,352,248,0.5866666666666667,0.56,256,62,186,96,0.29515151515151516,0.06060606060606055,0.5866666666666667,0.0,0.2345454545454546,0.503099173553719
efficientnet_b0,gt,train,600,352,248,0.5866666666666667,0.57,255,61,187,97,0.2902325581395349,0.0387596899224808,0.5866666666666667,0.0,0.2514728682170541,0.4947145877378436
efficientnet_b0,gt,train,600,352,248,0.5866666666666667,0.58,254,57,191,98,0.29214285714285715,0.015873015873015928,0.5866666666666667,0.0,0.2762698412698412,0.4979707792207792
efficientnet_b0,gt,train,600,352,248,0.5866666666666667,0.59,252,54,194,100,0.2904878048780488,-0.008130081300812941,0.5866666666666667,0.0,0.29861788617886176,0.49514966740576505
efficientnet_b0,gt,train,600,352,248,0.5866666666666667,0.6,250,53,195,102,0.2841666666666667,-0.033333333333333215,0.5866666666666667,0.0,0.3174999999999999,0.484375
efficientnet_b0,gt,train,600,352,248,0.5866666666666667,0.61,250,53,195,102,0.27850427350427354,-0.05982905982905984,0.5866666666666667,0.0,0.3383333333333334,0.4747231934731935
efficientnet_b0,gt,train,600,352,248,0.5866666666666667,0.62,248,53,195,104,0.26921052631578946,-0.08771929824561397,0.5866666666666667,0.0,0.35692982456140343,0.45888157894736836
efficientnet_b0,gt,train,600,352,248,0.5866666666666667,0.63,247,51,197,105,0.266936936936937,-0.11711711711711703,0.5866666666666667,0.0,0.384054054054054,0.4550061425061426
efficientnet_b0,gt,train,600,352,248,0.5866666666666667,0.64,245,51,197,107,0.2572222222222222,-0.14814814814814814,0.5866666666666667,0.0,0.4053703703703703,0.4384469696969696
efficientnet_b0,gt,train,600,352,248,0.5866666666666667,0.65,244,49,199,108,0.255,-0.1809523809523811,0.5866666666666667,0.0,0.4359523809523811,0.43465909090909094
efficientnet_b0,gt,train,600,352,248,0.5866666666666667,0.66,242,48,200,110,0.2480392156862745,-0.21568627450980404,0.5866666666666667,0.0,0.46372549019607856,0.42279411764705876
efficientnet_b0,gt,train,600,352,248,0.5866666666666667,0.67,242,48,200,110,0.24090909090909085,-0.2525252525252527,0.5866666666666667,0.0,0.49343434343434356,0.4106404958677685
efficientnet_b0,gt,train,600,352,248,0.5866666666666667,0.68,242,46,202,110,0.24041666666666664,-0.29166666666666685,0.5866666666666667,0.0,0.5320833333333335,0.4098011363636363
efficientnet_b0,gt,train,600,352,248,0.5866666666666667,0.69,240,45,203,112,0.23306451612903234,-0.33333333333333304,0.5866666666666667,0.0,0.5663978494623654,0.39726906158357783
efficientnet_b0,gt,train,600,352,248,0.5866666666666667,0.7,238,44,204,114,0.22555555555555556,-0.37777777777777766,0.5866666666666667,0.0,0.6033333333333333,0.38446969696969696
efficientnet_b0,gt,train,600,352,248,0.5866666666666667,0.71,235,43,205,117,0.21620689655172415,-0.4252873563218389,0.5866666666666667,0.0,0.641494252873563,0.3685344827586207
efficientnet_b0,gt,train,600,352,248,0.5866666666666667,0.72,235,42,206,117,0.21166666666666667,-0.47619047619047605,0.5866666666666667,0.0,0.6878571428571427,0.36079545454545453
efficientnet_b0,gt,train,600,352,248,0.5866666666666667,0.73,233,41,207,119,0.20358024691358026,-0.5308641975308641,0.5866666666666667,0.0,0.7344444444444443,0.34701178451178455
efficientnet_b0,gt,train,600,352,248,0.5866666666666667,0.74,232,39,209,120,0.20166666666666666,-0.5897435897435896,0.5866666666666667,0.0,0.7914102564102563,0.34375
efficientnet_b0,gt,train,600,352,248,0.5866666666666667,0.75,228,36,212,124,0.2,-0.6533333333333333,0.5866666666666667,0.0,0.8533333333333333,0.34090909090909094
efficientnet_b0,gt,train,600,352,248,0.5866666666666667,0.76,225,35,213,127,0.19027777777777777,-0.7222222222222223,0.5866666666666667,0.0,0.9125000000000001,0.3243371212121212
efficientnet_b0,gt,train,600,352,248,0.5866666666666667,0.77,223,33,215,129,0.18753623188405794,-0.7971014492753623,0.5866666666666667,0.0,0.9846376811594202,0.3196640316205533
efficientnet_b0,gt,train,600,352,248,0.5866666666666667,0.78,219,33,215,133,0.16999999999999996,-0.8787878787878789,0.5866666666666667,0.0,1.0487878787878788,0.2897727272727272
efficientnet_b0,gt,train,600,352,248,0.5866666666666667,0.79,218,33,215,134,0.1564285714285714,-0.9682539682539686,0.5866666666666667,0.0,1.12468253968254,0.2666396103896103
efficientnet_b0,gt,train,600,352,248,0.5866666666666667,0.8,216,33,215,136,0.13999999999999993,-1.066666666666667,0.5866666666666667,0.0,1.206666666666667,0.2386363636363635
efficientnet_b0,gt,internal_val,257,155,102,0.603112840466926,0.01,155,98,4,0,0.5992610934245175,0.5991038792595212,0.603112840466926,0.0,0.0001572141649962555,0.9936135549038775
efficientnet_b0,gt,internal_val,257,155,102,0.603112840466926,0.02,155,95,7,0,0.5955689668863654,0.5950131025172715,0.603112840466926,0.0,0.0005558643690939391,0.9874917709019091
efficientnet_b0,gt,internal_val,257,155,102,0.603112840466926,0.03,155,90,12,0,0.5922820811103534,0.5908379798628104,0.603112840466926,0.0,0.001444101247543017,0.9820419022281344
efficientnet_b0,gt,internal_val,257,155,102,0.603112840466926,0.04,155,87,15,0,0.5890077821011673,0.5865758754863812,0.603112840466926,0.0,0.0024319066147860946,0.9766129032258065
efficientnet_b0,gt,internal_val,257,155,102,0.603112840466926,0.05,155,83,19,0,0.5861150931804219,0.5822240425967642,0.603112840466926,0.0,0.0038910505836576847,0.9718166383701189
efficientnet_b0,gt,internal_val,257,155,102,0.603112840466926,0.06,155,81,21,0,0.5829952810663134,0.5777796175180064,0.603112840466926,0.0,0.005215663548306937,0.9666437886067261
efficientnet_b0,gt,internal_val,257,155,102,0.603112840466926,0.07,154,75,27,1,0.5772561817497176,0.5732396134052968,0.603112840466926,0.0,0.004016568344420768,0.9571279916753382
efficientnet_b0,gt,internal_val,257,155,102,0.603112840466926,0.08,154,72,30,1,0.5748604297073253,0.5686009135510066,0.603112840466926,0.0,0.006259516156318701,0.953155680224404
efficientnet_b0,gt,internal_val,257,155,102,0.603112840466926,0.09,154,68,34,1,0.5730534057382306,0.5638602642493693,0.603112840466926,0.0,0.0091931414888613,0.9501595179014534
efficientnet_b0,gt,internal_val,257,155,102,0.603112840466926,0.1,154,66,36,1,0.5706874189364461,0.5590142671854734,0.603112840466926,0.0,0.011673151750972721,0.946236559139785
efficientnet_b0,gt,internal_val,257,155,102,0.603112840466926,0.11,154,65,37,1,0.5679622262055699,0.5540593713111528,0.603112840466926,0.0,0.013902854894417116,0.9417180137731063
efficientnet_b0,gt,internal_val,257,155,102,0.603112840466926,0.12,153,58,44,2,0.5645560665015918,0.5489918641669614,0.603112840466926,0.0,0.015564202334630406,0.9360703812316717
efficientnet_b0,gt,internal_val,257,155,102,0.603112840466926,0.13,152,56,46,3,0.5588800930274163,0.5438078626056622,0.603112840466926,0.0,0.015072230421754096,0.9266592510196515
efficientnet_b0,gt,internal_val,257,155,102,0.603112840466926,0.14,152,54,48,3,0.5572346393991494,0.5385033028685187,0.603112840466926,0.0,0.01873133653063075,0.9239309827456865
efficientnet_b0,gt,internal_val,257,155,102,0.603112840466926,0.15,152,52,50,3,0.5557335774776837,0.5330739299610895,0.603112840466926,0.0,0.022659647516594217,0.9214421252371917
efficientnet_b0,gt,internal_val,257,155,102,0.603112840466926,0.16,152,49,53,3,0.5551232166018158,0.52751528627015,0.603112840466926,0.0,0.027607930331665864,0.9204301075268818
efficientnet_b0,gt,internal_val,257,155,102,0.603112840466926,0.17,151,47,55,4,0.5500914162486522,0.5218226993577422,0.603112840466926,0.0,0.02826871689091004,0.9120870579090556
efficientnet_b0,gt,internal_val,257,155,102,0.603112840466926,0.18,150,45,57,5,0.545221600075923,0.5159912688621049,0.603112840466926,0.0,0.029230331213818128,0.904012588512982
efficientnet_b0,gt,internal_val,257,155,102,0.603112840466926,0.19,150,42,60,5,0.5453235336503819,0.5100158524283037,0.603112840466926,0.0,0.03530768122207817,0.9041816009557946
efficientnet_b0,gt,internal_val,257,155,102,0.603112840466926,0.2,150,39,63,5,0.5457198443579767,0.5038910505836576,0.603112840466926,0.0,0.04182879377431914,0.9048387096774195
efficientnet_b0,gt,internal_val,257,155,102,0.603112840466926,0.21,150,39,63,5,0.5433187213712259,0.49761119046446334,0.603112840466926,0.0,0.045707530906762606,0.9008574928542263
efficientnet_b0,gt,internal_val,257,155,102,0.603112840466926,0.22,149,37,65,6,0.5391599321560412,0.49117030829093083,0.603112840466926,0.0,0.047989623865110353,0.8939619520264683
efficientnet_b0,gt,internal_val,257,155,102,0.603112840466926,0.23,148,35,67,7,0.5351963211885391,0.4845621304765273,0.603112840466926,0.0,0.050634190712011806,0.8873900293255133
efficientnet_b0,gt,internal_val,257,155,102,0.603112840466926,0.24,148,32,70,7,0.536555396272783,0.4777800532459553,0.603112840466926,0.0,0.05877534302682774,0.8896434634974532
efficientnet_b0,gt,internal_val,257,155,102,0.603112840466926,0.25,148,31,71,7,0.5356679636835279,0.4708171206225681,0.603112840466926,0.0,0.06485084306095978,0.8881720430107527
efficientnet_b0,gt,internal_val,257,155,102,0.603112840466926,0.26,148,30,72,7,0.5348617099589862,0.4636660006309811,0.603112840466926,0.0,0.07119570932800506,0.8868352223190933
efficientnet_b0,gt,internal_val,257,155,102,0.603112840466926,0.27,148,30,72,7,0.5327008155215607,0.45631895954373425,0.603112840466926,0.0,0.07638185597782643,0.8832523199292974
efficientnet_b0,gt,internal_val,257,155,102,0.603112840466926,0.28,148,28,74,7,0.5335062689148292,0.4487678339818417,0.603112840466926,0.0,0.0847384349329875,0.8845878136200718
efficientnet_b0,gt,internal_val,257,155,102,0.603112840466926,0.29,148,26,76,7,0.5345536252534663,0.44100400065764234,0.603112840466926,0.0,0.09354962459582394,0.8863243980009087
efficientnet_b0,gt,internal_val,257,155,102,0.603112840466926,0.3,148,25,77,7,0.5341856586992774,0.43301834352418,0.603112840466926,0.0,0.10116731517509736,0.8857142857142858
efficientnet_b0,gt,internal_val,257,155,102,0.603112840466926,0.31,147,24,78,8,0.5300287599390966,0.42480121806800875,0.603112840466926,0.0,0.10522754187108785,0.8788218793828892
efficientnet_b0,gt,internal_val,257,155,102,0.603112840466926,0.32,147,22,80,8,0.5317006179903868,0.41634241245136183,0.603112840466926,0.0,0.11535820553902498,0.8815939278937381
efficientnet_b0,gt,internal_val,257,155,102,0.603112840466926,0.33,147,22,80,8,0.5298217085777338,0.40763110517451645,0.603112840466926,0.0,0.12219060340321736,0.8784785748675974
efficientnet_b0,gt,internal_val,257,155,102,0.603112840466926,0.34,146,20,82,9,0.5280037731399598,0.3986558188892818,0.603112840466926,0.0,0.12934795425067802,0.8754643206256109
efficientnet_b0,gt,internal_val,257,155,102,0.603112840466926,0.35,145,20,82,10,0.5222987129601916,0.389404369949117,0.603112840466926,0.0,0.1328943430110746,0.8660049627791564
efficientnet_b0,gt,internal_val,257,155,102,0.603112840466926,0.36,143,20,82,12,0.5126459143968872,0.37986381322957197,0.603112840466926,0.0,0.13278210116731526,0.8500000000000002
efficientnet_b0,gt,internal_val,257,155,102,0.603112840466926,0.37,142,20,82,13,0.50682477919832,0.37002038169353335,0.603112840466926,0.0,0.13680439750478668,0.8403481822836661
efficientnet_b0,gt,internal_val,257,155,102,0.603112840466926,0.38,142,20,82,13,0.5048324337893813,0.35985942010794525,0.603112840466926,0.0,0.144973013681436,0.8370447450572321
efficientnet_b0,gt,internal_val,257,155,102,0.603112840466926,0.39,142,19,83,13,0.5052624864451107,0.3493653122408623,0.603112840466926,0.0,0.15589717420424842,0.8377578001057643
efficientnet_b0,gt,internal_val,257,155,102,0.603112840466926,0.4,141,19,83,14,0.49935149156939046,0.33852140077821,0.603112840466926,0.0,0.16083009079118044,0.827956989247312
efficientnet_b0,gt,internal_val,257,155,102,0.603112840466926,0.41,141,18,84,14,0.4999670249950538,0.3273098990964849,0.603112840466926,0.0,0.1726571258985689,0.8289775833788957
efficientnet_b0,gt,internal_val,257,155,102,0.603112840466926,0.42,141,18,84,14,0.4979203005501141,0.3157117939084932,0.603112840466926,0.0,0.18220850664162092,0.8255839822024473
efficientnet_b0,gt,internal_val,257,155,102,0.603112840466926,0.43,141,18,84,14,0.4958017612123695,0.30370673766127376,0.603112840466926,0.0,0.19209502355109576,0.8220713073005095
efficientnet_b0,gt,internal_val,257,155,102,0.603112840466926,0.44,141,17,85,14,0.4966648137854364,0.2912729294052251,0.603112840466926,0.0,0.20539188438021133,0.8235023041474656
efficientnet_b0,gt,internal_val,257,155,102,0.603112840466926,0.45,140,17,85,15,0.4906261054120976,0.2783869826671383,0.603112840466926,0.0,0.21223912274495932,0.8134897360703812
efficientnet_b0,gt,internal_val,257,155,102,0.603112840466926,0.46,139,16,86,16,0.4878224528029975,0.26502377864245563,0.603112840466926,0.0,0.2227986741605419,0.8088410991636799
efficientnet_b0,gt,internal_val,257,155,102,0.603112840466926,0.47,139,15,87,16,0.48909771676088387,0.251156302767785,0.603112840466926,0.0,0.23794141399309887,0.8109555690809495
efficientnet_b0,gt,internal_val,257,155,102,0.603112840466926,0.48,139,14,88,16,0.4905716851242143,0.23675546243639622,0.603112840466926,0.0,0.25381622268781806,0.8133995037220844
efficientnet_b0,gt,internal_val,257,155,102,0.603112840466926,0.49,138,14,88,17,0.48462653543907835,0.22178988326848248,0.603112840466926,0.0,0.2628366521705959,0.8035420619860848
efficientnet_b0,gt,internal_val,257,155,102,0.603112840466926,0.5,137,14,88,18,0.47859922178988323,0.20622568093385207,0.603112840466926,0.0,0.27237354085603116,0.7935483870967742
efficientnet_b0,gt,internal_val,257,155,102,0.603112840466926,0.51,135,14,88,20,0.46859366314619233,0.19002620503454293,0.603112840466926,0.0,0.2785674581116494,0.7769585253456222
efficientnet_b0,gt,internal_val,257,155,102,0.603112840466926,0.52,134,12,90,21,0.47081712062256814,0.17315175097276253,0.603112840466926,0.0,0.2976653696498056,0.7806451612903227
efficientnet_b0,gt,internal_val,257,155,102,0.603112840466926,0.53,134,12,90,21,0.4687474128653034,0.15555923503601277,0.603112840466926,0.0,0.31318817782929065,0.7772134522992451
efficientnet_b0,gt,internal_val,257,155,102,0.603112840466926,0.54,134,10,92,21,0.47572322788022336,0.13720182710201306,0.603112840466926,0.0,0.3385214007782103,0.788779803646564
efficientnet_b0,gt,internal_val,257,155,102,0.603112840466926,0.55,134,10,92,21,0.47384349329874625,0.11802853437094663,0.603112840466926,0.0,0.35581495892779963,0.7856630824372761
efficientnet_b0,gt,internal_val,257,155,102,0.603112840466926,0.56,131,10,92,24,0.46020516448532006,0.09798372833392277,0.603112840466926,0.0,0.3622214361513973,0.7630498533724339
efficientnet_b0,gt,internal_val,257,155,102,0.603112840466926,0.57,131,9,93,24,0.46330648810062436,0.07700660573703744,0.603112840466926,0.0,0.3862998823635869,0.768192048012003
efficientnet_b0,gt,internal_val,257,155,102,0.603112840466926,0.58,131,9,93,24,0.46136742634797107,0.05503057254030019,0.603112840466926,0.0,0.4063368538076709,0.7649769585253456
efficientnet_b0,gt,internal_val,257,155,102,0.603112840466926,0.59,131,9,93,24,0.45933377621713956,0.03198253772421,0.603112840466926,0.0,0.42735123849292955,0.7616050354051928
efficientnet_b0,gt,internal_val,257,155,102,0.603112840466926,0.6,131,8,94,24,0.4630350194552529,0.0077821011673151474,0.603112840466926,0.0,0.45525291828793774,0.7677419354838709
efficientnet_b0,gt,internal_val,257,155,102,0.603112840466926,0.61,131,8,94,24,0.46103960889953105,-0.01765938341813833,0.603112840466926,0.0,0.4786989923176694,0.7644334160463193
efficientnet_b0,gt,internal_val,257,155,102,0.603112840466926,0.62,130,8,94,25,0.4550481261519557,-0.04443989350808941,0.603112840466926,0.0,0.49948801966004513,0.7544991511035654
efficientnet_b0,gt,internal_val,257,155,102,0.603112840466926,0.63,130,8,94,25,0.45283415711431274,-0.07266799873803775,0.603112840466926,0.0,0.5255021558523505,0.7508282476024412
efficientnet_b0,gt,internal_val,257,155,102,0.603112840466926,0.64,129,8,94,26,0.44660613921314307,-0.10246433203631666,0.603112840466926,0.0,0.5490704712494597,0.7405017921146954
efficientnet_b0,gt,internal_val,257,155,102,0.603112840466926,0.65,126,8,94,29,0.4324624791550861,-0.13396331295164,0.603112840466926,0.0,0.5664257921067262,0.7170506912442396
efficientnet_b0,gt,internal_val,257,155,102,0.603112840466926,0.66,126,7,95,29,0.43739986266880293,-0.16731517509727645,0.603112840466926,0.0,0.6047150377660794,0.725237191650854
efficientnet_b0,gt,internal_val,257,155,102,0.603112840466926,0.67,126,7,95,29,0.4349722910034194,-0.20268836222143638,0.603112840466926,0.0,0.6376606532248558,0.7212121212121212
efficientnet_b0,gt,internal_val,257,155,102,0.603112840466926,0.68,125,7,95,30,0.4285019455252918,-0.2402723735408563,0.603112840466926,0.0,0.6687743190661481,0.7104838709677419
efficientnet_b0,gt,internal_val,257,155,102,0.603112840466926,0.69,124,7,95,31,0.4218651939249404,-0.2802811597841093,0.603112840466926,0.0,0.7021463537090497,0.6994797086368366
efficientnet_b0,gt,internal_val,257,155,102,0.603112840466926,0.7,124,7,95,31,0.41893644617380027,-0.32295719844357973,0.603112840466926,0.0,0.74189364461738,0.6946236559139786
efficientnet_b0,gt,internal_val,257,155,102,0.603112840466926,0.71,123,7,95,32,0.41191466523547565,-0.3685764121830136,0.603112840466926,0.0,0.7804910774184892,0.6829810901001113
efficientnet_b0,gt,internal_val,257,155,102,0.603112840466926,0.72,123,6,96,32,0.41856586992773764,-0.4174541411895497,0.603112840466926,0.0,0.8360200111172873,0.6940092165898618
efficientnet_b0,gt,internal_val,257,155,102,0.603112840466926,0.73,122,6,96,33,0.4115866839602248,-0.4699524427150886,0.603112840466926,0.0,0.8815391266753134,0.6824372759856631
efficientnet_b0,gt,internal_val,257,155,102,0.603112840466926,0.74,120,6,96,35,0.40047889853337326,-0.5264890751272074,0.603112840466926,0.0,0.9269679736605807,0.6640198511166254
efficientnet_b0,gt,internal_val,257,155,102,0.603112840466926,0.75,119,6,96,36,0.3929961089494164,-0.587548638132296,0.603112840466926,0.0,0.9805447470817124,0.6516129032258066
efficientnet_b0,gt,internal_val,257,155,102,0.603112840466926,0.76,117,6,96,38,0.38132295719844356,-0.6536964980544749,0.603112840466926,0.0,1.0350194552529186,0.632258064516129
efficientnet_b0,gt,internal_val,257,155,102,0.603112840466926,0.77,116,6,96,39,0.3732025038064625,-0.7255963457959739,0.603112840466926,0.0,1.0987988496024363,0.6187938288920056
efficientnet_b0,gt,internal_val,257,155,102,0.603112840466926,0.78,116,6,96,39,0.36858860983374603,-0.8040325433321546,0.603112840466926,0.0,1.1726211531659005,0.6111436950146628
efficientnet_b0,gt,internal_val,257,155,102,0.603112840466926,0.79,116,6,96,39,0.36353529738743745,-0.8899388549194002,0.603112840466926,0.0,1.2534741523068376,0.6027649769585254
efficientnet_b0,gt,internal_val,257,155,102,0.603112840466926,0.8,114,6,96,41,0.35019455252918286,-0.9844357976653703,0.603112840466926,0.0,1.3346303501945531,0.5806451612903226
efficientnet_b0,gt,external_test1,108,62,46,0.5740740740740741,0.01,62,45,1,0,0.5698653198653199,0.5697717919940142,0.5740740740740741,0.0,9.352787130567641e-05,0.9926686217008798
efficientnet_b0,gt,external_test1,108,62,46,0.5740740740740741,0.02,61,41,5,1,0.5570672713529856,0.5653817082388511,0.5740740740740741,0.0,-0.008314436885865528,0.9703752468729427
efficientnet_b0,gt,external_test1,108,62,46,0.5740740740740741,0.03,61,40,6,1,0.5533600610920199,0.5609011072928599,0.5740740740740741,0.0,-0.0075410462008400625,0.9639175257731959
efficientnet_b0,gt,external_test1,108,62,46,0.5740740740740741,0.04,61,39,7,1,0.5497685185185185,0.5563271604938271,0.5740740740740741,0.0,-0.006558641975308643,0.9576612903225806
efficientnet_b0,gt,external_test1,108,62,46,0.5740740740740741,0.05,61,39,7,1,0.5458089668615984,0.5516569200779727,0.5740740740740741,0.0,-0.005847953216374324,0.9507640067911715
efficientnet_b0,gt,external_test1,108,62,46,0.5740740740740741,0.06,61,38,8,1,0.5423561859732072,0.5468873128447597,0.5740740740740741,0.0,-0.004531126871552438,0.9447494852436513
efficientnet_b0,gt,external_test1,108,62,46,0.5740740740740741,0.07,61,36,10,1,0.5397252090800477,0.5420151334129829,0.5740740740740741,0.0,-0.002289924332935178,0.9401664932362122
efficientnet_b0,gt,external_test1,108,62,46,0.5740740740740741,0.08,61,36,10,1,0.5358293075684379,0.537037037037037,0.5740740740740741,0.0,-0.0012077294685990392,0.9333800841514726
efficientnet_b0,gt,external_test1,108,62,46,0.5740740740740741,0.09,61,33,13,1,0.5345950345950345,0.531949531949532,0.5740740740740741,0.0,0.002645502645502562,0.9312300602623182
efficientnet_b0,gt,external_test1,108,62,46,0.5740740740740741,0.1,61,33,13,1,0.5308641975308641,0.5267489711934157,0.5740740740740741,0.0,0.00411522633744843,0.9247311827956988
efficientnet_b0,gt,external_test1,108,62,46,0.5740740740740741,0.11,61,33,13,1,0.5270495214315438,0.521431543903454,0.5740740740740741,0.0,0.00561797752808979,0.9180862631388182
efficientnet_b0,gt,external_test1,108,62,46,0.5740740740740741,0.12,61,31,15,1,0.5256734006734006,0.515993265993266,0.5740740740740741,0.0,0.009680134680134622,0.9156891495601173
efficientnet_b0,gt,external_test1,108,62,46,0.5740740740740741,0.13,60,30,16,2,0.5140485312899106,0.5104299702000852,0.5740740740740741,0.0,0.0036185610898253895,0.8954393770856507
efficientnet_b0,gt,external_test1,108,62,46,0.5740740740740741,0.14,60,30,16,2,0.5103359173126615,0.5047372954349698,0.5740740740740741,0.0,0.005598621877691667,0.8889722430607652
efficientnet_b0,gt,external_test1,108,62,46,0.5740740740740741,0.15,60,30,16,2,0.5065359477124183,0.4989106753812636,0.5740740740740741,0.0,0.0076252723311546755,0.8823529411764706
efficientnet_b0,gt,external_test1,108,62,46,0.5740740740740741,0.16,60,29,17,2,0.5044091710758377,0.4929453262786596,0.5740740740740741,0.0,0.011463844797178102,0.8786482334869431
efficientnet_b0,gt,external_test1,108,62,46,0.5740740740740741,0.17,60,26,20,2,0.5062472110664882,0.4868362338241856,0.5740740740740741,0.0,0.019410977242302563,0.881849980567431
efficientnet_b0,gt,external_test1,108,62,46,0.5740740740740741,0.18,60,26,20,2,0.502710027100271,0.48057813911472447,0.5740740740740741,0.0,0.02213188798554655,0.8756884343036979
efficientnet_b0,gt,external_test1,108,62,46,0.5740740740740741,0.19,60,26,20,2,0.4990855052583448,0.4741655235482396,0.5740740740740741,0.0,0.024919981710105177,0.8693747510951813
efficientnet_b0,gt,external_test1,108,62,46,0.5740740740740741,0.2,60,24,22,2,0.5,0.46759259259259256,0.5740740740740741,0.0,0.03240740740740744,0.8709677419354839
efficientnet_b0,gt,external_test1,108,62,46,0.5740740740740741,0.21,60,23,23,2,0.4989451476793249,0.4608532583216127,0.5740740740740741,0.0,0.03809188935771218,0.8691302572478563
efficientnet_b0,gt,external_test1,108,62,46,0.5740740740740741,0.22,59,22,24,3,0.48884140550807215,0.45394112060778724,0.5740740740740741,0.0,0.034900284900284906,0.8515301902398676
efficientnet_b0,gt,external_test1,108,62,46,0.5740740740740741,0.23,59,21,25,3,0.4882154882154882,0.44684944684944683,0.5740740740740741,0.0,0.041366041366041384,0.8504398826979472
efficientnet_b0,gt,external_test1,108,62,46,0.5740740740740741,0.24,59,21,25,3,0.4848927875243665,0.4395711500974659,0.5740740740740741,0.0,0.045321637426900596,0.8446519524617997
efficientnet_b0,gt,external_test1,108,62,46,0.5740740740740741,0.25,59,20,26,3,0.4845679012345679,0.4320987654320988,0.5740740740740741,0.0,0.05246913580246909,0.8440860215053764
efficientnet_b0,gt,external_test1,108,62,46,0.5740740740740741,0.26,59,20,26,3,0.48123123123123124,0.4244244244244244,0.5740740740740741,0.0,0.05680680680680683,0.8382737576285963
efficientnet_b0,gt,external_test1,108,62,46,0.5740740740740741,0.27,59,18,28,3,0.4846524606798579,0.4165398274987316,0.5740740740740741,0.0,0.06811263318112631,0.8442333186036235
efficientnet_b0,gt,external_test1,108,62,46,0.5740740740740741,0.28,59,18,28,3,0.48148148148148145,0.40843621399176955,0.5740740740740741,0.0,0.07304526748971191,0.8387096774193548
efficientnet_b0,gt,external_test1,108,62,46,0.5740740740740741,0.29,59,17,29,3,0.4820031298904538,0.40010432968179444,0.5740740740740741,0.0,0.08189880020865936,0.8396183552930485
efficientnet_b0,gt,external_test1,108,62,46,0.5740740740740741,0.3,59,17,29,3,0.47883597883597884,0.3915343915343915,0.5740740740740741,0.0,0.08730158730158732,0.8341013824884793
efficientnet_b0,gt,external_test1,108,62,46,0.5740740740740741,0.31,59,16,30,3,0.47973698336017173,0.38271604938271603,0.5740740740740741,0.0,0.0970209339774557,0.8356708742402992
efficientnet_b0,gt,external_test1,108,62,46,0.5740740740740741,0.32,59,15,31,3,0.4809368191721133,0.3736383442265795,0.5740740740740741,0.0,0.1072984749455338,0.8377609108159393
efficientnet_b0,gt,external_test1,108,62,46,0.5740740740740741,0.33,58,15,31,4,0.4686290768380321,0.36428966279712544,0.5740740740740741,0.0,0.10433941404090669,0.8163216177178624
efficientnet_b0,gt,external_test1,108,62,46,0.5740740740740741,0.34,58,15,31,4,0.4654882154882155,0.35465768799102126,0.5740740740740741,0.0,0.11083052749719424,0.810850439882698
efficientnet_b0,gt,external_test1,108,62,46,0.5740740740740741,0.35,58,14,32,4,0.4672364672364673,0.34472934472934474,0.5740740740740741,0.0,0.12250712250712253,0.8138957816377173
efficientnet_b0,gt,external_test1,108,62,46,0.5740740740740741,0.36,57,14,32,5,0.45486111111111116,0.3344907407407407,0.5740740740740741,0.0,0.12037037037037046,0.7923387096774195
efficientnet_b0,gt,external_test1,108,62,46,0.5740740740740741,0.37,57,14,32,5,0.45164609053497945,0.3239271017048795,0.5740740740740741,0.0,0.12771898883009997,0.7867383512544803
efficientnet_b0,gt,external_test1,108,62,46,0.5740740740740741,0.38,57,13,33,5,0.4540023894862605,0.3130227001194743,0.5740740740740741,0.0,0.14097968936678618,0.7908428720083247
efficientnet_b0,gt,external_test1,108,62,46,0.5740740740740741,0.39,56,13,33,6,0.44156041287188824,0.3017607771706132,0.5740740740740741,0.0,0.13979963570127502,0.7691697514542569
efficientnet_b0,gt,external_test1,108,62,46,0.5740740740740741,0.4,56,12,34,6,0.4444444444444444,0.2901234567901234,0.5740740740740741,0.0,0.154320987654321,0.7741935483870968
efficientnet_b0,gt,external_test1,108,62,46,0.5740740740740741,0.41,56,12,34,6,0.44130571249215317,0.278091650973007,0.5740740740740741,0.0,0.1632140615191462,0.768726079825041
efficientnet_b0,gt,external_test1,108,62,46,0.5740740740740741,0.42,56,12,34,6,0.43805874840357595,0.26564495530012777,0.5740740740740741,0.0,0.17241379310344818,0.7630700778642936
efficientnet_b0,gt,external_test1,108,62,46,0.5740740740740741,0.43,56,12,34,6,0.4346978557504873,0.2527615334632879,0.5740740740740741,0.0,0.18193632228719941,0.7572156196943972
efficientnet_b0,gt,external_test1,108,62,46,0.5740740740740741,0.44,56,12,34,6,0.43121693121693117,0.23941798941798942,0.5740740740740741,0.0,0.19179894179894175,0.7511520737327189
efficientnet_b0,gt,external_test1,108,62,46,0.5740740740740741,0.45,55,12,34,7,0.4183501683501684,0.22558922558922562,0.5740740740740741,0.0,0.1927609427609428,0.7287390029325514
efficientnet_b0,gt,external_test1,108,62,46,0.5740740740740741,0.46,55,12,34,7,0.4146090534979424,0.2112482853223594,0.5740740740740741,0.0,0.20336076817558302,0.7222222222222223
efficientnet_b0,gt,external_test1,108,62,46,0.5740740740740741,0.47,55,12,34,7,0.41072676450034945,0.19636617749825303,0.5740740740740741,0.0,0.21436058700209643,0.7154595252586733
efficientnet_b0,gt,external_test1,108,62,46,0.5740740740740741,0.48,55,11,35,7,0.4152421652421653,0.18091168091168092,0.5740740740740741,0.0,0.23433048433048437,0.7233250620347396
efficientnet_b0,gt,external_test1,108,62,46,0.5740740740740741,0.49,55,11,35,7,0.4114015976761075,0.1648511256354394,0.5740740740740741,0.0,0.2465504720406681,0.7166350411132195
efficientnet_b0,gt,external_test1,108,62,46,0.5740740740740741,0.5,55,11,35,7,0.40740740740740744,0.14814814814814814,0.5740740740740741,0.0,0.2592592592592593,0.7096774193548387
efficientnet_b0,gt,external_test1,108,62,46,0.5740740740740741,0.51,55,10,36,7,0.4128873771730915,0.13076341647770218,0.5740740740740741,0.0,0.2821239606953893,0.7192231731402239
efficientnet_b0,gt,external_test1,108,62,46,0.5740740740740741,0.52,55,10,36,7,0.40895061728395066,0.11265432098765427,0.5740740740740741,0.0,0.2962962962962964,0.7123655913978495
efficientnet_b0,gt,external_test1,108,62,46,0.5740740740740741,0.53,55,10,36,7,0.4048463356973996,0.09377462568951922,0.5740740740740741,0.0,0.31107171000788036,0.705216197666438
efficientnet_b0,gt,external_test1,108,62,46,0.5740740740740741,0.54,54,10,36,8,0.391304347826087,0.07407407407407407,0.5740740740740741,0.0,0.3172302737520129,0.6816269284712483
efficientnet_b0,gt,external_test1,108,62,46,0.5740740740740741,0.55,54,10,36,8,0.38683127572016457,0.05349794238683114,0.5740740740740741,0.0,0.3333333333333334,0.6738351254480286
efficientnet_b0,gt,external_test1,108,62,46,0.5740740740740741,0.56,53,10,36,9,0.3728956228956229,0.031986531986531896,0.5740740740740741,0.0,0.340909090909091,0.6495601173020528
efficientnet_b0,gt,external_test1,108,62,46,0.5740740740740741,0.57,53,10,36,9,0.3680017226528855,0.009474590869939847,0.5740740740740741,0.0,0.35852713178294565,0.6410352588147038
efficientnet_b0,gt,external_test1,108,62,46,0.5740740740740741,0.58,53,9,37,9,0.3756613756613757,-0.014109347442680664,0.5740740740740741,0.0,0.38977072310405636,0.6543778801843319
efficientnet_b0,gt,external_test1,108,62,46,0.5740740740740741,0.59,53,9,37,9,0.3708220415537489,-0.038843721770550954,0.5740740740740741,0.0,0.4096657633242999,0.6459480723839498
efficientnet_b0,gt,external_test1,108,62,46,0.5740740740740741,0.6,53,9,37,9,0.3657407407407408,-0.06481481481481477,0.5740740740740741,0.0,0.4305555555555556,0.6370967741935485
efficientnet_b0,gt,external_test1,108,62,46,0.5740740740740741,0.61,53,9,37,9,0.36039886039886043,-0.09211775878442541,0.5740740740740741,0.0,0.45251661918328584,0.6277915632754343
efficientnet_b0,gt,external_test1,108,62,46,0.5740740740740741,0.62,53,8,38,9,0.36988304093567254,-0.12085769980506822,0.5740740740740741,0.0,0.49074074074074076,0.6443123938879457
efficientnet_b0,gt,external_test1,108,62,46,0.5740740740740741,0.63,53,8,38,9,0.36461461461461464,-0.1511511511511512,0.5740740740740741,0.0,0.5157657657657658,0.6351351351351352
efficientnet_b0,gt,external_test1,108,62,46,0.5740740740740741,0.64,53,8,38,9,0.35905349794238683,-0.18312757201646102,0.5740740740740741,0.0,0.5421810699588478,0.6254480286738351
efficientnet_b0,gt,external_test1,108,62,46,0.5740740740740741,0.65,52,8,38,10,0.34391534391534384,-0.21693121693121709,0.5740740740740741,0.0,0.5608465608465609,0.5990783410138247
efficientnet_b0,gt,external_test1,108,62,46,0.5740740740740741,0.66,52,7,39,10,0.35566448801742917,-0.252723311546841,0.5740740740740741,0.0,0.6083877995642701,0.6195445920303605
efficientnet_b0,gt,external_test1,108,62,46,0.5740740740740741,0.67,52,7,39,10,0.3498877665544332,-0.2906846240179576,0.5740740740740741,0.0,0.6405723905723908,0.6094819159335289
efficientnet_b0,gt,external_test1,108,62,46,0.5740740740740741,0.68,52,7,39,10,0.34374999999999994,-0.3310185185185187,0.5740740740740741,0.0,0.6747685185185186,0.598790322580645
efficientnet_b0,gt,external_test1,108,62,46,0.5740740740740741,0.69,52,7,39,10,0.3372162485065711,-0.37395459976105117,0.5740740740740741,0.0,0.7111708482676222,0.5874089490114465
efficientnet_b0,gt,external_test1,108,62,46,0.5740740740740741,0.7,52,7,39,10,0.33024691358024694,-0.41975308641975295,0.5740740740740741,0.0,0.7499999999999999,0.5752688172043011
efficientnet_b0,gt,external_test1,108,62,46,0.5740740740740741,0.71,52,7,39,10,0.3227969348659004,-0.46871008939974457,0.5740740740740741,0.0,0.791507024265645,0.5622914349276974
efficientnet_b0,gt,external_test1,108,62,46,0.5740740740740741,0.72,52,7,39,10,0.3148148148148148,-0.521164021164021,0.5740740740740741,0.0,0.8359788359788358,0.5483870967741936
efficientnet_b0,gt,external_test1,108,62,46,0.5740740740740741,0.73,52,7,39,10,0.306241426611797,-0.5775034293552811,0.5740740740740741,0.0,0.8837448559670781,0.533452807646356
efficientnet_b0,gt,external_test1,108,62,46,0.5740740740740741,0.74,52,7,39,10,0.297008547008547,-0.638176638176638,0.5740740740740741,0.0,0.9351851851851849,0.5173697270471465
efficientnet_b0,gt,external_test1,108,62,46,0.5740740740740741,0.75,51,7,39,11,0.2777777777777778,-0.7037037037037036,0.5740740740740741,0.0,0.9814814814814814,0.4838709677419355
efficientnet_b0,gt,external_test1,108,62,46,0.5740740740740741,0.76,51,7,39,11,0.2669753086419753,-0.7746913580246916,0.5740740740740741,0.0,1.041666666666667,0.46505376344086014
efficientnet_b0,gt,external_test1,108,62,46,0.5740740740740741,0.77,50,7,39,12,0.2459742351046699,-0.851851851851852,0.5740740740740741,0.0,1.097826086956522,0.42847124824684435
efficientnet_b0,gt,external_test1,108,62,46,0.5740740740740741,0.78,49,7,39,13,0.2239057239057239,-0.9360269360269363,0.5740740740740741,0.0,1.1599326599326603,0.3900293255131965
efficientnet_b0,gt,external_test1,108,62,46,0.5740740740740741,0.79,49,6,40,13,0.24470899470899468,-1.028218694885362,0.5740740740740741,0.0,1.2729276895943566,0.4262672811059907
efficientnet_b0,gt,external_test1,108,62,46,0.5740740740740741,0.8,48,6,40,14,0.22222222222222215,-1.1296296296296302,0.5740740740740741,0.0,1.3518518518518523,0.38709677419354827
efficientnet_b0,gt,external_test2,94,67,27,0.7127659574468085,0.01,67,27,0,0,0.7098646034816247,0.7098646034816247,0.7127659574468085,0.0,0.0,0.9959294436906377
efficientnet_b0,gt,external_test2,94,67,27,0.7127659574468085,0.02,67,26,1,0,0.7071211463308728,0.7069040382110291,0.7127659574468085,0.0,0.0002171081198436564,0.9920804142552544
efficientnet_b0,gt,external_test2,94,67,27,0.7127659574468085,0.03,67,25,2,0,0.7045404694011844,0.7038824303575345,0.7127659574468085,0.0,0.0006580390436499162,0.9884597630404678
efficientnet_b0,gt,external_test2,94,67,27,0.7127659574468085,0.04,67,25,2,0,0.7016843971631206,0.7007978723404255,0.7127659574468085,0.0,0.0008865248226951339,0.984452736318408
efficientnet_b0,gt,external_test2,94,67,27,0.7127659574468085,0.05,67,24,3,0,0.6993281075027995,0.6976483762597984,0.7127659574468085,0.0,0.0016797312430011369,0.9811468970934799
efficientnet_b0,gt,external_test2,94,67,27,0.7127659574468085,0.06,67,23,4,0,0.6971480307831598,0.6944318696242644,0.7127659574468085,0.0,0.0027161611588953916,0.9780882819942839
efficientnet_b0,gt,external_test2,94,67,27,0.7127659574468085,0.07,66,23,4,1,0.6837108213223518,0.6911461908030199,0.7127659574468085,0.0,-0.00743536948066803,0.9592360776761355
efficientnet_b0,gt,external_test2,94,67,27,0.7127659574468085,0.08,66,23,4,1,0.6808510638297872,0.6877890841813136,0.7127659574468085,0.0,-0.006938020351526353,0.9552238805970149
efficientnet_b0,gt,external_test2,94,67,27,0.7127659574468085,0.09,66,23,4,1,0.6779284545241993,0.6843581949964929,0.7127659574468085,0.0,-0.00642974047229361,0.9511235033623094
efficientnet_b0,gt,external_test2,94,67,27,0.7127659574468085,0.1,66,22,5,1,0.6761229314420804,0.6808510638297872,0.7127659574468085,0.0,-0.004728132387706863,0.9485903814262023
efficientnet_b0,gt,external_test2,94,67,27,0.7127659574468085,0.11,66,21,6,1,0.6745158976810901,0.6772651207267512,0.7127659574468085,0.0,-0.0027492230456610534,0.9463357370451115
efficientnet_b0,gt,external_test2,94,67,27,0.7127659574468085,0.12,66,21,6,1,0.6716634429400387,0.6735976789168279,0.7127659574468085,0.0,-0.0019342359767892114,0.9423337856173677
efficientnet_b0,gt,external_test2,94,67,27,0.7127659574468085,0.13,65,21,6,2,0.6581071166544388,0.6698459280997798,0.7127659574468085,0.0,-0.011738811445341057,0.9233144621718992
efficientnet_b0,gt,external_test2,94,67,27,0.7127659574468085,0.14,64,20,7,3,0.6462147451756556,0.6660069272637308,0.7127659574468085,0.0,-0.019792182088075205,0.9066296424852481
efficientnet_b0,gt,external_test2,94,67,27,0.7127659574468085,0.15,64,18,9,3,0.6470588235294118,0.6620775969962452,0.7127659574468085,0.0,-0.015018773466833446,0.9078138718173837
efficientnet_b0,gt,external_test2,94,67,27,0.7127659574468085,0.16,64,18,9,3,0.6443768996960486,0.6580547112462005,0.7127659574468085,0.0,-0.013677811550151908,0.9040511727078892
efficientnet_b0,gt,external_test2,94,67,27,0.7127659574468085,0.17,64,18,9,3,0.6416303511920021,0.6539348884901307,0.7127659574468085,0.0,-0.012304537298128637,0.9001978061499731
efficientnet_b0,gt,external_test2,94,67,27,0.7127659574468085,0.18,64,18,9,3,0.6388168137000518,0.6497145822522055,0.7127659574468085,0.0,-0.01089776855215363,0.8962504550418638
efficientnet_b0,gt,external_test2,94,67,27,0.7127659574468085,0.19,64,18,9,3,0.6359338061465721,0.6453900709219857,0.7127659574468085,0.0,-0.009456264775413614,0.8922056384742952
efficientnet_b0,gt,external_test2,94,67,27,0.7127659574468085,0.2,64,17,10,3,0.6356382978723404,0.6409574468085106,0.7127659574468085,0.0,-0.005319148936170248,0.8917910447761194
efficientnet_b0,gt,external_test2,94,67,27,0.7127659574468085,0.21,63,17,10,4,0.6221384325343389,0.6364126043630487,0.7127659574468085,0.0,-0.014274171828709825,0.8728509351974307
efficientnet_b0,gt,external_test2,94,67,27,0.7127659574468085,0.22,62,16,11,5,0.6115657392253137,0.6317512274959083,0.7127659574468085,0.0,-0.02018548827059463,0.858017604286261
efficientnet_b0,gt,external_test2,94,67,27,0.7127659574468085,0.23,60,15,12,7,0.5906327714838353,0.626968775904946,0.7127659574468085,0.0,-0.036336004421110735,0.8286489629773212
efficientnet_b0,gt,external_test2,94,67,27,0.7127659574468085,0.24,60,15,12,7,0.587905935050392,0.622060470324748,0.7127659574468085,0.0,-0.03415453527435597,0.8248232521602515
efficientnet_b0,gt,external_test2,94,67,27,0.7127659574468085,0.25,59,15,12,8,0.5744680851063829,0.6170212765957447,0.7127659574468085,0.0,-0.042553191489361764,0.8059701492537313
efficientnet_b0,gt,external_test2,94,67,27,0.7127659574468085,0.26,59,15,12,8,0.5715928694652098,0.6118458884416331,0.7127659574468085,0.0,-0.040253018976423305,0.8019362646228317
efficientnet_b0,gt,external_test2,94,67,27,0.7127659574468085,0.27,59,15,12,8,0.5686388807927717,0.6065287088312445,0.7127659574468085,0.0,-0.03788982803847285,0.7977918626047842
efficientnet_b0,gt,external_test2,94,67,27,0.7127659574468085,0.28,59,15,12,8,0.5656028368794326,0.6010638297872339,0.7127659574468085,0.0,-0.03546099290780136,0.7935323383084577
efficientnet_b0,gt,external_test2,94,67,27,0.7127659574468085,0.29,59,14,13,8,0.5668264908600539,0.5954450104884627,0.7127659574468085,0.0,-0.02861851962840878,0.7952491065797771
efficientnet_b0,gt,external_test2,94,67,27,0.7127659574468085,0.3,59,13,14,8,0.5683890577507599,0.5896656534954406,0.7127659574468085,0.0,-0.02127659574468077,0.7974413646055437
efficientnet_b0,gt,external_test2,94,67,27,0.7127659574468085,0.31,59,12,15,8,0.5703052728954672,0.5837187789084181,0.7127659574468085,0.0,-0.013413506012950882,0.800129785853342
efficientnet_b0,gt,external_test2,94,67,27,0.7127659574468085,0.32,58,12,15,9,0.5569461827284106,0.5775969962453066,0.7127659574468085,0.0,-0.020650813516896016,0.7813871817383671
efficientnet_b0,gt,external_test2,94,67,27,0.7127659574468085,0.33,58,12,15,9,0.554144172753255,0.5712924738012066,0.7127659574468085,0.0,-0.01714830104795162,0.7774560035642682
efficientnet_b0,gt,external_test2,94,67,27,0.7127659574468085,0.34,58,12,15,9,0.5512572533849129,0.5647969052224371,0.7127659574468085,0.0,-0.013539651837524147,0.7734056987788331
efficientnet_b0,gt,external_test2,94,67,27,0.7127659574468085,0.35,58,12,15,9,0.5482815057283142,0.5581014729950899,0.7127659574468085,0.0,-0.009819967266775698,0.7692307692307693
efficientnet_b0,gt,external_test2,94,67,27,0.7127659574468085,0.36,58,11,16,9,0.5511968085106382,0.5511968085106382,0.7127659574468085,0.0,0.0,0.773320895522388
efficientnet_b0,gt,external_test2,94,67,27,0.7127659574468085,0.37,58,11,16,9,0.5482944951030058,0.5440729483282675,0.7127659574468085,0.0,0.004221546774738294,0.7692489931295902
efficientnet_b0,gt,external_test2,94,67,27,0.7127659574468085,0.38,58,11,16,9,0.5452985586822238,0.5367192862045298,0.7127659574468085,0.0,0.008579272477693967,0.765045739046702
efficientnet_b0,gt,external_test2,94,67,27,0.7127659574468085,0.39,58,11,16,9,0.5422043948378096,0.529124520404604,0.7127659574468085,0.0,0.013079874433205574,0.7607046733545388
efficientnet_b0,gt,external_test2,94,67,27,0.7127659574468085,0.4,58,10,17,9,0.5460992907801419,0.5212765957446808,0.7127659574468085,0.0,0.024822695035461084,0.7661691542288558
efficientnet_b0,gt,external_test2,94,67,27,0.7127659574468085,0.41,58,9,18,9,0.5504868373602596,0.5131626397403535,0.7127659574468085,0.0,0.03732419761990613,0.7723248165949911
efficientnet_b0,gt,external_test2,94,67,27,0.7127659574468085,0.42,58,9,18,9,0.5476889214966985,0.5047688921496698,0.7127659574468085,0.0,0.042920029347028654,0.768399382398353
efficientnet_b0,gt,external_test2,94,67,27,0.7127659574468085,0.43,58,9,18,9,0.5447928331466966,0.49608062709966405,0.7127659574468085,0.0,0.048712206047032525,0.7643362136684997
efficientnet_b0,gt,external_test2,94,67,27,0.7127659574468085,0.44,58,9,18,9,0.5417933130699089,0.4870820668693009,0.7127659574468085,0.0,0.054711246200607966,0.7601279317697229
efficientnet_b0,gt,external_test2,94,67,27,0.7127659574468085,0.45,58,9,18,9,0.5386847195357833,0.47775628626692457,0.7127659574468085,0.0,0.06092843326885877,0.7557666214382632
efficientnet_b0,gt,external_test2,94,67,27,0.7127659574468085,0.46,58,9,18,9,0.5354609929078014,0.4680851063829787,0.7127659574468085,0.0,0.06737588652482268,0.7512437810945273
efficientnet_b0,gt,external_test2,94,67,27,0.7127659574468085,0.47,57,9,18,10,0.5214773183460458,0.458048976314733,0.7127659574468085,0.0,0.06342834203131281,0.7316248943959449
efficientnet_b0,gt,external_test2,94,67,27,0.7127659574468085,0.48,57,8,19,10,0.527823240589198,0.4476268412438625,0.7127659574468085,0.0,0.08019639934533557,0.7405281285878301
efficientnet_b0,gt,external_test2,94,67,27,0.7127659574468085,0.49,57,8,19,10,0.5246141009595328,0.43679599499374216,0.7127659574468085,0.0,0.0878181059657906,0.7360257535850161
efficientnet_b0,gt,external_test2,94,67,27,0.7127659574468085,0.5,57,8,19,10,0.5212765957446809,0.42553191489361697,0.7127659574468085,0.0,0.09574468085106391,0.7313432835820897
efficientnet_b0,gt,external_test2,94,67,27,0.7127659574468085,0.51,57,8,19,10,0.5178028658271819,0.41380807642205814,0.7127659574468085,0.0,0.1039947894051238,0.7264696923545538
efficientnet_b0,gt,external_test2,94,67,27,0.7127659574468085,0.52,57,8,19,10,0.5141843971631206,0.40159574468085096,0.7127659574468085,0.0,0.11258865248226962,0.7213930348258707
efficientnet_b0,gt,external_test2,94,67,27,0.7127659574468085,0.53,57,7,20,10,0.5224083295608873,0.38886373924852863,0.7127659574468085,0.0,0.1335445903123587,0.7329310892346778
efficientnet_b0,gt,external_test2,94,67,27,0.7127659574468085,0.54,57,7,20,10,0.5189639222941721,0.3755781683626271,0.7127659574468085,0.0,0.143385753931545,0.72809863724854
efficientnet_b0,gt,external_test2,94,67,27,0.7127659574468085,0.55,57,7,20,10,0.5153664302600474,0.3617021276595743,0.7127659574468085,0.0,0.15366430260047304,0.723051409618574
efficientnet_b0,gt,external_test2,94,67,27,0.7127659574468085,0.56,57,7,20,10,0.511605415860735,0.34719535783365557,0.7127659574468085,0.0,0.16441005802707948,0.717774762550882
efficientnet_b0,gt,external_test2,94,67,27,0.7127659574468085,0.57,57,7,20,10,0.5076694705591293,0.3320138545274617,0.7127659574468085,0.0,0.17565561603166757,0.7122526900381814
efficientnet_b0,gt,external_test2,94,67,27,0.7127659574468085,0.58,57,7,20,10,0.5035460992907802,0.3161094224924012,0.7127659574468085,0.0,0.187436676798379,0.7064676616915424
efficientnet_b0,gt,external_test2,94,67,27,0.7127659574468085,0.59,57,7,20,10,0.49922158796056054,0.29942916450441104,0.7127659574468085,0.0,0.1997924234561495,0.7004004368401895
efficientnet_b0,gt,external_test2,94,67,27,0.7127659574468085,0.6,57,7,20,10,0.49468085106382986,0.28191489361702127,0.7127659574468085,0.0,0.2127659574468086,0.6940298507462688
efficientnet_b0,gt,external_test2,94,67,27,0.7127659574468085,0.61,57,7,20,10,0.48990725586470274,0.2635024549918166,0.7127659574468085,0.0,0.22640480087288611,0.687332567929583
efficientnet_b0,gt,external_test2,94,67,27,0.7127659574468085,0.62,57,7,20,10,0.48488241881299,0.24412094064949602,0.7127659574468085,0.0,0.24076147816349397,0.6802827965435979
efficientnet_b0,gt,external_test2,94,67,27,0.7127659574468085,0.63,57,7,20,10,0.47958596894767114,0.2236917768832662,0.7127659574468085,0.0,0.25589419206440495,0.672851956434046
efficientnet_b0,gt,external_test2,94,67,27,0.7127659574468085,0.64,57,7,20,10,0.47399527186761237,0.202127659574468,0.7127659574468085,0.0,0.2718676122931444,0.6650082918739636
efficientnet_b0,gt,external_test2,94,67,27,0.7127659574468085,0.65,57,7,20,10,0.46808510638297873,0.1793313069908813,0.7127659574468085,0.0,0.28875379939209744,0.6567164179104478
efficientnet_b0,gt,external_test2,94,67,27,0.7127659574468085,0.66,57,7,20,10,0.4618272841051314,0.15519399249061316,0.7127659574468085,0.0,0.30663329161451824,0.6479367866549605
efficientnet_b0,gt,external_test2,94,67,27,0.7127659574468085,0.67,57,7,20,10,0.4551901998710509,0.12959381044487406,0.7127659574468085,0.0,0.32559638942617686,0.6386250565355043
efficientnet_b0,gt,external_test2,94,67,27,0.7127659574468085,0.68,57,7,20,10,0.44813829787234044,0.10239361702127636,0.7127659574468085,0.0,0.3457446808510641,0.6287313432835822
efficientnet_b0,gt,external_test2,94,67,27,0.7127659574468085,0.69,56,7,20,11,0.4299931365820179,0.07343857240905982,0.7127659574468085,0.0,0.35655456417295806,0.6032739528165624
efficientnet_b0,gt,external_test2,94,67,27,0.7127659574468085,0.7,56,7,20,11,0.4219858156028369,0.04255319148936165,0.7127659574468085,0.0,0.3794326241134752,0.5920398009950248
efficientnet_b0,gt,external_test2,94,67,27,0.7127659574468085,0.71,55,7,20,12,0.4027879677182685,0.009537784299339713,0.7127659574468085,0.0,0.3932501834189288,0.5651055069480185
efficientnet_b0,gt,external_test2,94,67,27,0.7127659574468085,0.72,55,7,20,12,0.3936170212765958,-0.02583586626139822,0.7127659574468085,0.0,0.41945288753799403,0.5522388059701494
efficientnet_b0,gt,external_test2,94,67,27,0.7127659574468085,0.73,55,7,20,12,0.3837667454688732,-0.06382978723404253,0.7127659574468085,0.0,0.4475965327029157,0.5384190160309564
efficientnet_b0,gt,external_test2,94,67,27,0.7127659574468085,0.74,55,6,21,12,0.40343698854337157,-0.10474631751227492,0.7127659574468085,0.0,0.5081833060556464,0.5660160734787602
efficientnet_b0,gt,external_test2,94,67,27,0.7127659574468085,0.75,55,6,21,12,0.39361702127659576,-0.14893617021276606,0.7127659574468085,0.0,0.5425531914893618,0.5522388059701493
efficientnet_b0,gt,external_test2,94,67,27,0.7127659574468085,0.76,54,6,21,13,0.37234042553191493,-0.19680851063829807,0.7127659574468085,0.0,0.569148936170213,0.5223880597014926
efficientnet_b0,gt,external_test2,94,67,27,0.7127659574468085,0.77,54,6,21,13,0.360777058279371,-0.24884366327474583,0.7127659574468085,0.0,0.6096207215541168,0.5061648280337444
efficientnet_b0,gt,external_test2,94,67,27,0.7127659574468085,0.78,54,6,21,13,0.34816247582205034,-0.30560928433268886,0.7127659574468085,0.0,0.6537717601547393,0.48846675712347365
efficientnet_b0,gt,external_test2,94,67,27,0.7127659574468085,0.79,52,6,21,15,0.3130699088145896,-0.36778115501519804,0.7127659574468085,0.0,0.6808510638297877,0.4392324093816631
efficientnet_b0,gt,external_test2,94,67,27,0.7127659574468085,0.8,52,6,21,15,0.2978723404255319,-0.4361702127659578,0.7127659574468085,0.0,0.7340425531914897,0.417910447761194
efficientnet_b0,model,train,600,352,248,0.5866666666666667,0.01,352,242,6,0,0.5825925925925926,0.5824915824915825,0.5866666666666667,0.0,0.00010101010101004615,0.9930555555555555
efficientnet_b0,model,train,600,352,248,0.5866666666666667,0.02,352,235,13,0,0.5786734693877551,0.5782312925170068,0.5866666666666667,0.0,0.0004421768707483231,0.9863752319109462
efficientnet_b0,model,train,600,352,248,0.5866666666666667,0.03,351,228,20,1,0.5732474226804123,0.5738831615120275,0.5866666666666667,0.0,-0.0006357388316151624,0.9771262886597937
efficientnet_b0,model,train,600,352,248,0.5866666666666667,0.04,350,225,23,2,0.5677083333333334,0.5694444444444444,0.5866666666666667,0.0,-0.0017361111111110494,0.9676846590909092
efficientnet_b0,model,train,600,352,248,0.5866666666666667,0.05,349,222,26,3,0.5621929824561404,0.5649122807017544,0.5866666666666667,0.0,-0.0027192982456140102,0.9582834928229665
efficientnet_b0,model,train,600,352,248,0.5866666666666667,0.06,347,220,28,5,0.5549290780141845,0.5602836879432624,0.5866666666666667,0.0,-0.005354609929077991,0.945901837524178
efficientnet_b0,model,train,600,352,248,0.5866666666666667,0.07,345,207,41,7,0.549032258064516,0.5555555555555556,0.5866666666666667,0.0,-0.006523297491039526,0.9358504398826978
efficientnet_b0,model,train,600,352,248,0.5866666666666667,0.08,345,202,46,7,0.5457246376811594,0.5507246376811594,0.5866666666666667,0.0,-0.0050000000000000044,0.9302124505928854
efficientnet_b0,model,train,600,352,248,0.5866666666666667,0.09,343,201,47,9,0.5385347985347986,0.5457875457875458,0.5866666666666667,0.0,-0.007252747252747271,0.9179570429570431
efficientnet_b0,model,train,600,352,248,0.5866666666666667,0.1,340,196,52,12,0.5303703703703704,0.5407407407407407,0.5866666666666667,0.0,-0.010370370370370363,0.9040404040404041
efficientnet_b0,model,train,600,352,248,0.5866666666666667,0.11,338,189,59,14,0.5244007490636704,0.5355805243445693,0.5866666666666667,0.0,-0.011179775280898863,0.8938649131767109
efficientnet_b0,model,train,600,352,248,0.5866666666666667,0.12,337,183,65,15,0.5200757575757575,0.5303030303030303,0.5866666666666667,0.0,-0.010227272727272751,0.8864927685950412
efficientnet_b0,model,train,600,352,248,0.5866666666666667,0.13,337,178,70,15,0.5173371647509578,0.524904214559387,0.5866666666666667,0.0,-0.007567049808429149,0.8818247126436781
efficientnet_b0,model,train,600,352,248,0.5866666666666667,0.14,337,175,73,15,0.5141860465116279,0.5193798449612403,0.5866666666666667,0.0,-0.00519379844961243,0.876453488372093
efficientnet_b0,model,train,600,352,248,0.5866666666666667,0.15,335,171,77,17,0.5080392156862745,0.5137254901960784,0.5866666666666667,0.0,-0.005686274509803857,0.865975935828877
efficientnet_b0,model,train,600,352,248,0.5866666666666667,0.16,333,169,79,19,0.5013492063492064,0.5079365079365079,0.5866666666666667,0.0,-0.006587301587301475,0.854572510822511
efficientnet_b0,model,train,600,352,248,0.5866666666666667,0.17,332,163,85,20,0.49769076305220883,0.5020080321285141,0.5866666666666667,0.0,-0.004317269076305252,0.8483365279299014
efficientnet_b0,model,train,600,352,248,0.5866666666666667,0.18,330,158,90,22,0.49219512195121956,0.49593495934959353,0.5866666666666667,0.0,-0.0037398373983739686,0.838968957871397
efficientnet_b0,model,train,600,352,248,0.5866666666666667,0.19,327,152,96,25,0.48557613168724284,0.4897119341563786,0.5866666666666667,0.0,-0.004135802469135752,0.8276865881032548
efficientnet_b0,model,train,600,352,248,0.5866666666666667,0.2,325,151,97,27,0.47874999999999995,0.48333333333333334,0.5866666666666667,0.0,-0.004583333333333384,0.8160511363636362
efficientnet_b0,model,train,600,352,248,0.5866666666666667,0.21,324,151,97,28,0.4731012658227849,0.4767932489451477,0.5866666666666667,0.0,-0.0036919831223627964,0.8064226121979288
efficientnet_b0,model,train,600,352,248,0.5866666666666667,0.22,320,150,98,32,0.46282051282051284,0.4700854700854701,0.5866666666666667,0.0,-0.007264957264957239,0.7888986013986015
efficientnet_b0,model,train,600,352,248,0.5866666666666667,0.23,319,149,99,33,0.45748917748917745,0.46320346320346323,0.5866666666666667,0.0,-0.005714285714285783,0.7798110979929161
efficientnet_b0,model,train,600,352,248,0.5866666666666667,0.24,318,149,99,34,0.4515789473684211,0.45614035087719296,0.5866666666666667,0.0,-0.004561403508771877,0.7697368421052632
efficientnet_b0,model,train,600,352,248,0.5866666666666667,0.25,317,145,103,35,0.4477777777777778,0.4488888888888889,0.5866666666666667,0.0,-0.0011111111111111183,0.7632575757575758
efficientnet_b0,model,train,600,352,248,0.5866666666666667,0.26,315,143,105,37,0.4412612612612613,0.44144144144144143,0.5866666666666667,0.0,-0.00018018018018012283,0.7521498771498772
efficientnet_b0,model,train,600,352,248,0.5866666666666667,0.27,314,140,108,38,0.4370319634703196,0.4337899543378995,0.5866666666666667,0.0,0.003242009132420065,0.7449408468244084
efficientnet_b0,model,train,600,352,248,0.5866666666666667,0.28,312,140,108,40,0.42925925925925923,0.42592592592592593,0.5866666666666667,0.0,0.0033333333333332993,0.7316919191919191
efficientnet_b0,model,train,600,352,248,0.5866666666666667,0.29,310,139,109,42,0.4220422535211268,0.4178403755868545,0.5866666666666667,0.0,0.004201877934272291,0.719390204865557
efficientnet_b0,model,train,600,352,248,0.5866666666666667,0.3,307,137,111,45,0.41380952380952385,0.4095238095238095,0.5866666666666667,0.0,0.004285714285714337,0.7053571428571429
efficientnet_b0,model,train,600,352,248,0.5866666666666667,0.31,307,136,112,45,0.4098309178743962,0.40096618357487923,0.5866666666666667,0.0,0.008864734299516952,0.6985754281949935
efficientnet_b0,model,train,600,352,248,0.5866666666666667,0.32,306,133,115,46,0.40568627450980393,0.39215686274509803,0.5866666666666667,0.0,0.013529411764705901,0.6915106951871658
efficientnet_b0,model,train,600,352,248,0.5866666666666667,0.33,300,127,121,52,0.3957462686567164,0.38308457711442784,0.5866666666666667,0.0,0.012661691542288578,0.6745675033921302
efficientnet_b0,model,train,600,352,248,0.5866666666666667,0.34,299,125,123,53,0.39101010101010103,0.3737373737373737,0.5866666666666667,0.0,0.01727272727272733,0.6664944903581268
efficientnet_b0,model,train,600,352,248,0.5866666666666667,0.35,298,123,125,54,0.3862820512820513,0.36410256410256414,0.5866666666666667,0.0,0.022179487179487145,0.6584353146853147
efficientnet_b0,model,train,600,352,248,0.5866666666666667,0.36,296,119,129,56,0.38177083333333334,0.3541666666666667,0.5866666666666667,0.0,0.027604166666666652,0.6507457386363636
efficientnet_b0,model,train,600,352,248,0.5866666666666667,0.37,294,116,132,58,0.37645502645502643,0.34391534391534395,0.5866666666666667,0.0,0.03253968253968248,0.6416847041847041
efficientnet_b0,model,train,600,352,248,0.5866666666666667,0.38,293,115,133,59,0.37086021505376343,0.3333333333333333,0.5866666666666667,0.0,0.037526881720430116,0.6321480938416422
efficientnet_b0,model,train,600,352,248,0.5866666666666667,0.39,290,113,135,62,0.3629234972677596,0.3224043715846994,0.5866666666666667,0.0,0.04051912568306015,0.6186195976154992
efficientnet_b0,model,train,600,352,248,0.5866666666666667,0.4,290,111,137,62,0.36,0.31111111111111106,0.5866666666666667,0.0,0.048888888888888926,0.6136363636363636
efficientnet_b0,model,train,600,352,248,0.5866666666666667,0.41,289,108,140,63,0.35658192090395485,0.29943502824858764,0.5866666666666667,0.0,0.05714689265536721,0.607810092449923
efficientnet_b0,model,train,600,352,248,0.5866666666666667,0.42,286,106,142,66,0.3487356321839081,0.2873563218390805,0.5866666666666667,0.0,0.061379310344827576,0.594435736677116
efficientnet_b0,model,train,600,352,248,0.5866666666666667,0.43,284,105,143,68,0.34131578947368424,0.2748538011695907,0.5866666666666667,0.0,0.06646198830409356,0.5817882775119617
efficientnet_b0,model,train,600,352,248,0.5866666666666667,0.44,279,104,144,73,0.32880952380952383,0.2619047619047619,0.5866666666666667,0.0,0.06690476190476191,0.5604707792207793
efficientnet_b0,model,train,600,352,248,0.5866666666666667,0.45,279,103,145,73,0.3245454545454546,0.24848484848484853,0.5866666666666667,0.0,0.07606060606060605,0.553202479338843
efficientnet_b0,model,train,600,352,248,0.5866666666666667,0.46,276,98,150,76,0.32086419753086426,0.2345679012345679,0.5866666666666667,0.0,0.08629629629629637,0.5469276094276095
efficientnet_b0,model,train,600,352,248,0.5866666666666667,0.47,275,95,153,77,0.3179245283018868,0.22012578616352207,0.5866666666666667,0.0,0.0977987421383647,0.5419168096054888
efficientnet_b0,model,train,600,352,248,0.5866666666666667,0.48,273,93,155,79,0.31192307692307697,0.20512820512820518,0.5866666666666667,0.0,0.10679487179487179,0.531687062937063
efficientnet_b0,model,train,600,352,248,0.5866666666666667,0.49,273,90,158,79,0.3108823529411765,0.18954248366013077,0.5866666666666667,0.0,0.12133986928104573,0.5299131016042781
efficientnet_b0,model,train,600,352,248,0.5866666666666667,0.5,271,90,158,81,0.30166666666666664,0.17333333333333334,0.5866666666666667,0.0,0.1283333333333333,0.5142045454545454
efficientnet_b0,model,train,600,352,248,0.5866666666666667,0.51,269,86,162,83,0.29914965986394554,0.1564625850340136,0.5866666666666667,0.0,0.14268707482993193,0.5099141929499071
efficientnet_b0,model,train,600,352,248,0.5866666666666667,0.52,268,82,166,84,0.29861111111111105,0.13888888888888884,0.5866666666666667,0.0,0.1597222222222222,0.508996212121212
efficientnet_b0,model,train,600,352,248,0.5866666666666667,0.53,267,79,169,85,0.29652482269503544,0.12056737588652477,0.5866666666666667,0.0,0.17595744680851066,0.5054400386847195
efficientnet_b0,model,train,600,352,248,0.5866666666666667,0.54,263,77,171,89,0.2876811594202899,0.10144927536231879,0.5866666666666667,0.0,0.1862318840579711,0.49036561264822137
efficientnet_b0,model,train,600,352,248,0.5866666666666667,0.55,258,77,171,94,0.27314814814814814,0.08148148148148138,0.5866666666666667,0.0,0.19166666666666676,0.4655934343434343
efficientnet_b0,model,train,600,352,248,0.5866666666666667,0.56,255,77,171,97,0.2616666666666666,0.06060606060606055,0.5866666666666667,0.0,0.20106060606060605,0.4460227272727272
efficientnet_b0,model,train,600,352,248,0.5866666666666667,0.57,253,74,174,99,0.2581782945736435,0.0387596899224808,0.5866666666666667,0.0,0.2194186046511627,0.44007663847780143
efficientnet_b0,model,train,600,352,248,0.5866666666666667,0.58,253,74,174,99,0.25134920634920643,0.015873015873015928,0.5866666666666667,0.0,0.2354761904761905,0.4284361471861473
efficientnet_b0,model,train,600,352,248,0.5866666666666667,0.59,253,72,176,99,0.24898373983739844,-0.008130081300812941,0.5866666666666667,0.0,0.25711382113821135,0.4244041019955655
efficientnet_b0,model,train,600,352,248,0.5866666666666667,0.6,249,71,177,103,0.23750000000000002,-0.033333333333333215,0.5866666666666667,0.0,0.27083333333333326,0.40482954545454547
efficientnet_b0,model,train,600,352,248,0.5866666666666667,0.61,249,71,177,103,0.2299145299145299,-0.05982905982905984,0.5866666666666667,0.0,0.2897435897435897,0.39189976689976685
efficientnet_b0,model,train,600,352,248,0.5866666666666667,0.62,247,71,177,105,0.2185964912280702,-0.08771929824561397,0.5866666666666667,0.0,0.3063157894736842,0.3726076555023924
efficientnet_b0,model,train,600,352,248,0.5866666666666667,0.63,247,66,182,105,0.22436936936936938,-0.11711711711711703,0.5866666666666667,0.0,0.3414864864864864,0.3824477886977887
efficientnet_b0,model,train,600,352,248,0.5866666666666667,0.64,247,65,183,105,0.21907407407407406,-0.14814814814814814,0.5866666666666667,0.0,0.3672222222222222,0.3734217171717171
efficientnet_b0,model,train,600,352,248,0.5866666666666667,0.65,246,65,183,106,0.20880952380952375,-0.1809523809523811,0.5866666666666667,0.0,0.38976190476190486,0.35592532467532456
efficientnet_b0,model,train,600,352,248,0.5866666666666667,0.66,245,63,185,107,0.20450980392156862,-0.21568627450980404,0.5866666666666667,0.0,0.42019607843137263,0.34859625668449196
efficientnet_b0,model,train,600,352,248,0.5866666666666667,0.67,244,61,187,108,0.2002525252525252,-0.2525252525252527,0.5866666666666667,0.0,0.45277777777777795,0.3413395316804407
efficientnet_b0,model,train,600,352,248,0.5866666666666667,0.68,240,59,189,112,0.19104166666666667,-0.29166666666666685,0.5866666666666667,0.0,0.4827083333333335,0.32563920454545453
efficientnet_b0,model,train,600,352,248,0.5866666666666667,0.69,240,58,190,112,0.18483870967741944,-0.33333333333333304,0.5866666666666667,0.0,0.5181720430107525,0.31506598240469225
efficientnet_b0,model,train,600,352,248,0.5866666666666667,0.7,236,58,190,116,0.1677777777777778,-0.37777777777777766,0.5866666666666667,0.0,0.5455555555555555,0.2859848484848485
efficientnet_b0,model,train,600,352,248,0.5866666666666667,0.71,233,57,191,119,0.1557471264367816,-0.4252873563218389,0.5866666666666667,0.0,0.5810344827586205,0.26547805642633227
efficientnet_b0,model,train,600,352,248,0.5866666666666667,0.72,230,55,193,122,0.14761904761904768,-0.47619047619047605,0.5866666666666667,0.0,0.6238095238095237,0.25162337662337675
efficientnet_b0,model,train,600,352,248,0.5866666666666667,0.73,227,54,194,125,0.13500000000000006,-0.5308641975308641,0.5866666666666667,0.0,0.6658641975308641,0.23011363636363646
efficientnet_b0,model,train,600,352,248,0.5866666666666667,0.74,226,54,194,126,0.12051282051282053,-0.5897435897435896,0.5866666666666667,0.0,0.7102564102564102,0.20541958041958044
efficientnet_b0,model,train,600,352,248,0.5866666666666667,0.75,223,52,196,129,0.11166666666666664,-0.6533333333333333,0.5866666666666667,0.0,0.7649999999999999,0.19034090909090903
efficientnet_b0,model,train,600,352,248,0.5866666666666667,0.76,219,48,200,133,0.11166666666666664,-0.7222222222222223,0.5866666666666667,0.0,0.8338888888888889,0.19034090909090903
efficientnet_b0,model,train,600,352,248,0.5866666666666667,0.77,217,46,202,135,0.10500000000000004,-0.7971014492753623,0.5866666666666667,0.0,0.9021014492753623,0.1789772727272728
efficientnet_b0,model,train,600,352,248,0.5866666666666667,0.78,213,44,204,139,0.09499999999999997,-0.8787878787878789,0.5866666666666667,0.0,0.9737878787878789,0.16193181818181815
efficientnet_b0,model,train,600,352,248,0.5866666666666667,0.79,210,42,206,142,0.08666666666666656,-0.9682539682539686,0.5866666666666667,0.0,1.0549206349206353,0.14772727272727254
efficientnet_b0,model,train,600,352,248,0.5866666666666667,0.8,208,42,206,144,0.0666666666666666,-1.066666666666667,0.5866666666666667,0.0,1.1333333333333337,0.11363636363636352
efficientnet_b0,model,internal_val,257,155,102,0.603112840466926,0.01,155,100,2,0,0.5991824863420194,0.5991038792595212,0.603112840466926,0.0,7.860708249818327e-05,0.993483219289671
efficientnet_b0,model,internal_val,257,155,102,0.603112840466926,0.02,154,96,6,1,0.591598507107123,0.5950131025172715,0.603112840466926,0.0,-0.0034145954101484355,0.9809084924292298
efficientnet_b0,model,internal_val,257,155,102,0.603112840466926,0.03,154,91,11,1,0.5882706887560673,0.5908379798628104,0.603112840466926,0.0,-0.0025672911067431414,0.9753907549052212
efficientnet_b0,model,internal_val,257,155,102,0.603112840466926,0.04,154,83,19,1,0.5857652399481194,0.5865758754863812,0.603112840466926,0.0,-0.0008106355382618835,0.971236559139785
efficientnet_b0,model,internal_val,257,155,102,0.603112840466926,0.05,154,81,21,1,0.5826336268687282,0.5822240425967642,0.603112840466926,0.0,0.00040958427196402525,0.966044142614601
efficientnet_b0,model,internal_val,257,155,102,0.603112840466926,0.06,153,81,21,2,0.5752131798989982,0.5777796175180064,0.603112840466926,0.0,-0.0025664376190082105,0.9537405628002745
efficientnet_b0,model,internal_val,257,155,102,0.603112840466926,0.07,153,78,24,2,0.572486506840718,0.5732396134052968,0.603112840466926,0.0,-0.0007531065645788315,0.9492195629552551
efficientnet_b0,model,internal_val,257,155,102,0.603112840466926,0.08,152,73,29,3,0.5667399763153442,0.5686009135510066,0.603112840466926,0.0,-0.0018609372356623854,0.9396914446002805
efficientnet_b0,model,internal_val,257,155,102,0.603112840466926,0.09,152,70,32,3,0.5645016462137085,0.5638602642493693,0.603112840466926,0.0,0.0006413819643391605,0.9359801488833748
efficientnet_b0,model,internal_val,257,155,102,0.603112840466926,0.1,152,67,35,3,0.5624729788153913,0.5590142671854734,0.603112840466926,0.0,0.0034587116299178433,0.9326164874551972
efficientnet_b0,model,internal_val,257,155,102,0.603112840466926,0.11,152,64,38,3,0.560661041402527,0.5540593713111528,0.603112840466926,0.0,0.006601670091374245,0.9296121783254804
efficientnet_b0,model,internal_val,257,155,102,0.603112840466926,0.12,152,60,42,3,0.5596038203042094,0.5489918641669614,0.603112840466926,0.0,0.010611956137247969,0.9278592375366569
efficientnet_b0,model,internal_val,257,155,102,0.603112840466926,0.13,152,59,43,3,0.5571358289726732,0.5438078626056622,0.603112840466926,0.0,0.013327966367011057,0.9237671486837228
efficientnet_b0,model,internal_val,257,155,102,0.603112840466926,0.14,152,57,45,3,0.5553343588815491,0.5385033028685187,0.603112840466926,0.0,0.016831056013030476,0.9207801950487622
efficientnet_b0,model,internal_val,257,155,102,0.603112840466926,0.15,152,55,47,3,0.5536736095216297,0.5330739299610895,0.603112840466926,0.0,0.020599679560540207,0.9180265654648957
efficientnet_b0,model,internal_val,257,155,102,0.603112840466926,0.16,152,54,48,3,0.5514174541411896,0.52751528627015,0.603112840466926,0.0,0.023902167871039603,0.9142857142857144
efficientnet_b0,model,internal_val,257,155,102,0.603112840466926,0.17,149,53,49,6,0.5375275420749145,0.5218226993577422,0.603112840466926,0.0,0.015704842717172318,0.8912553439564712
efficientnet_b0,model,internal_val,257,155,102,0.603112840466926,0.18,149,52,50,6,0.5353516181076208,0.5159912688621049,0.603112840466926,0.0,0.019360349245515884,0.8876475216365067
efficientnet_b0,model,internal_val,257,155,102,0.603112840466926,0.19,149,51,51,6,0.5332180429456694,0.5100158524283037,0.603112840466926,0.0,0.023202190517365717,0.884109916367981
efficientnet_b0,model,internal_val,257,155,102,0.603112840466926,0.2,149,50,52,6,0.5311284046692607,0.5038910505836576,0.603112840466926,0.0,0.027237354085603127,0.8806451612903227
efficientnet_b0,model,internal_val,257,155,102,0.603112840466926,0.21,149,47,55,6,0.531153031571689,0.49761119046446334,0.603112840466926,0.0,0.03354184110722569,0.8806859942833812
efficientnet_b0,model,internal_val,257,155,102,0.603112840466926,0.22,147,45,57,8,0.5225980245435498,0.49117030829093083,0.603112840466926,0.0,0.03142771625261892,0.866501240694789
efficientnet_b0,model,internal_val,257,155,102,0.603112840466926,0.23,147,41,61,8,0.5243316994289756,0.4845621304765273,0.603112840466926,0.0,0.03976956895244832,0.8693757855048176
efficientnet_b0,model,internal_val,257,155,102,0.603112840466926,0.24,147,40,62,8,0.5228343231619905,0.4777800532459553,0.603112840466926,0.0,0.04505426991603523,0.866893039049236
efficientnet_b0,model,internal_val,257,155,102,0.603112840466926,0.25,147,37,65,8,0.523994811932555,0.4708171206225681,0.603112840466926,0.0,0.05317769130998695,0.8688172043010752
efficientnet_b0,model,internal_val,257,155,102,0.603112840466926,0.26,147,33,69,8,0.5268692817330949,0.4636660006309811,0.603112840466926,0.0,0.06320328110211376,0.8735832606800348
efficientnet_b0,model,internal_val,257,155,102,0.603112840466926,0.27,147,30,72,8,0.5288097649379031,0.45631895954373425,0.603112840466926,0.0,0.07249080539416886,0.8768007070260716
efficientnet_b0,model,internal_val,257,155,102,0.603112840466926,0.28,147,29,73,8,0.5281020319930825,0.4487678339818417,0.603112840466926,0.0,0.07933419801124075,0.875627240143369
efficientnet_b0,model,internal_val,257,155,102,0.603112840466926,0.29,146,26,76,9,0.5267715240861511,0.44100400065764234,0.603112840466926,0.0,0.0857675234285088,0.8734211721944571
efficientnet_b0,model,internal_val,257,155,102,0.603112840466926,0.3,144,25,77,11,0.5186214563646471,0.43301834352418,0.603112840466926,0.0,0.08560311284046707,0.8599078341013826
efficientnet_b0,model,internal_val,257,155,102,0.603112840466926,0.31,143,24,78,12,0.5144645576044663,0.42480121806800875,0.603112840466926,0.0,0.08966333953645755,0.8530154277699861
efficientnet_b0,model,internal_val,257,155,102,0.603112840466926,0.32,143,23,79,12,0.514305333028153,0.41634241245136183,0.603112840466926,0.0,0.09796292057679112,0.8527514231499053
efficientnet_b0,model,internal_val,257,155,102,0.603112840466926,0.33,143,23,79,12,0.5123410186421976,0.40763110517451645,0.603112840466926,0.0,0.10470991346768116,0.8494944631680309
efficientnet_b0,model,internal_val,257,155,102,0.603112840466926,0.34,142,21,81,13,0.5104350902016273,0.3986558188892818,0.603112840466926,0.0,0.11177927131234544,0.8463343108504401
efficientnet_b0,model,internal_val,257,155,102,0.603112840466926,0.35,142,21,81,13,0.508530380125711,0.389404369949117,0.603112840466926,0.0,0.11912601017659397,0.8431761786600498
efficientnet_b0,model,internal_val,257,155,102,0.603112840466926,0.36,142,20,82,13,0.5087548638132297,0.37986381322957197,0.603112840466926,0.0,0.12889105058365768,0.8435483870967744
efficientnet_b0,model,internal_val,257,155,102,0.603112840466926,0.37,142,18,84,13,0.5113952195664259,0.37002038169353335,0.603112840466926,0.0,0.1413748378728925,0.8479262672811062
efficientnet_b0,model,internal_val,257,155,102,0.603112840466926,0.38,142,18,84,13,0.5096021086983809,0.35985942010794525,0.603112840466926,0.0,0.1497426885904356,0.8449531737773154
efficientnet_b0,model,internal_val,257,155,102,0.603112840466926,0.39,142,18,84,13,0.5077502073100721,0.3493653122408623,0.603112840466926,0.0,0.15838489506920983,0.8418826017979907
efficientnet_b0,model,internal_val,257,155,102,0.603112840466926,0.4,142,18,84,13,0.5058365758754864,0.33852140077821,0.603112840466926,0.0,0.16731517509727634,0.8387096774193549
efficientnet_b0,model,internal_val,257,155,102,0.603112840466926,0.41,140,16,86,15,0.5014838752225812,0.3273098990964849,0.603112840466926,0.0,0.1741739761260963,0.8314926189174411
efficientnet_b0,model,internal_val,257,155,102,0.603112840466926,0.42,140,16,86,15,0.4996645646048571,0.3157117939084932,0.603112840466926,0.0,0.1839527706963639,0.828476084538376
efficientnet_b0,model,internal_val,257,155,102,0.603112840466926,0.43,139,15,87,16,0.4968257218922793,0.30370673766127376,0.603112840466926,0.0,0.19311898423100554,0.8237691001697793
efficientnet_b0,model,internal_val,257,155,102,0.603112840466926,0.44,138,14,88,17,0.4941634241245136,0.2912729294052251,0.603112840466926,0.0,0.2028904947192885,0.8193548387096774
efficientnet_b0,model,internal_val,257,155,102,0.603112840466926,0.45,138,14,88,17,0.4923947647683056,0.2783869826671383,0.603112840466926,0.0,0.21400778210116733,0.8164222873900294
efficientnet_b0,model,internal_val,257,155,102,0.603112840466926,0.46,138,14,88,17,0.49056059951001585,0.26502377864245563,0.603112840466926,0.0,0.22553682086756022,0.8133811230585425
efficientnet_b0,model,internal_val,257,155,102,0.603112840466926,0.47,138,14,88,17,0.4886572204683944,0.251156302767785,0.603112840466926,0.0,0.23750091770060938,0.8102251978088862
efficientnet_b0,model,internal_val,257,155,102,0.603112840466926,0.48,138,13,89,17,0.490272373540856,0.23675546243639622,0.603112840466926,0.0,0.2535169111044598,0.8129032258064516
efficientnet_b0,model,internal_val,257,155,102,0.603112840466926,0.49,137,13,89,18,0.4844739452201114,0.22178988326848248,0.603112840466926,0.0,0.2626840619516289,0.8032890575585073
efficientnet_b0,model,internal_val,257,155,102,0.603112840466926,0.5,137,13,89,18,0.48249027237354086,0.20622568093385207,0.603112840466926,0.0,0.2762645914396888,0.8
efficientnet_b0,model,internal_val,257,155,102,0.603112840466926,0.51,137,12,90,18,0.48447550226316205,0.19002620503454293,0.603112840466926,0.0,0.2944492972286191,0.8032916392363397
efficientnet_b0,model,internal_val,257,155,102,0.603112840466926,0.52,136,12,90,19,0.4785992217898833,0.17315175097276253,0.603112840466926,0.0,0.30544747081712076,0.7935483870967742
efficientnet_b0,model,internal_val,257,155,102,0.603112840466926,0.53,136,12,90,19,0.47652951403261856,0.15555923503601277,0.603112840466926,0.0,0.3209702789966058,0.7901166781056966
efficientnet_b0,model,internal_val,257,155,102,0.603112840466926,0.54,136,12,90,19,0.47436981898155983,0.13720182710201306,0.603112840466926,0.0,0.33716799187954677,0.7865357643758767
efficientnet_b0,model,internal_val,257,155,102,0.603112840466926,0.55,134,12,90,21,0.46433203631647213,0.11802853437094663,0.603112840466926,0.0,0.3463035019455255,0.7698924731182797
efficientnet_b0,model,internal_val,257,155,102,0.603112840466926,0.56,134,12,90,21,0.46197382384152813,0.09798372833392277,0.603112840466926,0.0,0.36399009550760536,0.7659824046920821
efficientnet_b0,model,internal_val,257,155,102,0.603112840466926,0.57,132,12,90,23,0.4517238258981087,0.07700660573703744,0.603112840466926,0.0,0.3747172201610713,0.7489872468117029
efficientnet_b0,model,internal_val,257,155,102,0.603112840466926,0.58,132,11,91,23,0.45451176579581243,0.05503057254030019,0.603112840466926,0.0,0.39948119325551223,0.7536098310291858
efficientnet_b0,model,internal_val,257,155,102,0.603112840466926,0.59,132,10,92,23,0.4576255101072411,0.03198253772421,0.603112840466926,0.0,0.4256429723830311,0.7587726199842644
efficientnet_b0,model,internal_val,257,155,102,0.603112840466926,0.6,132,9,93,23,0.4610894941634241,0.0077821011673151474,0.603112840466926,0.0,0.45330739299610895,0.7645161290322581
efficientnet_b0,model,internal_val,257,155,102,0.603112840466926,0.61,131,8,94,24,0.46103960889953105,-0.01765938341813833,0.603112840466926,0.0,0.4786989923176694,0.7644334160463193
efficientnet_b0,model,internal_val,257,155,102,0.603112840466926,0.62,131,8,94,24,0.4589391767356133,-0.04443989350808941,0.603112840466926,0.0,0.5033790702437027,0.7609507640067911
efficientnet_b0,model,internal_val,257,155,102,0.603112840466926,0.63,130,8,94,25,0.45283415711431274,-0.07266799873803775,0.603112840466926,0.0,0.5255021558523505,0.7508282476024412
efficientnet_b0,model,internal_val,257,155,102,0.603112840466926,0.64,129,8,94,26,0.44660613921314307,-0.10246433203631666,0.603112840466926,0.0,0.5490704712494597,0.7405017921146954
efficientnet_b0,model,internal_val,257,155,102,0.603112840466926,0.65,129,8,94,26,0.4441356309060589,-0.13396331295164,0.603112840466926,0.0,0.5780989438576989,0.7364055299539171
efficientnet_b0,model,internal_val,257,155,102,0.603112840466926,0.66,129,8,94,26,0.44151979858091095,-0.16731517509727645,0.603112840466926,0.0,0.6088349736781874,0.7320683111954459
efficientnet_b0,model,internal_val,257,155,102,0.603112840466926,0.67,129,7,95,26,0.44664544275439216,-0.20268836222143638,0.603112840466926,0.0,0.6493338049758286,0.7405669599217987
efficientnet_b0,model,internal_val,257,155,102,0.603112840466926,0.68,128,7,95,27,0.4401750972762646,-0.2402723735408563,0.603112840466926,0.0,0.6804474708171209,0.7298387096774194
efficientnet_b0,model,internal_val,257,155,102,0.603112840466926,0.69,128,7,95,27,0.4374293962595708,-0.2802811597841093,0.603112840466926,0.0,0.7177105560436801,0.72528616024974
efficientnet_b0,model,internal_val,257,155,102,0.603112840466926,0.7,126,7,95,29,0.4267185473411154,-0.32295719844357973,0.603112840466926,0.0,0.7496757457846952,0.7075268817204301
efficientnet_b0,model,internal_val,257,155,102,0.603112840466926,0.71,122,7,95,33,0.408023614651818,-0.3685764121830136,0.603112840466926,0.0,0.7766000268348316,0.6765294771968854
efficientnet_b0,model,internal_val,257,155,102,0.603112840466926,0.72,122,6,96,33,0.41467481934408,-0.4174541411895497,0.603112840466926,0.0,0.8321289605336297,0.687557603686636
efficientnet_b0,model,internal_val,257,155,102,0.603112840466926,0.73,121,5,97,34,0.4182158812509007,-0.4699524427150886,0.603112840466926,0.0,0.8881683239659893,0.6934289127837515
efficientnet_b0,model,internal_val,257,155,102,0.603112840466926,0.74,121,5,97,34,0.415444477701287,-0.5264890751272074,0.603112840466926,0.0,0.9419335528284944,0.688833746898263
efficientnet_b0,model,internal_val,257,155,102,0.603112840466926,0.75,121,5,97,34,0.41245136186770426,-0.587548638132296,0.603112840466926,0.0,1.0000000000000002,0.6838709677419355
efficientnet_b0,model,internal_val,257,155,102,0.603112840466926,0.76,120,5,97,35,0.4053177691309987,-0.6536964980544749,0.603112840466926,0.0,1.0590142671854736,0.6720430107526882
efficientnet_b0,model,internal_val,257,155,102,0.603112840466926,0.77,120,5,97,35,0.40179326679072913,-0.7255963457959739,0.603112840466926,0.0,1.1273896125867031,0.6661991584852734
efficientnet_b0,model,internal_val,257,155,102,0.603112840466926,0.78,118,5,97,37,0.3901662539794835,-0.8040325433321546,0.603112840466926,0.0,1.1941987973116381,0.6469208211143694
efficientnet_b0,model,internal_val,257,155,102,0.603112840466926,0.79,117,5,97,38,0.3820641096905688,-0.8899388549194002,0.603112840466926,0.0,1.2720029646099689,0.6334869431643625
efficientnet_b0,model,internal_val,257,155,102,0.603112840466926,0.8,115,5,97,40,0.36964980544747084,-0.9844357976653703,0.603112840466926,0.0,1.354085603112841,0.6129032258064516
efficientnet_b0,model,external_test1,108,62,46,0.5740740740740741,0.01,62,46,0,0,0.5697717919940142,0.5697717919940142,0.5740740740740741,0.0,0.0,0.9925057021831215
efficientnet_b0,model,external_test1,108,62,46,0.5740740740740741,0.02,62,42,4,0,0.5661375661375662,0.5653817082388511,0.5740740740740741,0.0,0.0007558578987150177,0.9861751152073733
efficientnet_b0,model,external_test1,108,62,46,0.5740740740740741,0.03,62,41,5,0,0.5623329515082093,0.5609011072928599,0.5740740740740741,0.0,0.001431844215349365,0.979547721982042
efficientnet_b0,model,external_test1,108,62,46,0.5740740740740741,0.04,62,39,7,0,0.5590277777777778,0.5563271604938271,0.5740740740740741,0.0,0.002700617283950657,0.9737903225806452
efficientnet_b0,model,external_test1,108,62,46,0.5740740740740741,0.05,61,38,8,1,0.5462962962962963,0.5516569200779727,0.5740740740740741,0.0,-0.005360623781676455,0.9516129032258064
efficientnet_b0,model,external_test1,108,62,46,0.5740740740740741,0.06,61,36,10,1,0.5435382190701339,0.5468873128447597,0.5740740740740741,0.0,-0.0033490937746257776,0.9468085106382977
efficientnet_b0,model,external_test1,108,62,46,0.5740740740740741,0.07,61,36,10,1,0.5397252090800477,0.5420151334129829,0.5740740740740741,0.0,-0.002289924332935178,0.9401664932362122
efficientnet_b0,model,external_test1,108,62,46,0.5740740740740741,0.08,61,33,13,1,0.538244766505636,0.537037037037037,0.5740740740740741,0.0,0.0012077294685990392,0.9375876577840111
efficientnet_b0,model,external_test1,108,62,46,0.5740740740740741,0.09,61,32,14,1,0.5355107855107855,0.531949531949532,0.5740740740740741,0.0,0.0035612535612534746,0.9328252392768521
efficientnet_b0,model,external_test1,108,62,46,0.5740740740740741,0.1,61,32,14,1,0.5318930041152263,0.5267489711934157,0.5740740740740741,0.0,0.005144032921810648,0.9265232974910395
efficientnet_b0,model,external_test1,108,62,46,0.5740740740740741,0.11,61,32,14,1,0.5281939242613399,0.521431543903454,0.5740740740740741,0.0,0.0067623803578859,0.9200797390358825
efficientnet_b0,model,external_test1,108,62,46,0.5740740740740741,0.12,61,27,19,1,0.5307239057239057,0.515993265993266,0.5740740740740741,0.0,0.014730639730639705,0.9244868035190615
efficientnet_b0,model,external_test1,108,62,46,0.5740740740740741,0.13,61,27,19,1,0.5274584929757343,0.5104299702000852,0.5740740740740741,0.0,0.017028522775649146,0.9187986651835373
efficientnet_b0,model,external_test1,108,62,46,0.5740740740740741,0.14,61,26,20,1,0.5256244616709732,0.5047372954349698,0.5740740740740741,0.0,0.020887166236003396,0.9156039009752437
efficientnet_b0,model,external_test1,108,62,46,0.5740740740740741,0.15,61,26,20,1,0.5223311546840959,0.4989106753812636,0.5740740740740741,0.0,0.023420479302832253,0.9098671726755219
efficientnet_b0,model,external_test1,108,62,46,0.5740740740740741,0.16,61,25,21,1,0.5207231040564373,0.4929453262786596,0.5740740740740741,0.0,0.02777777777777768,0.9070660522273424
efficientnet_b0,model,external_test1,108,62,46,0.5740740740740741,0.17,61,25,21,1,0.5174029451137885,0.4868362338241856,0.5740740740740741,0.0,0.030566711289602866,0.9012825495530509
efficientnet_b0,model,external_test1,108,62,46,0.5740740740740741,0.18,61,25,21,1,0.5140018066847335,0.48057813911472447,0.5740740740740741,0.0,0.03342366757000903,0.8953579858379229
efficientnet_b0,model,external_test1,108,62,46,0.5740740740740741,0.19,61,25,21,1,0.5105166895290352,0.4741655235482396,0.5740740740740741,0.0,0.036351165980795574,0.8892871365989645
efficientnet_b0,model,external_test1,108,62,46,0.5740740740740741,0.2,61,25,21,1,0.5069444444444444,0.46759259259259256,0.5740740740740741,0.0,0.03935185185185186,0.8830645161290323
efficientnet_b0,model,external_test1,108,62,46,0.5740740740740741,0.21,61,24,22,1,0.5057430848570089,0.4608532583216127,0.5740740740740741,0.0,0.04488982653539619,0.8809718252347898
efficientnet_b0,model,external_test1,108,62,46,0.5740740740740741,0.22,61,24,22,1,0.5021367521367521,0.45394112060778724,0.5740740740740741,0.0,0.04819563152896489,0.8746898263027295
efficientnet_b0,model,external_test1,108,62,46,0.5740740740740741,0.23,60,23,23,2,0.49194324194324196,0.44684944684944683,0.5740740740740741,0.0,0.04509379509379513,0.8569333891914538
efficientnet_b0,model,external_test1,108,62,46,0.5740740740740741,0.24,59,22,24,3,0.4819688109161793,0.4395711500974659,0.5740740740740741,0.0,0.042397660818713434,0.8395585738539898
efficientnet_b0,model,external_test1,108,62,46,0.5740740740740741,0.25,59,22,24,3,0.4783950617283951,0.4320987654320988,0.5740740740740741,0.0,0.04629629629629628,0.8333333333333334
efficientnet_b0,model,external_test1,108,62,46,0.5740740740740741,0.26,59,20,26,3,0.48123123123123124,0.4244244244244244,0.5740740740740741,0.0,0.05680680680680683,0.8382737576285963
efficientnet_b0,model,external_test1,108,62,46,0.5740740740740741,0.27,59,20,26,3,0.4778031456113648,0.4165398274987316,0.5740740740740741,0.0,0.06126331811263319,0.8323022536456032
efficientnet_b0,model,external_test1,108,62,46,0.5740740740740741,0.28,59,19,27,3,0.47788065843621397,0.40843621399176955,0.5740740740740741,0.0,0.06944444444444442,0.8324372759856631
efficientnet_b0,model,external_test1,108,62,46,0.5740740740740741,0.29,59,19,27,3,0.4744392279603547,0.40010432968179444,0.5740740740740741,0.0,0.07433489827856027,0.8264425261244889
efficientnet_b0,model,external_test1,108,62,46,0.5740740740740741,0.3,59,18,28,3,0.4748677248677249,0.3915343915343915,0.5740740740740741,0.0,0.08333333333333337,0.8271889400921659
efficientnet_b0,model,external_test1,108,62,46,0.5740740740740741,0.31,58,18,28,4,0.462157809983897,0.38271604938271603,0.5740740740740741,0.0,0.07944176060118097,0.8050490883590464
efficientnet_b0,model,external_test1,108,62,46,0.5740740740740741,0.32,58,18,28,4,0.4586056644880175,0.3736383442265795,0.5740740740740741,0.0,0.084967320261438,0.7988614800759014
efficientnet_b0,model,external_test1,108,62,46,0.5740740740740741,0.33,58,18,28,4,0.4549474847982311,0.36428966279712544,0.5740740740740741,0.0,0.09065782200110567,0.7924891670678864
efficientnet_b0,model,external_test1,108,62,46,0.5740740740740741,0.34,58,18,28,4,0.45117845117845123,0.35465768799102126,0.5740740740740741,0.0,0.09652076318742997,0.7859237536656892
efficientnet_b0,model,external_test1,108,62,46,0.5740740740740741,0.35,58,17,29,4,0.4522792022792023,0.34472934472934474,0.5740740740740741,0.0,0.10754985754985757,0.7878411910669976
efficientnet_b0,model,external_test1,108,62,46,0.5740740740740741,0.36,58,17,29,4,0.4484953703703704,0.3344907407407407,0.5740740740740741,0.0,0.1140046296296297,0.7812500000000001
efficientnet_b0,model,external_test1,108,62,46,0.5740740740740741,0.37,57,17,29,5,0.43533215755437976,0.3239271017048795,0.5740740740740741,0.0,0.11140505584950028,0.7583205325140809
efficientnet_b0,model,external_test1,108,62,46,0.5740740740740741,0.38,57,17,29,5,0.43130227001194743,0.3130227001194743,0.5740740740740741,0.0,0.11827956989247312,0.7513007284079084
efficientnet_b0,model,external_test1,108,62,46,0.5740740740740741,0.39,57,17,29,5,0.42714025500910746,0.3017607771706132,0.5740740740740741,0.0,0.12537947783849424,0.7440507667900582
efficientnet_b0,model,external_test1,108,62,46,0.5740740740740741,0.4,57,17,29,5,0.4228395061728395,0.2901234567901234,0.5740740740740741,0.0,0.13271604938271608,0.7365591397849462
efficientnet_b0,model,external_test1,108,62,46,0.5740740740740741,0.41,57,17,29,5,0.4183929692404269,0.278091650973007,0.5740740740740741,0.0,0.14030131826741993,0.728813559322034
efficientnet_b0,model,external_test1,108,62,46,0.5740740740740741,0.42,56,16,30,6,0.4112388250319285,0.26564495530012777,0.5740740740740741,0.0,0.14559386973180072,0.7163515016685206
efficientnet_b0,model,external_test1,108,62,46,0.5740740740740741,0.43,56,14,32,6,0.4207277452891488,0.2527615334632879,0.5740740740740741,0.0,0.1679662118258609,0.7328805885681947
efficientnet_b0,model,external_test1,108,62,46,0.5740740740740741,0.44,56,13,33,6,0.42394179894179895,0.23941798941798942,0.5740740740740741,0.0,0.18452380952380953,0.738479262672811
efficientnet_b0,model,external_test1,108,62,46,0.5740740740740741,0.45,56,13,33,6,0.42003367003367004,0.22558922558922562,0.5740740740740741,0.0,0.19444444444444442,0.7316715542521994
efficientnet_b0,model,external_test1,108,62,46,0.5740740740740741,0.46,56,13,33,6,0.4159807956104252,0.2112482853223594,0.5740740740740741,0.0,0.20473251028806583,0.7246117084826762
efficientnet_b0,model,external_test1,108,62,46,0.5740740740740741,0.47,56,12,34,6,0.41998602375960864,0.19636617749825303,0.5740740740740741,0.0,0.22361984626135561,0.7315885575167377
efficientnet_b0,model,external_test1,108,62,46,0.5740740740740741,0.48,56,11,35,6,0.4245014245014245,0.18091168091168092,0.5740740740740741,0.0,0.24358974358974356,0.739454094292804
efficientnet_b0,model,external_test1,108,62,46,0.5740740740740741,0.49,56,10,36,6,0.42955700798838053,0.1648511256354394,0.5740740740740741,0.0,0.2647058823529411,0.7482605945604048
efficientnet_b0,model,external_test1,108,62,46,0.5740740740740741,0.5,56,10,36,6,0.42592592592592593,0.14814814814814814,0.5740740740740741,0.0,0.2777777777777778,0.7419354838709677
efficientnet_b0,model,external_test1,108,62,46,0.5740740740740741,0.51,56,10,36,6,0.4221466364323507,0.13076341647770218,0.5740740740740741,0.0,0.2913832199546485,0.7353522053982883
efficientnet_b0,model,external_test1,108,62,46,0.5740740740740741,0.52,56,10,36,6,0.41820987654320985,0.11265432098765427,0.5740740740740741,0.0,0.3055555555555556,0.7284946236559139
efficientnet_b0,model,external_test1,108,62,46,0.5740740740740741,0.53,56,10,36,6,0.4141055949566588,0.09377462568951922,0.5740740740740741,0.0,0.32033096926713955,0.7213452299245023
efficientnet_b0,model,external_test1,108,62,46,0.5740740740740741,0.54,56,10,36,6,0.40982286634460546,0.07407407407407407,0.5740740740740741,0.0,0.3357487922705314,0.7138849929873773
efficientnet_b0,model,external_test1,108,62,46,0.5740740740740741,0.55,56,9,37,6,0.41666666666666663,0.05349794238683114,0.5740740740740741,0.0,0.3631687242798355,0.7258064516129031
efficientnet_b0,model,external_test1,108,62,46,0.5740740740740741,0.56,56,9,37,6,0.4124579124579124,0.031986531986531896,0.5740740740740741,0.0,0.3804713804713805,0.7184750733137829
efficientnet_b0,model,external_test1,108,62,46,0.5740740740740741,0.57,55,8,38,7,0.4110680447889751,0.009474590869939847,0.5740740740740741,0.0,0.4015934539190352,0.7160540135033759
efficientnet_b0,model,external_test1,108,62,46,0.5740740740740741,0.58,55,8,38,7,0.4069664902998237,-0.014109347442680664,0.5740740740740741,0.0,0.42107583774250434,0.7089093701996929
efficientnet_b0,model,external_test1,108,62,46,0.5740740740740741,0.59,55,8,38,7,0.40266485998193324,-0.038843721770550954,0.5740740740740741,0.0,0.4415085817524842,0.7014162077104643
efficientnet_b0,model,external_test1,108,62,46,0.5740740740740741,0.6,55,8,38,7,0.3981481481481482,-0.06481481481481477,0.5740740740740741,0.0,0.46296296296296297,0.6935483870967742
efficientnet_b0,model,external_test1,108,62,46,0.5740740740740741,0.61,55,8,38,7,0.3933998100664768,-0.09211775878442541,0.5740740740740741,0.0,0.4855175688509022,0.685277088502895
efficientnet_b0,model,external_test1,108,62,46,0.5740740740740741,0.62,53,8,38,9,0.36988304093567254,-0.12085769980506822,0.5740740740740741,0.0,0.49074074074074076,0.6443123938879457
efficientnet_b0,model,external_test1,108,62,46,0.5740740740740741,0.63,52,8,38,10,0.35535535535535534,-0.1511511511511512,0.5740740740740741,0.0,0.5065065065065065,0.6190061028770706
efficientnet_b0,model,external_test1,108,62,46,0.5740740740740741,0.64,52,8,38,10,0.34979423868312753,-0.18312757201646102,0.5740740740740741,0.0,0.5329218106995885,0.6093189964157706
efficientnet_b0,model,external_test1,108,62,46,0.5740740740740741,0.65,51,8,38,11,0.33465608465608465,-0.21693121693121709,0.5740740740740741,0.0,0.5515873015873017,0.5829493087557603
efficientnet_b0,model,external_test1,108,62,46,0.5740740740740741,0.66,51,8,38,11,0.32843137254901955,-0.252723311546841,0.5740740740740741,0.0,0.5811546840958606,0.5721062618595825
efficientnet_b0,model,external_test1,108,62,46,0.5740740740740741,0.67,51,8,38,11,0.3218294051627385,-0.2906846240179576,0.5740740740740741,0.0,0.6125140291806961,0.5606060606060607
efficientnet_b0,model,external_test1,108,62,46,0.5740740740740741,0.68,49,8,38,13,0.2962962962962963,-0.3310185185185187,0.5740740740740741,0.0,0.627314814814815,0.5161290322580645
efficientnet_b0,model,external_test1,108,62,46,0.5740740740740741,0.69,48,8,38,14,0.2795698924731183,-0.37395459976105117,0.5740740740740741,0.0,0.6535244922341694,0.48699271592091575
efficientnet_b0,model,external_test1,108,62,46,0.5740740740740741,0.7,48,8,38,14,0.2716049382716049,-0.41975308641975295,0.5740740740740741,0.0,0.6913580246913579,0.47311827956989244
efficientnet_b0,model,external_test1,108,62,46,0.5740740740740741,0.71,47,8,38,15,0.2538314176245211,-0.46871008939974457,0.5740740740740741,0.0,0.7225415070242657,0.4421579532814239
efficientnet_b0,model,external_test1,108,62,46,0.5740740740740741,0.72,47,8,38,15,0.24470899470899474,-0.521164021164021,0.5740740740740741,0.0,0.7658730158730158,0.4262672811059908
efficientnet_b0,model,external_test1,108,62,46,0.5740740740740741,0.73,47,8,38,15,0.23491083676268865,-0.5775034293552811,0.5740740740740741,0.0,0.8124142661179697,0.40919952210274796
efficientnet_b0,model,external_test1,108,62,46,0.5740740740740741,0.74,44,8,38,18,0.1965811965811966,-0.638176638176638,0.5740740740740741,0.0,0.8347578347578346,0.34243176178660056
efficientnet_b0,model,external_test1,108,62,46,0.5740740740740741,0.75,44,8,38,18,0.18518518518518517,-0.7037037037037036,0.5740740740740741,0.0,0.8888888888888888,0.3225806451612903
efficientnet_b0,model,external_test1,108,62,46,0.5740740740740741,0.76,43,8,38,19,0.16358024691358022,-0.7746913580246916,0.5740740740740741,0.0,0.9382716049382718,0.28494623655913975
efficientnet_b0,model,external_test1,108,62,46,0.5740740740740741,0.77,43,8,38,19,0.1501610305958132,-0.851851851851852,0.5740740740740741,0.0,1.0020128824476653,0.2615708274894811
efficientnet_b0,model,external_test1,108,62,46,0.5740740740740741,0.78,43,8,38,19,0.1355218855218855,-0.9360269360269363,0.5740740740740741,0.0,1.0715488215488218,0.23607038123167148
efficientnet_b0,model,external_test1,108,62,46,0.5740740740740741,0.79,43,8,38,19,0.11948853615520277,-1.028218694885362,0.5740740740740741,0.0,1.1477072310405647,0.20814132104454677
efficientnet_b0,model,external_test1,108,62,46,0.5740740740740741,0.8,41,8,38,21,0.08333333333333331,-1.1296296296296302,0.5740740740740741,0.0,1.2129629629629635,0.14516129032258063
efficientnet_b0,model,external_test2,94,67,27,0.7127659574468085,0.01,67,27,0,0,0.7098646034816247,0.7098646034816247,0.7127659574468085,0.0,0.0,0.9959294436906377
efficientnet_b0,model,external_test2,94,67,27,0.7127659574468085,0.02,67,26,1,0,0.7071211463308728,0.7069040382110291,0.7127659574468085,0.0,0.0002171081198436564,0.9920804142552544
efficientnet_b0,model,external_test2,94,67,27,0.7127659574468085,0.03,67,25,2,0,0.7045404694011844,0.7038824303575345,0.7127659574468085,0.0,0.0006580390436499162,0.9884597630404678
efficientnet_b0,model,external_test2,94,67,27,0.7127659574468085,0.04,67,25,2,0,0.7016843971631206,0.7007978723404255,0.7127659574468085,0.0,0.0008865248226951339,0.984452736318408
efficientnet_b0,model,external_test2,94,67,27,0.7127659574468085,0.05,67,25,2,0,0.6987681970884658,0.6976483762597984,0.7127659574468085,0.0,0.0011198208286674616,0.9803613511390417
efficientnet_b0,model,external_test2,94,67,27,0.7127659574468085,0.06,66,25,2,1,0.6851516523313717,0.6944318696242644,0.7127659574468085,0.0,-0.009280217292892745,0.9612575420768498
efficientnet_b0,model,external_test2,94,67,27,0.7127659574468085,0.07,66,23,4,1,0.6837108213223518,0.6911461908030199,0.7127659574468085,0.0,-0.00743536948066803,0.9592360776761355
efficientnet_b0,model,external_test2,94,67,27,0.7127659574468085,0.08,66,23,4,1,0.6808510638297872,0.6877890841813136,0.7127659574468085,0.0,-0.006938020351526353,0.9552238805970149
efficientnet_b0,model,external_test2,94,67,27,0.7127659574468085,0.09,66,23,4,1,0.6779284545241993,0.6843581949964929,0.7127659574468085,0.0,-0.00642974047229361,0.9511235033623094
efficientnet_b0,model,external_test2,94,67,27,0.7127659574468085,0.1,66,23,4,1,0.6749408983451537,0.6808510638297872,0.7127659574468085,0.0,-0.005910165484633523,0.9469320066334993
efficientnet_b0,model,external_test2,94,67,27,0.7127659574468085,0.11,66,23,4,1,0.671886206072197,0.6772651207267512,0.7127659574468085,0.0,-0.005378914654554201,0.9426463189669629
efficientnet_b0,model,external_test2,94,67,27,0.7127659574468085,0.12,66,22,5,1,0.6702127659574468,0.6735976789168279,0.7127659574468085,0.0,-0.0033849129593810368,0.9402985074626866
efficientnet_b0,model,external_test2,94,67,27,0.7127659574468085,0.13,66,22,5,1,0.6671557838102226,0.6698459280997798,0.7127659574468085,0.0,-0.0026901442895572725,0.9360096071367302
efficientnet_b0,model,external_test2,94,67,27,0.7127659574468085,0.14,66,21,6,1,0.6657595249876299,0.6660069272637308,0.7127659574468085,0.0,-0.00024740227610087207,0.9340506768483167
efficientnet_b0,model,external_test2,94,67,27,0.7127659574468085,0.15,66,21,6,1,0.66270337922403,0.6620775969962452,0.7127659574468085,0.0,0.0006257822277847547,0.9297629499561019
efficientnet_b0,model,external_test2,94,67,27,0.7127659574468085,0.16,66,21,6,1,0.6595744680851064,0.6580547112462005,0.7127659574468085,0.0,0.001519756838905928,0.9253731343283583
efficientnet_b0,model,external_test2,94,67,27,0.7127659574468085,0.17,66,21,6,1,0.6563701614970521,0.6539348884901307,0.7127659574468085,0.0,0.002435273006921368,0.9208775400107895
efficientnet_b0,model,external_test2,94,67,27,0.7127659574468085,0.18,65,21,6,2,0.6424494032174365,0.6497145822522055,0.7127659574468085,0.0,-0.007265179034768976,0.9013469239170004
efficientnet_b0,model,external_test2,94,67,27,0.7127659574468085,0.19,65,19,8,2,0.6440767008142896,0.6453900709219857,0.7127659574468085,0.0,-0.0013133701076961657,0.9036299981573616
efficientnet_b0,model,external_test2,94,67,27,0.7127659574468085,0.2,65,19,8,2,0.6409574468085107,0.6409574468085106,0.7127659574468085,0.0,1.1102230246251565e-16,0.8992537313432838
efficientnet_b0,model,external_test2,94,67,27,0.7127659574468085,0.21,65,19,8,2,0.6377592243468894,0.6364126043630487,0.7127659574468085,0.0,0.001346619983840669,0.8947666729642926
efficientnet_b0,model,external_test2,94,67,27,0.7127659574468085,0.22,65,18,9,2,0.637479541734861,0.6317512274959083,0.7127659574468085,0.0,0.005728314238952703,0.8943742824339841
efficientnet_b0,model,external_test2,94,67,27,0.7127659574468085,0.23,65,17,10,2,0.6374689140646588,0.626968775904946,0.7127659574468085,0.0,0.010500138159712735,0.8943593719713123
efficientnet_b0,model,external_test2,94,67,27,0.7127659574468085,0.24,64,17,10,3,0.6237402015677491,0.622060470324748,0.7127659574468085,0.0,0.0016797312430011369,0.8750981932443047
efficientnet_b0,model,external_test2,94,67,27,0.7127659574468085,0.25,64,17,10,3,0.6205673758865248,0.6170212765957447,0.7127659574468085,0.0,0.0035460992907800915,0.8706467661691542
efficientnet_b0,model,external_test2,94,67,27,0.7127659574468085,0.26,63,17,10,4,0.6066705002875216,0.6118458884416331,0.7127659574468085,0.0,-0.00517538815411156,0.8511496571198064
efficientnet_b0,model,external_test2,94,67,27,0.7127659574468085,0.27,63,17,10,4,0.6033226464587584,0.6065287088312445,0.7127659574468085,0.0,-0.003206062372486107,0.8464526681660194
efficientnet_b0,model,external_test2,94,67,27,0.7127659574468085,0.28,63,17,10,4,0.5998817966903074,0.6010638297872339,0.7127659574468085,0.0,-0.0011820330969265491,0.8416252072968492
efficientnet_b0,model,external_test2,94,67,27,0.7127659574468085,0.29,63,17,10,4,0.5963440215762661,0.5954450104884627,0.7127659574468085,0.0,0.0008990110878034363,0.8366617616144629
efficientnet_b0,model,external_test2,94,67,27,0.7127659574468085,0.3,63,16,11,4,0.5972644376899696,0.5896656534954406,0.7127659574468085,0.0,0.007598784194528974,0.837953091684435
efficientnet_b0,model,external_test2,94,67,27,0.7127659574468085,0.31,63,16,11,4,0.5937403638606229,0.5837187789084181,0.7127659574468085,0.0,0.010021584952204843,0.8330088686999785
efficientnet_b0,model,external_test2,94,67,27,0.7127659574468085,0.32,63,16,11,4,0.5901126408010012,0.5775969962453066,0.7127659574468085,0.0,0.01251564455569465,0.8279192273924495
efficientnet_b0,model,external_test2,94,67,27,0.7127659574468085,0.33,63,16,11,4,0.5863766275007939,0.5712924738012066,0.7127659574468085,0.0,0.015084153699587266,0.8226776564936512
efficientnet_b0,model,external_test2,94,67,27,0.7127659574468085,0.34,61,15,12,6,0.5667311411992263,0.5647969052224371,0.7127659574468085,0.0,0.0019342359767892114,0.7951153324287653
efficientnet_b0,model,external_test2,94,67,27,0.7127659574468085,0.35,61,14,13,6,0.5687397708674304,0.5581014729950899,0.7127659574468085,0.0,0.010638297872340496,0.7979334098737084
efficientnet_b0,model,external_test2,94,67,27,0.7127659574468085,0.36,60,14,13,7,0.5545212765957447,0.5511968085106382,0.7127659574468085,0.0,0.0033244680851064468,0.7779850746268657
efficientnet_b0,model,external_test2,94,67,27,0.7127659574468085,0.37,60,14,13,7,0.5508274231678487,0.5440729483282675,0.7127659574468085,0.0,0.006754474839581248,0.7728026533996684
efficientnet_b0,model,external_test2,94,67,27,0.7127659574468085,0.38,59,13,14,8,0.5428963623884694,0.5367192862045298,0.7127659574468085,0.0,0.006177076183939589,0.7616754935002407
efficientnet_b0,model,external_test2,94,67,27,0.7127659574468085,0.39,59,13,14,8,0.5392396232996163,0.529124520404604,0.7127659574468085,0.0,0.010115102895012273,0.7565451431367751
efficientnet_b0,model,external_test2,94,67,27,0.7127659574468085,0.4,59,13,14,8,0.5354609929078014,0.5212765957446808,0.7127659574468085,0.0,0.014184397163120588,0.7512437810945273
efficientnet_b0,model,external_test2,94,67,27,0.7127659574468085,0.41,59,13,14,8,0.5315542733501623,0.5131626397403535,0.7127659574468085,0.0,0.018391633609808777,0.7457627118644068
efficientnet_b0,model,external_test2,94,67,27,0.7127659574468085,0.42,59,13,14,8,0.5275128393250184,0.5047688921496698,0.7127659574468085,0.0,0.022743947175348556,0.7400926402470407
efficientnet_b0,model,external_test2,94,67,27,0.7127659574468085,0.43,58,13,14,9,0.5126913027248974,0.49608062709966405,0.7127659574468085,0.0,0.01661067562523333,0.7192982456140351
efficientnet_b0,model,external_test2,94,67,27,0.7127659574468085,0.44,57,12,15,10,0.5060790273556232,0.4870820668693009,0.7127659574468085,0.0,0.018996960486322267,0.7100213219616206
efficientnet_b0,model,external_test2,94,67,27,0.7127659574468085,0.45,57,12,15,10,0.5019342359767892,0.47775628626692457,0.7127659574468085,0.0,0.024177949709864643,0.7042062415196745
efficientnet_b0,model,external_test2,94,67,27,0.7127659574468085,0.46,57,12,15,10,0.4976359338061466,0.4680851063829787,0.7127659574468085,0.0,0.029550827423167947,0.6981757877280267
efficientnet_b0,model,external_test2,94,67,27,0.7127659574468085,0.47,57,12,15,10,0.493175431553593,0.458048976314733,0.7127659574468085,0.0,0.03512645523885999,0.6919177696423544
efficientnet_b0,model,external_test2,94,67,27,0.7127659574468085,0.48,57,12,15,10,0.488543371522095,0.4476268412438625,0.7127659574468085,0.0,0.0409165302782325,0.685419058553387
efficientnet_b0,model,external_test2,94,67,27,0.7127659574468085,0.49,57,11,16,10,0.493950771798081,0.43679599499374216,0.7127659574468085,0.0,0.057154776804338836,0.6930055604331286
efficientnet_b0,model,external_test2,94,67,27,0.7127659574468085,0.5,57,11,16,10,0.4893617021276596,0.42553191489361697,0.7127659574468085,0.0,0.06382978723404265,0.6865671641791046
efficientnet_b0,model,external_test2,94,67,27,0.7127659574468085,0.51,57,11,16,10,0.4845853234910986,0.41380807642205814,0.7127659574468085,0.0,0.07077724706904048,0.6798659762412429
efficientnet_b0,model,external_test2,94,67,27,0.7127659574468085,0.52,57,11,16,10,0.4796099290780142,0.40159574468085096,0.7127659574468085,0.0,0.07801418439716323,0.6728855721393036
efficientnet_b0,model,external_test2,94,67,27,0.7127659574468085,0.53,57,10,17,10,0.4864191942055229,0.38886373924852863,0.7127659574468085,0.0,0.09755545495699425,0.6824388694823754
efficientnet_b0,model,external_test2,94,67,27,0.7127659574468085,0.54,56,10,17,11,0.47086031452358923,0.3755781683626271,0.7127659574468085,0.0,0.09528214616096214,0.6606099935107073
efficientnet_b0,model,external_test2,94,67,27,0.7127659574468085,0.55,56,10,17,11,0.4657210401891252,0.3617021276595743,0.7127659574468085,0.0,0.10401891252955087,0.6533996683250414
efficientnet_b0,model,external_test2,94,67,27,0.7127659574468085,0.56,56,10,17,11,0.460348162475822,0.34719535783365557,0.7127659574468085,0.0,0.11315280464216643,0.6458616010854816
efficientnet_b0,model,external_test2,94,67,27,0.7127659574468085,0.57,55,10,17,12,0.4440870856011876,0.3320138545274617,0.7127659574468085,0.0,0.11207323107372591,0.6230475529330095
efficientnet_b0,model,external_test2,94,67,27,0.7127659574468085,0.58,55,9,18,12,0.452887537993921,0.3161094224924012,0.7127659574468085,0.0,0.1367781155015198,0.6353944562899787
efficientnet_b0,model,external_test2,94,67,27,0.7127659574468085,0.59,55,8,19,12,0.462636222106902,0.29942916450441104,0.7127659574468085,0.0,0.16320705760249093,0.649071714597743
efficientnet_b0,model,external_test2,94,67,27,0.7127659574468085,0.6,54,8,19,13,0.44680851063829796,0.28191489361702127,0.7127659574468085,0.0,0.1648936170212767,0.6268656716417912
efficientnet_b0,model,external_test2,94,67,27,0.7127659574468085,0.61,53,7,20,14,0.447354064375341,0.2635024549918166,0.7127659574468085,0.0,0.18385160938352435,0.6276310753922695
efficientnet_b0,model,external_test2,94,67,27,0.7127659574468085,0.62,53,7,20,14,0.4423292273236282,0.24412094064949602,0.7127659574468085,0.0,0.1982082866741322,0.6205813040062844
efficientnet_b0,model,external_test2,94,67,27,0.7127659574468085,0.63,53,7,20,14,0.4370327774583094,0.2236917768832662,0.7127659574468085,0.0,0.21334100057504318,0.6131504638967326
efficientnet_b0,model,external_test2,94,67,27,0.7127659574468085,0.64,53,7,20,14,0.4314420803782506,0.202127659574468,0.7127659574468085,0.0,0.22931442080378261,0.6053067993366501
efficientnet_b0,model,external_test2,94,67,27,0.7127659574468085,0.65,53,7,20,14,0.42553191489361697,0.1793313069908813,0.7127659574468085,0.0,0.24620060790273568,0.5970149253731343
efficientnet_b0,model,external_test2,94,67,27,0.7127659574468085,0.66,53,7,20,14,0.41927409261576964,0.15519399249061316,0.7127659574468085,0.0,0.2640801001251565,0.588235294117647
efficientnet_b0,model,external_test2,94,67,27,0.7127659574468085,0.67,53,7,20,14,0.41263700838168915,0.12959381044487406,0.7127659574468085,0.0,0.2830431979368151,0.5789235639981908
efficientnet_b0,model,external_test2,94,67,27,0.7127659574468085,0.68,53,7,20,14,0.4055851063829787,0.10239361702127636,0.7127659574468085,0.0,0.3031914893617023,0.5690298507462687
efficientnet_b0,model,external_test2,94,67,27,0.7127659574468085,0.69,53,7,20,14,0.3980782429649966,0.07343857240905982,0.7127659574468085,0.0,0.3246396705559368,0.5584978334135774
efficientnet_b0,model,external_test2,94,67,27,0.7127659574468085,0.7,51,7,20,16,0.36879432624113473,0.04255319148936165,0.7127659574468085,0.0,0.3262411347517731,0.5174129353233831
efficientnet_b0,model,external_test2,94,67,27,0.7127659574468085,0.71,51,7,20,16,0.36023477622890676,0.009537784299339713,0.7127659574468085,0.0,0.35069699192956705,0.505404014410705
efficientnet_b0,model,external_test2,94,67,27,0.7127659574468085,0.72,50,6,21,17,0.3677811550151976,-0.02583586626139822,0.7127659574468085,0.0,0.3936170212765958,0.5159914712153518
efficientnet_b0,model,external_test2,94,67,27,0.7127659574468085,0.73,50,6,21,17,0.35933806146572106,-0.06382978723404253,0.7127659574468085,0.0,0.4231678486997636,0.5041459369817579
efficientnet_b0,model,external_test2,94,67,27,0.7127659574468085,0.74,50,6,21,17,0.3502454991816694,-0.10474631751227492,0.7127659574468085,0.0,0.45499181669394434,0.4913892078071183
efficientnet_b0,model,external_test2,94,67,27,0.7127659574468085,0.75,49,6,21,18,0.3297872340425532,-0.14893617021276606,0.7127659574468085,0.0,0.4787234042553193,0.46268656716417916
efficientnet_b0,model,external_test2,94,67,27,0.7127659574468085,0.76,49,5,22,18,0.3528368794326241,-0.19680851063829807,0.7127659574468085,0.0,0.5496453900709222,0.4950248756218905
efficientnet_b0,model,external_test2,94,67,27,0.7127659574468085,0.77,49,5,22,18,0.34320074005550416,-0.24884366327474583,0.7127659574468085,0.0,0.59204440333025,0.48150551589876706
efficientnet_b0,model,external_test2,94,67,27,0.7127659574468085,0.78,49,5,22,18,0.33268858800773693,-0.30560928433268886,0.7127659574468085,0.0,0.6382978723404258,0.46675712347354137
efficientnet_b0,model,external_test2,94,67,27,0.7127659574468085,0.79,49,5,22,18,0.3211752786220871,-0.36778115501519804,0.7127659574468085,0.0,0.6889564336372851,0.4506041222459133
efficientnet_b0,model,external_test2,94,67,27,0.7127659574468085,0.8,49,4,23,18,0.35106382978723405,-0.4361702127659578,0.7127659574468085,0.0,0.7872340425531918,0.49253731343283585
